ISO-10303-21;
HEADER;
/* Generated by software containing ST-Developer
 * from STEP Tools, Inc. (www.steptools.com) 
 */

FILE_DESCRIPTION(
/* description */ (''),
/* implementation_level */ '2;1');

FILE_NAME(
/* name */ 'top.step',
/* time_stamp */ '2026-06-14T06:46:04+05:30',
/* author */ (''),
/* organization */ (''),
/* preprocessor_version */ 'ST-DEVELOPER v20.1',
/* originating_system */ 'Autodesk Translation Framework v15.8.0.0',
/* authorisation */ '');

FILE_SCHEMA (('AUTOMOTIVE_DESIGN { 1 0 10303 214 3 1 1 }'));
ENDSEC;

DATA;
#10=MECHANICAL_DESIGN_GEOMETRIC_PRESENTATION_REPRESENTATION('',(#13),#9841);
#11=SHAPE_REPRESENTATION_RELATIONSHIP('SRR','None',#9848,#12);
#12=ADVANCED_BREP_SHAPE_REPRESENTATION('',(#14),#9840);
#13=STYLED_ITEM('',(#9857),#14);
#14=MANIFOLD_SOLID_BREP('Body1',#2960);
#15=SPHERICAL_SURFACE('',#3089,0.999999999999996);
#16=TOROIDAL_SURFACE('',#3084,2.,0.999999999999996);
#17=ELLIPSE('',#3042,1.41421368983568,1.);
#18=ELLIPSE('',#3043,1.41421356237309,1.);
#19=ELLIPSE('',#3044,1.08239220029239,1.);
#20=ELLIPSE('',#3046,1.41421356237309,1.);
#21=ELLIPSE('',#3048,1.4142135623731,1.);
#22=ELLIPSE('',#3055,1.41421356237309,1.);
#23=ELLIPSE('',#3057,1.41421356237309,1.);
#24=ELLIPSE('',#3058,1.4142135623731,1.);
#25=ELLIPSE('',#3060,1.4142135623731,1.);
#26=ELLIPSE('',#3062,1.41421356237309,1.);
#27=ELLIPSE('',#3067,1.41421356237309,1.);
#28=ELLIPSE('',#3068,1.414213562375,1.);
#29=ELLIPSE('',#3070,1.4142135623731,1.);
#30=ELLIPSE('',#3072,1.41421356237118,1.);
#31=ELLIPSE('',#3079,1.41421356237309,1.);
#32=ELLIPSE('',#3080,1.4142135623731,1.);
#33=ELLIPSE('',#3082,1.41421368983098,1.);
#34=ELLIPSE('',#3097,1.08239220029239,1.);
#35=CYLINDRICAL_SURFACE('',#3041,1.);
#36=CYLINDRICAL_SURFACE('',#3045,1.);
#37=CYLINDRICAL_SURFACE('',#3056,1.);
#38=CYLINDRICAL_SURFACE('',#3059,1.);
#39=CYLINDRICAL_SURFACE('',#3061,1.);
#40=CYLINDRICAL_SURFACE('',#3063,1.);
#41=CYLINDRICAL_SURFACE('',#3066,1.);
#42=CYLINDRICAL_SURFACE('',#3069,1.);
#43=CYLINDRICAL_SURFACE('',#3071,1.);
#44=CYLINDRICAL_SURFACE('',#3073,1.);
#45=CYLINDRICAL_SURFACE('',#3076,1.);
#46=CYLINDRICAL_SURFACE('',#3078,1.);
#47=CYLINDRICAL_SURFACE('',#3088,1.);
#48=CYLINDRICAL_SURFACE('',#3093,1.);
#49=CYLINDRICAL_SURFACE('',#3094,1.);
#50=CYLINDRICAL_SURFACE('',#3095,1.);
#51=CYLINDRICAL_SURFACE('',#3096,1.);
#52=CYLINDRICAL_SURFACE('',#3098,1.);
#53=B_SPLINE_CURVE_WITH_KNOTS('',3,(#8342,#8343,#8344,#8345,#8346),
 .UNSPECIFIED.,.F.,.F.,(4,1,4),(0.,0.0289548425864869,0.0825806957085701),
 .UNSPECIFIED.);
#54=B_SPLINE_CURVE_WITH_KNOTS('',3,(#8349,#8350,#8351,#8352,#8353),
 .UNSPECIFIED.,.F.,.F.,(4,1,4),(0.,0.0289548425864869,0.0825806957085701),
 .UNSPECIFIED.);
#55=B_SPLINE_CURVE_WITH_KNOTS('',3,(#8365,#8366,#8367,#8368,#8369),
 .UNSPECIFIED.,.F.,.F.,(4,1,4),(0.,0.0132468263598615,0.0210468986367362),
 .UNSPECIFIED.);
#56=B_SPLINE_CURVE_WITH_KNOTS('',3,(#8372,#8373,#8374,#8375,#8376),
 .UNSPECIFIED.,.F.,.F.,(4,1,4),(0.,0.0132468263598615,0.0210468986367362),
 .UNSPECIFIED.);
#57=B_SPLINE_CURVE_WITH_KNOTS('',3,(#8394,#8395,#8396,#8397,#8398),
 .UNSPECIFIED.,.F.,.F.,(4,1,4),(0.,0.0432737405037983,0.0870641224933939),
 .UNSPECIFIED.);
#58=B_SPLINE_CURVE_WITH_KNOTS('',3,(#8401,#8402,#8403,#8404,#8405),
 .UNSPECIFIED.,.F.,.F.,(4,1,4),(0.,0.0432737405037983,0.0870641224933939),
 .UNSPECIFIED.);
#59=B_SPLINE_CURVE_WITH_KNOTS('',3,(#8423,#8424,#8425,#8426,#8427),
 .UNSPECIFIED.,.F.,.F.,(4,1,4),(0.,0.0483547846388887,0.0958339287841556),
 .UNSPECIFIED.);
#60=B_SPLINE_CURVE_WITH_KNOTS('',3,(#8430,#8431,#8432,#8433,#8434),
 .UNSPECIFIED.,.F.,.F.,(4,1,4),(0.,0.0483547846388887,0.0958339287841556),
 .UNSPECIFIED.);
#61=B_SPLINE_CURVE_WITH_KNOTS('',3,(#8446,#8447,#8448,#8449,#8450),
 .UNSPECIFIED.,.F.,.F.,(4,1,4),(0.,0.0390069533746824,0.0787104800993289),
 .UNSPECIFIED.);
#62=B_SPLINE_CURVE_WITH_KNOTS('',3,(#8453,#8454,#8455,#8456,#8457),
 .UNSPECIFIED.,.F.,.F.,(4,1,4),(0.,0.0390069533746824,0.0787104800993289),
 .UNSPECIFIED.);
#63=B_SPLINE_CURVE_WITH_KNOTS('',3,(#8486,#8487,#8488,#8489,#8490),
 .UNSPECIFIED.,.F.,.F.,(4,1,4),(0.,0.0431667942193662,0.087064019884667),
 .UNSPECIFIED.);
#64=B_SPLINE_CURVE_WITH_KNOTS('',3,(#8491,#8492,#8493,#8494,#8495),
 .UNSPECIFIED.,.F.,.F.,(4,1,4),(0.,0.0431667942193662,0.087064019884667),
 .UNSPECIFIED.);
#65=B_SPLINE_CURVE_WITH_KNOTS('',3,(#8523,#8524,#8525,#8526,#8527),
 .UNSPECIFIED.,.F.,.F.,(4,1,4),(0.,0.0156043620866287,0.0422747596052986),
 .UNSPECIFIED.);
#66=B_SPLINE_CURVE_WITH_KNOTS('',3,(#8530,#8531,#8532,#8533,#8534),
 .UNSPECIFIED.,.F.,.F.,(4,1,4),(0.,0.0156043620866287,0.0422747596052986),
 .UNSPECIFIED.);
#67=B_SPLINE_CURVE_WITH_KNOTS('',3,(#8546,#8547,#8548,#8549,#8550),
 .UNSPECIFIED.,.F.,.F.,(4,1,4),(0.,0.024563999487859,0.0400454290051313),
 .UNSPECIFIED.);
#68=B_SPLINE_CURVE_WITH_KNOTS('',3,(#8553,#8554,#8555,#8556,#8557),
 .UNSPECIFIED.,.F.,.F.,(4,1,4),(0.,0.024563999487859,0.0400454290051313),
 .UNSPECIFIED.);
#69=B_SPLINE_CURVE_WITH_KNOTS('',3,(#8581,#8582,#8583,#8584,#8585),
 .UNSPECIFIED.,.F.,.F.,(4,1,4),(0.,0.013545396513757,0.0362699167528094),
 .UNSPECIFIED.);
#70=B_SPLINE_CURVE_WITH_KNOTS('',3,(#8588,#8589,#8590,#8591,#8592),
 .UNSPECIFIED.,.F.,.F.,(4,1,4),(0.,0.013545396513757,0.0362699167528094),
 .UNSPECIFIED.);
#71=B_SPLINE_CURVE_WITH_KNOTS('',3,(#8603,#8604,#8605,#8606,#8607),
 .UNSPECIFIED.,.F.,.F.,(4,1,4),(0.,0.0248588354520241,0.0395856193045962),
 .UNSPECIFIED.);
#72=B_SPLINE_CURVE_WITH_KNOTS('',3,(#8608,#8609,#8610,#8611,#8612),
 .UNSPECIFIED.,.F.,.F.,(4,1,4),(0.,0.0248588354520241,0.0395856193045962),
 .UNSPECIFIED.);
#73=B_SPLINE_CURVE_WITH_KNOTS('',3,(#8633,#8634,#8635,#8636,#8637),
 .UNSPECIFIED.,.F.,.F.,(4,1,4),(0.,0.028187528862498,0.0542165493481251),
 .UNSPECIFIED.);
#74=B_SPLINE_CURVE_WITH_KNOTS('',3,(#8640,#8641,#8642,#8643,#8644),
 .UNSPECIFIED.,.F.,.F.,(4,1,4),(0.,0.028187528862498,0.0542165493481251),
 .UNSPECIFIED.);
#75=B_SPLINE_CURVE_WITH_KNOTS('',3,(#8656,#8657,#8658,#8659,#8660),
 .UNSPECIFIED.,.F.,.F.,(4,1,4),(0.,0.0915730081369439,0.159397195210774),
 .UNSPECIFIED.);
#76=B_SPLINE_CURVE_WITH_KNOTS('',3,(#8663,#8664,#8665,#8666,#8667),
 .UNSPECIFIED.,.F.,.F.,(4,1,4),(0.,0.0915730081369439,0.159397195210774),
 .UNSPECIFIED.);
#77=B_SPLINE_CURVE_WITH_KNOTS('',3,(#8679,#8680,#8681,#8682,#8683),
 .UNSPECIFIED.,.F.,.F.,(4,1,4),(0.,0.0645969687975466,0.153591085410488),
 .UNSPECIFIED.);
#78=B_SPLINE_CURVE_WITH_KNOTS('',3,(#8686,#8687,#8688,#8689,#8690),
 .UNSPECIFIED.,.F.,.F.,(4,1,4),(0.,0.0645969687975466,0.153591085410488),
 .UNSPECIFIED.);
#79=B_SPLINE_CURVE_WITH_KNOTS('',3,(#8702,#8703,#8704,#8705,#8706),
 .UNSPECIFIED.,.F.,.F.,(4,1,4),(0.,0.0256608083919324,0.055836154494183),
 .UNSPECIFIED.);
#80=B_SPLINE_CURVE_WITH_KNOTS('',3,(#8709,#8710,#8711,#8712,#8713),
 .UNSPECIFIED.,.F.,.F.,(4,1,4),(0.,0.0256608083919324,0.055836154494183),
 .UNSPECIFIED.);
#81=B_SPLINE_CURVE_WITH_KNOTS('',3,(#8742,#8743,#8744,#8745,#8746),
 .UNSPECIFIED.,.F.,.F.,(4,1,4),(0.,0.041610557720827,0.0870047579217705),
 .UNSPECIFIED.);
#82=B_SPLINE_CURVE_WITH_KNOTS('',3,(#8747,#8748,#8749,#8750,#8751),
 .UNSPECIFIED.,.F.,.F.,(4,1,4),(0.,0.041610557720827,0.0870047579217705),
 .UNSPECIFIED.);
#83=B_SPLINE_CURVE_WITH_KNOTS('',3,(#8765,#8766,#8767,#8768,#8769),
 .UNSPECIFIED.,.F.,.F.,(4,1,4),(0.,0.0177269787828414,0.0466876412258592),
 .UNSPECIFIED.);
#84=B_SPLINE_CURVE_WITH_KNOTS('',3,(#8773,#8774,#8775,#8776,#8777),
 .UNSPECIFIED.,.F.,.F.,(4,1,4),(0.,0.0177269787828414,0.0466876412258592),
 .UNSPECIFIED.);
#85=B_SPLINE_CURVE_WITH_KNOTS('',3,(#8790,#8791,#8792,#8793,#8794),
 .UNSPECIFIED.,.F.,.F.,(4,1,4),(0.,0.0289431215042065,0.0421271606069719),
 .UNSPECIFIED.);
#86=B_SPLINE_CURVE_WITH_KNOTS('',3,(#8797,#8798,#8799,#8800,#8801),
 .UNSPECIFIED.,.F.,.F.,(4,1,4),(0.,0.0289431215042065,0.0421271606069719),
 .UNSPECIFIED.);
#87=B_SPLINE_CURVE_WITH_KNOTS('',3,(#8813,#8814,#8815,#8816,#8817),
 .UNSPECIFIED.,.F.,.F.,(4,1,4),(0.,0.0237969222902641,0.0506915441375617),
 .UNSPECIFIED.);
#88=B_SPLINE_CURVE_WITH_KNOTS('',3,(#8820,#8821,#8822,#8823,#8824),
 .UNSPECIFIED.,.F.,.F.,(4,1,4),(0.,0.0237969222902641,0.0506915441375617),
 .UNSPECIFIED.);
#89=B_SPLINE_CURVE_WITH_KNOTS('',3,(#8836,#8837,#8838,#8839,#8840),
 .UNSPECIFIED.,.F.,.F.,(4,1,4),(0.,0.00749280774810985,0.0174090997025281),
 .UNSPECIFIED.);
#90=B_SPLINE_CURVE_WITH_KNOTS('',3,(#8843,#8844,#8845,#8846,#8847),
 .UNSPECIFIED.,.F.,.F.,(4,1,4),(0.,0.00749280774810985,0.0174090997025281),
 .UNSPECIFIED.);
#91=B_SPLINE_CURVE_WITH_KNOTS('',3,(#8863,#8864,#8865,#8866,#8867),
 .UNSPECIFIED.,.F.,.F.,(4,1,4),(0.,0.00518585491815581,0.0150385721293192),
 .UNSPECIFIED.);
#92=B_SPLINE_CURVE_WITH_KNOTS('',3,(#8871,#8872,#8873,#8874,#8875),
 .UNSPECIFIED.,.F.,.F.,(4,1,4),(0.,0.00518585491815581,0.0150385721293192),
 .UNSPECIFIED.);
#93=B_SPLINE_CURVE_WITH_KNOTS('',3,(#8888,#8889,#8890,#8891,#8892),
 .UNSPECIFIED.,.F.,.F.,(4,1,4),(0.,0.0119469478143793,0.0193987097828519),
 .UNSPECIFIED.);
#94=B_SPLINE_CURVE_WITH_KNOTS('',3,(#8895,#8896,#8897,#8898,#8899),
 .UNSPECIFIED.,.F.,.F.,(4,1,4),(0.,0.0119469478143793,0.0193987097828519),
 .UNSPECIFIED.);
#95=B_SPLINE_CURVE_WITH_KNOTS('',3,(#8917,#8918,#8919,#8920,#8921),
 .UNSPECIFIED.,.F.,.F.,(4,1,4),(0.,0.0712109207999232,0.116836498666739),
 .UNSPECIFIED.);
#96=B_SPLINE_CURVE_WITH_KNOTS('',3,(#8924,#8925,#8926,#8927,#8928),
 .UNSPECIFIED.,.F.,.F.,(4,1,4),(0.,0.0712109207999232,0.116836498666739),
 .UNSPECIFIED.);
#97=B_SPLINE_CURVE_WITH_KNOTS('',3,(#8940,#8941,#8942,#8943,#8944),
 .UNSPECIFIED.,.F.,.F.,(4,1,4),(0.,0.0483783616815486,0.123045113118112),
 .UNSPECIFIED.);
#98=B_SPLINE_CURVE_WITH_KNOTS('',3,(#8947,#8948,#8949,#8950,#8951),
 .UNSPECIFIED.,.F.,.F.,(4,1,4),(0.,0.0483783616815486,0.123045113118112),
 .UNSPECIFIED.);
#99=B_SPLINE_CURVE_WITH_KNOTS('',3,(#8963,#8964,#8965,#8966,#8967),
 .UNSPECIFIED.,.F.,.F.,(4,1,4),(0.,0.0122708675812184,0.0225956757731393),
 .UNSPECIFIED.);
#100=B_SPLINE_CURVE_WITH_KNOTS('',3,(#8970,#8971,#8972,#8973,#8974),
 .UNSPECIFIED.,.F.,.F.,(4,1,4),(0.,0.0122708675812184,0.0225956757731393),
 .UNSPECIFIED.);
#101=B_SPLINE_CURVE_WITH_KNOTS('',3,(#8992,#8993,#8994,#8995,#8996),
 .UNSPECIFIED.,.F.,.F.,(4,1,4),(0.,0.0125272913498582,0.0314942494510356),
 .UNSPECIFIED.);
#102=B_SPLINE_CURVE_WITH_KNOTS('',3,(#8999,#9000,#9001,#9002,#9003),
 .UNSPECIFIED.,.F.,.F.,(4,1,4),(0.,0.0125272913498582,0.0314942494510356),
 .UNSPECIFIED.);
#103=B_SPLINE_CURVE_WITH_KNOTS('',3,(#9015,#9016,#9017,#9018,#9019),
 .UNSPECIFIED.,.F.,.F.,(4,1,4),(0.,0.025966471389241,0.0483863184100714),
 .UNSPECIFIED.);
#104=B_SPLINE_CURVE_WITH_KNOTS('',3,(#9022,#9023,#9024,#9025,#9026),
 .UNSPECIFIED.,.F.,.F.,(4,1,4),(0.,0.025966471389241,0.0483863184100714),
 .UNSPECIFIED.);
#105=B_SPLINE_CURVE_WITH_KNOTS('',3,(#9038,#9039,#9040,#9041,#9042),
 .UNSPECIFIED.,.F.,.F.,(4,1,4),(0.,0.0227168072174089,0.0452442337088082),
 .UNSPECIFIED.);
#106=B_SPLINE_CURVE_WITH_KNOTS('',3,(#9045,#9046,#9047,#9048,#9049),
 .UNSPECIFIED.,.F.,.F.,(4,1,4),(0.,0.0227168072174089,0.0452442337088082),
 .UNSPECIFIED.);
#107=B_SPLINE_CURVE_WITH_KNOTS('',3,(#9061,#9062,#9063,#9064,#9065),
 .UNSPECIFIED.,.F.,.F.,(4,1,4),(0.,0.0445660653203307,0.0693507313968414),
 .UNSPECIFIED.);
#108=B_SPLINE_CURVE_WITH_KNOTS('',3,(#9068,#9069,#9070,#9071,#9072),
 .UNSPECIFIED.,.F.,.F.,(4,1,4),(0.,0.0445660653203307,0.0693507313968414),
 .UNSPECIFIED.);
#109=B_SPLINE_CURVE_WITH_KNOTS('',3,(#9084,#9085,#9086,#9087,#9088),
 .UNSPECIFIED.,.F.,.F.,(4,1,4),(0.,0.0465215866778092,0.102997794543927),
 .UNSPECIFIED.);
#110=B_SPLINE_CURVE_WITH_KNOTS('',3,(#9091,#9092,#9093,#9094,#9095),
 .UNSPECIFIED.,.F.,.F.,(4,1,4),(0.,0.0465215866778092,0.102997794543927),
 .UNSPECIFIED.);
#111=B_SPLINE_CURVE_WITH_KNOTS('',3,(#9107,#9108,#9109,#9110,#9111),
 .UNSPECIFIED.,.F.,.F.,(4,1,4),(0.,0.0568941068726464,0.110729662412858),
 .UNSPECIFIED.);
#112=B_SPLINE_CURVE_WITH_KNOTS('',3,(#9114,#9115,#9116,#9117,#9118),
 .UNSPECIFIED.,.F.,.F.,(4,1,4),(0.,0.0568941068726464,0.110729662412858),
 .UNSPECIFIED.);
#113=B_SPLINE_CURVE_WITH_KNOTS('',3,(#9130,#9131,#9132,#9133,#9134),
 .UNSPECIFIED.,.F.,.F.,(4,1,4),(0.,0.0291526755561829,0.0628998980061674),
 .UNSPECIFIED.);
#114=B_SPLINE_CURVE_WITH_KNOTS('',3,(#9137,#9138,#9139,#9140,#9141),
 .UNSPECIFIED.,.F.,.F.,(4,1,4),(0.,0.0291526755561829,0.0628998980061674),
 .UNSPECIFIED.);
#115=B_SPLINE_CURVE_WITH_KNOTS('',3,(#9153,#9154,#9155,#9156,#9157),
 .UNSPECIFIED.,.F.,.F.,(4,1,4),(0.,0.0348395190755583,0.0598208366694637),
 .UNSPECIFIED.);
#116=B_SPLINE_CURVE_WITH_KNOTS('',3,(#9160,#9161,#9162,#9163,#9164),
 .UNSPECIFIED.,.F.,.F.,(4,1,4),(0.,0.0348395190755583,0.0598208366694637),
 .UNSPECIFIED.);
#117=B_SPLINE_CURVE_WITH_KNOTS('',3,(#9176,#9177,#9178,#9179,#9180),
 .UNSPECIFIED.,.F.,.F.,(4,1,4),(0.,0.0326886432253942,0.0619751287105315),
 .UNSPECIFIED.);
#118=B_SPLINE_CURVE_WITH_KNOTS('',3,(#9183,#9184,#9185,#9186,#9187),
 .UNSPECIFIED.,.F.,.F.,(4,1,4),(0.,0.0326886432253942,0.0619751287105315),
 .UNSPECIFIED.);
#119=B_SPLINE_CURVE_WITH_KNOTS('',3,(#9212,#9213,#9214,#9215,#9216),
 .UNSPECIFIED.,.F.,.F.,(4,1,4),(0.,0.040898143359047,0.0748664878612601),
 .UNSPECIFIED.);
#120=B_SPLINE_CURVE_WITH_KNOTS('',3,(#9219,#9220,#9221,#9222,#9223),
 .UNSPECIFIED.,.F.,.F.,(4,1,4),(0.,0.040898143359047,0.0748664878612601),
 .UNSPECIFIED.);
#121=B_SPLINE_CURVE_WITH_KNOTS('',3,(#9235,#9236,#9237,#9238,#9239),
 .UNSPECIFIED.,.F.,.F.,(4,1,4),(0.,0.0343519693297771,0.0780388509562846),
 .UNSPECIFIED.);
#122=B_SPLINE_CURVE_WITH_KNOTS('',3,(#9242,#9243,#9244,#9245,#9246),
 .UNSPECIFIED.,.F.,.F.,(4,1,4),(0.,0.0343519693297771,0.0780388509562846),
 .UNSPECIFIED.);
#123=B_SPLINE_CURVE_WITH_KNOTS('',3,(#9282,#9283,#9284,#9285,#9286),
 .UNSPECIFIED.,.F.,.F.,(4,1,4),(0.,0.0747404897381722,0.170008987887896),
 .UNSPECIFIED.);
#124=B_SPLINE_CURVE_WITH_KNOTS('',3,(#9289,#9290,#9291,#9292,#9293),
 .UNSPECIFIED.,.F.,.F.,(4,1,4),(0.,0.0747404897381722,0.170008987887896),
 .UNSPECIFIED.);
#125=B_SPLINE_CURVE_WITH_KNOTS('',3,(#9305,#9306,#9307,#9308,#9309),
 .UNSPECIFIED.,.F.,.F.,(4,1,4),(0.,0.0865322884863865,0.159500087599434),
 .UNSPECIFIED.);
#126=B_SPLINE_CURVE_WITH_KNOTS('',3,(#9312,#9313,#9314,#9315,#9316),
 .UNSPECIFIED.,.F.,.F.,(4,1,4),(0.,0.0865322884863865,0.159500087599434),
 .UNSPECIFIED.);
#127=B_SPLINE_CURVE_WITH_KNOTS('',3,(#9345,#9346,#9347,#9348,#9349),
 .UNSPECIFIED.,.F.,.F.,(4,1,4),(0.,0.0461721147575081,0.092688324477227),
 .UNSPECIFIED.);
#128=B_SPLINE_CURVE_WITH_KNOTS('',3,(#9353,#9354,#9355,#9356,#9357),
 .UNSPECIFIED.,.F.,.F.,(4,1,4),(0.,0.0461721147575081,0.092688324477227),
 .UNSPECIFIED.);
#129=B_SPLINE_CURVE_WITH_KNOTS('',3,(#9370,#9371,#9372,#9373,#9374),
 .UNSPECIFIED.,.F.,.F.,(4,1,4),(0.,0.0382012236402632,0.0759143057207125),
 .UNSPECIFIED.);
#130=B_SPLINE_CURVE_WITH_KNOTS('',3,(#9377,#9378,#9379,#9380,#9381),
 .UNSPECIFIED.,.F.,.F.,(4,1,4),(0.,0.0382012236402632,0.0759143057207125),
 .UNSPECIFIED.);
#131=B_SPLINE_CURVE_WITH_KNOTS('',3,(#9393,#9394,#9395,#9396,#9397),
 .UNSPECIFIED.,.F.,.F.,(4,1,4),(0.,0.0322667291273578,0.0652011101665136),
 .UNSPECIFIED.);
#132=B_SPLINE_CURVE_WITH_KNOTS('',3,(#9400,#9401,#9402,#9403,#9404),
 .UNSPECIFIED.,.F.,.F.,(4,1,4),(0.,0.0322667291273578,0.0652011101665136),
 .UNSPECIFIED.);
#133=B_SPLINE_CURVE_WITH_KNOTS('',3,(#9416,#9417,#9418,#9419,#9420),
 .UNSPECIFIED.,.F.,.F.,(4,1,4),(0.,0.0381718719417679,0.0764038779252889),
 .UNSPECIFIED.);
#134=B_SPLINE_CURVE_WITH_KNOTS('',3,(#9423,#9424,#9425,#9426,#9427),
 .UNSPECIFIED.,.F.,.F.,(4,1,4),(0.,0.0381718719417679,0.0764038779252889),
 .UNSPECIFIED.);
#135=B_SPLINE_CURVE_WITH_KNOTS('',3,(#9445,#9446,#9447,#9448,#9449),
 .UNSPECIFIED.,.F.,.F.,(4,1,4),(0.,0.0436044090855423,0.0870702009373625),
 .UNSPECIFIED.);
#136=B_SPLINE_CURVE_WITH_KNOTS('',3,(#9452,#9453,#9454,#9455,#9456),
 .UNSPECIFIED.,.F.,.F.,(4,1,4),(0.,0.0436044090855423,0.0870702009373625),
 .UNSPECIFIED.);
#137=B_SPLINE_CURVE_WITH_KNOTS('',3,(#9486,#9487,#9488,#9489,#9490),
 .UNSPECIFIED.,.F.,.F.,(4,1,4),(0.,0.0231136996120368,0.0658891590815787),
 .UNSPECIFIED.);
#138=B_SPLINE_CURVE_WITH_KNOTS('',3,(#9493,#9494,#9495,#9496,#9497),
 .UNSPECIFIED.,.F.,.F.,(4,1,4),(0.,0.0231136996120368,0.0658891590815787),
 .UNSPECIFIED.);
#139=B_SPLINE_CURVE_WITH_KNOTS('',3,(#9509,#9510,#9511,#9512,#9513),
 .UNSPECIFIED.,.F.,.F.,(4,1,4),(0.,0.0150673988367383,0.0221632029240177),
 .UNSPECIFIED.);
#140=B_SPLINE_CURVE_WITH_KNOTS('',3,(#9516,#9517,#9518,#9519,#9520),
 .UNSPECIFIED.,.F.,.F.,(4,1,4),(0.,0.0150673988367383,0.0221632029240177),
 .UNSPECIFIED.);
#141=B_SPLINE_CURVE_WITH_KNOTS('',3,(#9550,#9551,#9552,#9553,#9554),
 .UNSPECIFIED.,.F.,.F.,(4,1,4),(0.,0.0229028505209875,0.0658303451131285),
 .UNSPECIFIED.);
#142=B_SPLINE_CURVE_WITH_KNOTS('',3,(#9557,#9558,#9559,#9560,#9561),
 .UNSPECIFIED.,.F.,.F.,(4,1,4),(0.,0.0229028505209875,0.0658303451131285),
 .UNSPECIFIED.);
#143=B_SPLINE_CURVE_WITH_KNOTS('',3,(#9573,#9574,#9575,#9576,#9577),
 .UNSPECIFIED.,.F.,.F.,(4,1,4),(0.,0.012894863170655,0.0202520978503631),
 .UNSPECIFIED.);
#144=B_SPLINE_CURVE_WITH_KNOTS('',3,(#9580,#9581,#9582,#9583,#9584),
 .UNSPECIFIED.,.F.,.F.,(4,1,4),(0.,0.012894863170655,0.0202520978503631),
 .UNSPECIFIED.);
#145=B_SPLINE_SURFACE_WITH_KNOTS('',3,1,((#8331,#8332),(#8333,#8334),(#8335,
#8336),(#8337,#8338),(#8339,#8340)),.UNSPECIFIED.,.F.,.F.,.F.,(4,1,4),(2,
2),(0.,0.0289548425864869,0.0825806957085701),(0.,0.0199999999999997),
 .UNSPECIFIED.);
#146=B_SPLINE_SURFACE_WITH_KNOTS('',3,1,((#8354,#8355),(#8356,#8357),(#8358,
#8359),(#8360,#8361),(#8362,#8363)),.UNSPECIFIED.,.F.,.F.,.F.,(4,1,4),(2,
2),(0.,0.0132468263598615,0.0210468986367362),(0.,0.0199999999999997),
 .UNSPECIFIED.);
#147=B_SPLINE_SURFACE_WITH_KNOTS('',3,1,((#8383,#8384),(#8385,#8386),(#8387,
#8388),(#8389,#8390),(#8391,#8392)),.UNSPECIFIED.,.F.,.F.,.F.,(4,1,4),(2,
2),(0.,0.0432737405037983,0.0870641224933939),(0.,0.0199999999999997),
 .UNSPECIFIED.);
#148=B_SPLINE_SURFACE_WITH_KNOTS('',3,1,((#8412,#8413),(#8414,#8415),(#8416,
#8417),(#8418,#8419),(#8420,#8421)),.UNSPECIFIED.,.F.,.F.,.F.,(4,1,4),(2,
2),(0.,0.0483547846388887,0.0958339287841556),(0.,0.0199999999999997),
 .UNSPECIFIED.);
#149=B_SPLINE_SURFACE_WITH_KNOTS('',3,1,((#8435,#8436),(#8437,#8438),(#8439,
#8440),(#8441,#8442),(#8443,#8444)),.UNSPECIFIED.,.F.,.F.,.F.,(4,1,4),(2,
2),(0.,0.0390069533746824,0.0787104800993289),(0.,0.0199999999999997),
 .UNSPECIFIED.);
#150=B_SPLINE_SURFACE_WITH_KNOTS('',3,1,((#8476,#8477),(#8478,#8479),(#8480,
#8481),(#8482,#8483),(#8484,#8485)),.UNSPECIFIED.,.F.,.F.,.F.,(4,1,4),(2,
2),(0.,0.0431667942193662,0.087064019884667),(0.,0.0199999999999997),
 .UNSPECIFIED.);
#151=B_SPLINE_SURFACE_WITH_KNOTS('',3,1,((#8512,#8513),(#8514,#8515),(#8516,
#8517),(#8518,#8519),(#8520,#8521)),.UNSPECIFIED.,.F.,.F.,.F.,(4,1,4),(2,
2),(0.,0.0156043620866287,0.0422747596052986),(0.,0.0199999999999997),
 .UNSPECIFIED.);
#152=B_SPLINE_SURFACE_WITH_KNOTS('',3,1,((#8535,#8536),(#8537,#8538),(#8539,
#8540),(#8541,#8542),(#8543,#8544)),.UNSPECIFIED.,.F.,.F.,.F.,(4,1,4),(2,
2),(0.,0.024563999487859,0.0400454290051313),(0.,0.0199999999999997),
 .UNSPECIFIED.);
#153=B_SPLINE_SURFACE_WITH_KNOTS('',3,1,((#8570,#8571),(#8572,#8573),(#8574,
#8575),(#8576,#8577),(#8578,#8579)),.UNSPECIFIED.,.F.,.F.,.F.,(4,1,4),(2,
2),(0.,0.013545396513757,0.0362699167528094),(0.,0.0199999999999997),
 .UNSPECIFIED.);
#154=B_SPLINE_SURFACE_WITH_KNOTS('',3,1,((#8593,#8594),(#8595,#8596),(#8597,
#8598),(#8599,#8600),(#8601,#8602)),.UNSPECIFIED.,.F.,.F.,.F.,(4,1,4),(2,
2),(0.,0.0248588354520241,0.0395856193045962),(0.,0.0199999999999997),
 .UNSPECIFIED.);
#155=B_SPLINE_SURFACE_WITH_KNOTS('',3,1,((#8622,#8623),(#8624,#8625),(#8626,
#8627),(#8628,#8629),(#8630,#8631)),.UNSPECIFIED.,.F.,.F.,.F.,(4,1,4),(2,
2),(0.,0.028187528862498,0.0542165493481251),(0.,0.0199999999999997),
 .UNSPECIFIED.);
#156=B_SPLINE_SURFACE_WITH_KNOTS('',3,1,((#8645,#8646),(#8647,#8648),(#8649,
#8650),(#8651,#8652),(#8653,#8654)),.UNSPECIFIED.,.F.,.F.,.F.,(4,1,4),(2,
2),(0.,0.0915730081369439,0.159397195210774),(0.,0.0199999999999997),
 .UNSPECIFIED.);
#157=B_SPLINE_SURFACE_WITH_KNOTS('',3,1,((#8668,#8669),(#8670,#8671),(#8672,
#8673),(#8674,#8675),(#8676,#8677)),.UNSPECIFIED.,.F.,.F.,.F.,(4,1,4),(2,
2),(0.,0.0645969687975466,0.153591085410488),(0.,0.0199999999999997),
 .UNSPECIFIED.);
#158=B_SPLINE_SURFACE_WITH_KNOTS('',3,1,((#8691,#8692),(#8693,#8694),(#8695,
#8696),(#8697,#8698),(#8699,#8700)),.UNSPECIFIED.,.F.,.F.,.F.,(4,1,4),(2,
2),(0.,0.0256608083919324,0.055836154494183),(0.,0.0199999999999997),
 .UNSPECIFIED.);
#159=B_SPLINE_SURFACE_WITH_KNOTS('',3,1,((#8732,#8733),(#8734,#8735),(#8736,
#8737),(#8738,#8739),(#8740,#8741)),.UNSPECIFIED.,.F.,.F.,.F.,(4,1,4),(2,
2),(0.,0.041610557720827,0.0870047579217705),(0.,0.0199999999999997),
 .UNSPECIFIED.);
#160=B_SPLINE_SURFACE_WITH_KNOTS('',3,1,((#8753,#8754),(#8755,#8756),(#8757,
#8758),(#8759,#8760),(#8761,#8762)),.UNSPECIFIED.,.F.,.F.,.F.,(4,1,4),(2,
2),(0.,0.0177269787828414,0.0466876412258592),(0.,0.0199999999999997),
 .UNSPECIFIED.);
#161=B_SPLINE_SURFACE_WITH_KNOTS('',3,1,((#8779,#8780),(#8781,#8782),(#8783,
#8784),(#8785,#8786),(#8787,#8788)),.UNSPECIFIED.,.F.,.F.,.F.,(4,1,4),(2,
2),(0.,0.0289431215042065,0.0421271606069719),(0.,0.0199999999999997),
 .UNSPECIFIED.);
#162=B_SPLINE_SURFACE_WITH_KNOTS('',3,1,((#8802,#8803),(#8804,#8805),(#8806,
#8807),(#8808,#8809),(#8810,#8811)),.UNSPECIFIED.,.F.,.F.,.F.,(4,1,4),(2,
2),(0.,0.0237969222902641,0.0506915441375617),(0.,0.0199999999999997),
 .UNSPECIFIED.);
#163=B_SPLINE_SURFACE_WITH_KNOTS('',3,1,((#8825,#8826),(#8827,#8828),(#8829,
#8830),(#8831,#8832),(#8833,#8834)),.UNSPECIFIED.,.F.,.F.,.F.,(4,1,4),(2,
2),(0.,0.00749280774810985,0.0174090997025281),(0.,0.0199999999999997),
 .UNSPECIFIED.);
#164=B_SPLINE_SURFACE_WITH_KNOTS('',3,1,((#8851,#8852),(#8853,#8854),(#8855,
#8856),(#8857,#8858),(#8859,#8860)),.UNSPECIFIED.,.F.,.F.,.F.,(4,1,4),(2,
2),(0.,0.00518585491815581,0.0150385721293192),(0.,0.0199999999999997),
 .UNSPECIFIED.);
#165=B_SPLINE_SURFACE_WITH_KNOTS('',3,1,((#8877,#8878),(#8879,#8880),(#8881,
#8882),(#8883,#8884),(#8885,#8886)),.UNSPECIFIED.,.F.,.F.,.F.,(4,1,4),(2,
2),(0.,0.0119469478143793,0.0193987097828519),(0.,0.0199999999999997),
 .UNSPECIFIED.);
#166=B_SPLINE_SURFACE_WITH_KNOTS('',3,1,((#8906,#8907),(#8908,#8909),(#8910,
#8911),(#8912,#8913),(#8914,#8915)),.UNSPECIFIED.,.F.,.F.,.F.,(4,1,4),(2,
2),(0.,0.0712109207999232,0.116836498666739),(0.,0.0199999999999997),
 .UNSPECIFIED.);
#167=B_SPLINE_SURFACE_WITH_KNOTS('',3,1,((#8929,#8930),(#8931,#8932),(#8933,
#8934),(#8935,#8936),(#8937,#8938)),.UNSPECIFIED.,.F.,.F.,.F.,(4,1,4),(2,
2),(0.,0.0483783616815486,0.123045113118112),(0.,0.0199999999999997),
 .UNSPECIFIED.);
#168=B_SPLINE_SURFACE_WITH_KNOTS('',3,1,((#8952,#8953),(#8954,#8955),(#8956,
#8957),(#8958,#8959),(#8960,#8961)),.UNSPECIFIED.,.F.,.F.,.F.,(4,1,4),(2,
2),(0.,0.0122708675812184,0.0225956757731393),(0.,0.0199999999999997),
 .UNSPECIFIED.);
#169=B_SPLINE_SURFACE_WITH_KNOTS('',3,1,((#8981,#8982),(#8983,#8984),(#8985,
#8986),(#8987,#8988),(#8989,#8990)),.UNSPECIFIED.,.F.,.F.,.F.,(4,1,4),(2,
2),(0.,0.0125272913498582,0.0314942494510356),(0.,0.0199999999999997),
 .UNSPECIFIED.);
#170=B_SPLINE_SURFACE_WITH_KNOTS('',3,1,((#9004,#9005),(#9006,#9007),(#9008,
#9009),(#9010,#9011),(#9012,#9013)),.UNSPECIFIED.,.F.,.F.,.F.,(4,1,4),(2,
2),(0.,0.025966471389241,0.0483863184100714),(0.,0.0199999999999997),
 .UNSPECIFIED.);
#171=B_SPLINE_SURFACE_WITH_KNOTS('',3,1,((#9027,#9028),(#9029,#9030),(#9031,
#9032),(#9033,#9034),(#9035,#9036)),.UNSPECIFIED.,.F.,.F.,.F.,(4,1,4),(2,
2),(0.,0.0227168072174089,0.0452442337088082),(0.,0.0199999999999997),
 .UNSPECIFIED.);
#172=B_SPLINE_SURFACE_WITH_KNOTS('',3,1,((#9050,#9051),(#9052,#9053),(#9054,
#9055),(#9056,#9057),(#9058,#9059)),.UNSPECIFIED.,.F.,.F.,.F.,(4,1,4),(2,
2),(0.,0.0445660653203307,0.0693507313968414),(0.,0.0199999999999997),
 .UNSPECIFIED.);
#173=B_SPLINE_SURFACE_WITH_KNOTS('',3,1,((#9073,#9074),(#9075,#9076),(#9077,
#9078),(#9079,#9080),(#9081,#9082)),.UNSPECIFIED.,.F.,.F.,.F.,(4,1,4),(2,
2),(0.,0.0465215866778092,0.102997794543927),(0.,0.0199999999999997),
 .UNSPECIFIED.);
#174=B_SPLINE_SURFACE_WITH_KNOTS('',3,1,((#9096,#9097),(#9098,#9099),(#9100,
#9101),(#9102,#9103),(#9104,#9105)),.UNSPECIFIED.,.F.,.F.,.F.,(4,1,4),(2,
2),(0.,0.0568941068726464,0.110729662412858),(0.,0.0199999999999997),
 .UNSPECIFIED.);
#175=B_SPLINE_SURFACE_WITH_KNOTS('',3,1,((#9119,#9120),(#9121,#9122),(#9123,
#9124),(#9125,#9126),(#9127,#9128)),.UNSPECIFIED.,.F.,.F.,.F.,(4,1,4),(2,
2),(0.,0.0291526755561829,0.0628998980061674),(0.,0.0199999999999997),
 .UNSPECIFIED.);
#176=B_SPLINE_SURFACE_WITH_KNOTS('',3,1,((#9142,#9143),(#9144,#9145),(#9146,
#9147),(#9148,#9149),(#9150,#9151)),.UNSPECIFIED.,.F.,.F.,.F.,(4,1,4),(2,
2),(0.,0.0348395190755583,0.0598208366694637),(0.,0.0199999999999997),
 .UNSPECIFIED.);
#177=B_SPLINE_SURFACE_WITH_KNOTS('',3,1,((#9165,#9166),(#9167,#9168),(#9169,
#9170),(#9171,#9172),(#9173,#9174)),.UNSPECIFIED.,.F.,.F.,.F.,(4,1,4),(2,
2),(0.,0.0326886432253942,0.0619751287105315),(0.,0.0199999999999997),
 .UNSPECIFIED.);
#178=B_SPLINE_SURFACE_WITH_KNOTS('',3,1,((#9201,#9202),(#9203,#9204),(#9205,
#9206),(#9207,#9208),(#9209,#9210)),.UNSPECIFIED.,.F.,.F.,.F.,(4,1,4),(2,
2),(0.,0.040898143359047,0.0748664878612601),(0.,0.0199999999999997),
 .UNSPECIFIED.);
#179=B_SPLINE_SURFACE_WITH_KNOTS('',3,1,((#9224,#9225),(#9226,#9227),(#9228,
#9229),(#9230,#9231),(#9232,#9233)),.UNSPECIFIED.,.F.,.F.,.F.,(4,1,4),(2,
2),(0.,0.0343519693297771,0.0780388509562846),(0.,0.0199999999999997),
 .UNSPECIFIED.);
#180=B_SPLINE_SURFACE_WITH_KNOTS('',3,1,((#9271,#9272),(#9273,#9274),(#9275,
#9276),(#9277,#9278),(#9279,#9280)),.UNSPECIFIED.,.F.,.F.,.F.,(4,1,4),(2,
2),(0.,0.0747404897381722,0.170008987887896),(0.,0.0199999999999997),
 .UNSPECIFIED.);
#181=B_SPLINE_SURFACE_WITH_KNOTS('',3,1,((#9294,#9295),(#9296,#9297),(#9298,
#9299),(#9300,#9301),(#9302,#9303)),.UNSPECIFIED.,.F.,.F.,.F.,(4,1,4),(2,
2),(0.,0.0865322884863865,0.159500087599434),(0.,0.0199999999999997),
 .UNSPECIFIED.);
#182=B_SPLINE_SURFACE_WITH_KNOTS('',3,1,((#9333,#9334),(#9335,#9336),(#9337,
#9338),(#9339,#9340),(#9341,#9342)),.UNSPECIFIED.,.F.,.F.,.F.,(4,1,4),(2,
2),(0.,0.0461721147575081,0.092688324477227),(0.,0.0199999999999997),
 .UNSPECIFIED.);
#183=B_SPLINE_SURFACE_WITH_KNOTS('',3,1,((#9359,#9360),(#9361,#9362),(#9363,
#9364),(#9365,#9366),(#9367,#9368)),.UNSPECIFIED.,.F.,.F.,.F.,(4,1,4),(2,
2),(0.,0.0382012236402632,0.0759143057207125),(0.,0.0199999999999997),
 .UNSPECIFIED.);
#184=B_SPLINE_SURFACE_WITH_KNOTS('',3,1,((#9382,#9383),(#9384,#9385),(#9386,
#9387),(#9388,#9389),(#9390,#9391)),.UNSPECIFIED.,.F.,.F.,.F.,(4,1,4),(2,
2),(0.,0.0322667291273578,0.0652011101665136),(0.,0.0199999999999997),
 .UNSPECIFIED.);
#185=B_SPLINE_SURFACE_WITH_KNOTS('',3,1,((#9405,#9406),(#9407,#9408),(#9409,
#9410),(#9411,#9412),(#9413,#9414)),.UNSPECIFIED.,.F.,.F.,.F.,(4,1,4),(2,
2),(0.,0.0381718719417679,0.0764038779252889),(0.,0.0199999999999997),
 .UNSPECIFIED.);
#186=B_SPLINE_SURFACE_WITH_KNOTS('',3,1,((#9434,#9435),(#9436,#9437),(#9438,
#9439),(#9440,#9441),(#9442,#9443)),.UNSPECIFIED.,.F.,.F.,.F.,(4,1,4),(2,
2),(0.,0.0436044090855423,0.0870702009373625),(0.,0.0199999999999997),
 .UNSPECIFIED.);
#187=B_SPLINE_SURFACE_WITH_KNOTS('',3,1,((#9475,#9476),(#9477,#9478),(#9479,
#9480),(#9481,#9482),(#9483,#9484)),.UNSPECIFIED.,.F.,.F.,.F.,(4,1,4),(2,
2),(0.,0.0231136996120368,0.0658891590815787),(0.,0.0199999999999997),
 .UNSPECIFIED.);
#188=B_SPLINE_SURFACE_WITH_KNOTS('',3,1,((#9498,#9499),(#9500,#9501),(#9502,
#9503),(#9504,#9505),(#9506,#9507)),.UNSPECIFIED.,.F.,.F.,.F.,(4,1,4),(2,
2),(0.,0.0150673988367383,0.0221632029240177),(0.,0.0199999999999997),
 .UNSPECIFIED.);
#189=B_SPLINE_SURFACE_WITH_KNOTS('',3,1,((#9539,#9540),(#9541,#9542),(#9543,
#9544),(#9545,#9546),(#9547,#9548)),.UNSPECIFIED.,.F.,.F.,.F.,(4,1,4),(2,
2),(0.,0.0229028505209875,0.0658303451131285),(0.,0.0199999999999997),
 .UNSPECIFIED.);
#190=B_SPLINE_SURFACE_WITH_KNOTS('',3,1,((#9562,#9563),(#9564,#9565),(#9566,
#9567),(#9568,#9569),(#9570,#9571)),.UNSPECIFIED.,.F.,.F.,.F.,(4,1,4),(2,
2),(0.,0.012894863170655,0.0202520978503631),(0.,0.0199999999999997),
 .UNSPECIFIED.);
#191=FACE_BOUND('',#384,.T.);
#192=FACE_BOUND('',#385,.T.);
#193=FACE_BOUND('',#430,.T.);
#194=FACE_BOUND('',#454,.T.);
#195=FACE_BOUND('',#468,.T.);
#196=FACE_BOUND('',#507,.T.);
#197=FACE_BOUND('',#508,.T.);
#198=FACE_BOUND('',#509,.T.);
#199=FACE_BOUND('',#510,.T.);
#200=FACE_BOUND('',#511,.T.);
#201=FACE_BOUND('',#512,.T.);
#202=FACE_BOUND('',#514,.T.);
#203=FACE_BOUND('',#515,.T.);
#204=CIRCLE('',#2977,1.99999999999998);
#205=CIRCLE('',#3051,1.);
#206=CIRCLE('',#3052,1.);
#207=CIRCLE('',#3053,1.);
#208=CIRCLE('',#3054,1.);
#209=CIRCLE('',#3085,0.999999999999996);
#210=CIRCLE('',#3086,0.999999999999998);
#211=CIRCLE('',#3087,1.);
#212=CIRCLE('',#3090,0.999999999999995);
#213=CIRCLE('',#3091,0.999999999999996);
#214=CIRCLE('',#3092,1.);
#215=(
BOUNDED_SURFACE()
B_SPLINE_SURFACE(5,1,((#3832,#3833),(#3834,#3835),(#3836,#3837),(#3838,
#3839),(#3840,#3841),(#3842,#3843),(#3844,#3845),(#3846,#3847),(#3848,#3849),
(#3850,#3851),(#3852,#3853),(#3854,#3855),(#3856,#3857),(#3858,#3859),(#3860,
#3861),(#3862,#3863),(#3864,#3865),(#3866,#3867),(#3868,#3869),(#3870,#3871),
(#3872,#3873),(#3874,#3875),(#3876,#3877),(#3878,#3879),(#3880,#3881),(#3882,
#3883),(#3884,#3885),(#3886,#3887),(#3888,#3889),(#3890,#3891),(#3892,#3893),
(#3894,#3895),(#3896,#3897),(#3898,#3899),(#3900,#3901),(#3902,#3903),(#3904,
#3905),(#3906,#3907),(#3908,#3909),(#3910,#3911),(#3912,#3913),(#3914,#3915),
(#3916,#3917),(#3918,#3919),(#3920,#3921),(#3922,#3923),(#3924,#3925),(#3926,
#3927),(#3928,#3929),(#3930,#3931),(#3932,#3933),(#3934,#3935),(#3936,#3937),
(#3938,#3939),(#3940,#3941),(#3942,#3943),(#3944,#3945),(#3946,#3947),(#3948,
#3949),(#3950,#3951),(#3952,#3953),(#3954,#3955),(#3956,#3957),(#3958,#3959),
(#3960,#3961),(#3962,#3963),(#3964,#3965),(#3966,#3967),(#3968,#3969),(#3970,
#3971),(#3972,#3973),(#3974,#3975),(#3976,#3977),(#3978,#3979),(#3980,#3981),
(#3982,#3983),(#3984,#3985),(#3986,#3987),(#3988,#3989),(#3990,#3991),(#3992,
#3993),(#3994,#3995),(#3996,#3997),(#3998,#3999),(#4000,#4001),(#4002,#4003),
(#4004,#4005),(#4006,#4007),(#4008,#4009),(#4010,#4011),(#4012,#4013),(#4014,
#4015),(#4016,#4017),(#4018,#4019),(#4020,#4021),(#4022,#4023),(#4024,#4025),
(#4026,#4027),(#4028,#4029),(#4030,#4031),(#4032,#4033),(#4034,#4035),(#4036,
#4037),(#4038,#4039),(#4040,#4041),(#4042,#4043),(#4044,#4045),(#4046,#4047),
(#4048,#4049),(#4050,#4051),(#4052,#4053),(#4054,#4055),(#4056,#4057),(#4058,
#4059),(#4060,#4061),(#4062,#4063),(#4064,#4065),(#4066,#4067),(#4068,#4069),
(#4070,#4071),(#4072,#4073),(#4074,#4075),(#4076,#4077),(#4078,#4079),(#4080,
#4081),(#4082,#4083),(#4084,#4085),(#4086,#4087),(#4088,#4089),(#4090,#4091),
(#4092,#4093),(#4094,#4095),(#4096,#4097),(#4098,#4099),(#4100,#4101),(#4102,
#4103),(#4104,#4105),(#4106,#4107),(#4108,#4109),(#4110,#4111),(#4112,#4113),
(#4114,#4115),(#4116,#4117),(#4118,#4119),(#4120,#4121),(#4122,#4123),(#4124,
#4125),(#4126,#4127),(#4128,#4129),(#4130,#4131),(#4132,#4133),(#4134,#4135),
(#4136,#4137),(#4138,#4139),(#4140,#4141),(#4142,#4143),(#4144,#4145),(#4146,
#4147),(#4148,#4149),(#4150,#4151),(#4152,#4153),(#4154,#4155),(#4156,#4157),
(#4158,#4159),(#4160,#4161),(#4162,#4163),(#4164,#4165),(#4166,#4167),(#4168,
#4169),(#4170,#4171),(#4172,#4173),(#4174,#4175),(#4176,#4177),(#4178,#4179),
(#4180,#4181),(#4182,#4183),(#4184,#4185),(#4186,#4187),(#4188,#4189),(#4190,
#4191),(#4192,#4193),(#4194,#4195),(#4196,#4197),(#4198,#4199),(#4200,#4201),
(#4202,#4203),(#4204,#4205),(#4206,#4207),(#4208,#4209),(#4210,#4211),(#4212,
#4213),(#4214,#4215),(#4216,#4217),(#4218,#4219),(#4220,#4221),(#4222,#4223),
(#4224,#4225),(#4226,#4227),(#4228,#4229),(#4230,#4231),(#4232,#4233),(#4234,
#4235),(#4236,#4237),(#4238,#4239),(#4240,#4241),(#4242,#4243),(#4244,#4245),
(#4246,#4247),(#4248,#4249),(#4250,#4251),(#4252,#4253),(#4254,#4255),(#4256,
#4257),(#4258,#4259),(#4260,#4261),(#4262,#4263),(#4264,#4265),(#4266,#4267),
(#4268,#4269),(#4270,#4271),(#4272,#4273),(#4274,#4275),(#4276,#4277),(#4278,
#4279),(#4280,#4281),(#4282,#4283),(#4284,#4285),(#4286,#4287),(#4288,#4289),
(#4290,#4291),(#4292,#4293),(#4294,#4295),(#4296,#4297),(#4298,#4299),(#4300,
#4301),(#4302,#4303),(#4304,#4305),(#4306,#4307),(#4308,#4309),(#4310,#4311),
(#4312,#4313),(#4314,#4315),(#4316,#4317),(#4318,#4319),(#4320,#4321),(#4322,
#4323),(#4324,#4325),(#4326,#4327),(#4328,#4329),(#4330,#4331),(#4332,#4333),
(#4334,#4335),(#4336,#4337),(#4338,#4339),(#4340,#4341),(#4342,#4343),(#4344,
#4345),(#4346,#4347),(#4348,#4349),(#4350,#4351),(#4352,#4353),(#4354,#4355),
(#4356,#4357),(#4358,#4359),(#4360,#4361),(#4362,#4363),(#4364,#4365),(#4366,
#4367),(#4368,#4369),(#4370,#4371),(#4372,#4373),(#4374,#4375),(#4376,#4377),
(#4378,#4379),(#4380,#4381),(#4382,#4383),(#4384,#4385),(#4386,#4387),(#4388,
#4389),(#4390,#4391),(#4392,#4393),(#4394,#4395),(#4396,#4397),(#4398,#4399),
(#4400,#4401),(#4402,#4403),(#4404,#4405),(#4406,#4407),(#4408,#4409),(#4410,
#4411),(#4412,#4413),(#4414,#4415),(#4416,#4417),(#4418,#4419),(#4420,#4421),
(#4422,#4423),(#4424,#4425),(#4426,#4427),(#4428,#4429),(#4430,#4431),(#4432,
#4433),(#4434,#4435),(#4436,#4437),(#4438,#4439),(#4440,#4441),(#4442,#4443),
(#4444,#4445),(#4446,#4447),(#4448,#4449),(#4450,#4451),(#4452,#4453),(#4454,
#4455),(#4456,#4457),(#4458,#4459),(#4460,#4461),(#4462,#4463),(#4464,#4465),
(#4466,#4467),(#4468,#4469),(#4470,#4471),(#4472,#4473),(#4474,#4475),(#4476,
#4477),(#4478,#4479),(#4480,#4481),(#4482,#4483),(#4484,#4485),(#4486,#4487),
(#4488,#4489),(#4490,#4491),(#4492,#4493),(#4494,#4495),(#4496,#4497),(#4498,
#4499),(#4500,#4501),(#4502,#4503),(#4504,#4505),(#4506,#4507),(#4508,#4509),
(#4510,#4511),(#4512,#4513),(#4514,#4515),(#4516,#4517),(#4518,#4519),(#4520,
#4521),(#4522,#4523),(#4524,#4525),(#4526,#4527),(#4528,#4529),(#4530,#4531)),
 .UNSPECIFIED.,.T.,.F.,.F.)
B_SPLINE_SURFACE_WITH_KNOTS((6,1,1,1,1,1,1,1,1,1,1,1,1,1,1,1,1,1,1,1,1,
1,1,1,1,1,1,1,1,1,1,1,1,1,1,1,1,1,1,1,1,1,1,1,1,1,1,1,1,1,1,1,1,1,1,1,1,
1,1,1,1,1,1,1,1,1,1,1,1,1,1,1,1,1,1,1,1,1,1,1,1,1,1,1,1,1,1,1,1,1,1,1,1,
1,1,1,1,1,1,1,1,1,1,1,1,1,1,1,1,1,1,1,1,1,1,1,1,1,1,1,1,1,1,1,1,1,1,1,1,
1,1,1,1,1,1,1,1,1,1,1,1,1,1,1,1,1,1,1,1,1,1,1,1,1,1,1,1,1,1,1,1,1,1,1,1,
1,1,1,1,1,1,1,1,1,1,1,1,1,1,1,1,1,1,1,1,1,1,1,1,1,1,1,1,1,1,1,1,1,1,1,1,
1,1,1,1,1,1,1,1,1,1,1,1,1,1,1,1,1,1,1,1,1,1,1,1,1,1,1,1,1,1,1,1,1,1,1,1,
1,1,1,1,1,1,1,1,1,1,1,1,1,1,1,1,1,1,1,1,1,1,1,1,1,1,1,1,1,1,1,1,1,1,1,1,
1,1,1,1,1,1,1,1,1,1,1,1,1,1,1,1,1,1,1,1,1,1,1,1,1,1,1,1,1,1,1,1,1,1,1,1,
1,1,1,1,1,1,1,1,1,1,1,1,1,1,1,1,1,1,1,1,1,1,1,1,1,1,1,1,1,1,1,1,1,1,1,1,
6),(2,2),(-1.,-0.997101449275353,-0.994202898550716,-0.991304347826078,
-0.98840579710144,-0.985507246376803,-0.982608695652165,-0.979710144927528,
-0.97681159420289,-0.973913043478252,-0.971014492753615,-0.968115942028977,
-0.965217391304339,-0.962318840579702,-0.959420289855064,-0.956521739130427,
-0.953623188405789,-0.950724637681151,-0.947826086956514,-0.944927536231876,
-0.942028985507238,-0.939130434782601,-0.936231884057963,-0.933333333333326,
-0.930434782608688,-0.92753623188405,-0.924637681159413,-0.921739130434775,
-0.918840579710137,-0.9159420289855,-0.913043478260862,-0.910144927536225,
-0.907246376811587,-0.904347826086949,-0.901449275362312,-0.898550724637674,
-0.895652173913036,-0.892753623188399,-0.889855072463761,-0.886956521739124,
-0.884057971014486,-0.881159420289848,-0.878260869565211,-0.875362318840573,
-0.872463768115935,-0.869565217391298,-0.86666666666666,-0.863768115942023,
-0.860869565217385,-0.857971014492747,-0.85507246376811,-0.852173913043472,
-0.849275362318834,-0.846376811594197,-0.843478260869559,-0.840579710144921,
-0.837681159420284,-0.834782608695646,-0.831884057971009,-0.828985507246371,
-0.826086956521733,-0.823188405797096,-0.820289855072458,-0.81739130434782,
-0.814492753623183,-0.811594202898545,-0.808695652173908,-0.80579710144927,
-0.802898550724632,-0.799999999999995,-0.797101449275357,-0.794202898550719,
-0.791304347826082,-0.788405797101444,-0.785507246376807,-0.782608695652169,
-0.779710144927531,-0.776811594202894,-0.773913043478256,-0.771014492753618,
-0.768115942028981,-0.765217391304343,-0.762318840579706,-0.759420289855068,
-0.75652173913043,-0.753623188405793,-0.750724637681155,-0.747826086956517,
-0.74492753623188,-0.742028985507242,-0.739130434782605,-0.736231884057967,
-0.733333333333329,-0.730434782608692,-0.727536231884054,-0.724637681159416,
-0.721739130434779,-0.718840579710141,-0.715942028985504,-0.713043478260866,
-0.710144927536228,-0.707246376811591,-0.704347826086953,-0.701449275362315,
-0.698550724637678,-0.69565217391304,-0.692753623188403,-0.689855072463765,
-0.686956521739127,-0.68405797101449,-0.681159420289852,-0.678260869565214,
-0.675362318840577,-0.672463768115939,-0.669565217391301,-0.666666666666664,
-0.663768115942026,-0.660869565217389,-0.657971014492751,-0.655072463768113,
-0.652173913043476,-0.649275362318838,-0.6463768115942,-0.643478260869563,
-0.640579710144925,-0.637681159420288,-0.63478260869565,-0.631884057971012,
-0.628985507246375,-0.626086956521737,-0.623188405797099,-0.620289855072462,
-0.617391304347824,-0.614492753623187,-0.611594202898549,-0.608695652173911,
-0.605797101449274,-0.602898550724636,-0.599999999999998,-0.597101449275361,
-0.594202898550723,-0.591304347826086,-0.588405797101448,-0.58550724637681,
-0.582608695652173,-0.579710144927535,-0.576811594202897,-0.57391304347826,
-0.571014492753622,-0.568115942028985,-0.565217391304347,-0.562318840579709,
-0.559420289855072,-0.556521739130434,-0.553623188405796,-0.550724637681159,
-0.547826086956521,-0.544927536231884,-0.542028985507246,-0.539130434782608,
-0.536231884057971,-0.533333333333333,-0.530434782608695,-0.527536231884058,
-0.52463768115942,-0.521739130434782,-0.518840579710145,-0.515942028985507,
-0.51304347826087,-0.510144927536232,-0.507246376811594,-0.504347826086957,
-0.501449275362319,-0.498550724637681,-0.495652173913044,-0.492753623188406,
-0.489855072463768,-0.486956521739131,-0.484057971014493,-0.481159420289855,
-0.478260869565218,-0.47536231884058,-0.472463768115942,-0.469565217391305,
-0.466666666666667,-0.463768115942029,-0.460869565217392,-0.457971014492754,
-0.455072463768116,-0.452173913043478,-0.449275362318841,-0.446376811594203,
-0.443478260869565,-0.440579710144928,-0.43768115942029,-0.434782608695652,
-0.431884057971015,-0.428985507246377,-0.426086956521739,-0.423188405797102,
-0.420289855072464,-0.417391304347826,-0.414492753623189,-0.411594202898551,
-0.408695652173913,-0.405797101449276,-0.402898550724638,-0.4,-0.397101449275363,
-0.394202898550725,-0.391304347826087,-0.388405797101449,-0.385507246376812,
-0.382608695652174,-0.379710144927536,-0.376811594202899,-0.373913043478261,
-0.371014492753623,-0.368115942028986,-0.365217391304348,-0.36231884057971,
-0.359420289855073,-0.356521739130435,-0.353623188405797,-0.35072463768116,
-0.347826086956522,-0.344927536231884,-0.342028985507247,-0.339130434782609,
-0.336231884057971,-0.333333333333333,-0.330434782608696,-0.327536231884058,
-0.32463768115942,-0.321739130434783,-0.318840579710145,-0.315942028985507,
-0.31304347826087,-0.310144927536232,-0.307246376811594,-0.304347826086957,
-0.301449275362319,-0.298550724637681,-0.295652173913044,-0.292753623188406,
-0.289855072463768,-0.286956521739131,-0.284057971014493,-0.281159420289855,
-0.278260869565218,-0.27536231884058,-0.272463768115942,-0.269565217391304,
-0.266666666666667,-0.263768115942029,-0.260869565217391,-0.257971014492754,
-0.255072463768116,-0.252173913043478,-0.249275362318841,-0.246376811594203,
-0.243478260869565,-0.240579710144928,-0.23768115942029,-0.234782608695652,
-0.231884057971015,-0.228985507246377,-0.226086956521739,-0.223188405797102,
-0.220289855072464,-0.217391304347826,-0.214492753623189,-0.211594202898551,
-0.208695652173913,-0.205797101449275,-0.202898550724638,-0.2,-0.197101449275362,
-0.194202898550725,-0.191304347826087,-0.188405797101449,-0.185507246376812,
-0.182608695652174,-0.179710144927536,-0.176811594202899,-0.173913043478261,
-0.171014492753623,-0.168115942028986,-0.165217391304348,-0.16231884057971,
-0.159420289855073,-0.156521739130435,-0.153623188405797,-0.150724637681159,
-0.147826086956522,-0.144927536231884,-0.142028985507246,-0.139130434782609,
-0.136231884057971,-0.133333333333333,-0.130434782608696,-0.127536231884058,
-0.12463768115942,-0.121739130434783,-0.118840579710145,-0.115942028985507,
-0.11304347826087,-0.110144927536232,-0.107246376811594,-0.104347826086957,
-0.101449275362319,-0.0985507246376812,-0.0956521739130435,-0.0927536231884058,
-0.0898550724637682,-0.0869565217391305,-0.0840579710144928,-0.0811594202898551,
-0.0782608695652174,-0.0753623188405797,-0.0724637681159421,-0.0695652173913044,
-0.0666666666666667,-0.063768115942029,-0.0608695652173913,-0.0579710144927536,
-0.055072463768116,-0.0521739130434783,-0.0492753623188406,-0.0463768115942029,
-0.0434782608695652,-0.0405797101449275,-0.0376811594202899,-0.0347826086956522,
-0.0318840579710145,-0.0289855072463768,-0.0260869565217391,-0.0231884057971014,
-0.0202898550724638,-0.0173913043478261,-0.0144927536231884,-0.0115942028985507,
-0.00869565217391304,-0.00579710144927536,-0.00289855072463768,0.),(0.,
0.1),.UNSPECIFIED.)
GEOMETRIC_REPRESENTATION_ITEM()
RATIONAL_B_SPLINE_SURFACE(((1.,1.),(1.,1.),(1.,1.),(1.,1.),(1.,1.),(1.,
1.),(1.,1.),(1.,1.),(1.,1.),(1.,1.),(1.,1.),(1.,1.),(1.,1.),(1.,1.),(1.,
1.),(1.,1.),(1.,1.),(1.,1.),(1.,1.),(1.,1.),(1.,1.),(1.,1.),(1.,1.),(1.,
1.),(1.,1.),(1.,1.),(1.,1.),(1.,1.),(1.,1.),(1.,1.),(1.,1.),(1.,1.),(1.,
1.),(1.,1.),(1.,1.),(1.,1.),(1.,1.),(1.,1.),(1.,1.),(1.,1.),(1.,1.),(1.,
1.),(1.,1.),(1.,1.),(1.,1.),(1.,1.),(1.,1.),(1.,1.),(1.,1.),(1.,1.),(1.,
1.),(1.,1.),(1.,1.),(1.,1.),(1.,1.),(1.,1.),(1.,1.),(1.,1.),(1.,1.),(1.,
1.),(1.,1.),(1.,1.),(1.,1.),(1.,1.),(1.,1.),(1.,1.),(1.,1.),(1.,1.),(1.,
1.),(1.,1.),(1.,1.),(1.,1.),(1.,1.),(1.,1.),(1.,1.),(1.,1.),(1.,1.),(1.,
1.),(1.,1.),(1.,1.),(1.,1.),(1.,1.),(1.,1.),(1.,1.),(1.,1.),(1.,1.),(1.,
1.),(1.,1.),(1.,1.),(1.,1.),(1.,1.),(1.,1.),(1.,1.),(1.,1.),(1.,1.),(1.,
1.),(1.,1.),(1.,1.),(1.,1.),(1.,1.),(1.,1.),(1.,1.),(1.,1.),(1.,1.),(1.,
1.),(1.,1.),(1.,1.),(1.,1.),(1.,1.),(1.,1.),(1.,1.),(1.,1.),(1.,1.),(1.,
1.),(1.,1.),(1.,1.),(1.,1.),(1.,1.),(1.,1.),(1.,1.),(1.,1.),(1.,1.),(1.,
1.),(1.,1.),(1.,1.),(1.,1.),(1.,1.),(1.,1.),(1.,1.),(1.,1.),(1.,1.),(1.,
1.),(1.,1.),(1.,1.),(1.,1.),(1.,1.),(1.,1.),(1.,1.),(1.,1.),(1.,1.),(1.,
1.),(1.,1.),(1.,1.),(1.,1.),(1.,1.),(1.,1.),(1.,1.),(1.,1.),(1.,1.),(1.,
1.),(1.,1.),(1.,1.),(1.,1.),(1.,1.),(1.,1.),(1.,1.),(1.,1.),(1.,1.),(1.,
1.),(1.,1.),(1.,1.),(1.,1.),(1.,1.),(1.,1.),(1.,1.),(1.,1.),(1.,1.),(1.,
1.),(1.,1.),(1.,1.),(1.,1.),(1.,1.),(1.,1.),(1.,1.),(1.,1.),(1.,1.),(1.,
1.),(1.,1.),(1.,1.),(1.,1.),(1.,1.),(1.,1.),(1.,1.),(1.,1.),(1.,1.),(1.,
1.),(1.,1.),(1.,1.),(1.,1.),(1.,1.),(1.,1.),(1.,1.),(1.,1.),(1.,1.),(1.,
1.),(1.,1.),(1.,1.),(1.,1.),(1.,1.),(1.,1.),(1.,1.),(1.,1.),(1.,1.),(1.,
1.),(1.,1.),(1.,1.),(1.,1.),(1.,1.),(1.,1.),(1.,1.),(1.,1.),(1.,1.),(1.,
1.),(1.,1.),(1.,1.),(1.,1.),(1.,1.),(1.,1.),(1.,1.),(1.,1.),(1.,1.),(1.,
1.),(1.,1.),(1.,1.),(1.,1.),(1.,1.),(1.,1.),(1.,1.),(1.,1.),(1.,1.),(1.,
1.),(1.,1.),(1.,1.),(1.,1.),(1.,1.),(1.,1.),(1.,1.),(1.,1.),(1.,1.),(1.,
1.),(1.,1.),(1.,1.),(1.,1.),(1.,1.),(1.,1.),(1.,1.),(1.,1.),(1.,1.),(1.,
1.),(1.,1.),(1.,1.),(1.,1.),(1.,1.),(1.,1.),(1.,1.),(1.,1.),(1.,1.),(1.,
1.),(1.,1.),(1.,1.),(1.,1.),(1.,1.),(1.,1.),(1.,1.),(1.,1.),(1.,1.),(1.,
1.),(1.,1.),(1.,1.),(1.,1.),(1.,1.),(1.,1.),(1.,1.),(1.,1.),(1.,1.),(1.,
1.),(1.,1.),(1.,1.),(1.,1.),(1.,1.),(1.,1.),(1.,1.),(1.,1.),(1.,1.),(1.,
1.),(1.,1.),(1.,1.),(1.,1.),(1.,1.),(1.,1.),(1.,1.),(1.,1.),(1.,1.),(1.,
1.),(1.,1.),(1.,1.),(1.,1.),(1.,1.),(1.,1.),(1.,1.),(1.,1.),(1.,1.),(1.,
1.),(1.,1.),(1.,1.),(1.,1.),(1.,1.),(1.,1.),(1.,1.),(1.,1.),(1.,1.),(1.,
1.),(1.,1.),(1.,1.),(1.,1.),(1.,1.),(1.,1.),(1.,1.),(1.,1.),(1.,1.),(1.,
1.),(1.,1.),(1.,1.),(1.,1.),(1.,1.),(1.,1.),(1.,1.),(1.,1.),(1.,1.),(1.,
1.),(1.,1.),(1.,1.),(1.,1.),(1.,1.),(1.,1.),(1.,1.),(1.,1.),(1.,1.),(1.,
1.),(1.,1.),(1.,1.),(1.,1.),(1.,1.),(1.,1.),(1.,1.),(1.,1.),(1.,1.),(1.,
1.),(1.,1.),(1.,1.)))
REPRESENTATION_ITEM('')
SURFACE()
);
#216=(
BOUNDED_SURFACE()
B_SPLINE_SURFACE(5,1,((#5802,#5803),(#5804,#5805),(#5806,#5807),(#5808,
#5809),(#5810,#5811),(#5812,#5813),(#5814,#5815),(#5816,#5817),(#5818,#5819),
(#5820,#5821),(#5822,#5823),(#5824,#5825),(#5826,#5827),(#5828,#5829),(#5830,
#5831),(#5832,#5833),(#5834,#5835),(#5836,#5837),(#5838,#5839),(#5840,#5841),
(#5842,#5843),(#5844,#5845),(#5846,#5847),(#5848,#5849),(#5850,#5851),(#5852,
#5853),(#5854,#5855),(#5856,#5857),(#5858,#5859),(#5860,#5861),(#5862,#5863),
(#5864,#5865),(#5866,#5867),(#5868,#5869),(#5870,#5871),(#5872,#5873),(#5874,
#5875),(#5876,#5877),(#5878,#5879),(#5880,#5881),(#5882,#5883),(#5884,#5885),
(#5886,#5887),(#5888,#5889),(#5890,#5891),(#5892,#5893),(#5894,#5895),(#5896,
#5897),(#5898,#5899),(#5900,#5901),(#5902,#5903),(#5904,#5905),(#5906,#5907),
(#5908,#5909),(#5910,#5911),(#5912,#5913),(#5914,#5915),(#5916,#5917),(#5918,
#5919),(#5920,#5921),(#5922,#5923),(#5924,#5925),(#5926,#5927),(#5928,#5929),
(#5930,#5931),(#5932,#5933),(#5934,#5935),(#5936,#5937),(#5938,#5939),(#5940,
#5941),(#5942,#5943),(#5944,#5945),(#5946,#5947),(#5948,#5949),(#5950,#5951),
(#5952,#5953),(#5954,#5955),(#5956,#5957),(#5958,#5959),(#5960,#5961),(#5962,
#5963),(#5964,#5965),(#5966,#5967),(#5968,#5969),(#5970,#5971),(#5972,#5973),
(#5974,#5975),(#5976,#5977),(#5978,#5979),(#5980,#5981),(#5982,#5983),(#5984,
#5985),(#5986,#5987),(#5988,#5989),(#5990,#5991),(#5992,#5993),(#5994,#5995),
(#5996,#5997),(#5998,#5999),(#6000,#6001),(#6002,#6003),(#6004,#6005),(#6006,
#6007),(#6008,#6009),(#6010,#6011),(#6012,#6013),(#6014,#6015),(#6016,#6017),
(#6018,#6019),(#6020,#6021),(#6022,#6023),(#6024,#6025),(#6026,#6027),(#6028,
#6029),(#6030,#6031),(#6032,#6033),(#6034,#6035),(#6036,#6037),(#6038,#6039),
(#6040,#6041),(#6042,#6043),(#6044,#6045),(#6046,#6047),(#6048,#6049),(#6050,
#6051),(#6052,#6053),(#6054,#6055),(#6056,#6057),(#6058,#6059),(#6060,#6061),
(#6062,#6063),(#6064,#6065),(#6066,#6067),(#6068,#6069),(#6070,#6071),(#6072,
#6073),(#6074,#6075),(#6076,#6077),(#6078,#6079),(#6080,#6081),(#6082,#6083),
(#6084,#6085),(#6086,#6087),(#6088,#6089),(#6090,#6091),(#6092,#6093),(#6094,
#6095),(#6096,#6097),(#6098,#6099),(#6100,#6101),(#6102,#6103),(#6104,#6105),
(#6106,#6107),(#6108,#6109),(#6110,#6111),(#6112,#6113),(#6114,#6115),(#6116,
#6117),(#6118,#6119),(#6120,#6121),(#6122,#6123),(#6124,#6125),(#6126,#6127),
(#6128,#6129),(#6130,#6131),(#6132,#6133),(#6134,#6135),(#6136,#6137),(#6138,
#6139),(#6140,#6141),(#6142,#6143),(#6144,#6145),(#6146,#6147),(#6148,#6149),
(#6150,#6151),(#6152,#6153),(#6154,#6155),(#6156,#6157),(#6158,#6159),(#6160,
#6161),(#6162,#6163),(#6164,#6165),(#6166,#6167),(#6168,#6169),(#6170,#6171),
(#6172,#6173),(#6174,#6175),(#6176,#6177),(#6178,#6179),(#6180,#6181),(#6182,
#6183),(#6184,#6185),(#6186,#6187),(#6188,#6189),(#6190,#6191),(#6192,#6193),
(#6194,#6195),(#6196,#6197),(#6198,#6199),(#6200,#6201),(#6202,#6203),(#6204,
#6205),(#6206,#6207),(#6208,#6209),(#6210,#6211),(#6212,#6213),(#6214,#6215),
(#6216,#6217),(#6218,#6219),(#6220,#6221),(#6222,#6223),(#6224,#6225),(#6226,
#6227),(#6228,#6229),(#6230,#6231),(#6232,#6233),(#6234,#6235),(#6236,#6237),
(#6238,#6239),(#6240,#6241),(#6242,#6243),(#6244,#6245),(#6246,#6247),(#6248,
#6249),(#6250,#6251),(#6252,#6253),(#6254,#6255),(#6256,#6257),(#6258,#6259),
(#6260,#6261),(#6262,#6263),(#6264,#6265),(#6266,#6267),(#6268,#6269),(#6270,
#6271),(#6272,#6273),(#6274,#6275),(#6276,#6277),(#6278,#6279),(#6280,#6281),
(#6282,#6283),(#6284,#6285),(#6286,#6287),(#6288,#6289),(#6290,#6291),(#6292,
#6293),(#6294,#6295),(#6296,#6297),(#6298,#6299),(#6300,#6301),(#6302,#6303),
(#6304,#6305),(#6306,#6307),(#6308,#6309),(#6310,#6311),(#6312,#6313),(#6314,
#6315),(#6316,#6317),(#6318,#6319),(#6320,#6321)),.UNSPECIFIED.,.F.,.F.,
 .F.)
B_SPLINE_SURFACE_WITH_KNOTS((6,1,1,1,1,1,1,1,1,1,1,1,1,1,1,1,1,1,1,1,1,
1,1,1,1,1,1,1,1,1,1,1,1,1,1,1,1,1,1,1,1,1,1,1,1,1,1,1,1,1,1,1,1,1,1,1,1,
1,1,1,1,1,1,1,1,1,1,1,1,1,1,1,1,1,1,1,1,1,1,1,1,1,1,1,1,1,1,1,1,1,1,1,1,
1,1,1,1,1,1,1,1,1,1,1,1,1,1,1,1,1,1,1,1,1,1,1,1,1,1,1,1,1,1,1,1,1,1,1,1,
1,1,1,1,1,1,1,1,1,1,1,1,1,1,1,1,1,1,1,1,1,1,1,1,1,1,1,1,1,1,1,1,1,1,1,1,
1,1,1,1,1,1,1,1,1,1,1,1,1,1,1,1,1,1,1,1,1,1,1,1,1,1,1,1,1,1,1,1,1,1,1,1,
1,1,1,1,1,1,1,1,1,1,1,1,1,1,1,1,1,1,1,1,1,1,1,1,1,1,1,1,1,1,1,1,1,1,1,1,
1,1,1,1,1,1,1,1,1,1,1,1,1,1,1,1,1,1,6),(2,2),(-1.,-0.996078431372546,-0.992156862745095,
-0.988235294117644,-0.984313725490193,-0.980392156862742,-0.976470588235291,
-0.97254901960784,-0.968627450980389,-0.964705882352938,-0.960784313725487,
-0.956862745098036,-0.952941176470585,-0.949019607843134,-0.945098039215683,
-0.941176470588232,-0.937254901960781,-0.93333333333333,-0.929411764705879,
-0.925490196078429,-0.921568627450978,-0.917647058823527,-0.913725490196076,
-0.909803921568625,-0.905882352941174,-0.901960784313723,-0.898039215686272,
-0.894117647058821,-0.89019607843137,-0.886274509803919,-0.882352941176468,
-0.878431372549017,-0.874509803921566,-0.870588235294115,-0.866666666666664,
-0.862745098039213,-0.858823529411762,-0.854901960784311,-0.85098039215686,
-0.847058823529409,-0.843137254901958,-0.839215686274507,-0.835294117647056,
-0.831372549019605,-0.827450980392154,-0.823529411764703,-0.819607843137252,
-0.815686274509801,-0.811764705882351,-0.8078431372549,-0.803921568627449,
-0.799999999999998,-0.796078431372547,-0.792156862745096,-0.788235294117645,
-0.784313725490194,-0.780392156862743,-0.776470588235292,-0.772549019607841,
-0.76862745098039,-0.764705882352939,-0.760784313725488,-0.756862745098037,
-0.752941176470586,-0.749019607843135,-0.745098039215684,-0.741176470588233,
-0.737254901960782,-0.733333333333331,-0.72941176470588,-0.725490196078429,
-0.721568627450978,-0.717647058823527,-0.713725490196076,-0.709803921568625,
-0.705882352941174,-0.701960784313723,-0.698039215686272,-0.694117647058822,
-0.690196078431371,-0.68627450980392,-0.682352941176469,-0.678431372549018,
-0.674509803921567,-0.670588235294116,-0.666666666666665,-0.662745098039214,
-0.658823529411763,-0.654901960784312,-0.650980392156861,-0.64705882352941,
-0.643137254901959,-0.639215686274508,-0.635294117647057,-0.631372549019606,
-0.627450980392155,-0.623529411764704,-0.619607843137253,-0.615686274509802,
-0.611764705882351,-0.6078431372549,-0.603921568627449,-0.599999999999998,
-0.596078431372547,-0.592156862745096,-0.588235294117645,-0.584313725490194,
-0.580392156862743,-0.576470588235293,-0.572549019607842,-0.568627450980391,
-0.56470588235294,-0.560784313725489,-0.556862745098038,-0.552941176470587,
-0.549019607843136,-0.545098039215685,-0.541176470588234,-0.537254901960783,
-0.533333333333332,-0.529411764705881,-0.52549019607843,-0.521568627450979,
-0.517647058823528,-0.513725490196077,-0.509803921568626,-0.505882352941175,
-0.501960784313724,-0.498039215686273,-0.494117647058822,-0.490196078431371,
-0.48627450980392,-0.482352941176469,-0.478431372549018,-0.474509803921567,
-0.470588235294116,-0.466666666666665,-0.462745098039214,-0.458823529411764,
-0.454901960784313,-0.450980392156862,-0.447058823529411,-0.44313725490196,
-0.439215686274509,-0.435294117647058,-0.431372549019607,-0.427450980392156,
-0.423529411764705,-0.419607843137254,-0.415686274509803,-0.411764705882352,
-0.407843137254901,-0.40392156862745,-0.399999999999999,-0.396078431372548,
-0.392156862745097,-0.388235294117646,-0.384313725490195,-0.380392156862744,
-0.376470588235293,-0.372549019607842,-0.368627450980391,-0.36470588235294,
-0.360784313725489,-0.356862745098038,-0.352941176470587,-0.349019607843136,
-0.345098039215685,-0.341176470588235,-0.337254901960784,-0.333333333333333,
-0.329411764705882,-0.325490196078431,-0.32156862745098,-0.317647058823529,
-0.313725490196078,-0.309803921568627,-0.305882352941176,-0.301960784313725,
-0.298039215686274,-0.294117647058823,-0.290196078431372,-0.286274509803921,
-0.28235294117647,-0.278431372549019,-0.274509803921568,-0.270588235294117,
-0.266666666666666,-0.262745098039215,-0.258823529411764,-0.254901960784313,
-0.250980392156862,-0.247058823529411,-0.24313725490196,-0.239215686274509,
-0.235294117647058,-0.231372549019607,-0.227450980392156,-0.223529411764706,
-0.219607843137255,-0.215686274509804,-0.211764705882353,-0.207843137254902,
-0.203921568627451,-0.2,-0.196078431372549,-0.192156862745098,-0.188235294117647,
-0.184313725490196,-0.180392156862745,-0.176470588235294,-0.172549019607843,
-0.168627450980392,-0.164705882352941,-0.16078431372549,-0.156862745098039,
-0.152941176470588,-0.149019607843137,-0.145098039215686,-0.141176470588235,
-0.137254901960784,-0.133333333333333,-0.129411764705882,-0.125490196078431,
-0.12156862745098,-0.117647058823529,-0.113725490196078,-0.109803921568627,
-0.105882352941176,-0.101960784313725,-0.0980392156862745,-0.0941176470588235,
-0.0901960784313725,-0.0862745098039216,-0.0823529411764706,-0.0784313725490196,
-0.0745098039215686,-0.0705882352941176,-0.0666666666666667,-0.0627450980392157,
-0.0588235294117647,-0.0549019607843137,-0.0509803921568627,-0.0470588235294118,
-0.0431372549019608,-0.0392156862745098,-0.0352941176470588,-0.0313725490196078,
-0.0274509803921569,-0.0235294117647059,-0.0196078431372549,-0.0156862745098039,
-0.0117647058823529,-0.00784313725490196,-0.00392156862745098,0.),(0.,0.1),
 .UNSPECIFIED.)
GEOMETRIC_REPRESENTATION_ITEM()
RATIONAL_B_SPLINE_SURFACE(((1.,1.),(1.,1.),(1.,1.),(1.,1.),(1.,1.),(1.,
1.),(1.,1.),(1.,1.),(1.,1.),(1.,1.),(1.,1.),(1.,1.),(1.,1.),(1.,1.),(1.,
1.),(1.,1.),(1.,1.),(1.,1.),(1.,1.),(1.,1.),(1.,1.),(1.,1.),(1.,1.),(1.,
1.),(1.,1.),(1.,1.),(1.,1.),(1.,1.),(1.,1.),(1.,1.),(1.,1.),(1.,1.),(1.,
1.),(1.,1.),(1.,1.),(1.,1.),(1.,1.),(1.,1.),(1.,1.),(1.,1.),(1.,1.),(1.,
1.),(1.,1.),(1.,1.),(1.,1.),(1.,1.),(1.,1.),(1.,1.),(1.,1.),(1.,1.),(1.,
1.),(1.,1.),(1.,1.),(1.,1.),(1.,1.),(1.,1.),(1.,1.),(1.,1.),(1.,1.),(1.,
1.),(1.,1.),(1.,1.),(1.,1.),(1.,1.),(1.,1.),(1.,1.),(1.,1.),(1.,1.),(1.,
1.),(1.,1.),(1.,1.),(1.,1.),(1.,1.),(1.,1.),(1.,1.),(1.,1.),(1.,1.),(1.,
1.),(1.,1.),(1.,1.),(1.,1.),(1.,1.),(1.,1.),(1.,1.),(1.,1.),(1.,1.),(1.,
1.),(1.,1.),(1.,1.),(1.,1.),(1.,1.),(1.,1.),(1.,1.),(1.,1.),(1.,1.),(1.,
1.),(1.,1.),(1.,1.),(1.,1.),(1.,1.),(1.,1.),(1.,1.),(1.,1.),(1.,1.),(1.,
1.),(1.,1.),(1.,1.),(1.,1.),(1.,1.),(1.,1.),(1.,1.),(1.,1.),(1.,1.),(1.,
1.),(1.,1.),(1.,1.),(1.,1.),(1.,1.),(1.,1.),(1.,1.),(1.,1.),(1.,1.),(1.,
1.),(1.,1.),(1.,1.),(1.,1.),(1.,1.),(1.,1.),(1.,1.),(1.,1.),(1.,1.),(1.,
1.),(1.,1.),(1.,1.),(1.,1.),(1.,1.),(1.,1.),(1.,1.),(1.,1.),(1.,1.),(1.,
1.),(1.,1.),(1.,1.),(1.,1.),(1.,1.),(1.,1.),(1.,1.),(1.,1.),(1.,1.),(1.,
1.),(1.,1.),(1.,1.),(1.,1.),(1.,1.),(1.,1.),(1.,1.),(1.,1.),(1.,1.),(1.,
1.),(1.,1.),(1.,1.),(1.,1.),(1.,1.),(1.,1.),(1.,1.),(1.,1.),(1.,1.),(1.,
1.),(1.,1.),(1.,1.),(1.,1.),(1.,1.),(1.,1.),(1.,1.),(1.,1.),(1.,1.),(1.,
1.),(1.,1.),(1.,1.),(1.,1.),(1.,1.),(1.,1.),(1.,1.),(1.,1.),(1.,1.),(1.,
1.),(1.,1.),(1.,1.),(1.,1.),(1.,1.),(1.,1.),(1.,1.),(1.,1.),(1.,1.),(1.,
1.),(1.,1.),(1.,1.),(1.,1.),(1.,1.),(1.,1.),(1.,1.),(1.,1.),(1.,1.),(1.,
1.),(1.,1.),(1.,1.),(1.,1.),(1.,1.),(1.,1.),(1.,1.),(1.,1.),(1.,1.),(1.,
1.),(1.,1.),(1.,1.),(1.,1.),(1.,1.),(1.,1.),(1.,1.),(1.,1.),(1.,1.),(1.,
1.),(1.,1.),(1.,1.),(1.,1.),(1.,1.),(1.,1.),(1.,1.),(1.,1.),(1.,1.),(1.,
1.),(1.,1.),(1.,1.),(1.,1.),(1.,1.),(1.,1.),(1.,1.),(1.,1.),(1.,1.),(1.,
1.),(1.,1.),(1.,1.),(1.,1.),(1.,1.),(1.,1.),(1.,1.),(1.,1.),(1.,1.),(1.,
1.),(1.,1.),(1.,1.),(1.,1.),(1.,1.),(1.,1.),(1.,1.),(1.,1.),(1.,1.),(1.,
1.),(1.,1.),(1.,1.)))
REPRESENTATION_ITEM('')
SURFACE()
);
#217=(
BOUNDED_SURFACE()
B_SPLINE_SURFACE(5,1,((#6586,#6587),(#6588,#6589),(#6590,#6591),(#6592,
#6593),(#6594,#6595),(#6596,#6597),(#6598,#6599),(#6600,#6601),(#6602,#6603),
(#6604,#6605),(#6606,#6607),(#6608,#6609),(#6610,#6611),(#6612,#6613),(#6614,
#6615),(#6616,#6617),(#6618,#6619),(#6620,#6621),(#6622,#6623),(#6624,#6625),
(#6626,#6627),(#6628,#6629),(#6630,#6631),(#6632,#6633),(#6634,#6635),(#6636,
#6637),(#6638,#6639),(#6640,#6641),(#6642,#6643),(#6644,#6645),(#6646,#6647),
(#6648,#6649),(#6650,#6651),(#6652,#6653),(#6654,#6655),(#6656,#6657),(#6658,
#6659),(#6660,#6661),(#6662,#6663),(#6664,#6665),(#6666,#6667),(#6668,#6669),
(#6670,#6671),(#6672,#6673),(#6674,#6675),(#6676,#6677),(#6678,#6679),(#6680,
#6681),(#6682,#6683),(#6684,#6685),(#6686,#6687),(#6688,#6689),(#6690,#6691),
(#6692,#6693),(#6694,#6695),(#6696,#6697),(#6698,#6699),(#6700,#6701),(#6702,
#6703),(#6704,#6705),(#6706,#6707),(#6708,#6709),(#6710,#6711),(#6712,#6713),
(#6714,#6715),(#6716,#6717),(#6718,#6719),(#6720,#6721),(#6722,#6723),(#6724,
#6725),(#6726,#6727),(#6728,#6729),(#6730,#6731),(#6732,#6733),(#6734,#6735),
(#6736,#6737),(#6738,#6739),(#6740,#6741),(#6742,#6743),(#6744,#6745),(#6746,
#6747),(#6748,#6749),(#6750,#6751),(#6752,#6753),(#6754,#6755),(#6756,#6757),
(#6758,#6759),(#6760,#6761),(#6762,#6763),(#6764,#6765),(#6766,#6767),(#6768,
#6769),(#6770,#6771),(#6772,#6773),(#6774,#6775),(#6776,#6777),(#6778,#6779),
(#6780,#6781),(#6782,#6783),(#6784,#6785),(#6786,#6787),(#6788,#6789),(#6790,
#6791),(#6792,#6793),(#6794,#6795),(#6796,#6797),(#6798,#6799),(#6800,#6801),
(#6802,#6803),(#6804,#6805),(#6806,#6807),(#6808,#6809),(#6810,#6811),(#6812,
#6813),(#6814,#6815),(#6816,#6817),(#6818,#6819),(#6820,#6821),(#6822,#6823),
(#6824,#6825),(#6826,#6827),(#6828,#6829),(#6830,#6831),(#6832,#6833),(#6834,
#6835),(#6836,#6837),(#6838,#6839),(#6840,#6841),(#6842,#6843),(#6844,#6845),
(#6846,#6847),(#6848,#6849),(#6850,#6851),(#6852,#6853),(#6854,#6855),(#6856,
#6857),(#6858,#6859),(#6860,#6861),(#6862,#6863),(#6864,#6865),(#6866,#6867),
(#6868,#6869),(#6870,#6871),(#6872,#6873),(#6874,#6875),(#6876,#6877),(#6878,
#6879),(#6880,#6881),(#6882,#6883),(#6884,#6885),(#6886,#6887),(#6888,#6889),
(#6890,#6891),(#6892,#6893),(#6894,#6895),(#6896,#6897),(#6898,#6899),(#6900,
#6901),(#6902,#6903),(#6904,#6905),(#6906,#6907),(#6908,#6909),(#6910,#6911),
(#6912,#6913),(#6914,#6915),(#6916,#6917),(#6918,#6919),(#6920,#6921),(#6922,
#6923),(#6924,#6925)),.UNSPECIFIED.,.F.,.F.,.F.)
B_SPLINE_SURFACE_WITH_KNOTS((6,1,1,1,1,1,1,1,1,1,1,1,1,1,1,1,1,1,1,1,1,
1,1,1,1,1,1,1,1,1,1,1,1,1,1,1,1,1,1,1,1,1,1,1,1,1,1,1,1,1,1,1,1,1,1,1,1,
1,1,1,1,1,1,1,1,1,1,1,1,1,1,1,1,1,1,1,1,1,1,1,1,1,1,1,1,1,1,1,1,1,1,1,1,
1,1,1,1,1,1,1,1,1,1,1,1,1,1,1,1,1,1,1,1,1,1,1,1,1,1,1,1,1,1,1,1,1,1,1,1,
1,1,1,1,1,1,1,1,1,1,1,1,1,1,1,1,1,1,1,1,1,1,1,1,1,1,1,1,1,1,1,1,1,1,1,1,
6),(2,2),(0.,0.00606060606060606,0.0121212121212121,0.0181818181818182,
0.0242424242424242,0.0303030303030303,0.0363636363636364,0.0424242424242424,
0.0484848484848485,0.0545454545454545,0.0606060606060606,0.0666666666666667,
0.0727272727272727,0.0787878787878788,0.0848484848484848,0.0909090909090909,
0.0969696969696969,0.103030303030303,0.109090909090909,0.115151515151515,
0.121212121212121,0.127272727272727,0.133333333333333,0.139393939393939,
0.145454545454545,0.151515151515152,0.157575757575758,0.163636363636364,
0.16969696969697,0.175757575757576,0.181818181818182,0.187878787878788,
0.193939393939394,0.2,0.206060606060606,0.212121212121212,0.218181818181818,
0.224242424242424,0.23030303030303,0.236363636363637,0.242424242424243,
0.248484848484849,0.254545454545455,0.260606060606061,0.266666666666667,
0.272727272727273,0.278787878787879,0.284848484848485,0.290909090909091,
0.296969696969697,0.303030303030303,0.309090909090909,0.315151515151515,
0.321212121212121,0.327272727272727,0.333333333333333,0.339393939393939,
0.345454545454545,0.351515151515151,0.357575757575757,0.363636363636364,
0.36969696969697,0.375757575757576,0.381818181818182,0.387878787878788,
0.393939393939394,0.4,0.406060606060606,0.412121212121212,0.418181818181818,
0.424242424242424,0.43030303030303,0.436363636363636,0.442424242424242,
0.448484848484848,0.454545454545454,0.46060606060606,0.466666666666666,
0.472727272727272,0.478787878787878,0.484848484848484,0.49090909090909,
0.496969696969697,0.503030303030303,0.509090909090909,0.515151515151515,
0.521212121212121,0.527272727272727,0.533333333333333,0.539393939393939,
0.545454545454545,0.551515151515151,0.557575757575758,0.563636363636364,
0.56969696969697,0.575757575757576,0.581818181818182,0.587878787878788,
0.593939393939394,0.6,0.606060606060606,0.612121212121212,0.618181818181818,
0.624242424242425,0.630303030303031,0.636363636363637,0.642424242424243,
0.648484848484849,0.654545454545455,0.660606060606061,0.666666666666667,
0.672727272727273,0.678787878787879,0.684848484848486,0.690909090909092,
0.696969696969698,0.703030303030304,0.70909090909091,0.715151515151516,
0.721212121212122,0.727272727272728,0.733333333333334,0.73939393939394,
0.745454545454547,0.751515151515153,0.757575757575759,0.763636363636365,
0.769696969696971,0.775757575757577,0.781818181818183,0.787878787878789,
0.793939393939395,0.800000000000001,0.806060606060608,0.812121212121214,
0.81818181818182,0.824242424242426,0.830303030303032,0.836363636363638,
0.842424242424244,0.84848484848485,0.854545454545456,0.860606060606062,
0.866666666666669,0.872727272727275,0.878787878787881,0.884848484848487,
0.890909090909093,0.896969696969699,0.903030303030305,0.909090909090911,
0.915151515151517,0.921212121212123,0.92727272727273,0.933333333333336,
0.939393939393942,0.945454545454548,0.951515151515154,0.95757575757576,
0.963636363636366,0.969696969696972,0.975757575757578,0.981818181818184,
0.987878787878791,0.993939393939397,1.),(0.,0.1),.UNSPECIFIED.)
GEOMETRIC_REPRESENTATION_ITEM()
RATIONAL_B_SPLINE_SURFACE(((1.,1.),(1.,1.),(1.,1.),(1.,1.),(1.,1.),(1.,
1.),(1.,1.),(1.,1.),(1.,1.),(1.,1.),(1.,1.),(1.,1.),(1.,1.),(1.,1.),(1.,
1.),(1.,1.),(1.,1.),(1.,1.),(1.,1.),(1.,1.),(1.,1.),(1.,1.),(1.,1.),(1.,
1.),(1.,1.),(1.,1.),(1.,1.),(1.,1.),(1.,1.),(1.,1.),(1.,1.),(1.,1.),(1.,
1.),(1.,1.),(1.,1.),(1.,1.),(1.,1.),(1.,1.),(1.,1.),(1.,1.),(1.,1.),(1.,
1.),(1.,1.),(1.,1.),(1.,1.),(1.,1.),(1.,1.),(1.,1.),(1.,1.),(1.,1.),(1.,
1.),(1.,1.),(1.,1.),(1.,1.),(1.,1.),(1.,1.),(1.,1.),(1.,1.),(1.,1.),(1.,
1.),(1.,1.),(1.,1.),(1.,1.),(1.,1.),(1.,1.),(1.,1.),(1.,1.),(1.,1.),(1.,
1.),(1.,1.),(1.,1.),(1.,1.),(1.,1.),(1.,1.),(1.,1.),(1.,1.),(1.,1.),(1.,
1.),(1.,1.),(1.,1.),(1.,1.),(1.,1.),(1.,1.),(1.,1.),(1.,1.),(1.,1.),(1.,
1.),(1.,1.),(1.,1.),(1.,1.),(1.,1.),(1.,1.),(1.,1.),(1.,1.),(1.,1.),(1.,
1.),(1.,1.),(1.,1.),(1.,1.),(1.,1.),(1.,1.),(1.,1.),(1.,1.),(1.,1.),(1.,
1.),(1.,1.),(1.,1.),(1.,1.),(1.,1.),(1.,1.),(1.,1.),(1.,1.),(1.,1.),(1.,
1.),(1.,1.),(1.,1.),(1.,1.),(1.,1.),(1.,1.),(1.,1.),(1.,1.),(1.,1.),(1.,
1.),(1.,1.),(1.,1.),(1.,1.),(1.,1.),(1.,1.),(1.,1.),(1.,1.),(1.,1.),(1.,
1.),(1.,1.),(1.,1.),(1.,1.),(1.,1.),(1.,1.),(1.,1.),(1.,1.),(1.,1.),(1.,
1.),(1.,1.),(1.,1.),(1.,1.),(1.,1.),(1.,1.),(1.,1.),(1.,1.),(1.,1.),(1.,
1.),(1.,1.),(1.,1.),(1.,1.),(1.,1.),(1.,1.),(1.,1.),(1.,1.),(1.,1.),(1.,
1.),(1.,1.),(1.,1.),(1.,1.),(1.,1.),(1.,1.),(1.,1.),(1.,1.),(1.,1.),(1.,
1.),(1.,1.),(1.,1.)))
REPRESENTATION_ITEM('')
SURFACE()
);
#218=(
BOUNDED_SURFACE()
B_SPLINE_SURFACE(5,1,((#7097,#7098),(#7099,#7100),(#7101,#7102),(#7103,
#7104),(#7105,#7106),(#7107,#7108),(#7109,#7110),(#7111,#7112),(#7113,#7114),
(#7115,#7116),(#7117,#7118),(#7119,#7120),(#7121,#7122),(#7123,#7124),(#7125,
#7126),(#7127,#7128),(#7129,#7130),(#7131,#7132),(#7133,#7134),(#7135,#7136),
(#7137,#7138),(#7139,#7140),(#7141,#7142),(#7143,#7144),(#7145,#7146),(#7147,
#7148),(#7149,#7150),(#7151,#7152),(#7153,#7154),(#7155,#7156),(#7157,#7158),
(#7159,#7160),(#7161,#7162),(#7163,#7164),(#7165,#7166),(#7167,#7168),(#7169,
#7170),(#7171,#7172),(#7173,#7174),(#7175,#7176),(#7177,#7178),(#7179,#7180),
(#7181,#7182),(#7183,#7184),(#7185,#7186),(#7187,#7188),(#7189,#7190),(#7191,
#7192),(#7193,#7194),(#7195,#7196),(#7197,#7198),(#7199,#7200),(#7201,#7202),
(#7203,#7204),(#7205,#7206),(#7207,#7208),(#7209,#7210),(#7211,#7212),(#7213,
#7214),(#7215,#7216)),.UNSPECIFIED.,.T.,.F.,.F.)
B_SPLINE_SURFACE_WITH_KNOTS((6,1,1,1,1,1,1,1,1,1,1,1,1,1,1,1,1,1,1,1,1,
1,1,1,1,1,1,1,1,1,1,1,1,1,1,1,1,1,1,1,1,1,1,1,1,1,1,1,1,1,1,1,1,1,1,6),
(2,2),(-1.,-0.981818181818182,-0.963636363636364,-0.945454545454546,-0.927272727272727,
-0.909090909090909,-0.890909090909091,-0.872727272727273,-0.854545454545455,
-0.836363636363637,-0.818181818181818,-0.8,-0.781818181818182,-0.763636363636364,
-0.745454545454546,-0.727272727272727,-0.709090909090909,-0.690909090909091,
-0.672727272727273,-0.654545454545455,-0.636363636363636,-0.618181818181818,
-0.6,-0.581818181818182,-0.563636363636364,-0.545454545454546,-0.527272727272727,
-0.509090909090909,-0.490909090909091,-0.472727272727273,-0.454545454545455,
-0.436363636363636,-0.418181818181818,-0.4,-0.381818181818182,-0.363636363636364,
-0.345454545454546,-0.327272727272727,-0.309090909090909,-0.290909090909091,
-0.272727272727273,-0.254545454545455,-0.236363636363636,-0.218181818181818,
-0.2,-0.181818181818182,-0.163636363636364,-0.145454545454545,-0.127272727272727,
-0.109090909090909,-0.0909090909090909,-0.0727272727272727,-0.0545454545454545,
-0.0363636363636364,-0.0181818181818182,0.),(0.,0.1),.UNSPECIFIED.)
GEOMETRIC_REPRESENTATION_ITEM()
RATIONAL_B_SPLINE_SURFACE(((1.,1.),(1.,1.),(1.,1.),(1.,1.),(1.,1.),(1.,
1.),(1.,1.),(1.,1.),(1.,1.),(1.,1.),(1.,1.),(1.,1.),(1.,1.),(1.,1.),(1.,
1.),(1.,1.),(1.,1.),(1.,1.),(1.,1.),(1.,1.),(1.,1.),(1.,1.),(1.,1.),(1.,
1.),(1.,1.),(1.,1.),(1.,1.),(1.,1.),(1.,1.),(1.,1.),(1.,1.),(1.,1.),(1.,
1.),(1.,1.),(1.,1.),(1.,1.),(1.,1.),(1.,1.),(1.,1.),(1.,1.),(1.,1.),(1.,
1.),(1.,1.),(1.,1.),(1.,1.),(1.,1.),(1.,1.),(1.,1.),(1.,1.),(1.,1.),(1.,
1.),(1.,1.),(1.,1.),(1.,1.),(1.,1.),(1.,1.),(1.,1.),(1.,1.),(1.,1.),(1.,
1.)))
REPRESENTATION_ITEM('')
SURFACE()
);
#219=(
BOUNDED_SURFACE()
B_SPLINE_SURFACE(5,1,((#7303,#7304),(#7305,#7306),(#7307,#7308),(#7309,
#7310),(#7311,#7312),(#7313,#7314),(#7315,#7316),(#7317,#7318),(#7319,#7320),
(#7321,#7322),(#7323,#7324),(#7325,#7326),(#7327,#7328),(#7329,#7330),(#7331,
#7332),(#7333,#7334),(#7335,#7336),(#7337,#7338),(#7339,#7340),(#7341,#7342),
(#7343,#7344),(#7345,#7346),(#7347,#7348),(#7349,#7350),(#7351,#7352),(#7353,
#7354),(#7355,#7356),(#7357,#7358),(#7359,#7360),(#7361,#7362),(#7363,#7364),
(#7365,#7366),(#7367,#7368),(#7369,#7370),(#7371,#7372),(#7373,#7374),(#7375,
#7376),(#7377,#7378),(#7379,#7380),(#7381,#7382),(#7383,#7384),(#7385,#7386),
(#7387,#7388),(#7389,#7390),(#7391,#7392),(#7393,#7394),(#7395,#7396),(#7397,
#7398),(#7399,#7400),(#7401,#7402),(#7403,#7404),(#7405,#7406),(#7407,#7408),
(#7409,#7410),(#7411,#7412),(#7413,#7414),(#7415,#7416),(#7417,#7418),(#7419,
#7420),(#7421,#7422),(#7423,#7424),(#7425,#7426),(#7427,#7428),(#7429,#7430),
(#7431,#7432),(#7433,#7434),(#7435,#7436),(#7437,#7438),(#7439,#7440),(#7441,
#7442),(#7443,#7444),(#7445,#7446),(#7447,#7448),(#7449,#7450),(#7451,#7452),
(#7453,#7454),(#7455,#7456),(#7457,#7458),(#7459,#7460),(#7461,#7462),(#7463,
#7464),(#7465,#7466),(#7467,#7468),(#7469,#7470),(#7471,#7472),(#7473,#7474),
(#7475,#7476),(#7477,#7478),(#7479,#7480),(#7481,#7482),(#7483,#7484),(#7485,
#7486),(#7487,#7488),(#7489,#7490),(#7491,#7492),(#7493,#7494),(#7495,#7496),
(#7497,#7498),(#7499,#7500),(#7501,#7502),(#7503,#7504),(#7505,#7506),(#7507,
#7508),(#7509,#7510),(#7511,#7512),(#7513,#7514),(#7515,#7516),(#7517,#7518),
(#7519,#7520),(#7521,#7522),(#7523,#7524),(#7525,#7526),(#7527,#7528),(#7529,
#7530),(#7531,#7532),(#7533,#7534),(#7535,#7536),(#7537,#7538),(#7539,#7540),
(#7541,#7542),(#7543,#7544),(#7545,#7546),(#7547,#7548),(#7549,#7550),(#7551,
#7552),(#7553,#7554),(#7555,#7556),(#7557,#7558),(#7559,#7560),(#7561,#7562),
(#7563,#7564),(#7565,#7566),(#7567,#7568),(#7569,#7570),(#7571,#7572),(#7573,
#7574),(#7575,#7576),(#7577,#7578),(#7579,#7580),(#7581,#7582),(#7583,#7584),
(#7585,#7586),(#7587,#7588),(#7589,#7590),(#7591,#7592),(#7593,#7594),(#7595,
#7596),(#7597,#7598),(#7599,#7600),(#7601,#7602),(#7603,#7604),(#7605,#7606),
(#7607,#7608),(#7609,#7610),(#7611,#7612),(#7613,#7614),(#7615,#7616),(#7617,
#7618),(#7619,#7620),(#7621,#7622),(#7623,#7624),(#7625,#7626),(#7627,#7628),
(#7629,#7630),(#7631,#7632),(#7633,#7634),(#7635,#7636),(#7637,#7638),(#7639,
#7640),(#7641,#7642),(#7643,#7644),(#7645,#7646),(#7647,#7648),(#7649,#7650),
(#7651,#7652),(#7653,#7654),(#7655,#7656),(#7657,#7658),(#7659,#7660),(#7661,
#7662),(#7663,#7664),(#7665,#7666),(#7667,#7668),(#7669,#7670),(#7671,#7672),
(#7673,#7674),(#7675,#7676),(#7677,#7678),(#7679,#7680),(#7681,#7682),(#7683,
#7684),(#7685,#7686),(#7687,#7688),(#7689,#7690),(#7691,#7692),(#7693,#7694),
(#7695,#7696),(#7697,#7698),(#7699,#7700),(#7701,#7702),(#7703,#7704),(#7705,
#7706),(#7707,#7708),(#7709,#7710),(#7711,#7712)),.UNSPECIFIED.,.T.,.F.,
 .F.)
B_SPLINE_SURFACE_WITH_KNOTS((6,1,1,1,1,1,1,1,1,1,1,1,1,1,1,1,1,1,1,1,1,
1,1,1,1,1,1,1,1,1,1,1,1,1,1,1,1,1,1,1,1,1,1,1,1,1,1,1,1,1,1,1,1,1,1,1,1,
1,1,1,1,1,1,1,1,1,1,1,1,1,1,1,1,1,1,1,1,1,1,1,1,1,1,1,1,1,1,1,1,1,1,1,1,
1,1,1,1,1,1,1,1,1,1,1,1,1,1,1,1,1,1,1,1,1,1,1,1,1,1,1,1,1,1,1,1,1,1,1,1,
1,1,1,1,1,1,1,1,1,1,1,1,1,1,1,1,1,1,1,1,1,1,1,1,1,1,1,1,1,1,1,1,1,1,1,1,
1,1,1,1,1,1,1,1,1,1,1,1,1,1,1,1,1,1,1,1,1,1,1,1,1,1,1,1,1,1,1,1,1,1,1,6),
(2,2),(0.,0.005,0.01,0.015,0.02,0.025,0.03,0.035,0.04,0.045,0.05,0.055,
0.06,0.065,0.07,0.075,0.08,0.085,0.09,0.095,0.1,0.105,0.11,0.115,0.12,0.125,
0.13,0.135,0.14,0.145,0.15,0.155,0.16,0.165,0.17,0.175,0.18,0.185,0.19,
0.195,0.2,0.205,0.21,0.215,0.22,0.225,0.23,0.235,0.24,0.245,0.25,0.255,
0.26,0.265,0.27,0.275,0.28,0.285,0.29,0.295,0.3,0.305,0.31,0.315,0.32,0.325,
0.33,0.335,0.34,0.345,0.35,0.355,0.36,0.365,0.37,0.375,0.38,0.385,0.39,
0.395,0.4,0.405,0.41,0.415,0.42,0.425,0.43,0.435,0.44,0.445,0.45,0.455,
0.46,0.465,0.47,0.475,0.48,0.485,0.49,0.495,0.5,0.505,0.51,0.515,0.52,0.525,
0.53,0.535,0.54,0.545,0.55,0.555,0.56,0.565,0.57,0.575,0.58,0.585,0.59,
0.595,0.6,0.605,0.61,0.615,0.62,0.625,0.63,0.635,0.64,0.645,0.65,0.655,
0.66,0.665,0.67,0.675,0.68,0.685,0.690000000000001,0.695000000000001,0.700000000000001,
0.705000000000001,0.710000000000001,0.715000000000001,0.720000000000001,
0.725000000000001,0.730000000000001,0.735000000000001,0.740000000000001,
0.745000000000001,0.750000000000001,0.755000000000001,0.760000000000001,
0.765000000000001,0.770000000000001,0.775000000000001,0.780000000000001,
0.785000000000001,0.790000000000001,0.795000000000001,0.800000000000001,
0.805000000000001,0.810000000000001,0.815000000000001,0.820000000000001,
0.825000000000001,0.830000000000001,0.835000000000001,0.840000000000001,
0.845000000000001,0.850000000000001,0.855000000000001,0.860000000000001,
0.865000000000001,0.870000000000001,0.875000000000001,0.880000000000001,
0.885000000000001,0.890000000000001,0.895000000000001,0.900000000000001,
0.905000000000001,0.910000000000001,0.915000000000001,0.920000000000001,
0.925000000000001,0.930000000000001,0.935000000000001,0.940000000000001,
0.945000000000001,0.950000000000001,0.955000000000001,0.960000000000001,
0.965000000000001,0.970000000000001,0.975000000000001,0.980000000000001,
0.985000000000001,0.990000000000001,0.995000000000001,1.),(0.,0.1),
 .UNSPECIFIED.)
GEOMETRIC_REPRESENTATION_ITEM()
RATIONAL_B_SPLINE_SURFACE(((1.,1.),(1.,1.),(1.,1.),(1.,1.),(1.,1.),(1.,
1.),(1.,1.),(1.,1.),(1.,1.),(1.,1.),(1.,1.),(1.,1.),(1.,1.),(1.,1.),(1.,
1.),(1.,1.),(1.,1.),(1.,1.),(1.,1.),(1.,1.),(1.,1.),(1.,1.),(1.,1.),(1.,
1.),(1.,1.),(1.,1.),(1.,1.),(1.,1.),(1.,1.),(1.,1.),(1.,1.),(1.,1.),(1.,
1.),(1.,1.),(1.,1.),(1.,1.),(1.,1.),(1.,1.),(1.,1.),(1.,1.),(1.,1.),(1.,
1.),(1.,1.),(1.,1.),(1.,1.),(1.,1.),(1.,1.),(1.,1.),(1.,1.),(1.,1.),(1.,
1.),(1.,1.),(1.,1.),(1.,1.),(1.,1.),(1.,1.),(1.,1.),(1.,1.),(1.,1.),(1.,
1.),(1.,1.),(1.,1.),(1.,1.),(1.,1.),(1.,1.),(1.,1.),(1.,1.),(1.,1.),(1.,
1.),(1.,1.),(1.,1.),(1.,1.),(1.,1.),(1.,1.),(1.,1.),(1.,1.),(1.,1.),(1.,
1.),(1.,1.),(1.,1.),(1.,1.),(1.,1.),(1.,1.),(1.,1.),(1.,1.),(1.,1.),(1.,
1.),(1.,1.),(1.,1.),(1.,1.),(1.,1.),(1.,1.),(1.,1.),(1.,1.),(1.,1.),(1.,
1.),(1.,1.),(1.,1.),(1.,1.),(1.,1.),(1.,1.),(1.,1.),(1.,1.),(1.,1.),(1.,
1.),(1.,1.),(1.,1.),(1.,1.),(1.,1.),(1.,1.),(1.,1.),(1.,1.),(1.,1.),(1.,
1.),(1.,1.),(1.,1.),(1.,1.),(1.,1.),(1.,1.),(1.,1.),(1.,1.),(1.,1.),(1.,
1.),(1.,1.),(1.,1.),(1.,1.),(1.,1.),(1.,1.),(1.,1.),(1.,1.),(1.,1.),(1.,
1.),(1.,1.),(1.,1.),(1.,1.),(1.,1.),(1.,1.),(1.,1.),(1.,1.),(1.,1.),(1.,
1.),(1.,1.),(1.,1.),(1.,1.),(1.,1.),(1.,1.),(1.,1.),(1.,1.),(1.,1.),(1.,
1.),(1.,1.),(1.,1.),(1.,1.),(1.,1.),(1.,1.),(1.,1.),(1.,1.),(1.,1.),(1.,
1.),(1.,1.),(1.,1.),(1.,1.),(1.,1.),(1.,1.),(1.,1.),(1.,1.),(1.,1.),(1.,
1.),(1.,1.),(1.,1.),(1.,1.),(1.,1.),(1.,1.),(1.,1.),(1.,1.),(1.,1.),(1.,
1.),(1.,1.),(1.,1.),(1.,1.),(1.,1.),(1.,1.),(1.,1.),(1.,1.),(1.,1.),(1.,
1.),(1.,1.),(1.,1.),(1.,1.),(1.,1.),(1.,1.),(1.,1.),(1.,1.),(1.,1.),(1.,
1.),(1.,1.),(1.,1.),(1.,1.),(1.,1.),(1.,1.),(1.,1.),(1.,1.),(1.,1.),(1.,
1.),(1.,1.)))
REPRESENTATION_ITEM('')
SURFACE()
);
#220=(
BOUNDED_SURFACE()
B_SPLINE_SURFACE(5,1,((#8071,#8072),(#8073,#8074),(#8075,#8076),(#8077,
#8078),(#8079,#8080),(#8081,#8082),(#8083,#8084),(#8085,#8086),(#8087,#8088),
(#8089,#8090),(#8091,#8092),(#8093,#8094),(#8095,#8096),(#8097,#8098),(#8099,
#8100),(#8101,#8102),(#8103,#8104),(#8105,#8106),(#8107,#8108),(#8109,#8110),
(#8111,#8112),(#8113,#8114),(#8115,#8116),(#8117,#8118),(#8119,#8120),(#8121,
#8122),(#8123,#8124),(#8125,#8126),(#8127,#8128),(#8129,#8130),(#8131,#8132),
(#8133,#8134),(#8135,#8136),(#8137,#8138),(#8139,#8140),(#8141,#8142),(#8143,
#8144),(#8145,#8146),(#8147,#8148),(#8149,#8150),(#8151,#8152),(#8153,#8154),
(#8155,#8156),(#8157,#8158),(#8159,#8160),(#8161,#8162),(#8163,#8164),(#8165,
#8166),(#8167,#8168),(#8169,#8170),(#8171,#8172),(#8173,#8174),(#8175,#8176),
(#8177,#8178),(#8179,#8180),(#8181,#8182),(#8183,#8184),(#8185,#8186),(#8187,
#8188),(#8189,#8190),(#8191,#8192),(#8193,#8194),(#8195,#8196),(#8197,#8198),
(#8199,#8200),(#8201,#8202),(#8203,#8204),(#8205,#8206),(#8207,#8208),(#8209,
#8210)),.UNSPECIFIED.,.T.,.F.,.F.)
B_SPLINE_SURFACE_WITH_KNOTS((6,1,1,1,1,1,1,1,1,1,1,1,1,1,1,1,1,1,1,1,1,
1,1,1,1,1,1,1,1,1,1,1,1,1,1,1,1,1,1,1,1,1,1,1,1,1,1,1,1,1,1,1,1,1,1,1,1,
1,1,1,1,1,1,1,1,6),(2,2),(-1.,-0.984615384615383,-0.969230769230768,-0.953846153846152,
-0.938461538461537,-0.923076923076922,-0.907692307692306,-0.892307692307691,
-0.876923076923076,-0.86153846153846,-0.846153846153845,-0.83076923076923,
-0.815384615384614,-0.799999999999999,-0.784615384615384,-0.769230769230768,
-0.753846153846153,-0.738461538461538,-0.723076923076922,-0.707692307692307,
-0.692307692307692,-0.676923076923076,-0.661538461538461,-0.646153846153846,
-0.63076923076923,-0.615384615384615,-0.6,-0.584615384615384,-0.569230769230769,
-0.553846153846154,-0.538461538461538,-0.523076923076923,-0.507692307692308,
-0.492307692307692,-0.476923076923077,-0.461538461538462,-0.446153846153846,
-0.430769230769231,-0.415384615384615,-0.4,-0.384615384615385,-0.369230769230769,
-0.353846153846154,-0.338461538461538,-0.323076923076923,-0.307692307692308,
-0.292307692307692,-0.276923076923077,-0.261538461538462,-0.246153846153846,
-0.230769230769231,-0.215384615384615,-0.2,-0.184615384615385,-0.169230769230769,
-0.153846153846154,-0.138461538461538,-0.123076923076923,-0.107692307692308,
-0.0923076923076923,-0.0769230769230769,-0.0615384615384615,-0.0461538461538462,
-0.0307692307692308,-0.0153846153846154,0.),(0.,0.1),.UNSPECIFIED.)
GEOMETRIC_REPRESENTATION_ITEM()
RATIONAL_B_SPLINE_SURFACE(((1.,1.),(1.,1.),(1.,1.),(1.,1.),(1.,1.),(1.,
1.),(1.,1.),(1.,1.),(1.,1.),(1.,1.),(1.,1.),(1.,1.),(1.,1.),(1.,1.),(1.,
1.),(1.,1.),(1.,1.),(1.,1.),(1.,1.),(1.,1.),(1.,1.),(1.,1.),(1.,1.),(1.,
1.),(1.,1.),(1.,1.),(1.,1.),(1.,1.),(1.,1.),(1.,1.),(1.,1.),(1.,1.),(1.,
1.),(1.,1.),(1.,1.),(1.,1.),(1.,1.),(1.,1.),(1.,1.),(1.,1.),(1.,1.),(1.,
1.),(1.,1.),(1.,1.),(1.,1.),(1.,1.),(1.,1.),(1.,1.),(1.,1.),(1.,1.),(1.,
1.),(1.,1.),(1.,1.),(1.,1.),(1.,1.),(1.,1.),(1.,1.),(1.,1.),(1.,1.),(1.,
1.),(1.,1.),(1.,1.),(1.,1.),(1.,1.),(1.,1.),(1.,1.),(1.,1.),(1.,1.),(1.,
1.),(1.,1.)))
REPRESENTATION_ITEM('')
SURFACE()
);
#221=FACE_OUTER_BOUND('',#380,.T.);
#222=FACE_OUTER_BOUND('',#381,.T.);
#223=FACE_OUTER_BOUND('',#382,.T.);
#224=FACE_OUTER_BOUND('',#383,.T.);
#225=FACE_OUTER_BOUND('',#386,.T.);
#226=FACE_OUTER_BOUND('',#387,.T.);
#227=FACE_OUTER_BOUND('',#388,.T.);
#228=FACE_OUTER_BOUND('',#389,.T.);
#229=FACE_OUTER_BOUND('',#390,.T.);
#230=FACE_OUTER_BOUND('',#391,.T.);
#231=FACE_OUTER_BOUND('',#392,.T.);
#232=FACE_OUTER_BOUND('',#393,.T.);
#233=FACE_OUTER_BOUND('',#394,.T.);
#234=FACE_OUTER_BOUND('',#395,.T.);
#235=FACE_OUTER_BOUND('',#396,.T.);
#236=FACE_OUTER_BOUND('',#397,.T.);
#237=FACE_OUTER_BOUND('',#398,.T.);
#238=FACE_OUTER_BOUND('',#399,.T.);
#239=FACE_OUTER_BOUND('',#400,.T.);
#240=FACE_OUTER_BOUND('',#401,.T.);
#241=FACE_OUTER_BOUND('',#402,.T.);
#242=FACE_OUTER_BOUND('',#403,.T.);
#243=FACE_OUTER_BOUND('',#404,.T.);
#244=FACE_OUTER_BOUND('',#405,.T.);
#245=FACE_OUTER_BOUND('',#406,.T.);
#246=FACE_OUTER_BOUND('',#407,.T.);
#247=FACE_OUTER_BOUND('',#408,.T.);
#248=FACE_OUTER_BOUND('',#409,.T.);
#249=FACE_OUTER_BOUND('',#410,.T.);
#250=FACE_OUTER_BOUND('',#411,.T.);
#251=FACE_OUTER_BOUND('',#412,.T.);
#252=FACE_OUTER_BOUND('',#413,.T.);
#253=FACE_OUTER_BOUND('',#414,.T.);
#254=FACE_OUTER_BOUND('',#415,.T.);
#255=FACE_OUTER_BOUND('',#416,.T.);
#256=FACE_OUTER_BOUND('',#417,.T.);
#257=FACE_OUTER_BOUND('',#418,.T.);
#258=FACE_OUTER_BOUND('',#419,.T.);
#259=FACE_OUTER_BOUND('',#420,.T.);
#260=FACE_OUTER_BOUND('',#421,.T.);
#261=FACE_OUTER_BOUND('',#422,.T.);
#262=FACE_OUTER_BOUND('',#423,.T.);
#263=FACE_OUTER_BOUND('',#424,.T.);
#264=FACE_OUTER_BOUND('',#425,.T.);
#265=FACE_OUTER_BOUND('',#426,.T.);
#266=FACE_OUTER_BOUND('',#427,.T.);
#267=FACE_OUTER_BOUND('',#428,.T.);
#268=FACE_OUTER_BOUND('',#429,.T.);
#269=FACE_OUTER_BOUND('',#431,.T.);
#270=FACE_OUTER_BOUND('',#432,.T.);
#271=FACE_OUTER_BOUND('',#433,.T.);
#272=FACE_OUTER_BOUND('',#434,.T.);
#273=FACE_OUTER_BOUND('',#435,.T.);
#274=FACE_OUTER_BOUND('',#436,.T.);
#275=FACE_OUTER_BOUND('',#437,.T.);
#276=FACE_OUTER_BOUND('',#438,.T.);
#277=FACE_OUTER_BOUND('',#439,.T.);
#278=FACE_OUTER_BOUND('',#440,.T.);
#279=FACE_OUTER_BOUND('',#441,.T.);
#280=FACE_OUTER_BOUND('',#442,.T.);
#281=FACE_OUTER_BOUND('',#443,.T.);
#282=FACE_OUTER_BOUND('',#444,.T.);
#283=FACE_OUTER_BOUND('',#445,.T.);
#284=FACE_OUTER_BOUND('',#446,.T.);
#285=FACE_OUTER_BOUND('',#447,.T.);
#286=FACE_OUTER_BOUND('',#448,.T.);
#287=FACE_OUTER_BOUND('',#449,.T.);
#288=FACE_OUTER_BOUND('',#450,.T.);
#289=FACE_OUTER_BOUND('',#451,.T.);
#290=FACE_OUTER_BOUND('',#452,.T.);
#291=FACE_OUTER_BOUND('',#453,.T.);
#292=FACE_OUTER_BOUND('',#455,.T.);
#293=FACE_OUTER_BOUND('',#456,.T.);
#294=FACE_OUTER_BOUND('',#457,.T.);
#295=FACE_OUTER_BOUND('',#458,.T.);
#296=FACE_OUTER_BOUND('',#459,.T.);
#297=FACE_OUTER_BOUND('',#460,.T.);
#298=FACE_OUTER_BOUND('',#461,.T.);
#299=FACE_OUTER_BOUND('',#462,.T.);
#300=FACE_OUTER_BOUND('',#463,.T.);
#301=FACE_OUTER_BOUND('',#464,.T.);
#302=FACE_OUTER_BOUND('',#465,.T.);
#303=FACE_OUTER_BOUND('',#466,.T.);
#304=FACE_OUTER_BOUND('',#467,.T.);
#305=FACE_OUTER_BOUND('',#469,.T.);
#306=FACE_OUTER_BOUND('',#470,.T.);
#307=FACE_OUTER_BOUND('',#471,.T.);
#308=FACE_OUTER_BOUND('',#472,.T.);
#309=FACE_OUTER_BOUND('',#473,.T.);
#310=FACE_OUTER_BOUND('',#474,.T.);
#311=FACE_OUTER_BOUND('',#475,.T.);
#312=FACE_OUTER_BOUND('',#476,.T.);
#313=FACE_OUTER_BOUND('',#477,.T.);
#314=FACE_OUTER_BOUND('',#478,.T.);
#315=FACE_OUTER_BOUND('',#479,.T.);
#316=FACE_OUTER_BOUND('',#480,.T.);
#317=FACE_OUTER_BOUND('',#481,.T.);
#318=FACE_OUTER_BOUND('',#482,.T.);
#319=FACE_OUTER_BOUND('',#483,.T.);
#320=FACE_OUTER_BOUND('',#484,.T.);
#321=FACE_OUTER_BOUND('',#485,.T.);
#322=FACE_OUTER_BOUND('',#486,.T.);
#323=FACE_OUTER_BOUND('',#487,.T.);
#324=FACE_OUTER_BOUND('',#488,.T.);
#325=FACE_OUTER_BOUND('',#489,.T.);
#326=FACE_OUTER_BOUND('',#490,.T.);
#327=FACE_OUTER_BOUND('',#491,.T.);
#328=FACE_OUTER_BOUND('',#492,.T.);
#329=FACE_OUTER_BOUND('',#493,.T.);
#330=FACE_OUTER_BOUND('',#494,.T.);
#331=FACE_OUTER_BOUND('',#495,.T.);
#332=FACE_OUTER_BOUND('',#496,.T.);
#333=FACE_OUTER_BOUND('',#497,.T.);
#334=FACE_OUTER_BOUND('',#498,.T.);
#335=FACE_OUTER_BOUND('',#499,.T.);
#336=FACE_OUTER_BOUND('',#500,.T.);
#337=FACE_OUTER_BOUND('',#501,.T.);
#338=FACE_OUTER_BOUND('',#502,.T.);
#339=FACE_OUTER_BOUND('',#503,.T.);
#340=FACE_OUTER_BOUND('',#504,.T.);
#341=FACE_OUTER_BOUND('',#505,.T.);
#342=FACE_OUTER_BOUND('',#506,.T.);
#343=FACE_OUTER_BOUND('',#513,.T.);
#344=FACE_OUTER_BOUND('',#516,.T.);
#345=FACE_OUTER_BOUND('',#517,.T.);
#346=FACE_OUTER_BOUND('',#518,.T.);
#347=FACE_OUTER_BOUND('',#519,.T.);
#348=FACE_OUTER_BOUND('',#520,.T.);
#349=FACE_OUTER_BOUND('',#521,.T.);
#350=FACE_OUTER_BOUND('',#522,.T.);
#351=FACE_OUTER_BOUND('',#523,.T.);
#352=FACE_OUTER_BOUND('',#524,.T.);
#353=FACE_OUTER_BOUND('',#525,.T.);
#354=FACE_OUTER_BOUND('',#526,.T.);
#355=FACE_OUTER_BOUND('',#527,.T.);
#356=FACE_OUTER_BOUND('',#528,.T.);
#357=FACE_OUTER_BOUND('',#529,.T.);
#358=FACE_OUTER_BOUND('',#530,.T.);
#359=FACE_OUTER_BOUND('',#531,.T.);
#360=FACE_OUTER_BOUND('',#532,.T.);
#361=FACE_OUTER_BOUND('',#533,.T.);
#362=FACE_OUTER_BOUND('',#534,.T.);
#363=FACE_OUTER_BOUND('',#535,.T.);
#364=FACE_OUTER_BOUND('',#536,.T.);
#365=FACE_OUTER_BOUND('',#537,.T.);
#366=FACE_OUTER_BOUND('',#538,.T.);
#367=FACE_OUTER_BOUND('',#539,.T.);
#368=FACE_OUTER_BOUND('',#540,.T.);
#369=FACE_OUTER_BOUND('',#541,.T.);
#370=FACE_OUTER_BOUND('',#542,.T.);
#371=FACE_OUTER_BOUND('',#543,.T.);
#372=FACE_OUTER_BOUND('',#544,.T.);
#373=FACE_OUTER_BOUND('',#545,.T.);
#374=FACE_OUTER_BOUND('',#546,.T.);
#375=FACE_OUTER_BOUND('',#547,.T.);
#376=FACE_OUTER_BOUND('',#548,.T.);
#377=FACE_OUTER_BOUND('',#549,.T.);
#378=FACE_OUTER_BOUND('',#550,.T.);
#379=FACE_OUTER_BOUND('',#551,.T.);
#380=EDGE_LOOP('',(#1852,#1853,#1854,#1855,#1856,#1857));
#381=EDGE_LOOP('',(#1858,#1859,#1860,#1861,#1862,#1863,#1864,#1865,#1866,
#1867));
#382=EDGE_LOOP('',(#1868));
#383=EDGE_LOOP('',(#1869,#1870,#1871,#1872,#1873,#1874,#1875,#1876,#1877,
#1878,#1879));
#384=EDGE_LOOP('',(#1880,#1881,#1882,#1883));
#385=EDGE_LOOP('',(#1884,#1885,#1886,#1887,#1888,#1889,#1890,#1891,#1892,
#1893,#1894,#1895,#1896,#1897,#1898,#1899,#1900,#1901,#1902,#1903,#1904,
#1905));
#386=EDGE_LOOP('',(#1906,#1907,#1908,#1909,#1910));
#387=EDGE_LOOP('',(#1911,#1912,#1913,#1914,#1915,#1916,#1917));
#388=EDGE_LOOP('',(#1918,#1919,#1920,#1921,#1922));
#389=EDGE_LOOP('',(#1923,#1924));
#390=EDGE_LOOP('',(#1925,#1926,#1927,#1928,#1929,#1930));
#391=EDGE_LOOP('',(#1931));
#392=EDGE_LOOP('',(#1932,#1933,#1934));
#393=EDGE_LOOP('',(#1935,#1936,#1937,#1938,#1939,#1940));
#394=EDGE_LOOP('',(#1941));
#395=EDGE_LOOP('',(#1942,#1943,#1944));
#396=EDGE_LOOP('',(#1945,#1946,#1947,#1948,#1949,#1950));
#397=EDGE_LOOP('',(#1951));
#398=EDGE_LOOP('',(#1952,#1953,#1954));
#399=EDGE_LOOP('',(#1955,#1956,#1957,#1958));
#400=EDGE_LOOP('',(#1959,#1960,#1961,#1962));
#401=EDGE_LOOP('',(#1963,#1964,#1965,#1966));
#402=EDGE_LOOP('',(#1967,#1968,#1969,#1970));
#403=EDGE_LOOP('',(#1971,#1972,#1973,#1974));
#404=EDGE_LOOP('',(#1975,#1976,#1977,#1978));
#405=EDGE_LOOP('',(#1979,#1980,#1981,#1982));
#406=EDGE_LOOP('',(#1983,#1984,#1985,#1986));
#407=EDGE_LOOP('',(#1987,#1988,#1989,#1990));
#408=EDGE_LOOP('',(#1991,#1992,#1993,#1994));
#409=EDGE_LOOP('',(#1995,#1996,#1997,#1998));
#410=EDGE_LOOP('',(#1999,#2000,#2001,#2002));
#411=EDGE_LOOP('',(#2003,#2004,#2005,#2006,#2007,#2008,#2009,#2010,#2011,
#2012,#2013,#2014));
#412=EDGE_LOOP('',(#2015,#2016,#2017,#2018));
#413=EDGE_LOOP('',(#2019,#2020,#2021,#2022));
#414=EDGE_LOOP('',(#2023,#2024,#2025,#2026));
#415=EDGE_LOOP('',(#2027,#2028,#2029,#2030));
#416=EDGE_LOOP('',(#2031,#2032,#2033,#2034));
#417=EDGE_LOOP('',(#2035,#2036,#2037,#2038));
#418=EDGE_LOOP('',(#2039,#2040,#2041,#2042));
#419=EDGE_LOOP('',(#2043,#2044,#2045,#2046));
#420=EDGE_LOOP('',(#2047,#2048,#2049,#2050));
#421=EDGE_LOOP('',(#2051,#2052,#2053,#2054));
#422=EDGE_LOOP('',(#2055,#2056,#2057,#2058));
#423=EDGE_LOOP('',(#2059,#2060,#2061,#2062));
#424=EDGE_LOOP('',(#2063,#2064,#2065,#2066));
#425=EDGE_LOOP('',(#2067,#2068,#2069,#2070));
#426=EDGE_LOOP('',(#2071,#2072,#2073,#2074));
#427=EDGE_LOOP('',(#2075,#2076,#2077,#2078));
#428=EDGE_LOOP('',(#2079,#2080,#2081,#2082));
#429=EDGE_LOOP('',(#2083,#2084,#2085,#2086,#2087,#2088,#2089,#2090,#2091));
#430=EDGE_LOOP('',(#2092,#2093,#2094,#2095,#2096,#2097,#2098,#2099));
#431=EDGE_LOOP('',(#2100,#2101,#2102,#2103));
#432=EDGE_LOOP('',(#2104,#2105,#2106,#2107));
#433=EDGE_LOOP('',(#2108,#2109,#2110,#2111));
#434=EDGE_LOOP('',(#2112,#2113,#2114,#2115));
#435=EDGE_LOOP('',(#2116,#2117,#2118,#2119));
#436=EDGE_LOOP('',(#2120,#2121,#2122,#2123));
#437=EDGE_LOOP('',(#2124,#2125,#2126,#2127));
#438=EDGE_LOOP('',(#2128,#2129,#2130,#2131));
#439=EDGE_LOOP('',(#2132,#2133,#2134,#2135));
#440=EDGE_LOOP('',(#2136,#2137,#2138,#2139));
#441=EDGE_LOOP('',(#2140,#2141,#2142,#2143));
#442=EDGE_LOOP('',(#2144,#2145,#2146,#2147));
#443=EDGE_LOOP('',(#2148,#2149,#2150,#2151));
#444=EDGE_LOOP('',(#2152,#2153,#2154,#2155));
#445=EDGE_LOOP('',(#2156,#2157,#2158,#2159));
#446=EDGE_LOOP('',(#2160,#2161,#2162,#2163));
#447=EDGE_LOOP('',(#2164,#2165,#2166,#2167));
#448=EDGE_LOOP('',(#2168,#2169,#2170,#2171));
#449=EDGE_LOOP('',(#2172,#2173,#2174,#2175));
#450=EDGE_LOOP('',(#2176,#2177,#2178,#2179));
#451=EDGE_LOOP('',(#2180,#2181,#2182,#2183));
#452=EDGE_LOOP('',(#2184,#2185,#2186,#2187));
#453=EDGE_LOOP('',(#2188,#2189,#2190,#2191,#2192,#2193,#2194,#2195,#2196,
#2197,#2198,#2199,#2200,#2201,#2202,#2203,#2204));
#454=EDGE_LOOP('',(#2205,#2206,#2207,#2208,#2209));
#455=EDGE_LOOP('',(#2210,#2211,#2212,#2213));
#456=EDGE_LOOP('',(#2214,#2215,#2216,#2217));
#457=EDGE_LOOP('',(#2218,#2219,#2220,#2221));
#458=EDGE_LOOP('',(#2222,#2223,#2224,#2225));
#459=EDGE_LOOP('',(#2226,#2227,#2228,#2229));
#460=EDGE_LOOP('',(#2230,#2231,#2232,#2233));
#461=EDGE_LOOP('',(#2234,#2235,#2236,#2237));
#462=EDGE_LOOP('',(#2238,#2239,#2240,#2241));
#463=EDGE_LOOP('',(#2242,#2243,#2244,#2245));
#464=EDGE_LOOP('',(#2246,#2247,#2248,#2249));
#465=EDGE_LOOP('',(#2250,#2251,#2252,#2253));
#466=EDGE_LOOP('',(#2254,#2255,#2256,#2257));
#467=EDGE_LOOP('',(#2258,#2259,#2260,#2261,#2262,#2263,#2264));
#468=EDGE_LOOP('',(#2265,#2266,#2267,#2268,#2269));
#469=EDGE_LOOP('',(#2270,#2271,#2272,#2273));
#470=EDGE_LOOP('',(#2274,#2275,#2276,#2277));
#471=EDGE_LOOP('',(#2278,#2279,#2280,#2281));
#472=EDGE_LOOP('',(#2282,#2283,#2284,#2285));
#473=EDGE_LOOP('',(#2286,#2287,#2288,#2289));
#474=EDGE_LOOP('',(#2290,#2291,#2292,#2293));
#475=EDGE_LOOP('',(#2294,#2295,#2296,#2297));
#476=EDGE_LOOP('',(#2298,#2299,#2300,#2301));
#477=EDGE_LOOP('',(#2302,#2303,#2304,#2305));
#478=EDGE_LOOP('',(#2306,#2307,#2308,#2309));
#479=EDGE_LOOP('',(#2310,#2311,#2312,#2313));
#480=EDGE_LOOP('',(#2314,#2315,#2316,#2317));
#481=EDGE_LOOP('',(#2318,#2319,#2320,#2321));
#482=EDGE_LOOP('',(#2322,#2323,#2324,#2325));
#483=EDGE_LOOP('',(#2326,#2327,#2328,#2329));
#484=EDGE_LOOP('',(#2330,#2331,#2332,#2333));
#485=EDGE_LOOP('',(#2334,#2335,#2336,#2337));
#486=EDGE_LOOP('',(#2338,#2339,#2340,#2341));
#487=EDGE_LOOP('',(#2342,#2343,#2344,#2345));
#488=EDGE_LOOP('',(#2346,#2347,#2348,#2349,#2350,#2351,#2352,#2353,#2354,
#2355,#2356,#2357,#2358,#2359,#2360,#2361,#2362,#2363,#2364));
#489=EDGE_LOOP('',(#2365,#2366,#2367,#2368));
#490=EDGE_LOOP('',(#2369,#2370,#2371,#2372));
#491=EDGE_LOOP('',(#2373,#2374,#2375,#2376));
#492=EDGE_LOOP('',(#2377,#2378,#2379,#2380));
#493=EDGE_LOOP('',(#2381,#2382,#2383,#2384));
#494=EDGE_LOOP('',(#2385,#2386,#2387,#2388));
#495=EDGE_LOOP('',(#2389,#2390,#2391,#2392));
#496=EDGE_LOOP('',(#2393,#2394,#2395,#2396));
#497=EDGE_LOOP('',(#2397,#2398,#2399,#2400));
#498=EDGE_LOOP('',(#2401,#2402,#2403,#2404));
#499=EDGE_LOOP('',(#2405,#2406,#2407,#2408,#2409,#2410,#2411,#2412,#2413,
#2414));
#500=EDGE_LOOP('',(#2415,#2416,#2417,#2418,#2419));
#501=EDGE_LOOP('',(#2420,#2421,#2422,#2423,#2424));
#502=EDGE_LOOP('',(#2425,#2426,#2427,#2428,#2429,#2430,#2431,#2432));
#503=EDGE_LOOP('',(#2433,#2434,#2435,#2436,#2437));
#504=EDGE_LOOP('',(#2438,#2439,#2440,#2441));
#505=EDGE_LOOP('',(#2442,#2443,#2444,#2445,#2446));
#506=EDGE_LOOP('',(#2447,#2448,#2449,#2450));
#507=EDGE_LOOP('',(#2451,#2452,#2453,#2454,#2455,#2456,#2457,#2458,#2459,
#2460));
#508=EDGE_LOOP('',(#2461,#2462,#2463,#2464,#2465,#2466,#2467,#2468,#2469,
#2470,#2471,#2472,#2473,#2474,#2475,#2476,#2477,#2478,#2479));
#509=EDGE_LOOP('',(#2480,#2481,#2482,#2483,#2484,#2485,#2486));
#510=EDGE_LOOP('',(#2487,#2488,#2489,#2490,#2491,#2492,#2493,#2494,#2495,
#2496,#2497,#2498,#2499,#2500,#2501,#2502,#2503));
#511=EDGE_LOOP('',(#2504,#2505,#2506,#2507,#2508,#2509,#2510,#2511,#2512));
#512=EDGE_LOOP('',(#2513,#2514,#2515,#2516,#2517,#2518,#2519,#2520,#2521,
#2522,#2523,#2524));
#513=EDGE_LOOP('',(#2525,#2526,#2527,#2528,#2529,#2530,#2531,#2532,#2533,
#2534,#2535,#2536,#2537,#2538,#2539,#2540));
#514=EDGE_LOOP('',(#2541,#2542,#2543,#2544));
#515=EDGE_LOOP('',(#2545,#2546,#2547,#2548));
#516=EDGE_LOOP('',(#2549,#2550,#2551,#2552));
#517=EDGE_LOOP('',(#2553,#2554,#2555,#2556));
#518=EDGE_LOOP('',(#2557,#2558,#2559,#2560));
#519=EDGE_LOOP('',(#2561,#2562,#2563,#2564));
#520=EDGE_LOOP('',(#2565,#2566,#2567,#2568));
#521=EDGE_LOOP('',(#2569,#2570,#2571,#2572));
#522=EDGE_LOOP('',(#2573,#2574,#2575,#2576));
#523=EDGE_LOOP('',(#2577,#2578,#2579,#2580));
#524=EDGE_LOOP('',(#2581,#2582,#2583,#2584,#2585,#2586,#2587,#2588,#2589,
#2590,#2591));
#525=EDGE_LOOP('',(#2592,#2593,#2594,#2595,#2596,#2597,#2598,#2599,#2600,
#2601,#2602,#2603,#2604));
#526=EDGE_LOOP('',(#2605,#2606,#2607,#2608));
#527=EDGE_LOOP('',(#2609,#2610,#2611,#2612));
#528=EDGE_LOOP('',(#2613,#2614,#2615,#2616,#2617));
#529=EDGE_LOOP('',(#2618,#2619,#2620,#2621));
#530=EDGE_LOOP('',(#2622,#2623,#2624,#2625,#2626));
#531=EDGE_LOOP('',(#2627,#2628,#2629,#2630,#2631));
#532=EDGE_LOOP('',(#2632,#2633,#2634,#2635));
#533=EDGE_LOOP('',(#2636,#2637,#2638,#2639));
#534=EDGE_LOOP('',(#2640,#2641,#2642,#2643));
#535=EDGE_LOOP('',(#2644,#2645,#2646));
#536=EDGE_LOOP('',(#2647,#2648,#2649,#2650));
#537=EDGE_LOOP('',(#2651,#2652,#2653,#2654,#2655));
#538=EDGE_LOOP('',(#2656,#2657,#2658,#2659));
#539=EDGE_LOOP('',(#2660,#2661,#2662,#2663));
#540=EDGE_LOOP('',(#2664,#2665,#2666,#2667));
#541=EDGE_LOOP('',(#2668,#2669,#2670,#2671));
#542=EDGE_LOOP('',(#2672,#2673,#2674,#2675));
#543=EDGE_LOOP('',(#2676,#2677,#2678,#2679,#2680));
#544=EDGE_LOOP('',(#2681,#2682,#2683,#2684));
#545=EDGE_LOOP('',(#2685,#2686,#2687,#2688));
#546=EDGE_LOOP('',(#2689,#2690,#2691,#2692));
#547=EDGE_LOOP('',(#2693,#2694,#2695,#2696));
#548=EDGE_LOOP('',(#2697,#2698,#2699,#2700,#2701));
#549=EDGE_LOOP('',(#2702,#2703,#2704,#2705));
#550=EDGE_LOOP('',(#2706,#2707,#2708,#2709));
#551=EDGE_LOOP('',(#2710,#2711,#2712,#2713));
#552=(
BOUNDED_CURVE()
B_SPLINE_CURVE(5,(#3672,#3673,#3674,#3675,#3676,#3677,#3678,#3679,#3680,
#3681,#3682,#3683,#3684,#3685,#3686,#3687,#3688,#3689,#3690,#3691,#3692,
#3693,#3694,#3695,#3696,#3697,#3698,#3699,#3700,#3701,#3702,#3703,#3704,
#3705,#3706,#3707,#3708,#3709,#3710,#3711,#3712,#3713,#3714,#3715,#3716,
#3717,#3718,#3719,#3720,#3721,#3722,#3723,#3724,#3725,#3726,#3727,#3728,
#3729,#3730,#3731,#3732,#3733,#3734,#3735,#3736,#3737,#3738,#3739,#3740,
#3741,#3742,#3743,#3744,#3745,#3746,#3747,#3748,#3749,#3750,#3751,#3752,
#3753,#3754,#3755,#3756,#3757,#3758,#3759,#3760,#3761,#3762,#3763,#3764,
#3765,#3766,#3767,#3768,#3769,#3770,#3771,#3772,#3773,#3774,#3775,#3776),
 .UNSPECIFIED.,.F.,.F.)
B_SPLINE_CURVE_WITH_KNOTS((6,1,1,1,1,1,1,1,1,1,1,1,1,1,1,1,1,1,1,1,1,1,
1,1,1,1,1,1,1,1,1,1,1,1,1,1,1,1,1,1,1,1,1,1,1,1,1,1,1,1,1,1,1,1,1,1,1,1,
1,1,1,1,1,1,1,1,1,1,1,1,1,1,1,1,1,1,1,1,1,1,1,1,1,1,1,1,1,1,1,1,1,1,1,1,
1,1,1,1,1,1,6),(0.250559890510356,0.252173913043478,0.255072463768116,0.257971014492754,
0.260869565217391,0.263768115942029,0.266666666666667,0.269565217391304,
0.272463768115942,0.27536231884058,0.278260869565218,0.281159420289855,
0.284057971014493,0.286956521739131,0.289855072463768,0.292753623188406,
0.295652173913044,0.298550724637681,0.301449275362319,0.304347826086957,
0.307246376811594,0.310144927536232,0.31304347826087,0.315942028985507,
0.318840579710145,0.321739130434783,0.32463768115942,0.327536231884058,
0.330434782608696,0.333333333333333,0.336231884057971,0.339130434782609,
0.342028985507247,0.344927536231884,0.347826086956522,0.35072463768116,
0.353623188405797,0.356521739130435,0.359420289855073,0.36231884057971,
0.365217391304348,0.368115942028986,0.371014492753623,0.373913043478261,
0.376811594202899,0.379710144927536,0.382608695652174,0.385507246376812,
0.388405797101449,0.391304347826087,0.394202898550725,0.397101449275363,
0.4,0.402898550724638,0.405797101449276,0.408695652173913,0.411594202898551,
0.414492753623189,0.417391304347826,0.420289855072464,0.423188405797102,
0.426086956521739,0.428985507246377,0.431884057971015,0.434782608695652,
0.43768115942029,0.440579710144928,0.443478260869565,0.446376811594203,
0.449275362318841,0.452173913043478,0.455072463768116,0.457971014492754,
0.460869565217392,0.463768115942029,0.466666666666667,0.469565217391305,
0.472463768115942,0.47536231884058,0.478260869565218,0.481159420289855,
0.484057971014493,0.486956521739131,0.489855072463768,0.492753623188406,
0.495652173913044,0.498550724637681,0.501449275362319,0.504347826086957,
0.507246376811594,0.510144927536232,0.51304347826087,0.515942028985507,
0.518840579710145,0.521739130434782,0.52463768115942,0.527536231884058,
0.530434782608695,0.533333333333333,0.536231884057971,0.539043145772456),
 .UNSPECIFIED.)
CURVE()
GEOMETRIC_REPRESENTATION_ITEM()
RATIONAL_B_SPLINE_CURVE((1.,1.,1.,1.,1.,1.,1.,1.,1.,1.,1.,1.,1.,1.,1.,1.,
1.,1.,1.,1.,1.,1.,1.,1.,1.,1.,1.,1.,1.,1.,1.,1.,1.,1.,1.,1.,1.,1.,1.,1.,
1.,1.,1.,1.,1.,1.,1.,1.,1.,1.,1.,1.,1.,1.,1.,1.,1.,1.,1.,1.,1.,1.,1.,1.,
1.,1.,1.,1.,1.,1.,1.,1.,1.,1.,1.,1.,1.,1.,1.,1.,1.,1.,1.,1.,1.,1.,1.,1.,
1.,1.,1.,1.,1.,1.,1.,1.,1.,1.,1.,1.,1.,1.,1.,1.,1.))
REPRESENTATION_ITEM('')
);
#553=(
BOUNDED_CURVE()
B_SPLINE_CURVE(5,(#3780,#3781,#3782,#3783,#3784,#3785,#3786,#3787,#3788,
#3789,#3790),.UNSPECIFIED.,.F.,.F.)
B_SPLINE_CURVE_WITH_KNOTS((6,1,1,1,1,1,6),(0.662685495766085,0.663768115942026,
0.666666666666664,0.669565217391301,0.672463768115939,0.675362318840577,
0.677535060282199),.UNSPECIFIED.)
CURVE()
GEOMETRIC_REPRESENTATION_ITEM()
RATIONAL_B_SPLINE_CURVE((1.,1.,1.,1.,1.,1.,1.,1.,1.,1.,1.))
REPRESENTATION_ITEM('')
);
#554=(
BOUNDED_CURVE()
B_SPLINE_CURVE(5,(#3793,#3794,#3795,#3796,#3797,#3798,#3799,#3800,#3801,
#3802,#3803,#3804,#3805,#3806,#3807,#3808,#3809,#3810,#3811,#3812,#3813,
#3814,#3815,#3816,#3817,#3818,#3819,#3820,#3821,#3822,#3823,#3824,#3825,
#3826,#3827,#3828,#3829,#3830,#3831),.UNSPECIFIED.,.F.,.F.)
B_SPLINE_CURVE_WITH_KNOTS((6,1,1,1,1,1,1,1,1,1,1,1,1,1,1,1,1,1,1,1,1,1,
1,1,1,1,1,1,1,1,1,1,1,1,6),(0.75364108048223,0.75652173913043,0.759420289855068,
0.762318840579706,0.765217391304343,0.768115942028981,0.771014492753618,
0.773913043478256,0.776811594202894,0.779710144927531,0.782608695652169,
0.785507246376807,0.788405797101444,0.791304347826082,0.794202898550719,
0.797101449275357,0.799999999999995,0.802898550724632,0.80579710144927,
0.808695652173908,0.811594202898545,0.814492753623183,0.81739130434782,
0.820289855072458,0.823188405797096,0.826086956521733,0.828985507246371,
0.831884057971009,0.834782608695646,0.837681159420284,0.840579710144921,
0.843478260869559,0.846376811594197,0.849275362318834,0.851953515220172),
 .UNSPECIFIED.)
CURVE()
GEOMETRIC_REPRESENTATION_ITEM()
RATIONAL_B_SPLINE_CURVE((1.,1.,1.,1.,1.,1.,1.,1.,1.,1.,1.,1.,1.,1.,1.,1.,
1.,1.,1.,1.,1.,1.,1.,1.,1.,1.,1.,1.,1.,1.,1.,1.,1.,1.,1.,1.,1.,1.,1.))
REPRESENTATION_ITEM('')
);
#555=(
BOUNDED_CURVE()
B_SPLINE_CURVE(5,(#4533,#4534,#4535,#4536,#4537,#4538,#4539,#4540,#4541,
#4542,#4543,#4544,#4545,#4546,#4547,#4548,#4549,#4550,#4551,#4552,#4553,
#4554,#4555,#4556,#4557,#4558,#4559,#4560,#4561,#4562,#4563,#4564,#4565,
#4566,#4567,#4568,#4569,#4570,#4571,#4572,#4573,#4574,#4575,#4576,#4577,
#4578,#4579,#4580,#4581,#4582,#4583,#4584,#4585,#4586,#4587,#4588,#4589,
#4590,#4591,#4592,#4593,#4594,#4595,#4596,#4597,#4598,#4599,#4600,#4601,
#4602,#4603,#4604,#4605,#4606,#4607,#4608,#4609,#4610,#4611,#4612,#4613,
#4614,#4615,#4616,#4617,#4618,#4619,#4620,#4621,#4622,#4623,#4624),
 .UNSPECIFIED.,.F.,.F.)
B_SPLINE_CURVE_WITH_KNOTS((6,1,1,1,1,1,1,1,1,1,1,1,1,1,1,1,1,1,1,1,1,1,
1,1,1,1,1,1,1,1,1,1,1,1,1,1,1,1,1,1,1,1,1,1,1,1,1,1,1,1,1,1,1,1,1,1,1,1,
1,1,1,1,1,1,1,1,1,1,1,1,1,1,1,1,1,1,1,1,1,1,1,1,1,1,1,1,1,6),(0.,0.00289855072463768,
0.00579710144927536,0.00869565217391304,0.0115942028985507,0.0144927536231884,
0.0173913043478261,0.0202898550724638,0.0231884057971014,0.0260869565217391,
0.0289855072463768,0.0318840579710145,0.0347826086956522,0.0376811594202899,
0.0405797101449275,0.0434782608695652,0.0463768115942029,0.0492753623188406,
0.0521739130434783,0.055072463768116,0.0579710144927536,0.0608695652173913,
0.063768115942029,0.0666666666666667,0.0695652173913044,0.0724637681159421,
0.0753623188405797,0.0782608695652174,0.0811594202898551,0.0840579710144928,
0.0869565217391305,0.0898550724637682,0.0927536231884058,0.0956521739130435,
0.0985507246376812,0.101449275362319,0.104347826086957,0.107246376811594,
0.110144927536232,0.11304347826087,0.115942028985507,0.118840579710145,
0.121739130434783,0.12463768115942,0.127536231884058,0.130434782608696,
0.133333333333333,0.136231884057971,0.139130434782609,0.142028985507246,
0.144927536231884,0.147826086956522,0.150724637681159,0.153623188405797,
0.156521739130435,0.159420289855073,0.16231884057971,0.165217391304348,
0.168115942028986,0.171014492753623,0.173913043478261,0.176811594202899,
0.179710144927536,0.182608695652174,0.185507246376812,0.188405797101449,
0.191304347826087,0.194202898550725,0.197101449275362,0.2,0.202898550724638,
0.205797101449275,0.208695652173913,0.211594202898551,0.214492753623189,
0.217391304347826,0.220289855072464,0.223188405797102,0.226086956521739,
0.228985507246377,0.231884057971015,0.234782608695652,0.23768115942029,
0.240579710144928,0.243478260869565,0.246376811594203,0.249275362318841,
0.250559890510356),.UNSPECIFIED.)
CURVE()
GEOMETRIC_REPRESENTATION_ITEM()
RATIONAL_B_SPLINE_CURVE((1.,1.,1.,1.,1.,1.,1.,1.,1.,1.,1.,1.,1.,1.,1.,1.,
1.,1.,1.,1.,1.,1.,1.,1.,1.,1.,1.,1.,1.,1.,1.,1.,1.,1.,1.,1.,1.,1.,1.,1.,
1.,1.,1.,1.,1.,1.,1.,1.,1.,1.,1.,1.,1.,1.,1.,1.,1.,1.,1.,1.,1.,1.,1.,1.,
1.,1.,1.,1.,1.,1.,1.,1.,1.,1.,1.,1.,1.,1.,1.,1.,1.,1.,1.,1.,1.,1.,1.,1.,
1.,1.,1.,1.))
REPRESENTATION_ITEM('')
);
#556=(
BOUNDED_CURVE()
B_SPLINE_CURVE(5,(#4627,#4628,#4629,#4630,#4631,#4632,#4633,#4634,#4635,
#4636,#4637,#4638,#4639,#4640,#4641,#4642,#4643,#4644,#4645,#4646,#4647,
#4648,#4649,#4650,#4651,#4652,#4653,#4654,#4655,#4656,#4657,#4658,#4659,
#4660,#4661,#4662,#4663,#4664,#4665,#4666,#4667,#4668,#4669,#4670,#4671,
#4672,#4673,#4674,#4675,#4676,#4677,#4678,#4679,#4680,#4681,#4682,#4683,
#4684,#4685,#4686,#4687,#4688,#4689,#4690,#4691,#4692,#4693,#4694,#4695,
#4696,#4697,#4698,#4699,#4700,#4701,#4702,#4703,#4704,#4705,#4706,#4707,
#4708,#4709,#4710,#4711,#4712,#4713,#4714,#4715,#4716,#4717,#4718,#4719,
#4720,#4721,#4722,#4723,#4724,#4725,#4726,#4727,#4728,#4729,#4730,#4731,
#4732,#4733,#4734,#4735,#4736,#4737,#4738,#4739,#4740,#4741,#4742,#4743,
#4744,#4745,#4746,#4747,#4748,#4749,#4750,#4751,#4752,#4753,#4754,#4755,
#4756,#4757,#4758,#4759,#4760,#4761,#4762,#4763,#4764,#4765,#4766,#4767,
#4768,#4769,#4770,#4771,#4772,#4773,#4774,#4775,#4776,#4777,#4778,#4779,
#4780,#4781,#4782,#4783,#4784,#4785,#4786,#4787,#4788,#4789,#4790,#4791,
#4792,#4793,#4794,#4795,#4796,#4797,#4798,#4799,#4800,#4801,#4802,#4803,
#4804,#4805,#4806,#4807,#4808,#4809,#4810,#4811,#4812,#4813,#4814,#4815,
#4816,#4817,#4818,#4819,#4820,#4821,#4822,#4823,#4824,#4825,#4826,#4827,
#4828,#4829,#4830,#4831,#4832,#4833,#4834,#4835,#4836,#4837,#4838,#4839,
#4840,#4841,#4842,#4843,#4844,#4845,#4846,#4847,#4848,#4849,#4850,#4851,
#4852,#4853,#4854,#4855,#4856,#4857,#4858,#4859,#4860,#4861,#4862,#4863,
#4864,#4865,#4866,#4867,#4868,#4869,#4870,#4871,#4872,#4873,#4874,#4875,
#4876,#4877,#4878,#4879,#4880,#4881,#4882,#4883,#4884,#4885,#4886,#4887,
#4888,#4889,#4890,#4891,#4892,#4893,#4894,#4895,#4896,#4897,#4898,#4899,
#4900,#4901,#4902,#4903,#4904,#4905,#4906,#4907,#4908,#4909,#4910,#4911,
#4912,#4913,#4914,#4915,#4916,#4917,#4918,#4919,#4920,#4921,#4922,#4923,
#4924,#4925,#4926,#4927,#4928,#4929,#4930,#4931,#4932,#4933,#4934,#4935,
#4936,#4937,#4938,#4939,#4940,#4941,#4942,#4943,#4944,#4945,#4946,#4947,
#4948,#4949,#4950,#4951,#4952,#4953,#4954,#4955,#4956,#4957,#4958,#4959,
#4960,#4961,#4962,#4963,#4964,#4965,#4966,#4967,#4968,#4969,#4970,#4971,
#4972,#4973,#4974,#4975,#4976),.UNSPECIFIED.,.T.,.F.)
B_SPLINE_CURVE_WITH_KNOTS((6,1,1,1,1,1,1,1,1,1,1,1,1,1,1,1,1,1,1,1,1,1,
1,1,1,1,1,1,1,1,1,1,1,1,1,1,1,1,1,1,1,1,1,1,1,1,1,1,1,1,1,1,1,1,1,1,1,1,
1,1,1,1,1,1,1,1,1,1,1,1,1,1,1,1,1,1,1,1,1,1,1,1,1,1,1,1,1,1,1,1,1,1,1,1,
1,1,1,1,1,1,1,1,1,1,1,1,1,1,1,1,1,1,1,1,1,1,1,1,1,1,1,1,1,1,1,1,1,1,1,1,
1,1,1,1,1,1,1,1,1,1,1,1,1,1,1,1,1,1,1,1,1,1,1,1,1,1,1,1,1,1,1,1,1,1,1,1,
1,1,1,1,1,1,1,1,1,1,1,1,1,1,1,1,1,1,1,1,1,1,1,1,1,1,1,1,1,1,1,1,1,1,1,1,
1,1,1,1,1,1,1,1,1,1,1,1,1,1,1,1,1,1,1,1,1,1,1,1,1,1,1,1,1,1,1,1,1,1,1,1,
1,1,1,1,1,1,1,1,1,1,1,1,1,1,1,1,1,1,1,1,1,1,1,1,1,1,1,1,1,1,1,1,1,1,1,1,
1,1,1,1,1,1,1,1,1,1,1,1,1,1,1,1,1,1,1,1,1,1,1,1,1,1,1,1,1,1,1,1,1,1,1,1,
1,1,1,1,1,1,1,1,1,1,1,1,1,1,1,1,1,1,1,1,1,1,1,1,1,1,1,1,1,1,1,1,1,1,1,6),
(-1.,-0.997101449275353,-0.994202898550716,-0.991304347826078,-0.98840579710144,
-0.985507246376803,-0.982608695652165,-0.979710144927528,-0.97681159420289,
-0.973913043478252,-0.971014492753615,-0.968115942028977,-0.965217391304339,
-0.962318840579702,-0.959420289855064,-0.956521739130427,-0.953623188405789,
-0.950724637681151,-0.947826086956514,-0.944927536231876,-0.942028985507238,
-0.939130434782601,-0.936231884057963,-0.933333333333326,-0.930434782608688,
-0.92753623188405,-0.924637681159413,-0.921739130434775,-0.918840579710137,
-0.9159420289855,-0.913043478260862,-0.910144927536225,-0.907246376811587,
-0.904347826086949,-0.901449275362312,-0.898550724637674,-0.895652173913036,
-0.892753623188399,-0.889855072463761,-0.886956521739124,-0.884057971014486,
-0.881159420289848,-0.878260869565211,-0.875362318840573,-0.872463768115935,
-0.869565217391298,-0.86666666666666,-0.863768115942023,-0.860869565217385,
-0.857971014492747,-0.85507246376811,-0.852173913043472,-0.849275362318834,
-0.846376811594197,-0.843478260869559,-0.840579710144921,-0.837681159420284,
-0.834782608695646,-0.831884057971009,-0.828985507246371,-0.826086956521733,
-0.823188405797096,-0.820289855072458,-0.81739130434782,-0.814492753623183,
-0.811594202898545,-0.808695652173908,-0.80579710144927,-0.802898550724632,
-0.799999999999995,-0.797101449275357,-0.794202898550719,-0.791304347826082,
-0.788405797101444,-0.785507246376807,-0.782608695652169,-0.779710144927531,
-0.776811594202894,-0.773913043478256,-0.771014492753618,-0.768115942028981,
-0.765217391304343,-0.762318840579706,-0.759420289855068,-0.75652173913043,
-0.753623188405793,-0.750724637681155,-0.747826086956517,-0.74492753623188,
-0.742028985507242,-0.739130434782605,-0.736231884057967,-0.733333333333329,
-0.730434782608692,-0.727536231884054,-0.724637681159416,-0.721739130434779,
-0.718840579710141,-0.715942028985504,-0.713043478260866,-0.710144927536228,
-0.707246376811591,-0.704347826086953,-0.701449275362315,-0.698550724637678,
-0.69565217391304,-0.692753623188403,-0.689855072463765,-0.686956521739127,
-0.68405797101449,-0.681159420289852,-0.678260869565214,-0.675362318840577,
-0.672463768115939,-0.669565217391301,-0.666666666666664,-0.663768115942026,
-0.660869565217389,-0.657971014492751,-0.655072463768113,-0.652173913043476,
-0.649275362318838,-0.6463768115942,-0.643478260869563,-0.640579710144925,
-0.637681159420288,-0.63478260869565,-0.631884057971012,-0.628985507246375,
-0.626086956521737,-0.623188405797099,-0.620289855072462,-0.617391304347824,
-0.614492753623187,-0.611594202898549,-0.608695652173911,-0.605797101449274,
-0.602898550724636,-0.599999999999998,-0.597101449275361,-0.594202898550723,
-0.591304347826086,-0.588405797101448,-0.58550724637681,-0.582608695652173,
-0.579710144927535,-0.576811594202897,-0.57391304347826,-0.571014492753622,
-0.568115942028985,-0.565217391304347,-0.562318840579709,-0.559420289855072,
-0.556521739130434,-0.553623188405796,-0.550724637681159,-0.547826086956521,
-0.544927536231884,-0.542028985507246,-0.539130434782608,-0.536231884057971,
-0.533333333333333,-0.530434782608695,-0.527536231884058,-0.52463768115942,
-0.521739130434782,-0.518840579710145,-0.515942028985507,-0.51304347826087,
-0.510144927536232,-0.507246376811594,-0.504347826086957,-0.501449275362319,
-0.498550724637681,-0.495652173913044,-0.492753623188406,-0.489855072463768,
-0.486956521739131,-0.484057971014493,-0.481159420289855,-0.478260869565218,
-0.47536231884058,-0.472463768115942,-0.469565217391305,-0.466666666666667,
-0.463768115942029,-0.460869565217392,-0.457971014492754,-0.455072463768116,
-0.452173913043478,-0.449275362318841,-0.446376811594203,-0.443478260869565,
-0.440579710144928,-0.43768115942029,-0.434782608695652,-0.431884057971015,
-0.428985507246377,-0.426086956521739,-0.423188405797102,-0.420289855072464,
-0.417391304347826,-0.414492753623189,-0.411594202898551,-0.408695652173913,
-0.405797101449276,-0.402898550724638,-0.4,-0.397101449275363,-0.394202898550725,
-0.391304347826087,-0.388405797101449,-0.385507246376812,-0.382608695652174,
-0.379710144927536,-0.376811594202899,-0.373913043478261,-0.371014492753623,
-0.368115942028986,-0.365217391304348,-0.36231884057971,-0.359420289855073,
-0.356521739130435,-0.353623188405797,-0.35072463768116,-0.347826086956522,
-0.344927536231884,-0.342028985507247,-0.339130434782609,-0.336231884057971,
-0.333333333333333,-0.330434782608696,-0.327536231884058,-0.32463768115942,
-0.321739130434783,-0.318840579710145,-0.315942028985507,-0.31304347826087,
-0.310144927536232,-0.307246376811594,-0.304347826086957,-0.301449275362319,
-0.298550724637681,-0.295652173913044,-0.292753623188406,-0.289855072463768,
-0.286956521739131,-0.284057971014493,-0.281159420289855,-0.278260869565218,
-0.27536231884058,-0.272463768115942,-0.269565217391304,-0.266666666666667,
-0.263768115942029,-0.260869565217391,-0.257971014492754,-0.255072463768116,
-0.252173913043478,-0.249275362318841,-0.246376811594203,-0.243478260869565,
-0.240579710144928,-0.23768115942029,-0.234782608695652,-0.231884057971015,
-0.228985507246377,-0.226086956521739,-0.223188405797102,-0.220289855072464,
-0.217391304347826,-0.214492753623189,-0.211594202898551,-0.208695652173913,
-0.205797101449275,-0.202898550724638,-0.2,-0.197101449275362,-0.194202898550725,
-0.191304347826087,-0.188405797101449,-0.185507246376812,-0.182608695652174,
-0.179710144927536,-0.176811594202899,-0.173913043478261,-0.171014492753623,
-0.168115942028986,-0.165217391304348,-0.16231884057971,-0.159420289855073,
-0.156521739130435,-0.153623188405797,-0.150724637681159,-0.147826086956522,
-0.144927536231884,-0.142028985507246,-0.139130434782609,-0.136231884057971,
-0.133333333333333,-0.130434782608696,-0.127536231884058,-0.12463768115942,
-0.121739130434783,-0.118840579710145,-0.115942028985507,-0.11304347826087,
-0.110144927536232,-0.107246376811594,-0.104347826086957,-0.101449275362319,
-0.0985507246376812,-0.0956521739130435,-0.0927536231884058,-0.0898550724637682,
-0.0869565217391305,-0.0840579710144928,-0.0811594202898551,-0.0782608695652174,
-0.0753623188405797,-0.0724637681159421,-0.0695652173913044,-0.0666666666666667,
-0.063768115942029,-0.0608695652173913,-0.0579710144927536,-0.055072463768116,
-0.0521739130434783,-0.0492753623188406,-0.0463768115942029,-0.0434782608695652,
-0.0405797101449275,-0.0376811594202899,-0.0347826086956522,-0.0318840579710145,
-0.0289855072463768,-0.0260869565217391,-0.0231884057971014,-0.0202898550724638,
-0.0173913043478261,-0.0144927536231884,-0.0115942028985507,-0.00869565217391304,
-0.00579710144927536,-0.00289855072463768,0.),.UNSPECIFIED.)
CURVE()
GEOMETRIC_REPRESENTATION_ITEM()
RATIONAL_B_SPLINE_CURVE((1.,1.,1.,1.,1.,1.,1.,1.,1.,1.,1.,1.,1.,1.,1.,1.,
1.,1.,1.,1.,1.,1.,1.,1.,1.,1.,1.,1.,1.,1.,1.,1.,1.,1.,1.,1.,1.,1.,1.,1.,
1.,1.,1.,1.,1.,1.,1.,1.,1.,1.,1.,1.,1.,1.,1.,1.,1.,1.,1.,1.,1.,1.,1.,1.,
1.,1.,1.,1.,1.,1.,1.,1.,1.,1.,1.,1.,1.,1.,1.,1.,1.,1.,1.,1.,1.,1.,1.,1.,
1.,1.,1.,1.,1.,1.,1.,1.,1.,1.,1.,1.,1.,1.,1.,1.,1.,1.,1.,1.,1.,1.,1.,1.,
1.,1.,1.,1.,1.,1.,1.,1.,1.,1.,1.,1.,1.,1.,1.,1.,1.,1.,1.,1.,1.,1.,1.,1.,
1.,1.,1.,1.,1.,1.,1.,1.,1.,1.,1.,1.,1.,1.,1.,1.,1.,1.,1.,1.,1.,1.,1.,1.,
1.,1.,1.,1.,1.,1.,1.,1.,1.,1.,1.,1.,1.,1.,1.,1.,1.,1.,1.,1.,1.,1.,1.,1.,
1.,1.,1.,1.,1.,1.,1.,1.,1.,1.,1.,1.,1.,1.,1.,1.,1.,1.,1.,1.,1.,1.,1.,1.,
1.,1.,1.,1.,1.,1.,1.,1.,1.,1.,1.,1.,1.,1.,1.,1.,1.,1.,1.,1.,1.,1.,1.,1.,
1.,1.,1.,1.,1.,1.,1.,1.,1.,1.,1.,1.,1.,1.,1.,1.,1.,1.,1.,1.,1.,1.,1.,1.,
1.,1.,1.,1.,1.,1.,1.,1.,1.,1.,1.,1.,1.,1.,1.,1.,1.,1.,1.,1.,1.,1.,1.,1.,
1.,1.,1.,1.,1.,1.,1.,1.,1.,1.,1.,1.,1.,1.,1.,1.,1.,1.,1.,1.,1.,1.,1.,1.,
1.,1.,1.,1.,1.,1.,1.,1.,1.,1.,1.,1.,1.,1.,1.,1.,1.,1.,1.,1.,1.,1.,1.,1.,
1.,1.,1.,1.,1.,1.,1.,1.,1.,1.,1.,1.,1.,1.,1.,1.,1.,1.,1.,1.,1.,1.))
REPRESENTATION_ITEM('')
);
#557=(
BOUNDED_CURVE()
B_SPLINE_CURVE(5,(#4977,#4978,#4979,#4980,#4981,#4982,#4983,#4984,#4985,
#4986,#4987,#4988,#4989,#4990,#4991,#4992,#4993,#4994,#4995,#4996,#4997,
#4998,#4999,#5000,#5001,#5002,#5003,#5004,#5005,#5006,#5007,#5008,#5009,
#5010,#5011,#5012,#5013,#5014,#5015,#5016,#5017,#5018,#5019,#5020,#5021,
#5022,#5023,#5024,#5025,#5026,#5027,#5028,#5029,#5030,#5031,#5032,#5033),
 .UNSPECIFIED.,.F.,.F.)
B_SPLINE_CURVE_WITH_KNOTS((6,1,1,1,1,1,1,1,1,1,1,1,1,1,1,1,1,1,1,1,1,1,
1,1,1,1,1,1,1,1,1,1,1,1,1,1,1,1,1,1,1,1,1,1,1,1,1,1,1,1,1,1,6),(0.851953515220172,
0.852173913043472,0.85507246376811,0.857971014492747,0.860869565217385,
0.863768115942023,0.86666666666666,0.869565217391298,0.872463768115935,
0.875362318840573,0.878260869565211,0.881159420289848,0.884057971014486,
0.886956521739124,0.889855072463761,0.892753623188399,0.895652173913036,
0.898550724637674,0.901449275362312,0.904347826086949,0.907246376811587,
0.910144927536225,0.913043478260862,0.9159420289855,0.918840579710137,0.921739130434775,
0.924637681159413,0.92753623188405,0.930434782608688,0.933333333333326,
0.936231884057963,0.939130434782601,0.942028985507238,0.944927536231876,
0.947826086956514,0.950724637681151,0.953623188405789,0.956521739130427,
0.959420289855064,0.962318840579702,0.965217391304339,0.968115942028977,
0.971014492753615,0.973913043478252,0.97681159420289,0.979710144927528,
0.982608695652165,0.985507246376803,0.98840579710144,0.991304347826078,
0.994202898550716,0.997101449275353,1.),.UNSPECIFIED.)
CURVE()
GEOMETRIC_REPRESENTATION_ITEM()
RATIONAL_B_SPLINE_CURVE((1.,1.,1.,1.,1.,1.,1.,1.,1.,1.,1.,1.,1.,1.,1.,1.,
1.,1.,1.,1.,1.,1.,1.,1.,1.,1.,1.,1.,1.,1.,1.,1.,1.,1.,1.,1.,1.,1.,1.,1.,
1.,1.,1.,1.,1.,1.,1.,1.,1.,1.,1.,1.,1.,1.,1.,1.,1.))
REPRESENTATION_ITEM('')
);
#558=(
BOUNDED_CURVE()
B_SPLINE_CURVE(5,(#5034,#5035,#5036,#5037,#5038,#5039,#5040,#5041,#5042,
#5043,#5044,#5045,#5046,#5047,#5048,#5049,#5050,#5051,#5052,#5053,#5054,
#5055,#5056,#5057,#5058,#5059,#5060,#5061,#5062,#5063,#5064,#5065,#5066),
 .UNSPECIFIED.,.F.,.F.)
B_SPLINE_CURVE_WITH_KNOTS((6,1,1,1,1,1,1,1,1,1,1,1,1,1,1,1,1,1,1,1,1,1,
1,1,1,1,1,1,6),(0.677535060282199,0.678260869565214,0.681159420289852,0.68405797101449,
0.686956521739127,0.689855072463765,0.692753623188403,0.69565217391304,
0.698550724637678,0.701449275362315,0.704347826086953,0.707246376811591,
0.710144927536228,0.713043478260866,0.715942028985504,0.718840579710141,
0.721739130434779,0.724637681159416,0.727536231884054,0.730434782608692,
0.733333333333329,0.736231884057967,0.739130434782605,0.742028985507242,
0.74492753623188,0.747826086956517,0.750724637681155,0.753623188405793,
0.75364108048223),.UNSPECIFIED.)
CURVE()
GEOMETRIC_REPRESENTATION_ITEM()
RATIONAL_B_SPLINE_CURVE((1.,1.,1.,1.,1.,1.,1.,1.,1.,1.,1.,1.,1.,1.,1.,1.,
1.,1.,1.,1.,1.,1.,1.,1.,1.,1.,1.,1.,1.,1.,1.,1.,1.))
REPRESENTATION_ITEM('')
);
#559=(
BOUNDED_CURVE()
B_SPLINE_CURVE(5,(#5067,#5068,#5069,#5070,#5071,#5072,#5073,#5074,#5075,
#5076,#5077,#5078,#5079,#5080,#5081,#5082,#5083,#5084,#5085,#5086,#5087,
#5088,#5089,#5090,#5091,#5092,#5093,#5094,#5095,#5096,#5097,#5098,#5099,
#5100,#5101,#5102,#5103,#5104,#5105,#5106,#5107,#5108,#5109,#5110,#5111,
#5112,#5113,#5114,#5115),.UNSPECIFIED.,.F.,.F.)
B_SPLINE_CURVE_WITH_KNOTS((6,1,1,1,1,1,1,1,1,1,1,1,1,1,1,1,1,1,1,1,1,1,
1,1,1,1,1,1,1,1,1,1,1,1,1,1,1,1,1,1,1,1,1,1,6),(0.539043145772456,0.539130434782608,
0.542028985507246,0.544927536231884,0.547826086956521,0.550724637681159,
0.553623188405796,0.556521739130434,0.559420289855072,0.562318840579709,
0.565217391304347,0.568115942028985,0.571014492753622,0.57391304347826,
0.576811594202897,0.579710144927535,0.582608695652173,0.58550724637681,
0.588405797101448,0.591304347826086,0.594202898550723,0.597101449275361,
0.599999999999998,0.602898550724636,0.605797101449274,0.608695652173911,
0.611594202898549,0.614492753623187,0.617391304347824,0.620289855072462,
0.623188405797099,0.626086956521737,0.628985507246375,0.631884057971012,
0.63478260869565,0.637681159420288,0.640579710144925,0.643478260869563,
0.6463768115942,0.649275362318838,0.652173913043476,0.655072463768113,0.657971014492751,
0.660869565217389,0.662685495766085),.UNSPECIFIED.)
CURVE()
GEOMETRIC_REPRESENTATION_ITEM()
RATIONAL_B_SPLINE_CURVE((1.,1.,1.,1.,1.,1.,1.,1.,1.,1.,1.,1.,1.,1.,1.,1.,
1.,1.,1.,1.,1.,1.,1.,1.,1.,1.,1.,1.,1.,1.,1.,1.,1.,1.,1.,1.,1.,1.,1.,1.,
1.,1.,1.,1.,1.,1.,1.,1.,1.))
REPRESENTATION_ITEM('')
);
#560=(
BOUNDED_CURVE()
B_SPLINE_CURVE(5,(#5151,#5152,#5153,#5154,#5155,#5156,#5157,#5158,#5159,
#5160,#5161,#5162,#5163,#5164,#5165,#5166,#5167,#5168,#5169,#5170,#5171,
#5172,#5173,#5174,#5175,#5176,#5177,#5178,#5179,#5180,#5181,#5182,#5183,
#5184,#5185,#5186,#5187,#5188,#5189,#5190,#5191,#5192,#5193,#5194,#5195,
#5196,#5197,#5198,#5199,#5200,#5201,#5202),.UNSPECIFIED.,.F.,.F.)
B_SPLINE_CURVE_WITH_KNOTS((6,1,1,1,1,1,1,1,1,1,1,1,1,1,1,1,1,1,1,1,1,1,
1,1,1,1,1,1,1,1,1,1,1,1,1,1,1,1,1,1,1,1,1,1,1,1,1,6),(0.0724203212835876,
0.0727272727272727,0.0909090909090909,0.109090909090909,0.127272727272727,
0.145454545454545,0.163636363636364,0.181818181818182,0.2,0.218181818181818,
0.236363636363636,0.254545454545455,0.272727272727273,0.290909090909091,
0.309090909090909,0.327272727272727,0.345454545454546,0.363636363636364,
0.381818181818182,0.4,0.418181818181818,0.436363636363636,0.454545454545455,
0.472727272727273,0.490909090909091,0.509090909090909,0.527272727272727,
0.545454545454546,0.563636363636364,0.581818181818182,0.6,0.618181818181818,
0.636363636363636,0.654545454545455,0.672727272727273,0.690909090909091,
0.709090909090909,0.727272727272727,0.745454545454546,0.763636363636364,
0.781818181818182,0.8,0.818181818181818,0.836363636363637,0.854545454545455,
0.872727272727273,0.890909090909091,0.893035101800111),.UNSPECIFIED.)
CURVE()
GEOMETRIC_REPRESENTATION_ITEM()
RATIONAL_B_SPLINE_CURVE((1.,1.,1.,1.,1.,1.,1.,1.,1.,1.,1.,1.,1.,1.,1.,1.,
1.,1.,1.,1.,1.,1.,1.,1.,1.,1.,1.,1.,1.,1.,1.,1.,1.,1.,1.,1.,1.,1.,1.,1.,
1.,1.,1.,1.,1.,1.,1.,1.,1.,1.,1.,1.))
REPRESENTATION_ITEM('')
);
#561=(
BOUNDED_CURVE()
B_SPLINE_CURVE(5,(#5206,#5207,#5208,#5209,#5210,#5211,#5212,#5213,#5214),
 .UNSPECIFIED.,.F.,.F.)
B_SPLINE_CURVE_WITH_KNOTS((6,1,1,1,6),(-0.0194476435604337,-0.015,-0.01,
-0.005,0.),.UNSPECIFIED.)
CURVE()
GEOMETRIC_REPRESENTATION_ITEM()
RATIONAL_B_SPLINE_CURVE((1.,1.,1.,1.,1.,1.,1.,1.,1.))
REPRESENTATION_ITEM('')
);
#562=(
BOUNDED_CURVE()
B_SPLINE_CURVE(5,(#5216,#5217,#5218,#5219,#5220,#5221,#5222,#5223,#5224,
#5225,#5226,#5227,#5228,#5229,#5230,#5231,#5232,#5233,#5234,#5235,#5236,
#5237,#5238,#5239,#5240,#5241,#5242,#5243,#5244,#5245,#5246,#5247,#5248,
#5249,#5250,#5251,#5252,#5253,#5254,#5255,#5256,#5257,#5258,#5259,#5260,
#5261,#5262,#5263,#5264,#5265,#5266,#5267,#5268,#5269,#5270,#5271,#5272,
#5273,#5274,#5275,#5276,#5277),.UNSPECIFIED.,.F.,.F.)
B_SPLINE_CURVE_WITH_KNOTS((6,1,1,1,1,1,1,1,1,1,1,1,1,1,1,1,1,1,1,1,1,1,
1,1,1,1,1,1,1,1,1,1,1,1,1,1,1,1,1,1,1,1,1,1,1,1,1,1,1,1,1,1,1,1,1,1,1,6),
(0.,0.00499999999999923,0.00999999999999923,0.0149999999999992,0.0199999999999992,
0.0249999999999992,0.0299999999999992,0.0349999999999993,0.0399999999999993,
0.0449999999999993,0.0499999999999993,0.0549999999999993,0.0599999999999993,
0.0649999999999993,0.0699999999999993,0.0749999999999993,0.0799999999999993,
0.0849999999999993,0.0899999999999993,0.0949999999999993,0.0999999999999993,
0.104999999999999,0.109999999999999,0.114999999999999,0.119999999999999,
0.124999999999999,0.129999999999999,0.134999999999999,0.139999999999999,
0.144999999999999,0.149999999999999,0.154999999999999,0.159999999999999,
0.164999999999999,0.169999999999999,0.174999999999999,0.179999999999999,
0.184999999999999,0.189999999999999,0.194999999999999,0.199999999999999,
0.204999999999999,0.209999999999999,0.214999999999999,0.219999999999999,
0.224999999999999,0.229999999999999,0.234999999999999,0.239999999999999,
0.244999999999999,0.249999999999999,0.254999999999999,0.259999999999999,
0.264999999999999,0.269999999999999,0.274999999999999,0.279999999999999,
0.284926111549531),.UNSPECIFIED.)
CURVE()
GEOMETRIC_REPRESENTATION_ITEM()
RATIONAL_B_SPLINE_CURVE((1.,1.,1.,1.,1.,1.,1.,1.,1.,1.,1.,1.,1.,1.,1.,1.,
1.,1.,1.,1.,1.,1.,1.,1.,1.,1.,1.,1.,1.,1.,1.,1.,1.,1.,1.,1.,1.,1.,1.,1.,
1.,1.,1.,1.,1.,1.,1.,1.,1.,1.,1.,1.,1.,1.,1.,1.,1.,1.,1.,1.,1.,1.))
REPRESENTATION_ITEM('')
);
#563=(
BOUNDED_CURVE()
B_SPLINE_CURVE(5,(#5281,#5282,#5283,#5284,#5285,#5286,#5287,#5288,#5289,
#5290,#5291,#5292,#5293,#5294,#5295,#5296,#5297,#5298,#5299,#5300,#5301,
#5302,#5303,#5304,#5305,#5306,#5307,#5308,#5309,#5310,#5311,#5312,#5313,
#5314,#5315,#5316,#5317,#5318,#5319,#5320,#5321,#5322,#5323,#5324,#5325,
#5326,#5327),.UNSPECIFIED.,.F.,.F.)
B_SPLINE_CURVE_WITH_KNOTS((6,1,1,1,1,1,1,1,1,1,1,1,1,1,1,1,1,1,1,1,1,1,
1,1,1,1,1,1,1,1,1,1,1,1,1,1,1,1,1,1,1,1,6),(0.105061206351151,0.107692307692308,
0.123076923076923,0.138461538461538,0.153846153846154,0.169230769230769,
0.184615384615385,0.2,0.215384615384615,0.230769230769231,0.246153846153846,
0.261538461538462,0.276923076923077,0.292307692307692,0.307692307692308,
0.323076923076923,0.338461538461538,0.353846153846154,0.369230769230769,
0.384615384615385,0.4,0.415384615384615,0.430769230769231,0.446153846153846,
0.461538461538462,0.476923076923077,0.492307692307692,0.507692307692308,
0.523076923076923,0.538461538461538,0.553846153846154,0.569230769230769,
0.584615384615384,0.6,0.615384615384615,0.63076923076923,0.646153846153846,
0.661538461538461,0.676923076923076,0.692307692307692,0.707692307692307,
0.723076923076922,0.733709882110059),.UNSPECIFIED.)
CURVE()
GEOMETRIC_REPRESENTATION_ITEM()
RATIONAL_B_SPLINE_CURVE((1.,1.,1.,1.,1.,1.,1.,1.,1.,1.,1.,1.,1.,1.,1.,1.,
1.,1.,1.,1.,1.,1.,1.,1.,1.,1.,1.,1.,1.,1.,1.,1.,1.,1.,1.,1.,1.,1.,1.,1.,
1.,1.,1.,1.,1.,1.,1.))
REPRESENTATION_ITEM('')
);
#564=(
BOUNDED_CURVE()
B_SPLINE_CURVE(5,(#5331,#5332,#5333,#5334,#5335,#5336,#5337,#5338,#5339,
#5340,#5341,#5342,#5343,#5344,#5345,#5346,#5347,#5348,#5349,#5350,#5351,
#5352,#5353,#5354,#5355,#5356,#5357,#5358,#5359,#5360,#5361,#5362,#5363,
#5364),.UNSPECIFIED.,.F.,.F.)
B_SPLINE_CURVE_WITH_KNOTS((6,1,1,1,1,1,1,1,1,1,1,1,1,1,1,1,1,1,1,1,1,1,
1,1,1,1,1,1,1,6),(-0.173375334026667,-0.16969696969697,-0.163636363636364,
-0.157575757575758,-0.151515151515152,-0.145454545454545,-0.139393939393939,
-0.133333333333333,-0.127272727272727,-0.121212121212121,-0.115151515151515,
-0.109090909090909,-0.103030303030303,-0.0969696969696969,-0.0909090909090909,
-0.0848484848484848,-0.0787878787878788,-0.0727272727272727,-0.0666666666666667,
-0.0606060606060606,-0.0545454545454545,-0.0484848484848485,-0.0424242424242424,
-0.0363636363636364,-0.0303030303030303,-0.0242424242424242,-0.0181818181818182,
-0.0121212121212121,-0.00606060606060606,0.),.UNSPECIFIED.)
CURVE()
GEOMETRIC_REPRESENTATION_ITEM()
RATIONAL_B_SPLINE_CURVE((1.,1.,1.,1.,1.,1.,1.,1.,1.,1.,1.,1.,1.,1.,1.,1.,
1.,1.,1.,1.,1.,1.,1.,1.,1.,1.,1.,1.,1.,1.,1.,1.,1.,1.))
REPRESENTATION_ITEM('')
);
#565=(
BOUNDED_CURVE()
B_SPLINE_CURVE(5,(#5366,#5367,#5368,#5369,#5370,#5371,#5372,#5373,#5374,
#5375,#5376,#5377,#5378,#5379,#5380,#5381,#5382,#5383,#5384,#5385,#5386,
#5387,#5388,#5389,#5390,#5391,#5392,#5393,#5394,#5395,#5396,#5397,#5398,
#5399,#5400,#5401,#5402,#5403,#5404,#5405,#5406,#5407,#5408,#5409,#5410,
#5411,#5412,#5413,#5414,#5415,#5416,#5417,#5418,#5419,#5420,#5421,#5422,
#5423,#5424,#5425,#5426,#5427,#5428,#5429,#5430,#5431,#5432,#5433,#5434,
#5435,#5436,#5437,#5438,#5439,#5440,#5441,#5442,#5443,#5444,#5445,#5446,
#5447,#5448,#5449,#5450,#5451,#5452,#5453,#5454,#5455,#5456,#5457,#5458,
#5459,#5460,#5461,#5462,#5463,#5464,#5465,#5466,#5467,#5468,#5469,#5470,
#5471,#5472,#5473,#5474,#5475,#5476,#5477,#5478,#5479,#5480,#5481,#5482,
#5483,#5484,#5485,#5486,#5487,#5488,#5489,#5490,#5491,#5492,#5493,#5494,
#5495,#5496,#5497,#5498,#5499,#5500,#5501,#5502,#5503,#5504,#5505,#5506,
#5507,#5508,#5509,#5510,#5511,#5512,#5513,#5514,#5515,#5516,#5517,#5518),
 .UNSPECIFIED.,.F.,.F.)
B_SPLINE_CURVE_WITH_KNOTS((6,1,1,1,1,1,1,1,1,1,1,1,1,1,1,1,1,1,1,1,1,1,
1,1,1,1,1,1,1,1,1,1,1,1,1,1,1,1,1,1,1,1,1,1,1,1,1,1,1,1,1,1,1,1,1,1,1,1,
1,1,1,1,1,1,1,1,1,1,1,1,1,1,1,1,1,1,1,1,1,1,1,1,1,1,1,1,1,1,1,1,1,1,1,1,
1,1,1,1,1,1,1,1,1,1,1,1,1,1,1,1,1,1,1,1,1,1,1,1,1,1,1,1,1,1,1,1,1,1,1,1,
1,1,1,1,1,1,1,1,1,1,1,1,1,1,1,1,1,1,6),(0.,0.00392156862745098,0.00784313725490196,
0.0117647058823529,0.0156862745098039,0.0196078431372549,0.0235294117647059,
0.0274509803921569,0.0313725490196078,0.0352941176470588,0.0392156862745098,
0.0431372549019608,0.0470588235294118,0.0509803921568627,0.0549019607843137,
0.0588235294117647,0.0627450980392157,0.0666666666666667,0.0705882352941176,
0.0745098039215686,0.0784313725490196,0.0823529411764706,0.0862745098039216,
0.0901960784313725,0.0941176470588235,0.0980392156862745,0.101960784313725,
0.105882352941176,0.109803921568627,0.113725490196078,0.117647058823529,
0.12156862745098,0.125490196078431,0.129411764705882,0.133333333333333,
0.137254901960784,0.141176470588235,0.145098039215686,0.149019607843137,
0.152941176470588,0.156862745098039,0.16078431372549,0.164705882352941,
0.168627450980392,0.172549019607843,0.176470588235294,0.180392156862745,
0.184313725490196,0.188235294117647,0.192156862745098,0.196078431372549,
0.2,0.203921568627451,0.207843137254902,0.211764705882353,0.215686274509804,
0.219607843137255,0.223529411764706,0.227450980392156,0.231372549019607,
0.235294117647058,0.239215686274509,0.24313725490196,0.247058823529411,
0.250980392156862,0.254901960784313,0.258823529411764,0.262745098039215,
0.266666666666666,0.270588235294117,0.274509803921568,0.278431372549019,
0.28235294117647,0.286274509803921,0.290196078431372,0.294117647058823,
0.298039215686274,0.301960784313725,0.305882352941176,0.309803921568627,
0.313725490196078,0.317647058823529,0.32156862745098,0.325490196078431,
0.329411764705882,0.333333333333333,0.337254901960784,0.341176470588235,
0.345098039215685,0.349019607843136,0.352941176470587,0.356862745098038,
0.360784313725489,0.36470588235294,0.368627450980391,0.372549019607842,
0.376470588235293,0.380392156862744,0.384313725490195,0.388235294117646,
0.392156862745097,0.396078431372548,0.399999999999999,0.40392156862745,
0.407843137254901,0.411764705882352,0.415686274509803,0.419607843137254,
0.423529411764705,0.427450980392156,0.431372549019607,0.435294117647058,
0.439215686274509,0.44313725490196,0.447058823529411,0.450980392156862,
0.454901960784313,0.458823529411764,0.462745098039214,0.466666666666665,
0.470588235294116,0.474509803921567,0.478431372549018,0.482352941176469,
0.48627450980392,0.490196078431371,0.494117647058822,0.498039215686273,
0.501960784313724,0.505882352941175,0.509803921568626,0.513725490196077,
0.517647058823528,0.521568627450979,0.52549019607843,0.529411764705881,
0.533333333333332,0.537254901960783,0.541176470588234,0.545098039215685,
0.549019607843136,0.552941176470587,0.556862745098038,0.560784313725489,
0.56470588235294,0.568627450980391,0.572549019607842,0.576470588235293,
0.576976671170004),.UNSPECIFIED.)
CURVE()
GEOMETRIC_REPRESENTATION_ITEM()
RATIONAL_B_SPLINE_CURVE((1.,1.,1.,1.,1.,1.,1.,1.,1.,1.,1.,1.,1.,1.,1.,1.,
1.,1.,1.,1.,1.,1.,1.,1.,1.,1.,1.,1.,1.,1.,1.,1.,1.,1.,1.,1.,1.,1.,1.,1.,
1.,1.,1.,1.,1.,1.,1.,1.,1.,1.,1.,1.,1.,1.,1.,1.,1.,1.,1.,1.,1.,1.,1.,1.,
1.,1.,1.,1.,1.,1.,1.,1.,1.,1.,1.,1.,1.,1.,1.,1.,1.,1.,1.,1.,1.,1.,1.,1.,
1.,1.,1.,1.,1.,1.,1.,1.,1.,1.,1.,1.,1.,1.,1.,1.,1.,1.,1.,1.,1.,1.,1.,1.,
1.,1.,1.,1.,1.,1.,1.,1.,1.,1.,1.,1.,1.,1.,1.,1.,1.,1.,1.,1.,1.,1.,1.,1.,
1.,1.,1.,1.,1.,1.,1.,1.,1.,1.,1.,1.,1.,1.,1.,1.,1.))
REPRESENTATION_ITEM('')
);
#566=(
BOUNDED_CURVE()
B_SPLINE_CURVE(5,(#5522,#5523,#5524,#5525,#5526,#5527,#5528,#5529,#5530,
#5531,#5532,#5533,#5534,#5535,#5536,#5537,#5538,#5539,#5540,#5541,#5542,
#5543,#5544,#5545,#5546,#5547,#5548,#5549,#5550,#5551,#5552,#5553,#5554,
#5555,#5556),.UNSPECIFIED.,.F.,.F.)
B_SPLINE_CURVE_WITH_KNOTS((6,1,1,1,1,1,1,1,1,1,1,1,1,1,1,1,1,1,1,1,1,1,
1,1,1,1,1,1,1,1,6),(0.871573965995868,0.874509803921566,0.878431372549017,
0.882352941176468,0.886274509803919,0.89019607843137,0.894117647058821,
0.898039215686272,0.901960784313723,0.905882352941174,0.909803921568625,
0.913725490196076,0.917647058823527,0.921568627450978,0.925490196078429,
0.929411764705879,0.93333333333333,0.937254901960781,0.941176470588232,
0.945098039215683,0.949019607843134,0.952941176470585,0.956862745098036,
0.960784313725487,0.964705882352938,0.968627450980389,0.97254901960784,
0.976470588235291,0.980392156862742,0.984313725490193,0.985537220647399),
 .UNSPECIFIED.)
CURVE()
GEOMETRIC_REPRESENTATION_ITEM()
RATIONAL_B_SPLINE_CURVE((1.,1.,1.,1.,1.,1.,1.,1.,1.,1.,1.,1.,1.,1.,1.,1.,
1.,1.,1.,1.,1.,1.,1.,1.,1.,1.,1.,1.,1.,1.,1.,1.,1.,1.,1.))
REPRESENTATION_ITEM('')
);
#567=(
BOUNDED_CURVE()
B_SPLINE_CURVE(5,(#5568,#5569,#5570,#5571,#5572,#5573,#5574,#5575,#5576,
#5577,#5578,#5579,#5580,#5581,#5582,#5583,#5584,#5585,#5586,#5587,#5588,
#5589,#5590,#5591,#5592,#5593,#5594,#5595,#5596,#5597,#5598,#5599,#5600,
#5601,#5602,#5603,#5604,#5605,#5606,#5607,#5608,#5609,#5610,#5611,#5612,
#5613,#5614,#5615,#5616,#5617,#5618,#5619,#5620,#5621,#5622,#5623,#5624,
#5625,#5626,#5627,#5628,#5629,#5630,#5631,#5632,#5633,#5634,#5635,#5636,
#5637,#5638,#5639,#5640,#5641,#5642,#5643,#5644,#5645,#5646,#5647,#5648),
 .UNSPECIFIED.,.F.,.F.)
B_SPLINE_CURVE_WITH_KNOTS((6,1,1,1,1,1,1,1,1,1,1,1,1,1,1,1,1,1,1,1,1,1,
1,1,1,1,1,1,1,1,1,1,1,1,1,1,1,1,1,1,1,1,1,1,1,1,1,1,1,1,1,1,1,1,1,1,1,1,
1,1,1,1,1,1,1,1,1,1,1,1,1,1,1,1,1,1,6),(0.576976671170004,0.580392156862743,
0.584313725490194,0.588235294117645,0.592156862745096,0.596078431372547,
0.599999999999998,0.603921568627449,0.6078431372549,0.611764705882351,0.615686274509802,
0.619607843137253,0.623529411764704,0.627450980392155,0.631372549019606,
0.635294117647057,0.639215686274508,0.643137254901959,0.64705882352941,
0.650980392156861,0.654901960784312,0.658823529411763,0.662745098039214,
0.666666666666665,0.670588235294116,0.674509803921567,0.678431372549018,
0.682352941176469,0.68627450980392,0.690196078431371,0.694117647058822,
0.698039215686272,0.701960784313723,0.705882352941174,0.709803921568625,
0.713725490196076,0.717647058823527,0.721568627450978,0.725490196078429,
0.72941176470588,0.733333333333331,0.737254901960782,0.741176470588233,
0.745098039215684,0.749019607843135,0.752941176470586,0.756862745098037,
0.760784313725488,0.764705882352939,0.76862745098039,0.772549019607841,
0.776470588235292,0.780392156862743,0.784313725490194,0.788235294117645,
0.792156862745096,0.796078431372547,0.799999999999998,0.803921568627449,
0.8078431372549,0.811764705882351,0.815686274509801,0.819607843137252,0.823529411764703,
0.827450980392154,0.831372549019605,0.835294117647056,0.839215686274507,
0.843137254901958,0.847058823529409,0.85098039215686,0.854901960784311,
0.858823529411762,0.862745098039213,0.866666666666664,0.870588235294115,
0.871573965995868),.UNSPECIFIED.)
CURVE()
GEOMETRIC_REPRESENTATION_ITEM()
RATIONAL_B_SPLINE_CURVE((1.,1.,1.,1.,1.,1.,1.,1.,1.,1.,1.,1.,1.,1.,1.,1.,
1.,1.,1.,1.,1.,1.,1.,1.,1.,1.,1.,1.,1.,1.,1.,1.,1.,1.,1.,1.,1.,1.,1.,1.,
1.,1.,1.,1.,1.,1.,1.,1.,1.,1.,1.,1.,1.,1.,1.,1.,1.,1.,1.,1.,1.,1.,1.,1.,
1.,1.,1.,1.,1.,1.,1.,1.,1.,1.,1.,1.,1.,1.,1.,1.,1.))
REPRESENTATION_ITEM('')
);
#568=(
BOUNDED_CURVE()
B_SPLINE_CURVE(5,(#5651,#5652,#5653,#5654,#5655,#5656,#5657,#5658,#5659),
 .UNSPECIFIED.,.F.,.F.)
B_SPLINE_CURVE_WITH_KNOTS((6,1,1,1,6),(0.985537220647399,0.988235294117644,
0.992156862745095,0.996078431372546,1.),.UNSPECIFIED.)
CURVE()
GEOMETRIC_REPRESENTATION_ITEM()
RATIONAL_B_SPLINE_CURVE((1.,1.,1.,1.,1.,1.,1.,1.,1.))
REPRESENTATION_ITEM('')
);
#569=(
BOUNDED_CURVE()
B_SPLINE_CURVE(5,(#5660,#5661,#5662,#5663,#5664,#5665,#5666,#5667,#5668,
#5669,#5670,#5671,#5672,#5673,#5674,#5675,#5676,#5677,#5678,#5679,#5680,
#5681,#5682,#5683,#5684,#5685,#5686,#5687,#5688,#5689,#5690,#5691,#5692,
#5693,#5694,#5695,#5696,#5697,#5698,#5699,#5700,#5701,#5702,#5703,#5704,
#5705,#5706,#5707,#5708,#5709,#5710,#5711,#5712,#5713,#5714,#5715,#5716,
#5717,#5718,#5719,#5720,#5721,#5722,#5723,#5724,#5725,#5726,#5727,#5728,
#5729,#5730,#5731,#5732,#5733,#5734,#5735,#5736,#5737,#5738,#5739,#5740,
#5741,#5742,#5743,#5744,#5745,#5746,#5747,#5748,#5749,#5750,#5751,#5752,
#5753,#5754,#5755,#5756,#5757,#5758,#5759,#5760,#5761,#5762,#5763,#5764,
#5765,#5766,#5767,#5768,#5769,#5770,#5771,#5772,#5773,#5774,#5775,#5776,
#5777,#5778,#5779,#5780,#5781,#5782,#5783,#5784,#5785,#5786,#5787,#5788,
#5789,#5790,#5791,#5792,#5793,#5794,#5795,#5796,#5797,#5798,#5799,#5800,
#5801),.UNSPECIFIED.,.F.,.F.)
B_SPLINE_CURVE_WITH_KNOTS((6,1,1,1,1,1,1,1,1,1,1,1,1,1,1,1,1,1,1,1,1,1,
1,1,1,1,1,1,1,1,1,1,1,1,1,1,1,1,1,1,1,1,1,1,1,1,1,1,1,1,1,1,1,1,1,1,1,1,
1,1,1,1,1,1,1,1,1,1,1,1,1,1,1,1,1,1,1,1,1,1,1,1,1,1,1,1,1,1,1,1,1,1,1,1,
1,1,1,1,1,1,1,1,1,1,1,1,1,1,1,1,1,1,1,1,1,1,1,1,1,1,1,1,1,1,1,1,1,1,1,1,
1,1,1,1,1,1,1,6),(0.173375334026667,0.175757575757576,0.181818181818182,
0.187878787878788,0.193939393939394,0.2,0.206060606060606,0.212121212121212,
0.218181818181818,0.224242424242424,0.23030303030303,0.236363636363637,
0.242424242424243,0.248484848484849,0.254545454545455,0.260606060606061,
0.266666666666667,0.272727272727273,0.278787878787879,0.284848484848485,
0.290909090909091,0.296969696969697,0.303030303030303,0.309090909090909,
0.315151515151515,0.321212121212121,0.327272727272727,0.333333333333333,
0.339393939393939,0.345454545454545,0.351515151515151,0.357575757575757,
0.363636363636364,0.36969696969697,0.375757575757576,0.381818181818182,
0.387878787878788,0.393939393939394,0.4,0.406060606060606,0.412121212121212,
0.418181818181818,0.424242424242424,0.43030303030303,0.436363636363636,
0.442424242424242,0.448484848484848,0.454545454545454,0.46060606060606,
0.466666666666666,0.472727272727272,0.478787878787878,0.484848484848484,
0.49090909090909,0.496969696969697,0.503030303030303,0.509090909090909,
0.515151515151515,0.521212121212121,0.527272727272727,0.533333333333333,
0.539393939393939,0.545454545454545,0.551515151515151,0.557575757575758,
0.563636363636364,0.56969696969697,0.575757575757576,0.581818181818182,
0.587878787878788,0.593939393939394,0.6,0.606060606060606,0.612121212121212,
0.618181818181818,0.624242424242425,0.630303030303031,0.636363636363637,
0.642424242424243,0.648484848484849,0.654545454545455,0.660606060606061,
0.666666666666667,0.672727272727273,0.678787878787879,0.684848484848486,
0.690909090909092,0.696969696969698,0.703030303030304,0.70909090909091,
0.715151515151516,0.721212121212122,0.727272727272728,0.733333333333334,
0.73939393939394,0.745454545454547,0.751515151515153,0.757575757575759,
0.763636363636365,0.769696969696971,0.775757575757577,0.781818181818183,
0.787878787878789,0.793939393939395,0.800000000000001,0.806060606060608,
0.812121212121214,0.81818181818182,0.824242424242426,0.830303030303032,
0.836363636363638,0.842424242424244,0.84848484848485,0.854545454545456,
0.860606060606062,0.866666666666669,0.872727272727275,0.878787878787881,
0.884848484848487,0.890909090909093,0.896969696969699,0.903030303030305,
0.909090909090911,0.915151515151517,0.921212121212123,0.92727272727273,
0.933333333333336,0.939393939393942,0.945454545454548,0.951515151515154,
0.95757575757576,0.963636363636366,0.969696969696972,0.975757575757578,
0.981818181818184,0.987878787878791,0.993939393939397,1.),.UNSPECIFIED.)
CURVE()
GEOMETRIC_REPRESENTATION_ITEM()
RATIONAL_B_SPLINE_CURVE((1.,1.,1.,1.,1.,1.,1.,1.,1.,1.,1.,1.,1.,1.,1.,1.,
1.,1.,1.,1.,1.,1.,1.,1.,1.,1.,1.,1.,1.,1.,1.,1.,1.,1.,1.,1.,1.,1.,1.,1.,
1.,1.,1.,1.,1.,1.,1.,1.,1.,1.,1.,1.,1.,1.,1.,1.,1.,1.,1.,1.,1.,1.,1.,1.,
1.,1.,1.,1.,1.,1.,1.,1.,1.,1.,1.,1.,1.,1.,1.,1.,1.,1.,1.,1.,1.,1.,1.,1.,
1.,1.,1.,1.,1.,1.,1.,1.,1.,1.,1.,1.,1.,1.,1.,1.,1.,1.,1.,1.,1.,1.,1.,1.,
1.,1.,1.,1.,1.,1.,1.,1.,1.,1.,1.,1.,1.,1.,1.,1.,1.,1.,1.,1.,1.,1.,1.,1.,
1.,1.,1.,1.,1.,1.))
REPRESENTATION_ITEM('')
);
#570=(
BOUNDED_CURVE()
B_SPLINE_CURVE(5,(#6325,#6326,#6327,#6328,#6329,#6330,#6331,#6332,#6333,
#6334,#6335,#6336,#6337,#6338,#6339,#6340,#6341,#6342,#6343,#6344,#6345,
#6346,#6347,#6348,#6349,#6350,#6351,#6352,#6353,#6354,#6355,#6356,#6357,
#6358,#6359,#6360,#6361,#6362,#6363,#6364,#6365,#6366,#6367,#6368,#6369,
#6370,#6371,#6372,#6373,#6374,#6375,#6376,#6377,#6378,#6379,#6380,#6381,
#6382,#6383,#6384,#6385,#6386,#6387,#6388,#6389,#6390,#6391,#6392,#6393,
#6394,#6395,#6396,#6397,#6398,#6399,#6400,#6401,#6402,#6403,#6404,#6405,
#6406,#6407,#6408,#6409,#6410,#6411,#6412,#6413,#6414,#6415,#6416,#6417,
#6418,#6419,#6420,#6421,#6422,#6423,#6424,#6425,#6426,#6427,#6428,#6429,
#6430,#6431,#6432,#6433,#6434,#6435,#6436,#6437,#6438,#6439,#6440,#6441,
#6442,#6443,#6444,#6445,#6446,#6447,#6448,#6449,#6450,#6451,#6452,#6453,
#6454,#6455,#6456,#6457,#6458,#6459,#6460,#6461,#6462,#6463,#6464,#6465,
#6466,#6467,#6468,#6469,#6470,#6471,#6472,#6473,#6474,#6475,#6476,#6477,
#6478,#6479,#6480,#6481,#6482,#6483,#6484,#6485,#6486,#6487,#6488,#6489,
#6490,#6491,#6492,#6493,#6494,#6495,#6496,#6497,#6498,#6499,#6500,#6501,
#6502,#6503,#6504,#6505,#6506,#6507,#6508,#6509,#6510,#6511,#6512,#6513,
#6514,#6515,#6516,#6517,#6518,#6519,#6520,#6521,#6522,#6523,#6524,#6525,
#6526,#6527,#6528,#6529,#6530,#6531,#6532,#6533,#6534,#6535,#6536,#6537,
#6538,#6539,#6540,#6541,#6542,#6543,#6544,#6545,#6546,#6547,#6548,#6549,
#6550,#6551,#6552,#6553,#6554,#6555,#6556,#6557,#6558,#6559,#6560,#6561,
#6562,#6563,#6564,#6565,#6566,#6567,#6568,#6569,#6570,#6571,#6572,#6573,
#6574,#6575,#6576,#6577,#6578,#6579,#6580,#6581,#6582,#6583,#6584),
 .UNSPECIFIED.,.F.,.F.)
B_SPLINE_CURVE_WITH_KNOTS((6,1,1,1,1,1,1,1,1,1,1,1,1,1,1,1,1,1,1,1,1,1,
1,1,1,1,1,1,1,1,1,1,1,1,1,1,1,1,1,1,1,1,1,1,1,1,1,1,1,1,1,1,1,1,1,1,1,1,
1,1,1,1,1,1,1,1,1,1,1,1,1,1,1,1,1,1,1,1,1,1,1,1,1,1,1,1,1,1,1,1,1,1,1,1,
1,1,1,1,1,1,1,1,1,1,1,1,1,1,1,1,1,1,1,1,1,1,1,1,1,1,1,1,1,1,1,1,1,1,1,1,
1,1,1,1,1,1,1,1,1,1,1,1,1,1,1,1,1,1,1,1,1,1,1,1,1,1,1,1,1,1,1,1,1,1,1,1,
1,1,1,1,1,1,1,1,1,1,1,1,1,1,1,1,1,1,1,1,1,1,1,1,1,1,1,1,1,1,1,1,1,1,1,1,
1,1,1,1,1,1,1,1,1,1,1,1,1,1,1,1,1,1,1,1,1,1,1,1,1,1,1,1,1,1,1,1,1,1,1,1,
1,1,1,1,1,1,1,1,1,1,1,1,1,1,1,1,1,6),(-1.,-0.996078431372546,-0.992156862745095,
-0.988235294117644,-0.984313725490193,-0.980392156862742,-0.976470588235291,
-0.97254901960784,-0.968627450980389,-0.964705882352938,-0.960784313725487,
-0.956862745098036,-0.952941176470585,-0.949019607843134,-0.945098039215683,
-0.941176470588232,-0.937254901960781,-0.93333333333333,-0.929411764705879,
-0.925490196078429,-0.921568627450978,-0.917647058823527,-0.913725490196076,
-0.909803921568625,-0.905882352941174,-0.901960784313723,-0.898039215686272,
-0.894117647058821,-0.89019607843137,-0.886274509803919,-0.882352941176468,
-0.878431372549017,-0.874509803921566,-0.870588235294115,-0.866666666666664,
-0.862745098039213,-0.858823529411762,-0.854901960784311,-0.85098039215686,
-0.847058823529409,-0.843137254901958,-0.839215686274507,-0.835294117647056,
-0.831372549019605,-0.827450980392154,-0.823529411764703,-0.819607843137252,
-0.815686274509801,-0.811764705882351,-0.8078431372549,-0.803921568627449,
-0.799999999999998,-0.796078431372547,-0.792156862745096,-0.788235294117645,
-0.784313725490194,-0.780392156862743,-0.776470588235292,-0.772549019607841,
-0.76862745098039,-0.764705882352939,-0.760784313725488,-0.756862745098037,
-0.752941176470586,-0.749019607843135,-0.745098039215684,-0.741176470588233,
-0.737254901960782,-0.733333333333331,-0.72941176470588,-0.725490196078429,
-0.721568627450978,-0.717647058823527,-0.713725490196076,-0.709803921568625,
-0.705882352941174,-0.701960784313723,-0.698039215686272,-0.694117647058822,
-0.690196078431371,-0.68627450980392,-0.682352941176469,-0.678431372549018,
-0.674509803921567,-0.670588235294116,-0.666666666666665,-0.662745098039214,
-0.658823529411763,-0.654901960784312,-0.650980392156861,-0.64705882352941,
-0.643137254901959,-0.639215686274508,-0.635294117647057,-0.631372549019606,
-0.627450980392155,-0.623529411764704,-0.619607843137253,-0.615686274509802,
-0.611764705882351,-0.6078431372549,-0.603921568627449,-0.599999999999998,
-0.596078431372547,-0.592156862745096,-0.588235294117645,-0.584313725490194,
-0.580392156862743,-0.576470588235293,-0.572549019607842,-0.568627450980391,
-0.56470588235294,-0.560784313725489,-0.556862745098038,-0.552941176470587,
-0.549019607843136,-0.545098039215685,-0.541176470588234,-0.537254901960783,
-0.533333333333332,-0.529411764705881,-0.52549019607843,-0.521568627450979,
-0.517647058823528,-0.513725490196077,-0.509803921568626,-0.505882352941175,
-0.501960784313724,-0.498039215686273,-0.494117647058822,-0.490196078431371,
-0.48627450980392,-0.482352941176469,-0.478431372549018,-0.474509803921567,
-0.470588235294116,-0.466666666666665,-0.462745098039214,-0.458823529411764,
-0.454901960784313,-0.450980392156862,-0.447058823529411,-0.44313725490196,
-0.439215686274509,-0.435294117647058,-0.431372549019607,-0.427450980392156,
-0.423529411764705,-0.419607843137254,-0.415686274509803,-0.411764705882352,
-0.407843137254901,-0.40392156862745,-0.399999999999999,-0.396078431372548,
-0.392156862745097,-0.388235294117646,-0.384313725490195,-0.380392156862744,
-0.376470588235293,-0.372549019607842,-0.368627450980391,-0.36470588235294,
-0.360784313725489,-0.356862745098038,-0.352941176470587,-0.349019607843136,
-0.345098039215685,-0.341176470588235,-0.337254901960784,-0.333333333333333,
-0.329411764705882,-0.325490196078431,-0.32156862745098,-0.317647058823529,
-0.313725490196078,-0.309803921568627,-0.305882352941176,-0.301960784313725,
-0.298039215686274,-0.294117647058823,-0.290196078431372,-0.286274509803921,
-0.28235294117647,-0.278431372549019,-0.274509803921568,-0.270588235294117,
-0.266666666666666,-0.262745098039215,-0.258823529411764,-0.254901960784313,
-0.250980392156862,-0.247058823529411,-0.24313725490196,-0.239215686274509,
-0.235294117647058,-0.231372549019607,-0.227450980392156,-0.223529411764706,
-0.219607843137255,-0.215686274509804,-0.211764705882353,-0.207843137254902,
-0.203921568627451,-0.2,-0.196078431372549,-0.192156862745098,-0.188235294117647,
-0.184313725490196,-0.180392156862745,-0.176470588235294,-0.172549019607843,
-0.168627450980392,-0.164705882352941,-0.16078431372549,-0.156862745098039,
-0.152941176470588,-0.149019607843137,-0.145098039215686,-0.141176470588235,
-0.137254901960784,-0.133333333333333,-0.129411764705882,-0.125490196078431,
-0.12156862745098,-0.117647058823529,-0.113725490196078,-0.109803921568627,
-0.105882352941176,-0.101960784313725,-0.0980392156862745,-0.0941176470588235,
-0.0901960784313725,-0.0862745098039216,-0.0823529411764706,-0.0784313725490196,
-0.0745098039215686,-0.0705882352941176,-0.0666666666666667,-0.0627450980392157,
-0.0588235294117647,-0.0549019607843137,-0.0509803921568627,-0.0470588235294118,
-0.0431372549019608,-0.0392156862745098,-0.0352941176470588,-0.0313725490196078,
-0.0274509803921569,-0.0235294117647059,-0.0196078431372549,-0.0156862745098039,
-0.0117647058823529,-0.00784313725490196,-0.00392156862745098,0.),
 .UNSPECIFIED.)
CURVE()
GEOMETRIC_REPRESENTATION_ITEM()
RATIONAL_B_SPLINE_CURVE((1.,1.,1.,1.,1.,1.,1.,1.,1.,1.,1.,1.,1.,1.,1.,1.,
1.,1.,1.,1.,1.,1.,1.,1.,1.,1.,1.,1.,1.,1.,1.,1.,1.,1.,1.,1.,1.,1.,1.,1.,
1.,1.,1.,1.,1.,1.,1.,1.,1.,1.,1.,1.,1.,1.,1.,1.,1.,1.,1.,1.,1.,1.,1.,1.,
1.,1.,1.,1.,1.,1.,1.,1.,1.,1.,1.,1.,1.,1.,1.,1.,1.,1.,1.,1.,1.,1.,1.,1.,
1.,1.,1.,1.,1.,1.,1.,1.,1.,1.,1.,1.,1.,1.,1.,1.,1.,1.,1.,1.,1.,1.,1.,1.,
1.,1.,1.,1.,1.,1.,1.,1.,1.,1.,1.,1.,1.,1.,1.,1.,1.,1.,1.,1.,1.,1.,1.,1.,
1.,1.,1.,1.,1.,1.,1.,1.,1.,1.,1.,1.,1.,1.,1.,1.,1.,1.,1.,1.,1.,1.,1.,1.,
1.,1.,1.,1.,1.,1.,1.,1.,1.,1.,1.,1.,1.,1.,1.,1.,1.,1.,1.,1.,1.,1.,1.,1.,
1.,1.,1.,1.,1.,1.,1.,1.,1.,1.,1.,1.,1.,1.,1.,1.,1.,1.,1.,1.,1.,1.,1.,1.,
1.,1.,1.,1.,1.,1.,1.,1.,1.,1.,1.,1.,1.,1.,1.,1.,1.,1.,1.,1.,1.,1.,1.,1.,
1.,1.,1.,1.,1.,1.,1.,1.,1.,1.,1.,1.,1.,1.,1.,1.,1.,1.,1.,1.,1.,1.,1.,1.,
1.,1.,1.,1.))
REPRESENTATION_ITEM('')
);
#571=(
BOUNDED_CURVE()
B_SPLINE_CURVE(5,(#6926,#6927,#6928,#6929,#6930,#6931,#6932,#6933,#6934,
#6935,#6936,#6937,#6938,#6939,#6940,#6941,#6942,#6943,#6944,#6945,#6946,
#6947,#6948,#6949,#6950,#6951,#6952,#6953,#6954,#6955,#6956,#6957,#6958,
#6959,#6960,#6961,#6962,#6963,#6964,#6965,#6966,#6967,#6968,#6969,#6970,
#6971,#6972,#6973,#6974,#6975,#6976,#6977,#6978,#6979,#6980,#6981,#6982,
#6983,#6984,#6985,#6986,#6987,#6988,#6989,#6990,#6991,#6992,#6993,#6994,
#6995,#6996,#6997,#6998,#6999,#7000,#7001,#7002,#7003,#7004,#7005,#7006,
#7007,#7008,#7009,#7010,#7011,#7012,#7013,#7014,#7015,#7016,#7017,#7018,
#7019,#7020,#7021,#7022,#7023,#7024,#7025,#7026,#7027,#7028,#7029,#7030,
#7031,#7032,#7033,#7034,#7035,#7036,#7037,#7038,#7039,#7040,#7041,#7042,
#7043,#7044,#7045,#7046,#7047,#7048,#7049,#7050,#7051,#7052,#7053,#7054,
#7055,#7056,#7057,#7058,#7059,#7060,#7061,#7062,#7063,#7064,#7065,#7066,
#7067,#7068,#7069,#7070,#7071,#7072,#7073,#7074,#7075,#7076,#7077,#7078,
#7079,#7080,#7081,#7082,#7083,#7084,#7085,#7086,#7087,#7088,#7089,#7090,
#7091,#7092,#7093,#7094,#7095),.UNSPECIFIED.,.F.,.F.)
B_SPLINE_CURVE_WITH_KNOTS((6,1,1,1,1,1,1,1,1,1,1,1,1,1,1,1,1,1,1,1,1,1,
1,1,1,1,1,1,1,1,1,1,1,1,1,1,1,1,1,1,1,1,1,1,1,1,1,1,1,1,1,1,1,1,1,1,1,1,
1,1,1,1,1,1,1,1,1,1,1,1,1,1,1,1,1,1,1,1,1,1,1,1,1,1,1,1,1,1,1,1,1,1,1,1,
1,1,1,1,1,1,1,1,1,1,1,1,1,1,1,1,1,1,1,1,1,1,1,1,1,1,1,1,1,1,1,1,1,1,1,1,
1,1,1,1,1,1,1,1,1,1,1,1,1,1,1,1,1,1,1,1,1,1,1,1,1,1,1,1,1,1,1,1,1,1,1,6),
(0.,0.00606060606060606,0.0121212121212121,0.0181818181818182,0.0242424242424242,
0.0303030303030303,0.0363636363636364,0.0424242424242424,0.0484848484848485,
0.0545454545454545,0.0606060606060606,0.0666666666666667,0.0727272727272727,
0.0787878787878788,0.0848484848484848,0.0909090909090909,0.0969696969696969,
0.103030303030303,0.109090909090909,0.115151515151515,0.121212121212121,
0.127272727272727,0.133333333333333,0.139393939393939,0.145454545454545,
0.151515151515152,0.157575757575758,0.163636363636364,0.16969696969697,
0.175757575757576,0.181818181818182,0.187878787878788,0.193939393939394,
0.2,0.206060606060606,0.212121212121212,0.218181818181818,0.224242424242424,
0.23030303030303,0.236363636363637,0.242424242424243,0.248484848484849,
0.254545454545455,0.260606060606061,0.266666666666667,0.272727272727273,
0.278787878787879,0.284848484848485,0.290909090909091,0.296969696969697,
0.303030303030303,0.309090909090909,0.315151515151515,0.321212121212121,
0.327272727272727,0.333333333333333,0.339393939393939,0.345454545454545,
0.351515151515151,0.357575757575757,0.363636363636364,0.36969696969697,
0.375757575757576,0.381818181818182,0.387878787878788,0.393939393939394,
0.4,0.406060606060606,0.412121212121212,0.418181818181818,0.424242424242424,
0.43030303030303,0.436363636363636,0.442424242424242,0.448484848484848,
0.454545454545454,0.46060606060606,0.466666666666666,0.472727272727272,
0.478787878787878,0.484848484848484,0.49090909090909,0.496969696969697,
0.503030303030303,0.509090909090909,0.515151515151515,0.521212121212121,
0.527272727272727,0.533333333333333,0.539393939393939,0.545454545454545,
0.551515151515151,0.557575757575758,0.563636363636364,0.56969696969697,
0.575757575757576,0.581818181818182,0.587878787878788,0.593939393939394,
0.6,0.606060606060606,0.612121212121212,0.618181818181818,0.624242424242425,
0.630303030303031,0.636363636363637,0.642424242424243,0.648484848484849,
0.654545454545455,0.660606060606061,0.666666666666667,0.672727272727273,
0.678787878787879,0.684848484848486,0.690909090909092,0.696969696969698,
0.703030303030304,0.70909090909091,0.715151515151516,0.721212121212122,
0.727272727272728,0.733333333333334,0.73939393939394,0.745454545454547,
0.751515151515153,0.757575757575759,0.763636363636365,0.769696969696971,
0.775757575757577,0.781818181818183,0.787878787878789,0.793939393939395,
0.800000000000001,0.806060606060608,0.812121212121214,0.81818181818182,
0.824242424242426,0.830303030303032,0.836363636363638,0.842424242424244,
0.84848484848485,0.854545454545456,0.860606060606062,0.866666666666669,
0.872727272727275,0.878787878787881,0.884848484848487,0.890909090909093,
0.896969696969699,0.903030303030305,0.909090909090911,0.915151515151517,
0.921212121212123,0.92727272727273,0.933333333333336,0.939393939393942,
0.945454545454548,0.951515151515154,0.95757575757576,0.963636363636366,
0.969696969696972,0.975757575757578,0.981818181818184,0.987878787878791,
0.993939393939397,1.),.UNSPECIFIED.)
CURVE()
GEOMETRIC_REPRESENTATION_ITEM()
RATIONAL_B_SPLINE_CURVE((1.,1.,1.,1.,1.,1.,1.,1.,1.,1.,1.,1.,1.,1.,1.,1.,
1.,1.,1.,1.,1.,1.,1.,1.,1.,1.,1.,1.,1.,1.,1.,1.,1.,1.,1.,1.,1.,1.,1.,1.,
1.,1.,1.,1.,1.,1.,1.,1.,1.,1.,1.,1.,1.,1.,1.,1.,1.,1.,1.,1.,1.,1.,1.,1.,
1.,1.,1.,1.,1.,1.,1.,1.,1.,1.,1.,1.,1.,1.,1.,1.,1.,1.,1.,1.,1.,1.,1.,1.,
1.,1.,1.,1.,1.,1.,1.,1.,1.,1.,1.,1.,1.,1.,1.,1.,1.,1.,1.,1.,1.,1.,1.,1.,
1.,1.,1.,1.,1.,1.,1.,1.,1.,1.,1.,1.,1.,1.,1.,1.,1.,1.,1.,1.,1.,1.,1.,1.,
1.,1.,1.,1.,1.,1.,1.,1.,1.,1.,1.,1.,1.,1.,1.,1.,1.,1.,1.,1.,1.,1.,1.,1.,
1.,1.,1.,1.,1.,1.,1.,1.,1.,1.))
REPRESENTATION_ITEM('')
);
#572=(
BOUNDED_CURVE()
B_SPLINE_CURVE(5,(#7218,#7219,#7220,#7221,#7222,#7223,#7224,#7225,#7226),
 .UNSPECIFIED.,.F.,.F.)
B_SPLINE_CURVE_WITH_KNOTS((6,1,1,1,6),(0.,0.0181818181818182,0.0363636363636364,
0.0545454545454545,0.0724203212835876),.UNSPECIFIED.)
CURVE()
GEOMETRIC_REPRESENTATION_ITEM()
RATIONAL_B_SPLINE_CURVE((1.,1.,1.,1.,1.,1.,1.,1.,1.))
REPRESENTATION_ITEM('')
);
#573=(
BOUNDED_CURVE()
B_SPLINE_CURVE(5,(#7229,#7230,#7231,#7232,#7233,#7234,#7235,#7236,#7237,
#7238,#7239,#7240,#7241,#7242,#7243,#7244,#7245,#7246,#7247,#7248,#7249,
#7250,#7251,#7252,#7253,#7254,#7255,#7256,#7257,#7258,#7259,#7260,#7261,
#7262,#7263,#7264,#7265,#7266,#7267,#7268,#7269,#7270,#7271,#7272,#7273,
#7274,#7275,#7276,#7277,#7278,#7279,#7280,#7281,#7282,#7283,#7284,#7285,
#7286,#7287,#7288),.UNSPECIFIED.,.T.,.F.)
B_SPLINE_CURVE_WITH_KNOTS((6,1,1,1,1,1,1,1,1,1,1,1,1,1,1,1,1,1,1,1,1,1,
1,1,1,1,1,1,1,1,1,1,1,1,1,1,1,1,1,1,1,1,1,1,1,1,1,1,1,1,1,1,1,1,1,6),(-1.,
-0.981818181818182,-0.963636363636364,-0.945454545454546,-0.927272727272727,
-0.909090909090909,-0.890909090909091,-0.872727272727273,-0.854545454545455,
-0.836363636363637,-0.818181818181818,-0.8,-0.781818181818182,-0.763636363636364,
-0.745454545454546,-0.727272727272727,-0.709090909090909,-0.690909090909091,
-0.672727272727273,-0.654545454545455,-0.636363636363636,-0.618181818181818,
-0.6,-0.581818181818182,-0.563636363636364,-0.545454545454546,-0.527272727272727,
-0.509090909090909,-0.490909090909091,-0.472727272727273,-0.454545454545455,
-0.436363636363636,-0.418181818181818,-0.4,-0.381818181818182,-0.363636363636364,
-0.345454545454546,-0.327272727272727,-0.309090909090909,-0.290909090909091,
-0.272727272727273,-0.254545454545455,-0.236363636363636,-0.218181818181818,
-0.2,-0.181818181818182,-0.163636363636364,-0.145454545454545,-0.127272727272727,
-0.109090909090909,-0.0909090909090909,-0.0727272727272727,-0.0545454545454545,
-0.0363636363636364,-0.0181818181818182,0.),.UNSPECIFIED.)
CURVE()
GEOMETRIC_REPRESENTATION_ITEM()
RATIONAL_B_SPLINE_CURVE((1.,1.,1.,1.,1.,1.,1.,1.,1.,1.,1.,1.,1.,1.,1.,1.,
1.,1.,1.,1.,1.,1.,1.,1.,1.,1.,1.,1.,1.,1.,1.,1.,1.,1.,1.,1.,1.,1.,1.,1.,
1.,1.,1.,1.,1.,1.,1.,1.,1.,1.,1.,1.,1.,1.,1.,1.,1.,1.,1.,1.))
REPRESENTATION_ITEM('')
);
#574=(
BOUNDED_CURVE()
B_SPLINE_CURVE(5,(#7289,#7290,#7291,#7292,#7293,#7294,#7295,#7296,#7297,
#7298,#7299),.UNSPECIFIED.,.F.,.F.)
B_SPLINE_CURVE_WITH_KNOTS((6,1,1,1,1,1,6),(0.893035101800111,0.909090909090909,
0.927272727272727,0.945454545454546,0.963636363636364,0.981818181818182,
1.),.UNSPECIFIED.)
CURVE()
GEOMETRIC_REPRESENTATION_ITEM()
RATIONAL_B_SPLINE_CURVE((1.,1.,1.,1.,1.,1.,1.,1.,1.,1.,1.))
REPRESENTATION_ITEM('')
);
#575=(
BOUNDED_CURVE()
B_SPLINE_CURVE(5,(#7713,#7714,#7715,#7716,#7717,#7718,#7719,#7720,#7721,
#7722,#7723,#7724,#7725,#7726,#7727,#7728,#7729,#7730,#7731,#7732,#7733,
#7734,#7735,#7736,#7737,#7738,#7739,#7740,#7741,#7742,#7743,#7744,#7745,
#7746,#7747,#7748,#7749,#7750,#7751,#7752,#7753,#7754,#7755,#7756,#7757,
#7758,#7759,#7760,#7761,#7762,#7763,#7764,#7765,#7766,#7767,#7768,#7769,
#7770,#7771,#7772,#7773,#7774,#7775,#7776,#7777,#7778,#7779,#7780,#7781,
#7782,#7783,#7784,#7785,#7786,#7787,#7788,#7789,#7790,#7791,#7792,#7793,
#7794,#7795,#7796,#7797,#7798,#7799,#7800,#7801,#7802,#7803,#7804,#7805,
#7806,#7807,#7808,#7809,#7810,#7811,#7812,#7813,#7814,#7815,#7816,#7817,
#7818,#7819,#7820,#7821,#7822,#7823,#7824,#7825,#7826,#7827,#7828,#7829,
#7830,#7831,#7832,#7833,#7834,#7835,#7836,#7837,#7838,#7839,#7840,#7841,
#7842,#7843,#7844,#7845,#7846,#7847,#7848,#7849,#7850,#7851,#7852,#7853,
#7854,#7855,#7856,#7857,#7858),.UNSPECIFIED.,.F.,.F.)
B_SPLINE_CURVE_WITH_KNOTS((6,1,1,1,1,1,1,1,1,1,1,1,1,1,1,1,1,1,1,1,1,1,
1,1,1,1,1,1,1,1,1,1,1,1,1,1,1,1,1,1,1,1,1,1,1,1,1,1,1,1,1,1,1,1,1,1,1,1,
1,1,1,1,1,1,1,1,1,1,1,1,1,1,1,1,1,1,1,1,1,1,1,1,1,1,1,1,1,1,1,1,1,1,1,1,
1,1,1,1,1,1,1,1,1,1,1,1,1,1,1,1,1,1,1,1,1,1,1,1,1,1,1,1,1,1,1,1,1,1,1,1,
1,1,1,1,1,1,1,1,1,1,1,6),(0.0194476435604337,0.02,0.025,0.03,0.035,0.04,
0.045,0.05,0.055,0.06,0.065,0.07,0.075,0.08,0.085,0.09,0.095,0.1,0.105,
0.11,0.115,0.12,0.125,0.13,0.135,0.14,0.145,0.15,0.155,0.16,0.165,0.17,
0.175,0.18,0.185,0.19,0.195,0.2,0.205,0.21,0.215,0.22,0.225,0.23,0.235,
0.24,0.245,0.25,0.255,0.26,0.265,0.27,0.275,0.28,0.285,0.29,0.295,0.3,0.305,
0.31,0.315,0.32,0.325,0.33,0.335,0.34,0.345,0.35,0.355,0.36,0.365,0.37,
0.375,0.38,0.385,0.39,0.395,0.4,0.405,0.41,0.415,0.42,0.425,0.43,0.435,
0.44,0.445,0.45,0.455,0.46,0.465,0.47,0.475,0.48,0.485,0.49,0.495,0.5,0.505,
0.51,0.515,0.52,0.525,0.53,0.535,0.54,0.545,0.55,0.555,0.56,0.565,0.57,
0.575,0.58,0.585,0.59,0.595,0.6,0.605,0.61,0.615,0.62,0.625,0.63,0.635,
0.64,0.645,0.65,0.655,0.66,0.665,0.67,0.675,0.68,0.685,0.690000000000001,
0.695000000000001,0.700000000000001,0.705000000000001,0.710000000000001,
0.715000000000001,0.715073888450469),.UNSPECIFIED.)
CURVE()
GEOMETRIC_REPRESENTATION_ITEM()
RATIONAL_B_SPLINE_CURVE((1.,1.,1.,1.,1.,1.,1.,1.,1.,1.,1.,1.,1.,1.,1.,1.,
1.,1.,1.,1.,1.,1.,1.,1.,1.,1.,1.,1.,1.,1.,1.,1.,1.,1.,1.,1.,1.,1.,1.,1.,
1.,1.,1.,1.,1.,1.,1.,1.,1.,1.,1.,1.,1.,1.,1.,1.,1.,1.,1.,1.,1.,1.,1.,1.,
1.,1.,1.,1.,1.,1.,1.,1.,1.,1.,1.,1.,1.,1.,1.,1.,1.,1.,1.,1.,1.,1.,1.,1.,
1.,1.,1.,1.,1.,1.,1.,1.,1.,1.,1.,1.,1.,1.,1.,1.,1.,1.,1.,1.,1.,1.,1.,1.,
1.,1.,1.,1.,1.,1.,1.,1.,1.,1.,1.,1.,1.,1.,1.,1.,1.,1.,1.,1.,1.,1.,1.,1.,
1.,1.,1.,1.,1.,1.,1.,1.,1.,1.))
REPRESENTATION_ITEM('')
);
#576=(
BOUNDED_CURVE()
B_SPLINE_CURVE(5,(#7861,#7862,#7863,#7864,#7865,#7866,#7867,#7868,#7869,
#7870,#7871,#7872,#7873,#7874,#7875,#7876,#7877,#7878,#7879,#7880,#7881,
#7882,#7883,#7884,#7885,#7886,#7887,#7888,#7889,#7890,#7891,#7892,#7893,
#7894,#7895,#7896,#7897,#7898,#7899,#7900,#7901,#7902,#7903,#7904,#7905,
#7906,#7907,#7908,#7909,#7910,#7911,#7912,#7913,#7914,#7915,#7916,#7917,
#7918,#7919,#7920,#7921,#7922,#7923,#7924,#7925,#7926,#7927,#7928,#7929,
#7930,#7931,#7932,#7933,#7934,#7935,#7936,#7937,#7938,#7939,#7940,#7941,
#7942,#7943,#7944,#7945,#7946,#7947,#7948,#7949,#7950,#7951,#7952,#7953,
#7954,#7955,#7956,#7957,#7958,#7959,#7960,#7961,#7962,#7963,#7964,#7965,
#7966,#7967,#7968,#7969,#7970,#7971,#7972,#7973,#7974,#7975,#7976,#7977,
#7978,#7979,#7980,#7981,#7982,#7983,#7984,#7985,#7986,#7987,#7988,#7989,
#7990,#7991,#7992,#7993,#7994,#7995,#7996,#7997,#7998,#7999,#8000,#8001,
#8002,#8003,#8004,#8005,#8006,#8007,#8008,#8009,#8010,#8011,#8012,#8013,
#8014,#8015,#8016,#8017,#8018,#8019,#8020,#8021,#8022,#8023,#8024,#8025,
#8026,#8027,#8028,#8029,#8030,#8031,#8032,#8033,#8034,#8035,#8036,#8037,
#8038,#8039,#8040,#8041,#8042,#8043,#8044,#8045,#8046,#8047,#8048,#8049,
#8050,#8051,#8052,#8053,#8054,#8055,#8056,#8057,#8058,#8059,#8060,#8061,
#8062,#8063,#8064,#8065),.UNSPECIFIED.,.T.,.F.)
B_SPLINE_CURVE_WITH_KNOTS((6,1,1,1,1,1,1,1,1,1,1,1,1,1,1,1,1,1,1,1,1,1,
1,1,1,1,1,1,1,1,1,1,1,1,1,1,1,1,1,1,1,1,1,1,1,1,1,1,1,1,1,1,1,1,1,1,1,1,
1,1,1,1,1,1,1,1,1,1,1,1,1,1,1,1,1,1,1,1,1,1,1,1,1,1,1,1,1,1,1,1,1,1,1,1,
1,1,1,1,1,1,1,1,1,1,1,1,1,1,1,1,1,1,1,1,1,1,1,1,1,1,1,1,1,1,1,1,1,1,1,1,
1,1,1,1,1,1,1,1,1,1,1,1,1,1,1,1,1,1,1,1,1,1,1,1,1,1,1,1,1,1,1,1,1,1,1,1,
1,1,1,1,1,1,1,1,1,1,1,1,1,1,1,1,1,1,1,1,1,1,1,1,1,1,1,1,1,1,1,1,1,1,6),
(0.,0.005,0.01,0.015,0.02,0.025,0.03,0.035,0.04,0.045,0.05,0.055,0.06,0.065,
0.07,0.075,0.08,0.085,0.09,0.095,0.1,0.105,0.11,0.115,0.12,0.125,0.13,0.135,
0.14,0.145,0.15,0.155,0.16,0.165,0.17,0.175,0.18,0.185,0.19,0.195,0.2,0.205,
0.21,0.215,0.22,0.225,0.23,0.235,0.24,0.245,0.25,0.255,0.26,0.265,0.27,
0.275,0.28,0.285,0.29,0.295,0.3,0.305,0.31,0.315,0.32,0.325,0.33,0.335,
0.34,0.345,0.35,0.355,0.36,0.365,0.37,0.375,0.38,0.385,0.39,0.395,0.4,0.405,
0.41,0.415,0.42,0.425,0.43,0.435,0.44,0.445,0.45,0.455,0.46,0.465,0.47,
0.475,0.48,0.485,0.49,0.495,0.5,0.505,0.51,0.515,0.52,0.525,0.53,0.535,
0.54,0.545,0.55,0.555,0.56,0.565,0.57,0.575,0.58,0.585,0.59,0.595,0.6,0.605,
0.61,0.615,0.62,0.625,0.63,0.635,0.64,0.645,0.65,0.655,0.66,0.665,0.67,
0.675,0.68,0.685,0.690000000000001,0.695000000000001,0.700000000000001,
0.705000000000001,0.710000000000001,0.715000000000001,0.720000000000001,
0.725000000000001,0.730000000000001,0.735000000000001,0.740000000000001,
0.745000000000001,0.750000000000001,0.755000000000001,0.760000000000001,
0.765000000000001,0.770000000000001,0.775000000000001,0.780000000000001,
0.785000000000001,0.790000000000001,0.795000000000001,0.800000000000001,
0.805000000000001,0.810000000000001,0.815000000000001,0.820000000000001,
0.825000000000001,0.830000000000001,0.835000000000001,0.840000000000001,
0.845000000000001,0.850000000000001,0.855000000000001,0.860000000000001,
0.865000000000001,0.870000000000001,0.875000000000001,0.880000000000001,
0.885000000000001,0.890000000000001,0.895000000000001,0.900000000000001,
0.905000000000001,0.910000000000001,0.915000000000001,0.920000000000001,
0.925000000000001,0.930000000000001,0.935000000000001,0.940000000000001,
0.945000000000001,0.950000000000001,0.955000000000001,0.960000000000001,
0.965000000000001,0.970000000000001,0.975000000000001,0.980000000000001,
0.985000000000001,0.990000000000001,0.995000000000001,1.),.UNSPECIFIED.)
CURVE()
GEOMETRIC_REPRESENTATION_ITEM()
RATIONAL_B_SPLINE_CURVE((1.,1.,1.,1.,1.,1.,1.,1.,1.,1.,1.,1.,1.,1.,1.,1.,
1.,1.,1.,1.,1.,1.,1.,1.,1.,1.,1.,1.,1.,1.,1.,1.,1.,1.,1.,1.,1.,1.,1.,1.,
1.,1.,1.,1.,1.,1.,1.,1.,1.,1.,1.,1.,1.,1.,1.,1.,1.,1.,1.,1.,1.,1.,1.,1.,
1.,1.,1.,1.,1.,1.,1.,1.,1.,1.,1.,1.,1.,1.,1.,1.,1.,1.,1.,1.,1.,1.,1.,1.,
1.,1.,1.,1.,1.,1.,1.,1.,1.,1.,1.,1.,1.,1.,1.,1.,1.,1.,1.,1.,1.,1.,1.,1.,
1.,1.,1.,1.,1.,1.,1.,1.,1.,1.,1.,1.,1.,1.,1.,1.,1.,1.,1.,1.,1.,1.,1.,1.,
1.,1.,1.,1.,1.,1.,1.,1.,1.,1.,1.,1.,1.,1.,1.,1.,1.,1.,1.,1.,1.,1.,1.,1.,
1.,1.,1.,1.,1.,1.,1.,1.,1.,1.,1.,1.,1.,1.,1.,1.,1.,1.,1.,1.,1.,1.,1.,1.,
1.,1.,1.,1.,1.,1.,1.,1.,1.,1.,1.,1.,1.,1.,1.,1.,1.,1.,1.,1.,1.))
REPRESENTATION_ITEM('')
);
#577=(
BOUNDED_CURVE()
B_SPLINE_CURVE(5,(#8212,#8213,#8214,#8215,#8216,#8217,#8218,#8219,#8220,
#8221,#8222,#8223),.UNSPECIFIED.,.F.,.F.)
B_SPLINE_CURVE_WITH_KNOTS((6,1,1,1,1,1,1,6),(0.,0.0153846153846154,0.0307692307692308,
0.0461538461538462,0.0615384615384615,0.0769230769230769,0.0923076923076923,
0.105061206351151),.UNSPECIFIED.)
CURVE()
GEOMETRIC_REPRESENTATION_ITEM()
RATIONAL_B_SPLINE_CURVE((1.,1.,1.,1.,1.,1.,1.,1.,1.,1.,1.,1.))
REPRESENTATION_ITEM('')
);
#578=(
BOUNDED_CURVE()
B_SPLINE_CURVE(5,(#8226,#8227,#8228,#8229,#8230,#8231,#8232,#8233,#8234,
#8235,#8236,#8237,#8238,#8239,#8240,#8241,#8242,#8243,#8244,#8245,#8246,
#8247,#8248,#8249,#8250,#8251,#8252,#8253,#8254,#8255,#8256,#8257,#8258,
#8259,#8260,#8261,#8262,#8263,#8264,#8265,#8266,#8267,#8268,#8269,#8270,
#8271,#8272,#8273,#8274,#8275,#8276,#8277,#8278,#8279,#8280,#8281,#8282,
#8283,#8284,#8285,#8286,#8287,#8288,#8289,#8290,#8291,#8292,#8293,#8294,
#8295),.UNSPECIFIED.,.T.,.F.)
B_SPLINE_CURVE_WITH_KNOTS((6,1,1,1,1,1,1,1,1,1,1,1,1,1,1,1,1,1,1,1,1,1,
1,1,1,1,1,1,1,1,1,1,1,1,1,1,1,1,1,1,1,1,1,1,1,1,1,1,1,1,1,1,1,1,1,1,1,1,
1,1,1,1,1,1,1,6),(-1.,-0.984615384615383,-0.969230769230768,-0.953846153846152,
-0.938461538461537,-0.923076923076922,-0.907692307692306,-0.892307692307691,
-0.876923076923076,-0.86153846153846,-0.846153846153845,-0.83076923076923,
-0.815384615384614,-0.799999999999999,-0.784615384615384,-0.769230769230768,
-0.753846153846153,-0.738461538461538,-0.723076923076922,-0.707692307692307,
-0.692307692307692,-0.676923076923076,-0.661538461538461,-0.646153846153846,
-0.63076923076923,-0.615384615384615,-0.6,-0.584615384615384,-0.569230769230769,
-0.553846153846154,-0.538461538461538,-0.523076923076923,-0.507692307692308,
-0.492307692307692,-0.476923076923077,-0.461538461538462,-0.446153846153846,
-0.430769230769231,-0.415384615384615,-0.4,-0.384615384615385,-0.369230769230769,
-0.353846153846154,-0.338461538461538,-0.323076923076923,-0.307692307692308,
-0.292307692307692,-0.276923076923077,-0.261538461538462,-0.246153846153846,
-0.230769230769231,-0.215384615384615,-0.2,-0.184615384615385,-0.169230769230769,
-0.153846153846154,-0.138461538461538,-0.123076923076923,-0.107692307692308,
-0.0923076923076923,-0.0769230769230769,-0.0615384615384615,-0.0461538461538462,
-0.0307692307692308,-0.0153846153846154,0.),.UNSPECIFIED.)
CURVE()
GEOMETRIC_REPRESENTATION_ITEM()
RATIONAL_B_SPLINE_CURVE((1.,1.,1.,1.,1.,1.,1.,1.,1.,1.,1.,1.,1.,1.,1.,1.,
1.,1.,1.,1.,1.,1.,1.,1.,1.,1.,1.,1.,1.,1.,1.,1.,1.,1.,1.,1.,1.,1.,1.,1.,
1.,1.,1.,1.,1.,1.,1.,1.,1.,1.,1.,1.,1.,1.,1.,1.,1.,1.,1.,1.,1.,1.,1.,1.,
1.,1.,1.,1.,1.,1.))
REPRESENTATION_ITEM('')
);
#579=(
BOUNDED_CURVE()
B_SPLINE_CURVE(5,(#8296,#8297,#8298,#8299,#8300,#8301,#8302,#8303,#8304,
#8305,#8306,#8307,#8308,#8309,#8310,#8311,#8312,#8313,#8314,#8315,#8316,
#8317,#8318),.UNSPECIFIED.,.F.,.F.)
B_SPLINE_CURVE_WITH_KNOTS((6,1,1,1,1,1,1,1,1,1,1,1,1,1,1,1,1,1,6),(0.733709882110059,
0.738461538461538,0.753846153846153,0.769230769230768,0.784615384615384,
0.799999999999999,0.815384615384614,0.83076923076923,0.846153846153845,
0.86153846153846,0.876923076923076,0.892307692307691,0.907692307692306,
0.923076923076922,0.938461538461537,0.953846153846152,0.969230769230768,
0.984615384615383,1.),.UNSPECIFIED.)
CURVE()
GEOMETRIC_REPRESENTATION_ITEM()
RATIONAL_B_SPLINE_CURVE((1.,1.,1.,1.,1.,1.,1.,1.,1.,1.,1.,1.,1.,1.,1.,1.,
1.,1.,1.,1.,1.,1.,1.))
REPRESENTATION_ITEM('')
);
#580=LINE('',#3670,#862);
#581=LINE('',#3778,#863);
#582=LINE('',#3792,#864);
#583=LINE('',#4626,#865);
#584=LINE('',#5120,#866);
#585=LINE('',#5122,#867);
#586=LINE('',#5124,#868);
#587=LINE('',#5128,#869);
#588=LINE('',#5130,#870);
#589=LINE('',#5132,#871);
#590=LINE('',#5134,#872);
#591=LINE('',#5136,#873);
#592=LINE('',#5138,#874);
#593=LINE('',#5139,#875);
#594=LINE('',#5142,#876);
#595=LINE('',#5144,#877);
#596=LINE('',#5146,#878);
#597=LINE('',#5147,#879);
#598=LINE('',#5149,#880);
#599=LINE('',#5204,#881);
#600=LINE('',#5279,#882);
#601=LINE('',#5329,#883);
#602=LINE('',#5520,#884);
#603=LINE('',#5558,#885);
#604=LINE('',#5560,#886);
#605=LINE('',#5562,#887);
#606=LINE('',#5563,#888);
#607=LINE('',#5564,#889);
#608=LINE('',#5565,#890);
#609=LINE('',#5567,#891);
#610=LINE('',#5649,#892);
#611=LINE('',#6323,#893);
#612=LINE('',#6585,#894);
#613=LINE('',#7228,#895);
#614=LINE('',#7302,#896);
#615=LINE('',#7860,#897);
#616=LINE('',#8069,#898);
#617=LINE('',#8070,#899);
#618=LINE('',#8225,#900);
#619=LINE('',#8321,#901);
#620=LINE('',#8325,#902);
#621=LINE('',#8327,#903);
#622=LINE('',#8329,#904);
#623=LINE('',#8330,#905);
#624=LINE('',#8348,#906);
#625=LINE('',#8371,#907);
#626=LINE('',#8379,#908);
#627=LINE('',#8381,#909);
#628=LINE('',#8382,#910);
#629=LINE('',#8400,#911);
#630=LINE('',#8408,#912);
#631=LINE('',#8410,#913);
#632=LINE('',#8411,#914);
#633=LINE('',#8429,#915);
#634=LINE('',#8452,#916);
#635=LINE('',#8460,#917);
#636=LINE('',#8462,#918);
#637=LINE('',#8463,#919);
#638=LINE('',#8466,#920);
#639=LINE('',#8468,#921);
#640=LINE('',#8469,#922);
#641=LINE('',#8472,#923);
#642=LINE('',#8474,#924);
#643=LINE('',#8475,#925);
#644=LINE('',#8500,#926);
#645=LINE('',#8502,#927);
#646=LINE('',#8504,#928);
#647=LINE('',#8505,#929);
#648=LINE('',#8508,#930);
#649=LINE('',#8510,#931);
#650=LINE('',#8511,#932);
#651=LINE('',#8529,#933);
#652=LINE('',#8552,#934);
#653=LINE('',#8560,#935);
#654=LINE('',#8562,#936);
#655=LINE('',#8563,#937);
#656=LINE('',#8566,#938);
#657=LINE('',#8568,#939);
#658=LINE('',#8569,#940);
#659=LINE('',#8587,#941);
#660=LINE('',#8616,#942);
#661=LINE('',#8618,#943);
#662=LINE('',#8620,#944);
#663=LINE('',#8621,#945);
#664=LINE('',#8639,#946);
#665=LINE('',#8662,#947);
#666=LINE('',#8685,#948);
#667=LINE('',#8708,#949);
#668=LINE('',#8716,#950);
#669=LINE('',#8718,#951);
#670=LINE('',#8719,#952);
#671=LINE('',#8722,#953);
#672=LINE('',#8724,#954);
#673=LINE('',#8725,#955);
#674=LINE('',#8728,#956);
#675=LINE('',#8730,#957);
#676=LINE('',#8731,#958);
#677=LINE('',#8771,#959);
#678=LINE('',#8778,#960);
#679=LINE('',#8796,#961);
#680=LINE('',#8819,#962);
#681=LINE('',#8842,#963);
#682=LINE('',#8849,#964);
#683=LINE('',#8850,#965);
#684=LINE('',#8869,#966);
#685=LINE('',#8876,#967);
#686=LINE('',#8894,#968);
#687=LINE('',#8902,#969);
#688=LINE('',#8904,#970);
#689=LINE('',#8905,#971);
#690=LINE('',#8923,#972);
#691=LINE('',#8946,#973);
#692=LINE('',#8969,#974);
#693=LINE('',#8977,#975);
#694=LINE('',#8979,#976);
#695=LINE('',#8980,#977);
#696=LINE('',#8998,#978);
#697=LINE('',#9021,#979);
#698=LINE('',#9044,#980);
#699=LINE('',#9067,#981);
#700=LINE('',#9090,#982);
#701=LINE('',#9113,#983);
#702=LINE('',#9136,#984);
#703=LINE('',#9159,#985);
#704=LINE('',#9182,#986);
#705=LINE('',#9189,#987);
#706=LINE('',#9190,#988);
#707=LINE('',#9195,#989);
#708=LINE('',#9197,#990);
#709=LINE('',#9199,#991);
#710=LINE('',#9200,#992);
#711=LINE('',#9218,#993);
#712=LINE('',#9241,#994);
#713=LINE('',#9249,#995);
#714=LINE('',#9251,#996);
#715=LINE('',#9252,#997);
#716=LINE('',#9254,#998);
#717=LINE('',#9255,#999);
#718=LINE('',#9259,#1000);
#719=LINE('',#9261,#1001);
#720=LINE('',#9263,#1002);
#721=LINE('',#9264,#1003);
#722=LINE('',#9267,#1004);
#723=LINE('',#9269,#1005);
#724=LINE('',#9270,#1006);
#725=LINE('',#9288,#1007);
#726=LINE('',#9311,#1008);
#727=LINE('',#9319,#1009);
#728=LINE('',#9321,#1010);
#729=LINE('',#9322,#1011);
#730=LINE('',#9325,#1012);
#731=LINE('',#9327,#1013);
#732=LINE('',#9328,#1014);
#733=LINE('',#9330,#1015);
#734=LINE('',#9331,#1016);
#735=LINE('',#9351,#1017);
#736=LINE('',#9358,#1018);
#737=LINE('',#9376,#1019);
#738=LINE('',#9399,#1020);
#739=LINE('',#9422,#1021);
#740=LINE('',#9430,#1022);
#741=LINE('',#9432,#1023);
#742=LINE('',#9433,#1024);
#743=LINE('',#9451,#1025);
#744=LINE('',#9459,#1026);
#745=LINE('',#9461,#1027);
#746=LINE('',#9462,#1028);
#747=LINE('',#9465,#1029);
#748=LINE('',#9467,#1030);
#749=LINE('',#9468,#1031);
#750=LINE('',#9471,#1032);
#751=LINE('',#9473,#1033);
#752=LINE('',#9474,#1034);
#753=LINE('',#9492,#1035);
#754=LINE('',#9515,#1036);
#755=LINE('',#9523,#1037);
#756=LINE('',#9525,#1038);
#757=LINE('',#9526,#1039);
#758=LINE('',#9529,#1040);
#759=LINE('',#9531,#1041);
#760=LINE('',#9532,#1042);
#761=LINE('',#9535,#1043);
#762=LINE('',#9537,#1044);
#763=LINE('',#9538,#1045);
#764=LINE('',#9556,#1046);
#765=LINE('',#9579,#1047);
#766=LINE('',#9587,#1048);
#767=LINE('',#9589,#1049);
#768=LINE('',#9590,#1050);
#769=LINE('',#9593,#1051);
#770=LINE('',#9595,#1052);
#771=LINE('',#9596,#1053);
#772=LINE('',#9598,#1054);
#773=LINE('',#9599,#1055);
#774=LINE('',#9604,#1056);
#775=LINE('',#9606,#1057);
#776=LINE('',#9608,#1058);
#777=LINE('',#9609,#1059);
#778=LINE('',#9612,#1060);
#779=LINE('',#9614,#1061);
#780=LINE('',#9615,#1062);
#781=LINE('',#9618,#1063);
#782=LINE('',#9620,#1064);
#783=LINE('',#9621,#1065);
#784=LINE('',#9624,#1066);
#785=LINE('',#9626,#1067);
#786=LINE('',#9627,#1068);
#787=LINE('',#9630,#1069);
#788=LINE('',#9632,#1070);
#789=LINE('',#9633,#1071);
#790=LINE('',#9636,#1072);
#791=LINE('',#9638,#1073);
#792=LINE('',#9639,#1074);
#793=LINE('',#9642,#1075);
#794=LINE('',#9644,#1076);
#795=LINE('',#9645,#1077);
#796=LINE('',#9648,#1078);
#797=LINE('',#9650,#1079);
#798=LINE('',#9651,#1080);
#799=LINE('',#9654,#1081);
#800=LINE('',#9656,#1082);
#801=LINE('',#9657,#1083);
#802=LINE('',#9659,#1084);
#803=LINE('',#9660,#1085);
#804=LINE('',#9671,#1086);
#805=LINE('',#9675,#1087);
#806=LINE('',#9678,#1088);
#807=LINE('',#9681,#1089);
#808=LINE('',#9683,#1090);
#809=LINE('',#9687,#1091);
#810=LINE('',#9688,#1092);
#811=LINE('',#9691,#1093);
#812=LINE('',#9695,#1094);
#813=LINE('',#9697,#1095);
#814=LINE('',#9699,#1096);
#815=LINE('',#9701,#1097);
#816=LINE('',#9703,#1098);
#817=LINE('',#9707,#1099);
#818=LINE('',#9711,#1100);
#819=LINE('',#9715,#1101);
#820=LINE('',#9719,#1102);
#821=LINE('',#9721,#1103);
#822=LINE('',#9723,#1104);
#823=LINE('',#9724,#1105);
#824=LINE('',#9727,#1106);
#825=LINE('',#9729,#1107);
#826=LINE('',#9731,#1108);
#827=LINE('',#9732,#1109);
#828=LINE('',#9737,#1110);
#829=LINE('',#9742,#1111);
#830=LINE('',#9746,#1112);
#831=LINE('',#9748,#1113);
#832=LINE('',#9750,#1114);
#833=LINE('',#9751,#1115);
#834=LINE('',#9753,#1116);
#835=LINE('',#9758,#1117);
#836=LINE('',#9763,#1118);
#837=LINE('',#9767,#1119);
#838=LINE('',#9769,#1120);
#839=LINE('',#9771,#1121);
#840=LINE('',#9772,#1122);
#841=LINE('',#9774,#1123);
#842=LINE('',#9776,#1124);
#843=LINE('',#9777,#1125);
#844=LINE('',#9779,#1126);
#845=LINE('',#9784,#1127);
#846=LINE('',#9786,#1128);
#847=LINE('',#9790,#1129);
#848=LINE('',#9791,#1130);
#849=LINE('',#9794,#1131);
#850=LINE('',#9802,#1132);
#851=LINE('',#9803,#1133);
#852=LINE('',#9811,#1134);
#853=LINE('',#9812,#1135);
#854=LINE('',#9814,#1136);
#855=LINE('',#9816,#1137);
#856=LINE('',#9819,#1138);
#857=LINE('',#9822,#1139);
#858=LINE('',#9826,#1140);
#859=LINE('',#9828,#1141);
#860=LINE('',#9831,#1142);
#861=LINE('',#9834,#1143);
#862=VECTOR('',#3114,10.);
#863=VECTOR('',#3115,10.);
#864=VECTOR('',#3116,10.);
#865=VECTOR('',#3117,10.);
#866=VECTOR('',#3122,10.);
#867=VECTOR('',#3123,10.);
#868=VECTOR('',#3124,10.);
#869=VECTOR('',#3127,10.);
#870=VECTOR('',#3128,10.);
#871=VECTOR('',#3129,10.);
#872=VECTOR('',#3130,10.);
#873=VECTOR('',#3131,10.);
#874=VECTOR('',#3132,10.);
#875=VECTOR('',#3133,10.);
#876=VECTOR('',#3134,10.);
#877=VECTOR('',#3135,10.);
#878=VECTOR('',#3136,10.);
#879=VECTOR('',#3137,10.);
#880=VECTOR('',#3138,10.);
#881=VECTOR('',#3139,10.);
#882=VECTOR('',#3140,10.);
#883=VECTOR('',#3141,10.);
#884=VECTOR('',#3142,10.);
#885=VECTOR('',#3143,10.);
#886=VECTOR('',#3144,10.);
#887=VECTOR('',#3145,10.);
#888=VECTOR('',#3146,10.);
#889=VECTOR('',#3147,10.);
#890=VECTOR('',#3148,10.);
#891=VECTOR('',#3151,10.);
#892=VECTOR('',#3152,10.);
#893=VECTOR('',#3153,10.);
#894=VECTOR('',#3154,10.);
#895=VECTOR('',#3157,10.);
#896=VECTOR('',#3162,10.);
#897=VECTOR('',#3163,10.);
#898=VECTOR('',#3168,10.);
#899=VECTOR('',#3169,10.);
#900=VECTOR('',#3170,10.);
#901=VECTOR('',#3175,10.);
#902=VECTOR('',#3178,10.);
#903=VECTOR('',#3179,10.);
#904=VECTOR('',#3180,10.);
#905=VECTOR('',#3181,10.);
#906=VECTOR('',#3182,10.);
#907=VECTOR('',#3183,10.);
#908=VECTOR('',#3186,10.);
#909=VECTOR('',#3187,10.);
#910=VECTOR('',#3188,10.);
#911=VECTOR('',#3189,10.);
#912=VECTOR('',#3192,10.);
#913=VECTOR('',#3193,10.);
#914=VECTOR('',#3194,10.);
#915=VECTOR('',#3195,10.);
#916=VECTOR('',#3196,10.);
#917=VECTOR('',#3199,10.);
#918=VECTOR('',#3200,10.);
#919=VECTOR('',#3201,10.);
#920=VECTOR('',#3204,10.);
#921=VECTOR('',#3205,10.);
#922=VECTOR('',#3206,10.);
#923=VECTOR('',#3209,10.);
#924=VECTOR('',#3210,10.);
#925=VECTOR('',#3211,10.);
#926=VECTOR('',#3216,10.);
#927=VECTOR('',#3217,10.);
#928=VECTOR('',#3218,10.);
#929=VECTOR('',#3219,10.);
#930=VECTOR('',#3222,10.);
#931=VECTOR('',#3223,10.);
#932=VECTOR('',#3224,10.);
#933=VECTOR('',#3225,10.);
#934=VECTOR('',#3226,10.);
#935=VECTOR('',#3229,10.);
#936=VECTOR('',#3230,10.);
#937=VECTOR('',#3231,10.);
#938=VECTOR('',#3234,10.);
#939=VECTOR('',#3235,10.);
#940=VECTOR('',#3236,10.);
#941=VECTOR('',#3237,10.);
#942=VECTOR('',#3240,10.);
#943=VECTOR('',#3241,10.);
#944=VECTOR('',#3242,10.);
#945=VECTOR('',#3243,10.);
#946=VECTOR('',#3244,10.);
#947=VECTOR('',#3245,10.);
#948=VECTOR('',#3246,10.);
#949=VECTOR('',#3247,10.);
#950=VECTOR('',#3250,10.);
#951=VECTOR('',#3251,10.);
#952=VECTOR('',#3252,10.);
#953=VECTOR('',#3255,10.);
#954=VECTOR('',#3256,10.);
#955=VECTOR('',#3257,10.);
#956=VECTOR('',#3260,10.);
#957=VECTOR('',#3261,10.);
#958=VECTOR('',#3262,10.);
#959=VECTOR('',#3265,10.);
#960=VECTOR('',#3266,10.);
#961=VECTOR('',#3267,10.);
#962=VECTOR('',#3268,10.);
#963=VECTOR('',#3269,10.);
#964=VECTOR('',#3272,10.);
#965=VECTOR('',#3273,10.);
#966=VECTOR('',#3274,10.);
#967=VECTOR('',#3275,10.);
#968=VECTOR('',#3276,10.);
#969=VECTOR('',#3279,10.);
#970=VECTOR('',#3280,10.);
#971=VECTOR('',#3281,10.);
#972=VECTOR('',#3282,10.);
#973=VECTOR('',#3283,10.);
#974=VECTOR('',#3284,10.);
#975=VECTOR('',#3287,10.);
#976=VECTOR('',#3288,10.);
#977=VECTOR('',#3289,10.);
#978=VECTOR('',#3290,10.);
#979=VECTOR('',#3291,10.);
#980=VECTOR('',#3292,10.);
#981=VECTOR('',#3293,10.);
#982=VECTOR('',#3294,10.);
#983=VECTOR('',#3295,10.);
#984=VECTOR('',#3296,10.);
#985=VECTOR('',#3297,10.);
#986=VECTOR('',#3298,10.);
#987=VECTOR('',#3301,10.);
#988=VECTOR('',#3302,10.);
#989=VECTOR('',#3307,10.);
#990=VECTOR('',#3308,10.);
#991=VECTOR('',#3309,10.);
#992=VECTOR('',#3310,10.);
#993=VECTOR('',#3311,10.);
#994=VECTOR('',#3312,10.);
#995=VECTOR('',#3315,10.);
#996=VECTOR('',#3316,10.);
#997=VECTOR('',#3317,10.);
#998=VECTOR('',#3320,10.);
#999=VECTOR('',#3321,10.);
#1000=VECTOR('',#3324,10.);
#1001=VECTOR('',#3325,10.);
#1002=VECTOR('',#3326,10.);
#1003=VECTOR('',#3327,10.);
#1004=VECTOR('',#3330,10.);
#1005=VECTOR('',#3331,10.);
#1006=VECTOR('',#3332,10.);
#1007=VECTOR('',#3333,10.);
#1008=VECTOR('',#3334,10.);
#1009=VECTOR('',#3337,10.);
#1010=VECTOR('',#3338,10.);
#1011=VECTOR('',#3339,10.);
#1012=VECTOR('',#3342,10.);
#1013=VECTOR('',#3343,10.);
#1014=VECTOR('',#3344,10.);
#1015=VECTOR('',#3347,10.);
#1016=VECTOR('',#3348,10.);
#1017=VECTOR('',#3351,10.);
#1018=VECTOR('',#3352,10.);
#1019=VECTOR('',#3353,10.);
#1020=VECTOR('',#3354,10.);
#1021=VECTOR('',#3355,10.);
#1022=VECTOR('',#3358,10.);
#1023=VECTOR('',#3359,10.);
#1024=VECTOR('',#3360,10.);
#1025=VECTOR('',#3361,10.);
#1026=VECTOR('',#3364,10.);
#1027=VECTOR('',#3365,10.);
#1028=VECTOR('',#3366,10.);
#1029=VECTOR('',#3369,10.);
#1030=VECTOR('',#3370,10.);
#1031=VECTOR('',#3371,10.);
#1032=VECTOR('',#3374,10.);
#1033=VECTOR('',#3375,10.);
#1034=VECTOR('',#3376,10.);
#1035=VECTOR('',#3377,10.);
#1036=VECTOR('',#3378,10.);
#1037=VECTOR('',#3381,10.);
#1038=VECTOR('',#3382,10.);
#1039=VECTOR('',#3383,10.);
#1040=VECTOR('',#3386,10.);
#1041=VECTOR('',#3387,10.);
#1042=VECTOR('',#3388,10.);
#1043=VECTOR('',#3391,10.);
#1044=VECTOR('',#3392,10.);
#1045=VECTOR('',#3393,10.);
#1046=VECTOR('',#3394,10.);
#1047=VECTOR('',#3395,10.);
#1048=VECTOR('',#3398,10.);
#1049=VECTOR('',#3399,10.);
#1050=VECTOR('',#3400,10.);
#1051=VECTOR('',#3403,10.);
#1052=VECTOR('',#3404,10.);
#1053=VECTOR('',#3405,10.);
#1054=VECTOR('',#3408,10.);
#1055=VECTOR('',#3409,10.);
#1056=VECTOR('',#3414,10.);
#1057=VECTOR('',#3415,10.);
#1058=VECTOR('',#3416,10.);
#1059=VECTOR('',#3417,10.);
#1060=VECTOR('',#3420,10.);
#1061=VECTOR('',#3421,10.);
#1062=VECTOR('',#3422,10.);
#1063=VECTOR('',#3425,10.);
#1064=VECTOR('',#3426,10.);
#1065=VECTOR('',#3427,10.);
#1066=VECTOR('',#3430,10.);
#1067=VECTOR('',#3431,10.);
#1068=VECTOR('',#3432,10.);
#1069=VECTOR('',#3435,10.);
#1070=VECTOR('',#3436,10.);
#1071=VECTOR('',#3437,10.);
#1072=VECTOR('',#3440,10.);
#1073=VECTOR('',#3441,10.);
#1074=VECTOR('',#3442,10.);
#1075=VECTOR('',#3445,10.);
#1076=VECTOR('',#3446,10.);
#1077=VECTOR('',#3447,10.);
#1078=VECTOR('',#3450,10.);
#1079=VECTOR('',#3451,10.);
#1080=VECTOR('',#3452,10.);
#1081=VECTOR('',#3455,10.);
#1082=VECTOR('',#3456,10.);
#1083=VECTOR('',#3457,10.);
#1084=VECTOR('',#3460,10.);
#1085=VECTOR('',#3461,10.);
#1086=VECTOR('',#3476,10.);
#1087=VECTOR('',#3481,10.);
#1088=VECTOR('',#3484,10.);
#1089=VECTOR('',#3487,10.);
#1090=VECTOR('',#3488,10.);
#1091=VECTOR('',#3493,10.);
#1092=VECTOR('',#3494,10.);
#1093=VECTOR('',#3497,10.);
#1094=VECTOR('',#3500,10.);
#1095=VECTOR('',#3501,10.);
#1096=VECTOR('',#3502,10.);
#1097=VECTOR('',#3503,10.);
#1098=VECTOR('',#3504,10.);
#1099=VECTOR('',#3507,10.);
#1100=VECTOR('',#3510,10.);
#1101=VECTOR('',#3513,10.);
#1102=VECTOR('',#3516,10.);
#1103=VECTOR('',#3517,10.);
#1104=VECTOR('',#3518,10.);
#1105=VECTOR('',#3519,10.);
#1106=VECTOR('',#3520,10.);
#1107=VECTOR('',#3521,10.);
#1108=VECTOR('',#3522,10.);
#1109=VECTOR('',#3523,10.);
#1110=VECTOR('',#3528,10.);
#1111=VECTOR('',#3535,10.);
#1112=VECTOR('',#3540,10.);
#1113=VECTOR('',#3543,10.);
#1114=VECTOR('',#3546,10.);
#1115=VECTOR('',#3547,10.);
#1116=VECTOR('',#3550,10.);
#1117=VECTOR('',#3555,10.);
#1118=VECTOR('',#3562,10.);
#1119=VECTOR('',#3567,10.);
#1120=VECTOR('',#3570,10.);
#1121=VECTOR('',#3573,10.);
#1122=VECTOR('',#3574,10.);
#1123=VECTOR('',#3577,10.);
#1124=VECTOR('',#3580,10.);
#1125=VECTOR('',#3581,10.);
#1126=VECTOR('',#3584,10.);
#1127=VECTOR('',#3589,10.);
#1128=VECTOR('',#3590,10.);
#1129=VECTOR('',#3595,10.);
#1130=VECTOR('',#3596,10.);
#1131=VECTOR('',#3601,10.);
#1132=VECTOR('',#3612,10.);
#1133=VECTOR('',#3613,10.);
#1134=VECTOR('',#3624,10.);
#1135=VECTOR('',#3625,10.);
#1136=VECTOR('',#3628,10.);
#1137=VECTOR('',#3631,10.);
#1138=VECTOR('',#3634,10.);
#1139=VECTOR('',#3639,10.);
#1140=VECTOR('',#3646,10.);
#1141=VECTOR('',#3649,10.);
#1142=VECTOR('',#3654,10.);
#1143=VECTOR('',#3659,10.);
#1144=VERTEX_POINT('',#3668);
#1145=VERTEX_POINT('',#3669);
#1146=VERTEX_POINT('',#3671);
#1147=VERTEX_POINT('',#3777);
#1148=VERTEX_POINT('',#3779);
#1149=VERTEX_POINT('',#3791);
#1150=VERTEX_POINT('',#4532);
#1151=VERTEX_POINT('',#4625);
#1152=VERTEX_POINT('',#5118);
#1153=VERTEX_POINT('',#5119);
#1154=VERTEX_POINT('',#5121);
#1155=VERTEX_POINT('',#5123);
#1156=VERTEX_POINT('',#5125);
#1157=VERTEX_POINT('',#5127);
#1158=VERTEX_POINT('',#5129);
#1159=VERTEX_POINT('',#5131);
#1160=VERTEX_POINT('',#5133);
#1161=VERTEX_POINT('',#5135);
#1162=VERTEX_POINT('',#5137);
#1163=VERTEX_POINT('',#5140);
#1164=VERTEX_POINT('',#5141);
#1165=VERTEX_POINT('',#5143);
#1166=VERTEX_POINT('',#5145);
#1167=VERTEX_POINT('',#5148);
#1168=VERTEX_POINT('',#5150);
#1169=VERTEX_POINT('',#5203);
#1170=VERTEX_POINT('',#5205);
#1171=VERTEX_POINT('',#5215);
#1172=VERTEX_POINT('',#5278);
#1173=VERTEX_POINT('',#5280);
#1174=VERTEX_POINT('',#5328);
#1175=VERTEX_POINT('',#5330);
#1176=VERTEX_POINT('',#5365);
#1177=VERTEX_POINT('',#5519);
#1178=VERTEX_POINT('',#5521);
#1179=VERTEX_POINT('',#5557);
#1180=VERTEX_POINT('',#5559);
#1181=VERTEX_POINT('',#5561);
#1182=VERTEX_POINT('',#5650);
#1183=VERTEX_POINT('',#6322);
#1184=VERTEX_POINT('',#6324);
#1185=VERTEX_POINT('',#7217);
#1186=VERTEX_POINT('',#7227);
#1187=VERTEX_POINT('',#7859);
#1188=VERTEX_POINT('',#8068);
#1189=VERTEX_POINT('',#8211);
#1190=VERTEX_POINT('',#8224);
#1191=VERTEX_POINT('',#8323);
#1192=VERTEX_POINT('',#8324);
#1193=VERTEX_POINT('',#8326);
#1194=VERTEX_POINT('',#8328);
#1195=VERTEX_POINT('',#8341);
#1196=VERTEX_POINT('',#8347);
#1197=VERTEX_POINT('',#8364);
#1198=VERTEX_POINT('',#8370);
#1199=VERTEX_POINT('',#8378);
#1200=VERTEX_POINT('',#8380);
#1201=VERTEX_POINT('',#8393);
#1202=VERTEX_POINT('',#8399);
#1203=VERTEX_POINT('',#8407);
#1204=VERTEX_POINT('',#8409);
#1205=VERTEX_POINT('',#8422);
#1206=VERTEX_POINT('',#8428);
#1207=VERTEX_POINT('',#8445);
#1208=VERTEX_POINT('',#8451);
#1209=VERTEX_POINT('',#8459);
#1210=VERTEX_POINT('',#8461);
#1211=VERTEX_POINT('',#8465);
#1212=VERTEX_POINT('',#8467);
#1213=VERTEX_POINT('',#8471);
#1214=VERTEX_POINT('',#8473);
#1215=VERTEX_POINT('',#8498);
#1216=VERTEX_POINT('',#8499);
#1217=VERTEX_POINT('',#8501);
#1218=VERTEX_POINT('',#8503);
#1219=VERTEX_POINT('',#8507);
#1220=VERTEX_POINT('',#8509);
#1221=VERTEX_POINT('',#8522);
#1222=VERTEX_POINT('',#8528);
#1223=VERTEX_POINT('',#8545);
#1224=VERTEX_POINT('',#8551);
#1225=VERTEX_POINT('',#8559);
#1226=VERTEX_POINT('',#8561);
#1227=VERTEX_POINT('',#8565);
#1228=VERTEX_POINT('',#8567);
#1229=VERTEX_POINT('',#8580);
#1230=VERTEX_POINT('',#8586);
#1231=VERTEX_POINT('',#8614);
#1232=VERTEX_POINT('',#8615);
#1233=VERTEX_POINT('',#8617);
#1234=VERTEX_POINT('',#8619);
#1235=VERTEX_POINT('',#8632);
#1236=VERTEX_POINT('',#8638);
#1237=VERTEX_POINT('',#8655);
#1238=VERTEX_POINT('',#8661);
#1239=VERTEX_POINT('',#8678);
#1240=VERTEX_POINT('',#8684);
#1241=VERTEX_POINT('',#8701);
#1242=VERTEX_POINT('',#8707);
#1243=VERTEX_POINT('',#8715);
#1244=VERTEX_POINT('',#8717);
#1245=VERTEX_POINT('',#8721);
#1246=VERTEX_POINT('',#8723);
#1247=VERTEX_POINT('',#8727);
#1248=VERTEX_POINT('',#8729);
#1249=VERTEX_POINT('',#8763);
#1250=VERTEX_POINT('',#8764);
#1251=VERTEX_POINT('',#8770);
#1252=VERTEX_POINT('',#8772);
#1253=VERTEX_POINT('',#8789);
#1254=VERTEX_POINT('',#8795);
#1255=VERTEX_POINT('',#8812);
#1256=VERTEX_POINT('',#8818);
#1257=VERTEX_POINT('',#8835);
#1258=VERTEX_POINT('',#8841);
#1259=VERTEX_POINT('',#8861);
#1260=VERTEX_POINT('',#8862);
#1261=VERTEX_POINT('',#8868);
#1262=VERTEX_POINT('',#8870);
#1263=VERTEX_POINT('',#8887);
#1264=VERTEX_POINT('',#8893);
#1265=VERTEX_POINT('',#8901);
#1266=VERTEX_POINT('',#8903);
#1267=VERTEX_POINT('',#8916);
#1268=VERTEX_POINT('',#8922);
#1269=VERTEX_POINT('',#8939);
#1270=VERTEX_POINT('',#8945);
#1271=VERTEX_POINT('',#8962);
#1272=VERTEX_POINT('',#8968);
#1273=VERTEX_POINT('',#8976);
#1274=VERTEX_POINT('',#8978);
#1275=VERTEX_POINT('',#8991);
#1276=VERTEX_POINT('',#8997);
#1277=VERTEX_POINT('',#9014);
#1278=VERTEX_POINT('',#9020);
#1279=VERTEX_POINT('',#9037);
#1280=VERTEX_POINT('',#9043);
#1281=VERTEX_POINT('',#9060);
#1282=VERTEX_POINT('',#9066);
#1283=VERTEX_POINT('',#9083);
#1284=VERTEX_POINT('',#9089);
#1285=VERTEX_POINT('',#9106);
#1286=VERTEX_POINT('',#9112);
#1287=VERTEX_POINT('',#9129);
#1288=VERTEX_POINT('',#9135);
#1289=VERTEX_POINT('',#9152);
#1290=VERTEX_POINT('',#9158);
#1291=VERTEX_POINT('',#9175);
#1292=VERTEX_POINT('',#9181);
#1293=VERTEX_POINT('',#9193);
#1294=VERTEX_POINT('',#9194);
#1295=VERTEX_POINT('',#9196);
#1296=VERTEX_POINT('',#9198);
#1297=VERTEX_POINT('',#9211);
#1298=VERTEX_POINT('',#9217);
#1299=VERTEX_POINT('',#9234);
#1300=VERTEX_POINT('',#9240);
#1301=VERTEX_POINT('',#9248);
#1302=VERTEX_POINT('',#9250);
#1303=VERTEX_POINT('',#9257);
#1304=VERTEX_POINT('',#9258);
#1305=VERTEX_POINT('',#9260);
#1306=VERTEX_POINT('',#9262);
#1307=VERTEX_POINT('',#9266);
#1308=VERTEX_POINT('',#9268);
#1309=VERTEX_POINT('',#9281);
#1310=VERTEX_POINT('',#9287);
#1311=VERTEX_POINT('',#9304);
#1312=VERTEX_POINT('',#9310);
#1313=VERTEX_POINT('',#9318);
#1314=VERTEX_POINT('',#9320);
#1315=VERTEX_POINT('',#9324);
#1316=VERTEX_POINT('',#9326);
#1317=VERTEX_POINT('',#9343);
#1318=VERTEX_POINT('',#9344);
#1319=VERTEX_POINT('',#9350);
#1320=VERTEX_POINT('',#9352);
#1321=VERTEX_POINT('',#9369);
#1322=VERTEX_POINT('',#9375);
#1323=VERTEX_POINT('',#9392);
#1324=VERTEX_POINT('',#9398);
#1325=VERTEX_POINT('',#9415);
#1326=VERTEX_POINT('',#9421);
#1327=VERTEX_POINT('',#9429);
#1328=VERTEX_POINT('',#9431);
#1329=VERTEX_POINT('',#9444);
#1330=VERTEX_POINT('',#9450);
#1331=VERTEX_POINT('',#9458);
#1332=VERTEX_POINT('',#9460);
#1333=VERTEX_POINT('',#9464);
#1334=VERTEX_POINT('',#9466);
#1335=VERTEX_POINT('',#9470);
#1336=VERTEX_POINT('',#9472);
#1337=VERTEX_POINT('',#9485);
#1338=VERTEX_POINT('',#9491);
#1339=VERTEX_POINT('',#9508);
#1340=VERTEX_POINT('',#9514);
#1341=VERTEX_POINT('',#9522);
#1342=VERTEX_POINT('',#9524);
#1343=VERTEX_POINT('',#9528);
#1344=VERTEX_POINT('',#9530);
#1345=VERTEX_POINT('',#9534);
#1346=VERTEX_POINT('',#9536);
#1347=VERTEX_POINT('',#9549);
#1348=VERTEX_POINT('',#9555);
#1349=VERTEX_POINT('',#9572);
#1350=VERTEX_POINT('',#9578);
#1351=VERTEX_POINT('',#9586);
#1352=VERTEX_POINT('',#9588);
#1353=VERTEX_POINT('',#9592);
#1354=VERTEX_POINT('',#9594);
#1355=VERTEX_POINT('',#9602);
#1356=VERTEX_POINT('',#9603);
#1357=VERTEX_POINT('',#9605);
#1358=VERTEX_POINT('',#9607);
#1359=VERTEX_POINT('',#9611);
#1360=VERTEX_POINT('',#9613);
#1361=VERTEX_POINT('',#9617);
#1362=VERTEX_POINT('',#9619);
#1363=VERTEX_POINT('',#9623);
#1364=VERTEX_POINT('',#9625);
#1365=VERTEX_POINT('',#9629);
#1366=VERTEX_POINT('',#9631);
#1367=VERTEX_POINT('',#9635);
#1368=VERTEX_POINT('',#9637);
#1369=VERTEX_POINT('',#9641);
#1370=VERTEX_POINT('',#9643);
#1371=VERTEX_POINT('',#9647);
#1372=VERTEX_POINT('',#9649);
#1373=VERTEX_POINT('',#9653);
#1374=VERTEX_POINT('',#9655);
#1375=VERTEX_POINT('',#9666);
#1376=VERTEX_POINT('',#9668);
#1377=VERTEX_POINT('',#9670);
#1378=VERTEX_POINT('',#9674);
#1379=VERTEX_POINT('',#9676);
#1380=VERTEX_POINT('',#9680);
#1381=VERTEX_POINT('',#9682);
#1382=VERTEX_POINT('',#9686);
#1383=VERTEX_POINT('',#9690);
#1384=VERTEX_POINT('',#9692);
#1385=VERTEX_POINT('',#9694);
#1386=VERTEX_POINT('',#9696);
#1387=VERTEX_POINT('',#9698);
#1388=VERTEX_POINT('',#9700);
#1389=VERTEX_POINT('',#9702);
#1390=VERTEX_POINT('',#9704);
#1391=VERTEX_POINT('',#9706);
#1392=VERTEX_POINT('',#9708);
#1393=VERTEX_POINT('',#9710);
#1394=VERTEX_POINT('',#9712);
#1395=VERTEX_POINT('',#9714);
#1396=VERTEX_POINT('',#9717);
#1397=VERTEX_POINT('',#9718);
#1398=VERTEX_POINT('',#9720);
#1399=VERTEX_POINT('',#9722);
#1400=VERTEX_POINT('',#9725);
#1401=VERTEX_POINT('',#9726);
#1402=VERTEX_POINT('',#9728);
#1403=VERTEX_POINT('',#9730);
#1404=VERTEX_POINT('',#9734);
#1405=VERTEX_POINT('',#9736);
#1406=VERTEX_POINT('',#9740);
#1407=VERTEX_POINT('',#9744);
#1408=VERTEX_POINT('',#9755);
#1409=VERTEX_POINT('',#9757);
#1410=VERTEX_POINT('',#9761);
#1411=VERTEX_POINT('',#9765);
#1412=VERTEX_POINT('',#9781);
#1413=VERTEX_POINT('',#9782);
#1414=VERTEX_POINT('',#9785);
#1415=VERTEX_POINT('',#9789);
#1416=VERTEX_POINT('',#9796);
#1417=VERTEX_POINT('',#9798);
#1418=VERTEX_POINT('',#9805);
#1419=VERTEX_POINT('',#9807);
#1420=VERTEX_POINT('',#9818);
#1421=EDGE_CURVE('',#1144,#1145,#580,.T.);
#1422=EDGE_CURVE('',#1144,#1146,#552,.T.);
#1423=EDGE_CURVE('',#1147,#1146,#581,.T.);
#1424=EDGE_CURVE('',#1147,#1148,#553,.T.);
#1425=EDGE_CURVE('',#1149,#1148,#582,.T.);
#1426=EDGE_CURVE('',#1149,#1145,#554,.T.);
#1427=EDGE_CURVE('',#1150,#1144,#555,.T.);
#1428=EDGE_CURVE('',#1150,#1151,#583,.T.);
#1429=EDGE_CURVE('',#1151,#1151,#556,.T.);
#1430=EDGE_CURVE('',#1145,#1150,#557,.T.);
#1431=EDGE_CURVE('',#1148,#1149,#558,.T.);
#1432=EDGE_CURVE('',#1146,#1147,#559,.T.);
#1433=EDGE_CURVE('',#1152,#1153,#584,.T.);
#1434=EDGE_CURVE('',#1154,#1152,#585,.T.);
#1435=EDGE_CURVE('',#1155,#1154,#586,.T.);
#1436=EDGE_CURVE('',#1156,#1155,#204,.T.);
#1437=EDGE_CURVE('',#1157,#1156,#587,.T.);
#1438=EDGE_CURVE('',#1158,#1157,#588,.T.);
#1439=EDGE_CURVE('',#1159,#1158,#589,.T.);
#1440=EDGE_CURVE('',#1159,#1160,#590,.T.);
#1441=EDGE_CURVE('',#1160,#1161,#591,.T.);
#1442=EDGE_CURVE('',#1161,#1162,#592,.T.);
#1443=EDGE_CURVE('',#1153,#1162,#593,.T.);
#1444=EDGE_CURVE('',#1163,#1164,#594,.T.);
#1445=EDGE_CURVE('',#1165,#1163,#595,.T.);
#1446=EDGE_CURVE('',#1166,#1165,#596,.T.);
#1447=EDGE_CURVE('',#1164,#1166,#597,.T.);
#1448=EDGE_CURVE('',#1167,#1144,#598,.T.);
#1449=EDGE_CURVE('',#1167,#1168,#560,.T.);
#1450=EDGE_CURVE('',#1169,#1168,#599,.T.);
#1451=EDGE_CURVE('',#1169,#1170,#561,.T.);
#1452=EDGE_CURVE('',#1170,#1171,#562,.T.);
#1453=EDGE_CURVE('',#1172,#1171,#600,.T.);
#1454=EDGE_CURVE('',#1172,#1173,#563,.T.);
#1455=EDGE_CURVE('',#1174,#1173,#601,.T.);
#1456=EDGE_CURVE('',#1174,#1175,#564,.T.);
#1457=EDGE_CURVE('',#1175,#1176,#565,.T.);
#1458=EDGE_CURVE('',#1177,#1176,#602,.T.);
#1459=EDGE_CURVE('',#1177,#1178,#566,.T.);
#1460=EDGE_CURVE('',#1179,#1178,#603,.T.);
#1461=EDGE_CURVE('',#1180,#1179,#604,.T.);
#1462=EDGE_CURVE('',#1181,#1180,#605,.T.);
#1463=EDGE_CURVE('',#1146,#1181,#606,.T.);
#1464=EDGE_CURVE('',#1148,#1147,#607,.T.);
#1465=EDGE_CURVE('',#1145,#1149,#608,.T.);
#1466=EDGE_CURVE('',#1176,#1174,#609,.T.);
#1467=EDGE_CURVE('',#1176,#1177,#567,.T.);
#1468=EDGE_CURVE('',#1178,#1177,#610,.T.);
#1469=EDGE_CURVE('',#1178,#1182,#568,.T.);
#1470=EDGE_CURVE('',#1174,#1182,#569,.T.);
#1471=EDGE_CURVE('',#1175,#1183,#611,.T.);
#1472=EDGE_CURVE('',#1184,#1183,#570,.T.);
#1473=EDGE_CURVE('',#1182,#1184,#612,.T.);
#1474=EDGE_CURVE('',#1183,#1184,#571,.T.);
#1475=EDGE_CURVE('',#1185,#1167,#572,.T.);
#1476=EDGE_CURVE('',#1185,#1186,#613,.T.);
#1477=EDGE_CURVE('',#1186,#1186,#573,.T.);
#1478=EDGE_CURVE('',#1168,#1185,#574,.T.);
#1479=EDGE_CURVE('',#1168,#1167,#614,.T.);
#1480=EDGE_CURVE('',#1169,#1171,#575,.T.);
#1481=EDGE_CURVE('',#1170,#1187,#615,.T.);
#1482=EDGE_CURVE('',#1187,#1187,#576,.T.);
#1483=EDGE_CURVE('',#1171,#1188,#616,.T.);
#1484=EDGE_CURVE('',#1188,#1169,#617,.T.);
#1485=EDGE_CURVE('',#1189,#1172,#577,.T.);
#1486=EDGE_CURVE('',#1189,#1190,#618,.T.);
#1487=EDGE_CURVE('',#1190,#1190,#578,.T.);
#1488=EDGE_CURVE('',#1173,#1189,#579,.T.);
#1489=EDGE_CURVE('',#1173,#1172,#619,.T.);
#1490=EDGE_CURVE('',#1191,#1192,#620,.T.);
#1491=EDGE_CURVE('',#1191,#1193,#621,.T.);
#1492=EDGE_CURVE('',#1193,#1194,#622,.T.);
#1493=EDGE_CURVE('',#1192,#1194,#623,.T.);
#1494=EDGE_CURVE('',#1195,#1191,#53,.T.);
#1495=EDGE_CURVE('',#1195,#1196,#624,.T.);
#1496=EDGE_CURVE('',#1196,#1193,#54,.T.);
#1497=EDGE_CURVE('',#1197,#1195,#55,.T.);
#1498=EDGE_CURVE('',#1197,#1198,#625,.T.);
#1499=EDGE_CURVE('',#1198,#1196,#56,.T.);
#1500=EDGE_CURVE('',#1199,#1197,#626,.T.);
#1501=EDGE_CURVE('',#1199,#1200,#627,.T.);
#1502=EDGE_CURVE('',#1200,#1198,#628,.T.);
#1503=EDGE_CURVE('',#1201,#1199,#57,.T.);
#1504=EDGE_CURVE('',#1201,#1202,#629,.T.);
#1505=EDGE_CURVE('',#1202,#1200,#58,.T.);
#1506=EDGE_CURVE('',#1203,#1201,#630,.T.);
#1507=EDGE_CURVE('',#1203,#1204,#631,.T.);
#1508=EDGE_CURVE('',#1204,#1202,#632,.T.);
#1509=EDGE_CURVE('',#1205,#1203,#59,.T.);
#1510=EDGE_CURVE('',#1205,#1206,#633,.T.);
#1511=EDGE_CURVE('',#1206,#1204,#60,.T.);
#1512=EDGE_CURVE('',#1207,#1205,#61,.T.);
#1513=EDGE_CURVE('',#1207,#1208,#634,.T.);
#1514=EDGE_CURVE('',#1208,#1206,#62,.T.);
#1515=EDGE_CURVE('',#1209,#1207,#635,.T.);
#1516=EDGE_CURVE('',#1209,#1210,#636,.T.);
#1517=EDGE_CURVE('',#1210,#1208,#637,.T.);
#1518=EDGE_CURVE('',#1211,#1209,#638,.T.);
#1519=EDGE_CURVE('',#1211,#1212,#639,.T.);
#1520=EDGE_CURVE('',#1212,#1210,#640,.T.);
#1521=EDGE_CURVE('',#1213,#1211,#641,.T.);
#1522=EDGE_CURVE('',#1213,#1214,#642,.T.);
#1523=EDGE_CURVE('',#1214,#1212,#643,.T.);
#1524=EDGE_CURVE('',#1192,#1213,#63,.T.);
#1525=EDGE_CURVE('',#1194,#1214,#64,.T.);
#1526=EDGE_CURVE('',#1215,#1216,#644,.T.);
#1527=EDGE_CURVE('',#1215,#1217,#645,.T.);
#1528=EDGE_CURVE('',#1217,#1218,#646,.T.);
#1529=EDGE_CURVE('',#1216,#1218,#647,.T.);
#1530=EDGE_CURVE('',#1219,#1215,#648,.T.);
#1531=EDGE_CURVE('',#1219,#1220,#649,.T.);
#1532=EDGE_CURVE('',#1220,#1217,#650,.T.);
#1533=EDGE_CURVE('',#1221,#1219,#65,.T.);
#1534=EDGE_CURVE('',#1221,#1222,#651,.T.);
#1535=EDGE_CURVE('',#1222,#1220,#66,.T.);
#1536=EDGE_CURVE('',#1223,#1221,#67,.T.);
#1537=EDGE_CURVE('',#1223,#1224,#652,.T.);
#1538=EDGE_CURVE('',#1224,#1222,#68,.T.);
#1539=EDGE_CURVE('',#1225,#1223,#653,.T.);
#1540=EDGE_CURVE('',#1225,#1226,#654,.T.);
#1541=EDGE_CURVE('',#1226,#1224,#655,.T.);
#1542=EDGE_CURVE('',#1227,#1225,#656,.T.);
#1543=EDGE_CURVE('',#1227,#1228,#657,.T.);
#1544=EDGE_CURVE('',#1228,#1226,#658,.T.);
#1545=EDGE_CURVE('',#1229,#1227,#69,.T.);
#1546=EDGE_CURVE('',#1229,#1230,#659,.T.);
#1547=EDGE_CURVE('',#1230,#1228,#70,.T.);
#1548=EDGE_CURVE('',#1216,#1229,#71,.T.);
#1549=EDGE_CURVE('',#1218,#1230,#72,.T.);
#1550=EDGE_CURVE('',#1231,#1232,#660,.T.);
#1551=EDGE_CURVE('',#1231,#1233,#661,.T.);
#1552=EDGE_CURVE('',#1233,#1234,#662,.T.);
#1553=EDGE_CURVE('',#1232,#1234,#663,.T.);
#1554=EDGE_CURVE('',#1235,#1231,#73,.T.);
#1555=EDGE_CURVE('',#1235,#1236,#664,.T.);
#1556=EDGE_CURVE('',#1236,#1233,#74,.T.);
#1557=EDGE_CURVE('',#1237,#1235,#75,.T.);
#1558=EDGE_CURVE('',#1237,#1238,#665,.T.);
#1559=EDGE_CURVE('',#1238,#1236,#76,.T.);
#1560=EDGE_CURVE('',#1239,#1237,#77,.T.);
#1561=EDGE_CURVE('',#1239,#1240,#666,.T.);
#1562=EDGE_CURVE('',#1240,#1238,#78,.T.);
#1563=EDGE_CURVE('',#1241,#1239,#79,.T.);
#1564=EDGE_CURVE('',#1241,#1242,#667,.T.);
#1565=EDGE_CURVE('',#1242,#1240,#80,.T.);
#1566=EDGE_CURVE('',#1243,#1241,#668,.T.);
#1567=EDGE_CURVE('',#1243,#1244,#669,.T.);
#1568=EDGE_CURVE('',#1244,#1242,#670,.T.);
#1569=EDGE_CURVE('',#1245,#1243,#671,.T.);
#1570=EDGE_CURVE('',#1245,#1246,#672,.T.);
#1571=EDGE_CURVE('',#1246,#1244,#673,.T.);
#1572=EDGE_CURVE('',#1247,#1245,#674,.T.);
#1573=EDGE_CURVE('',#1247,#1248,#675,.T.);
#1574=EDGE_CURVE('',#1248,#1246,#676,.T.);
#1575=EDGE_CURVE('',#1232,#1247,#81,.T.);
#1576=EDGE_CURVE('',#1234,#1248,#82,.T.);
#1577=EDGE_CURVE('',#1249,#1250,#83,.T.);
#1578=EDGE_CURVE('',#1249,#1251,#677,.T.);
#1579=EDGE_CURVE('',#1251,#1252,#84,.T.);
#1580=EDGE_CURVE('',#1250,#1252,#678,.T.);
#1581=EDGE_CURVE('',#1253,#1249,#85,.T.);
#1582=EDGE_CURVE('',#1253,#1254,#679,.T.);
#1583=EDGE_CURVE('',#1254,#1251,#86,.T.);
#1584=EDGE_CURVE('',#1255,#1253,#87,.T.);
#1585=EDGE_CURVE('',#1255,#1256,#680,.T.);
#1586=EDGE_CURVE('',#1256,#1254,#88,.T.);
#1587=EDGE_CURVE('',#1257,#1255,#89,.T.);
#1588=EDGE_CURVE('',#1257,#1258,#681,.T.);
#1589=EDGE_CURVE('',#1258,#1256,#90,.T.);
#1590=EDGE_CURVE('',#1250,#1257,#682,.T.);
#1591=EDGE_CURVE('',#1252,#1258,#683,.T.);
#1592=EDGE_CURVE('',#1259,#1260,#91,.T.);
#1593=EDGE_CURVE('',#1259,#1261,#684,.T.);
#1594=EDGE_CURVE('',#1261,#1262,#92,.T.);
#1595=EDGE_CURVE('',#1260,#1262,#685,.T.);
#1596=EDGE_CURVE('',#1263,#1259,#93,.T.);
#1597=EDGE_CURVE('',#1263,#1264,#686,.T.);
#1598=EDGE_CURVE('',#1264,#1261,#94,.T.);
#1599=EDGE_CURVE('',#1265,#1263,#687,.T.);
#1600=EDGE_CURVE('',#1265,#1266,#688,.T.);
#1601=EDGE_CURVE('',#1266,#1264,#689,.T.);
#1602=EDGE_CURVE('',#1267,#1265,#95,.T.);
#1603=EDGE_CURVE('',#1267,#1268,#690,.T.);
#1604=EDGE_CURVE('',#1268,#1266,#96,.T.);
#1605=EDGE_CURVE('',#1269,#1267,#97,.T.);
#1606=EDGE_CURVE('',#1269,#1270,#691,.T.);
#1607=EDGE_CURVE('',#1270,#1268,#98,.T.);
#1608=EDGE_CURVE('',#1271,#1269,#99,.T.);
#1609=EDGE_CURVE('',#1271,#1272,#692,.T.);
#1610=EDGE_CURVE('',#1272,#1270,#100,.T.);
#1611=EDGE_CURVE('',#1273,#1271,#693,.T.);
#1612=EDGE_CURVE('',#1273,#1274,#694,.T.);
#1613=EDGE_CURVE('',#1274,#1272,#695,.T.);
#1614=EDGE_CURVE('',#1275,#1273,#101,.T.);
#1615=EDGE_CURVE('',#1275,#1276,#696,.T.);
#1616=EDGE_CURVE('',#1276,#1274,#102,.T.);
#1617=EDGE_CURVE('',#1277,#1275,#103,.T.);
#1618=EDGE_CURVE('',#1277,#1278,#697,.T.);
#1619=EDGE_CURVE('',#1278,#1276,#104,.T.);
#1620=EDGE_CURVE('',#1279,#1277,#105,.T.);
#1621=EDGE_CURVE('',#1279,#1280,#698,.T.);
#1622=EDGE_CURVE('',#1280,#1278,#106,.T.);
#1623=EDGE_CURVE('',#1281,#1279,#107,.T.);
#1624=EDGE_CURVE('',#1281,#1282,#699,.T.);
#1625=EDGE_CURVE('',#1282,#1280,#108,.T.);
#1626=EDGE_CURVE('',#1283,#1281,#109,.T.);
#1627=EDGE_CURVE('',#1283,#1284,#700,.T.);
#1628=EDGE_CURVE('',#1284,#1282,#110,.T.);
#1629=EDGE_CURVE('',#1285,#1283,#111,.T.);
#1630=EDGE_CURVE('',#1285,#1286,#701,.T.);
#1631=EDGE_CURVE('',#1286,#1284,#112,.T.);
#1632=EDGE_CURVE('',#1287,#1285,#113,.T.);
#1633=EDGE_CURVE('',#1287,#1288,#702,.T.);
#1634=EDGE_CURVE('',#1288,#1286,#114,.T.);
#1635=EDGE_CURVE('',#1289,#1287,#115,.T.);
#1636=EDGE_CURVE('',#1289,#1290,#703,.T.);
#1637=EDGE_CURVE('',#1290,#1288,#116,.T.);
#1638=EDGE_CURVE('',#1291,#1289,#117,.T.);
#1639=EDGE_CURVE('',#1291,#1292,#704,.T.);
#1640=EDGE_CURVE('',#1292,#1290,#118,.T.);
#1641=EDGE_CURVE('',#1260,#1291,#705,.T.);
#1642=EDGE_CURVE('',#1262,#1292,#706,.T.);
#1643=EDGE_CURVE('',#1293,#1294,#707,.T.);
#1644=EDGE_CURVE('',#1293,#1295,#708,.T.);
#1645=EDGE_CURVE('',#1295,#1296,#709,.T.);
#1646=EDGE_CURVE('',#1294,#1296,#710,.T.);
#1647=EDGE_CURVE('',#1297,#1293,#119,.T.);
#1648=EDGE_CURVE('',#1297,#1298,#711,.T.);
#1649=EDGE_CURVE('',#1298,#1295,#120,.T.);
#1650=EDGE_CURVE('',#1299,#1297,#121,.T.);
#1651=EDGE_CURVE('',#1299,#1300,#712,.T.);
#1652=EDGE_CURVE('',#1300,#1298,#122,.T.);
#1653=EDGE_CURVE('',#1301,#1299,#713,.T.);
#1654=EDGE_CURVE('',#1301,#1302,#714,.T.);
#1655=EDGE_CURVE('',#1302,#1300,#715,.T.);
#1656=EDGE_CURVE('',#1294,#1301,#716,.T.);
#1657=EDGE_CURVE('',#1296,#1302,#717,.T.);
#1658=EDGE_CURVE('',#1303,#1304,#718,.T.);
#1659=EDGE_CURVE('',#1303,#1305,#719,.T.);
#1660=EDGE_CURVE('',#1305,#1306,#720,.T.);
#1661=EDGE_CURVE('',#1304,#1306,#721,.T.);
#1662=EDGE_CURVE('',#1307,#1303,#722,.T.);
#1663=EDGE_CURVE('',#1307,#1308,#723,.T.);
#1664=EDGE_CURVE('',#1308,#1305,#724,.T.);
#1665=EDGE_CURVE('',#1309,#1307,#123,.T.);
#1666=EDGE_CURVE('',#1309,#1310,#725,.T.);
#1667=EDGE_CURVE('',#1310,#1308,#124,.T.);
#1668=EDGE_CURVE('',#1311,#1309,#125,.T.);
#1669=EDGE_CURVE('',#1311,#1312,#726,.T.);
#1670=EDGE_CURVE('',#1312,#1310,#126,.T.);
#1671=EDGE_CURVE('',#1313,#1311,#727,.T.);
#1672=EDGE_CURVE('',#1313,#1314,#728,.T.);
#1673=EDGE_CURVE('',#1314,#1312,#729,.T.);
#1674=EDGE_CURVE('',#1315,#1313,#730,.T.);
#1675=EDGE_CURVE('',#1315,#1316,#731,.T.);
#1676=EDGE_CURVE('',#1316,#1314,#732,.T.);
#1677=EDGE_CURVE('',#1304,#1315,#733,.T.);
#1678=EDGE_CURVE('',#1306,#1316,#734,.T.);
#1679=EDGE_CURVE('',#1317,#1318,#127,.T.);
#1680=EDGE_CURVE('',#1317,#1319,#735,.T.);
#1681=EDGE_CURVE('',#1319,#1320,#128,.T.);
#1682=EDGE_CURVE('',#1318,#1320,#736,.T.);
#1683=EDGE_CURVE('',#1321,#1317,#129,.T.);
#1684=EDGE_CURVE('',#1321,#1322,#737,.T.);
#1685=EDGE_CURVE('',#1322,#1319,#130,.T.);
#1686=EDGE_CURVE('',#1323,#1321,#131,.T.);
#1687=EDGE_CURVE('',#1323,#1324,#738,.T.);
#1688=EDGE_CURVE('',#1324,#1322,#132,.T.);
#1689=EDGE_CURVE('',#1325,#1323,#133,.T.);
#1690=EDGE_CURVE('',#1325,#1326,#739,.T.);
#1691=EDGE_CURVE('',#1326,#1324,#134,.T.);
#1692=EDGE_CURVE('',#1327,#1325,#740,.T.);
#1693=EDGE_CURVE('',#1327,#1328,#741,.T.);
#1694=EDGE_CURVE('',#1328,#1326,#742,.T.);
#1695=EDGE_CURVE('',#1329,#1327,#135,.T.);
#1696=EDGE_CURVE('',#1329,#1330,#743,.T.);
#1697=EDGE_CURVE('',#1330,#1328,#136,.T.);
#1698=EDGE_CURVE('',#1331,#1329,#744,.T.);
#1699=EDGE_CURVE('',#1331,#1332,#745,.T.);
#1700=EDGE_CURVE('',#1332,#1330,#746,.T.);
#1701=EDGE_CURVE('',#1333,#1331,#747,.T.);
#1702=EDGE_CURVE('',#1333,#1334,#748,.T.);
#1703=EDGE_CURVE('',#1334,#1332,#749,.T.);
#1704=EDGE_CURVE('',#1335,#1333,#750,.T.);
#1705=EDGE_CURVE('',#1335,#1336,#751,.T.);
#1706=EDGE_CURVE('',#1336,#1334,#752,.T.);
#1707=EDGE_CURVE('',#1337,#1335,#137,.T.);
#1708=EDGE_CURVE('',#1337,#1338,#753,.T.);
#1709=EDGE_CURVE('',#1338,#1336,#138,.T.);
#1710=EDGE_CURVE('',#1339,#1337,#139,.T.);
#1711=EDGE_CURVE('',#1339,#1340,#754,.T.);
#1712=EDGE_CURVE('',#1340,#1338,#140,.T.);
#1713=EDGE_CURVE('',#1341,#1339,#755,.T.);
#1714=EDGE_CURVE('',#1341,#1342,#756,.T.);
#1715=EDGE_CURVE('',#1342,#1340,#757,.T.);
#1716=EDGE_CURVE('',#1343,#1341,#758,.T.);
#1717=EDGE_CURVE('',#1343,#1344,#759,.T.);
#1718=EDGE_CURVE('',#1344,#1342,#760,.T.);
#1719=EDGE_CURVE('',#1345,#1343,#761,.T.);
#1720=EDGE_CURVE('',#1345,#1346,#762,.T.);
#1721=EDGE_CURVE('',#1346,#1344,#763,.T.);
#1722=EDGE_CURVE('',#1347,#1345,#141,.T.);
#1723=EDGE_CURVE('',#1347,#1348,#764,.T.);
#1724=EDGE_CURVE('',#1348,#1346,#142,.T.);
#1725=EDGE_CURVE('',#1349,#1347,#143,.T.);
#1726=EDGE_CURVE('',#1349,#1350,#765,.T.);
#1727=EDGE_CURVE('',#1350,#1348,#144,.T.);
#1728=EDGE_CURVE('',#1351,#1349,#766,.T.);
#1729=EDGE_CURVE('',#1351,#1352,#767,.T.);
#1730=EDGE_CURVE('',#1352,#1350,#768,.T.);
#1731=EDGE_CURVE('',#1353,#1351,#769,.T.);
#1732=EDGE_CURVE('',#1353,#1354,#770,.T.);
#1733=EDGE_CURVE('',#1354,#1352,#771,.T.);
#1734=EDGE_CURVE('',#1318,#1353,#772,.T.);
#1735=EDGE_CURVE('',#1320,#1354,#773,.T.);
#1736=EDGE_CURVE('',#1355,#1356,#774,.T.);
#1737=EDGE_CURVE('',#1355,#1357,#775,.T.);
#1738=EDGE_CURVE('',#1357,#1358,#776,.T.);
#1739=EDGE_CURVE('',#1356,#1358,#777,.T.);
#1740=EDGE_CURVE('',#1359,#1355,#778,.T.);
#1741=EDGE_CURVE('',#1359,#1360,#779,.T.);
#1742=EDGE_CURVE('',#1360,#1357,#780,.T.);
#1743=EDGE_CURVE('',#1361,#1359,#781,.T.);
#1744=EDGE_CURVE('',#1361,#1362,#782,.T.);
#1745=EDGE_CURVE('',#1362,#1360,#783,.T.);
#1746=EDGE_CURVE('',#1363,#1361,#784,.T.);
#1747=EDGE_CURVE('',#1363,#1364,#785,.T.);
#1748=EDGE_CURVE('',#1364,#1362,#786,.T.);
#1749=EDGE_CURVE('',#1365,#1363,#787,.T.);
#1750=EDGE_CURVE('',#1365,#1366,#788,.T.);
#1751=EDGE_CURVE('',#1366,#1364,#789,.T.);
#1752=EDGE_CURVE('',#1367,#1365,#790,.T.);
#1753=EDGE_CURVE('',#1367,#1368,#791,.T.);
#1754=EDGE_CURVE('',#1368,#1366,#792,.T.);
#1755=EDGE_CURVE('',#1369,#1367,#793,.T.);
#1756=EDGE_CURVE('',#1369,#1370,#794,.T.);
#1757=EDGE_CURVE('',#1370,#1368,#795,.T.);
#1758=EDGE_CURVE('',#1371,#1369,#796,.T.);
#1759=EDGE_CURVE('',#1371,#1372,#797,.T.);
#1760=EDGE_CURVE('',#1372,#1370,#798,.T.);
#1761=EDGE_CURVE('',#1373,#1371,#799,.T.);
#1762=EDGE_CURVE('',#1373,#1374,#800,.T.);
#1763=EDGE_CURVE('',#1374,#1372,#801,.T.);
#1764=EDGE_CURVE('',#1356,#1373,#802,.T.);
#1765=EDGE_CURVE('',#1358,#1374,#803,.T.);
#1766=EDGE_CURVE('',#1153,#1375,#17,.T.);
#1767=EDGE_CURVE('',#1375,#1376,#18,.T.);
#1768=EDGE_CURVE('',#1376,#1377,#804,.T.);
#1769=EDGE_CURVE('',#1377,#1152,#19,.T.);
#1770=EDGE_CURVE('',#1377,#1378,#805,.T.);
#1771=EDGE_CURVE('',#1378,#1379,#20,.T.);
#1772=EDGE_CURVE('',#1379,#1152,#806,.T.);
#1773=EDGE_CURVE('',#1162,#1380,#807,.T.);
#1774=EDGE_CURVE('',#1380,#1381,#808,.T.);
#1775=EDGE_CURVE('',#1375,#1381,#21,.T.);
#1776=EDGE_CURVE('',#1379,#1382,#809,.T.);
#1777=EDGE_CURVE('',#1154,#1382,#810,.T.);
#1778=EDGE_CURVE('',#1383,#1378,#811,.T.);
#1779=EDGE_CURVE('',#1384,#1383,#205,.T.);
#1780=EDGE_CURVE('',#1385,#1384,#812,.T.);
#1781=EDGE_CURVE('',#1386,#1385,#813,.T.);
#1782=EDGE_CURVE('',#1387,#1386,#814,.T.);
#1783=EDGE_CURVE('',#1388,#1387,#815,.T.);
#1784=EDGE_CURVE('',#1389,#1388,#816,.T.);
#1785=EDGE_CURVE('',#1390,#1389,#206,.T.);
#1786=EDGE_CURVE('',#1391,#1390,#817,.T.);
#1787=EDGE_CURVE('',#1392,#1391,#207,.T.);
#1788=EDGE_CURVE('',#1393,#1392,#818,.T.);
#1789=EDGE_CURVE('',#1394,#1393,#208,.T.);
#1790=EDGE_CURVE('',#1395,#1394,#819,.T.);
#1791=EDGE_CURVE('',#1382,#1395,#22,.T.);
#1792=EDGE_CURVE('',#1396,#1397,#820,.T.);
#1793=EDGE_CURVE('',#1398,#1396,#821,.T.);
#1794=EDGE_CURVE('',#1399,#1398,#822,.T.);
#1795=EDGE_CURVE('',#1397,#1399,#823,.T.);
#1796=EDGE_CURVE('',#1400,#1401,#824,.T.);
#1797=EDGE_CURVE('',#1402,#1400,#825,.T.);
#1798=EDGE_CURVE('',#1403,#1402,#826,.T.);
#1799=EDGE_CURVE('',#1401,#1403,#827,.T.);
#1800=EDGE_CURVE('',#1164,#1404,#23,.T.);
#1801=EDGE_CURVE('',#1404,#1405,#828,.T.);
#1802=EDGE_CURVE('',#1163,#1405,#24,.T.);
#1803=EDGE_CURVE('',#1166,#1406,#25,.T.);
#1804=EDGE_CURVE('',#1406,#1404,#829,.T.);
#1805=EDGE_CURVE('',#1165,#1407,#26,.T.);
#1806=EDGE_CURVE('',#1407,#1406,#830,.T.);
#1807=EDGE_CURVE('',#1405,#1407,#831,.T.);
#1808=EDGE_CURVE('',#1396,#1405,#832,.T.);
#1809=EDGE_CURVE('',#1397,#1407,#833,.T.);
#1810=EDGE_CURVE('',#1398,#1404,#834,.T.);
#1811=EDGE_CURVE('',#1180,#1408,#27,.T.);
#1812=EDGE_CURVE('',#1408,#1409,#835,.T.);
#1813=EDGE_CURVE('',#1181,#1409,#28,.T.);
#1814=EDGE_CURVE('',#1179,#1410,#29,.T.);
#1815=EDGE_CURVE('',#1410,#1408,#836,.T.);
#1816=EDGE_CURVE('',#1188,#1411,#30,.T.);
#1817=EDGE_CURVE('',#1411,#1410,#837,.T.);
#1818=EDGE_CURVE('',#1409,#1411,#838,.T.);
#1819=EDGE_CURVE('',#1400,#1409,#839,.T.);
#1820=EDGE_CURVE('',#1401,#1411,#840,.T.);
#1821=EDGE_CURVE('',#1402,#1408,#841,.T.);
#1822=EDGE_CURVE('',#1381,#1384,#842,.T.);
#1823=EDGE_CURVE('',#1383,#1376,#843,.T.);
#1824=EDGE_CURVE('',#1385,#1380,#844,.T.);
#1825=EDGE_CURVE('',#1412,#1413,#31,.T.);
#1826=EDGE_CURVE('',#1413,#1390,#845,.T.);
#1827=EDGE_CURVE('',#1389,#1414,#846,.T.);
#1828=EDGE_CURVE('',#1414,#1412,#32,.T.);
#1829=EDGE_CURVE('',#1414,#1415,#847,.T.);
#1830=EDGE_CURVE('',#1415,#1159,#848,.T.);
#1831=EDGE_CURVE('',#1412,#1158,#33,.T.);
#1832=EDGE_CURVE('',#1388,#1415,#849,.T.);
#1833=EDGE_CURVE('',#1416,#1155,#209,.T.);
#1834=EDGE_CURVE('',#1417,#1416,#210,.F.);
#1835=EDGE_CURVE('',#1156,#1417,#211,.T.);
#1836=EDGE_CURVE('',#1393,#1417,#850,.T.);
#1837=EDGE_CURVE('',#1416,#1394,#851,.T.);
#1838=EDGE_CURVE('',#1418,#1157,#212,.F.);
#1839=EDGE_CURVE('',#1419,#1418,#213,.F.);
#1840=EDGE_CURVE('',#1157,#1419,#214,.F.);
#1841=EDGE_CURVE('',#1391,#1419,#852,.T.);
#1842=EDGE_CURVE('',#1418,#1392,#853,.T.);
#1843=EDGE_CURVE('',#1419,#1413,#854,.T.);
#1844=EDGE_CURVE('',#1417,#1418,#855,.T.);
#1845=EDGE_CURVE('',#1420,#1416,#856,.T.);
#1846=EDGE_CURVE('',#1154,#1420,#34,.T.);
#1847=EDGE_CURVE('',#1395,#1420,#857,.T.);
#1848=EDGE_CURVE('',#1386,#1161,#858,.T.);
#1849=EDGE_CURVE('',#1399,#1406,#859,.T.);
#1850=EDGE_CURVE('',#1403,#1410,#860,.T.);
#1851=EDGE_CURVE('',#1387,#1160,#861,.T.);
#1852=ORIENTED_EDGE('',*,*,#1421,.F.);
#1853=ORIENTED_EDGE('',*,*,#1422,.T.);
#1854=ORIENTED_EDGE('',*,*,#1423,.F.);
#1855=ORIENTED_EDGE('',*,*,#1424,.T.);
#1856=ORIENTED_EDGE('',*,*,#1425,.F.);
#1857=ORIENTED_EDGE('',*,*,#1426,.T.);
#1858=ORIENTED_EDGE('',*,*,#1427,.F.);
#1859=ORIENTED_EDGE('',*,*,#1428,.T.);
#1860=ORIENTED_EDGE('',*,*,#1429,.F.);
#1861=ORIENTED_EDGE('',*,*,#1428,.F.);
#1862=ORIENTED_EDGE('',*,*,#1430,.F.);
#1863=ORIENTED_EDGE('',*,*,#1426,.F.);
#1864=ORIENTED_EDGE('',*,*,#1431,.F.);
#1865=ORIENTED_EDGE('',*,*,#1424,.F.);
#1866=ORIENTED_EDGE('',*,*,#1432,.F.);
#1867=ORIENTED_EDGE('',*,*,#1422,.F.);
#1868=ORIENTED_EDGE('',*,*,#1429,.T.);
#1869=ORIENTED_EDGE('',*,*,#1433,.F.);
#1870=ORIENTED_EDGE('',*,*,#1434,.F.);
#1871=ORIENTED_EDGE('',*,*,#1435,.F.);
#1872=ORIENTED_EDGE('',*,*,#1436,.F.);
#1873=ORIENTED_EDGE('',*,*,#1437,.F.);
#1874=ORIENTED_EDGE('',*,*,#1438,.F.);
#1875=ORIENTED_EDGE('',*,*,#1439,.F.);
#1876=ORIENTED_EDGE('',*,*,#1440,.T.);
#1877=ORIENTED_EDGE('',*,*,#1441,.T.);
#1878=ORIENTED_EDGE('',*,*,#1442,.T.);
#1879=ORIENTED_EDGE('',*,*,#1443,.F.);
#1880=ORIENTED_EDGE('',*,*,#1444,.F.);
#1881=ORIENTED_EDGE('',*,*,#1445,.F.);
#1882=ORIENTED_EDGE('',*,*,#1446,.F.);
#1883=ORIENTED_EDGE('',*,*,#1447,.F.);
#1884=ORIENTED_EDGE('',*,*,#1430,.T.);
#1885=ORIENTED_EDGE('',*,*,#1427,.T.);
#1886=ORIENTED_EDGE('',*,*,#1448,.F.);
#1887=ORIENTED_EDGE('',*,*,#1449,.T.);
#1888=ORIENTED_EDGE('',*,*,#1450,.F.);
#1889=ORIENTED_EDGE('',*,*,#1451,.T.);
#1890=ORIENTED_EDGE('',*,*,#1452,.T.);
#1891=ORIENTED_EDGE('',*,*,#1453,.F.);
#1892=ORIENTED_EDGE('',*,*,#1454,.T.);
#1893=ORIENTED_EDGE('',*,*,#1455,.F.);
#1894=ORIENTED_EDGE('',*,*,#1456,.T.);
#1895=ORIENTED_EDGE('',*,*,#1457,.T.);
#1896=ORIENTED_EDGE('',*,*,#1458,.F.);
#1897=ORIENTED_EDGE('',*,*,#1459,.T.);
#1898=ORIENTED_EDGE('',*,*,#1460,.F.);
#1899=ORIENTED_EDGE('',*,*,#1461,.F.);
#1900=ORIENTED_EDGE('',*,*,#1462,.F.);
#1901=ORIENTED_EDGE('',*,*,#1463,.F.);
#1902=ORIENTED_EDGE('',*,*,#1432,.T.);
#1903=ORIENTED_EDGE('',*,*,#1464,.F.);
#1904=ORIENTED_EDGE('',*,*,#1431,.T.);
#1905=ORIENTED_EDGE('',*,*,#1465,.F.);
#1906=ORIENTED_EDGE('',*,*,#1466,.F.);
#1907=ORIENTED_EDGE('',*,*,#1467,.T.);
#1908=ORIENTED_EDGE('',*,*,#1468,.F.);
#1909=ORIENTED_EDGE('',*,*,#1469,.T.);
#1910=ORIENTED_EDGE('',*,*,#1470,.F.);
#1911=ORIENTED_EDGE('',*,*,#1457,.F.);
#1912=ORIENTED_EDGE('',*,*,#1471,.T.);
#1913=ORIENTED_EDGE('',*,*,#1472,.F.);
#1914=ORIENTED_EDGE('',*,*,#1473,.F.);
#1915=ORIENTED_EDGE('',*,*,#1469,.F.);
#1916=ORIENTED_EDGE('',*,*,#1459,.F.);
#1917=ORIENTED_EDGE('',*,*,#1467,.F.);
#1918=ORIENTED_EDGE('',*,*,#1456,.F.);
#1919=ORIENTED_EDGE('',*,*,#1470,.T.);
#1920=ORIENTED_EDGE('',*,*,#1473,.T.);
#1921=ORIENTED_EDGE('',*,*,#1474,.F.);
#1922=ORIENTED_EDGE('',*,*,#1471,.F.);
#1923=ORIENTED_EDGE('',*,*,#1474,.T.);
#1924=ORIENTED_EDGE('',*,*,#1472,.T.);
#1925=ORIENTED_EDGE('',*,*,#1475,.F.);
#1926=ORIENTED_EDGE('',*,*,#1476,.T.);
#1927=ORIENTED_EDGE('',*,*,#1477,.F.);
#1928=ORIENTED_EDGE('',*,*,#1476,.F.);
#1929=ORIENTED_EDGE('',*,*,#1478,.F.);
#1930=ORIENTED_EDGE('',*,*,#1449,.F.);
#1931=ORIENTED_EDGE('',*,*,#1477,.T.);
#1932=ORIENTED_EDGE('',*,*,#1479,.F.);
#1933=ORIENTED_EDGE('',*,*,#1478,.T.);
#1934=ORIENTED_EDGE('',*,*,#1475,.T.);
#1935=ORIENTED_EDGE('',*,*,#1451,.F.);
#1936=ORIENTED_EDGE('',*,*,#1480,.T.);
#1937=ORIENTED_EDGE('',*,*,#1452,.F.);
#1938=ORIENTED_EDGE('',*,*,#1481,.T.);
#1939=ORIENTED_EDGE('',*,*,#1482,.F.);
#1940=ORIENTED_EDGE('',*,*,#1481,.F.);
#1941=ORIENTED_EDGE('',*,*,#1482,.T.);
#1942=ORIENTED_EDGE('',*,*,#1483,.F.);
#1943=ORIENTED_EDGE('',*,*,#1480,.F.);
#1944=ORIENTED_EDGE('',*,*,#1484,.F.);
#1945=ORIENTED_EDGE('',*,*,#1485,.F.);
#1946=ORIENTED_EDGE('',*,*,#1486,.T.);
#1947=ORIENTED_EDGE('',*,*,#1487,.F.);
#1948=ORIENTED_EDGE('',*,*,#1486,.F.);
#1949=ORIENTED_EDGE('',*,*,#1488,.F.);
#1950=ORIENTED_EDGE('',*,*,#1454,.F.);
#1951=ORIENTED_EDGE('',*,*,#1487,.T.);
#1952=ORIENTED_EDGE('',*,*,#1489,.F.);
#1953=ORIENTED_EDGE('',*,*,#1488,.T.);
#1954=ORIENTED_EDGE('',*,*,#1485,.T.);
#1955=ORIENTED_EDGE('',*,*,#1490,.F.);
#1956=ORIENTED_EDGE('',*,*,#1491,.T.);
#1957=ORIENTED_EDGE('',*,*,#1492,.T.);
#1958=ORIENTED_EDGE('',*,*,#1493,.F.);
#1959=ORIENTED_EDGE('',*,*,#1494,.F.);
#1960=ORIENTED_EDGE('',*,*,#1495,.T.);
#1961=ORIENTED_EDGE('',*,*,#1496,.T.);
#1962=ORIENTED_EDGE('',*,*,#1491,.F.);
#1963=ORIENTED_EDGE('',*,*,#1497,.F.);
#1964=ORIENTED_EDGE('',*,*,#1498,.T.);
#1965=ORIENTED_EDGE('',*,*,#1499,.T.);
#1966=ORIENTED_EDGE('',*,*,#1495,.F.);
#1967=ORIENTED_EDGE('',*,*,#1500,.F.);
#1968=ORIENTED_EDGE('',*,*,#1501,.T.);
#1969=ORIENTED_EDGE('',*,*,#1502,.T.);
#1970=ORIENTED_EDGE('',*,*,#1498,.F.);
#1971=ORIENTED_EDGE('',*,*,#1503,.F.);
#1972=ORIENTED_EDGE('',*,*,#1504,.T.);
#1973=ORIENTED_EDGE('',*,*,#1505,.T.);
#1974=ORIENTED_EDGE('',*,*,#1501,.F.);
#1975=ORIENTED_EDGE('',*,*,#1506,.F.);
#1976=ORIENTED_EDGE('',*,*,#1507,.T.);
#1977=ORIENTED_EDGE('',*,*,#1508,.T.);
#1978=ORIENTED_EDGE('',*,*,#1504,.F.);
#1979=ORIENTED_EDGE('',*,*,#1509,.F.);
#1980=ORIENTED_EDGE('',*,*,#1510,.T.);
#1981=ORIENTED_EDGE('',*,*,#1511,.T.);
#1982=ORIENTED_EDGE('',*,*,#1507,.F.);
#1983=ORIENTED_EDGE('',*,*,#1512,.F.);
#1984=ORIENTED_EDGE('',*,*,#1513,.T.);
#1985=ORIENTED_EDGE('',*,*,#1514,.T.);
#1986=ORIENTED_EDGE('',*,*,#1510,.F.);
#1987=ORIENTED_EDGE('',*,*,#1515,.F.);
#1988=ORIENTED_EDGE('',*,*,#1516,.T.);
#1989=ORIENTED_EDGE('',*,*,#1517,.T.);
#1990=ORIENTED_EDGE('',*,*,#1513,.F.);
#1991=ORIENTED_EDGE('',*,*,#1518,.F.);
#1992=ORIENTED_EDGE('',*,*,#1519,.T.);
#1993=ORIENTED_EDGE('',*,*,#1520,.T.);
#1994=ORIENTED_EDGE('',*,*,#1516,.F.);
#1995=ORIENTED_EDGE('',*,*,#1521,.F.);
#1996=ORIENTED_EDGE('',*,*,#1522,.T.);
#1997=ORIENTED_EDGE('',*,*,#1523,.T.);
#1998=ORIENTED_EDGE('',*,*,#1519,.F.);
#1999=ORIENTED_EDGE('',*,*,#1524,.F.);
#2000=ORIENTED_EDGE('',*,*,#1493,.T.);
#2001=ORIENTED_EDGE('',*,*,#1525,.T.);
#2002=ORIENTED_EDGE('',*,*,#1522,.F.);
#2003=ORIENTED_EDGE('',*,*,#1525,.F.);
#2004=ORIENTED_EDGE('',*,*,#1492,.F.);
#2005=ORIENTED_EDGE('',*,*,#1496,.F.);
#2006=ORIENTED_EDGE('',*,*,#1499,.F.);
#2007=ORIENTED_EDGE('',*,*,#1502,.F.);
#2008=ORIENTED_EDGE('',*,*,#1505,.F.);
#2009=ORIENTED_EDGE('',*,*,#1508,.F.);
#2010=ORIENTED_EDGE('',*,*,#1511,.F.);
#2011=ORIENTED_EDGE('',*,*,#1514,.F.);
#2012=ORIENTED_EDGE('',*,*,#1517,.F.);
#2013=ORIENTED_EDGE('',*,*,#1520,.F.);
#2014=ORIENTED_EDGE('',*,*,#1523,.F.);
#2015=ORIENTED_EDGE('',*,*,#1526,.F.);
#2016=ORIENTED_EDGE('',*,*,#1527,.T.);
#2017=ORIENTED_EDGE('',*,*,#1528,.T.);
#2018=ORIENTED_EDGE('',*,*,#1529,.F.);
#2019=ORIENTED_EDGE('',*,*,#1530,.F.);
#2020=ORIENTED_EDGE('',*,*,#1531,.T.);
#2021=ORIENTED_EDGE('',*,*,#1532,.T.);
#2022=ORIENTED_EDGE('',*,*,#1527,.F.);
#2023=ORIENTED_EDGE('',*,*,#1533,.F.);
#2024=ORIENTED_EDGE('',*,*,#1534,.T.);
#2025=ORIENTED_EDGE('',*,*,#1535,.T.);
#2026=ORIENTED_EDGE('',*,*,#1531,.F.);
#2027=ORIENTED_EDGE('',*,*,#1536,.F.);
#2028=ORIENTED_EDGE('',*,*,#1537,.T.);
#2029=ORIENTED_EDGE('',*,*,#1538,.T.);
#2030=ORIENTED_EDGE('',*,*,#1534,.F.);
#2031=ORIENTED_EDGE('',*,*,#1539,.F.);
#2032=ORIENTED_EDGE('',*,*,#1540,.T.);
#2033=ORIENTED_EDGE('',*,*,#1541,.T.);
#2034=ORIENTED_EDGE('',*,*,#1537,.F.);
#2035=ORIENTED_EDGE('',*,*,#1542,.F.);
#2036=ORIENTED_EDGE('',*,*,#1543,.T.);
#2037=ORIENTED_EDGE('',*,*,#1544,.T.);
#2038=ORIENTED_EDGE('',*,*,#1540,.F.);
#2039=ORIENTED_EDGE('',*,*,#1545,.F.);
#2040=ORIENTED_EDGE('',*,*,#1546,.T.);
#2041=ORIENTED_EDGE('',*,*,#1547,.T.);
#2042=ORIENTED_EDGE('',*,*,#1543,.F.);
#2043=ORIENTED_EDGE('',*,*,#1548,.F.);
#2044=ORIENTED_EDGE('',*,*,#1529,.T.);
#2045=ORIENTED_EDGE('',*,*,#1549,.T.);
#2046=ORIENTED_EDGE('',*,*,#1546,.F.);
#2047=ORIENTED_EDGE('',*,*,#1550,.F.);
#2048=ORIENTED_EDGE('',*,*,#1551,.T.);
#2049=ORIENTED_EDGE('',*,*,#1552,.T.);
#2050=ORIENTED_EDGE('',*,*,#1553,.F.);
#2051=ORIENTED_EDGE('',*,*,#1554,.F.);
#2052=ORIENTED_EDGE('',*,*,#1555,.T.);
#2053=ORIENTED_EDGE('',*,*,#1556,.T.);
#2054=ORIENTED_EDGE('',*,*,#1551,.F.);
#2055=ORIENTED_EDGE('',*,*,#1557,.F.);
#2056=ORIENTED_EDGE('',*,*,#1558,.T.);
#2057=ORIENTED_EDGE('',*,*,#1559,.T.);
#2058=ORIENTED_EDGE('',*,*,#1555,.F.);
#2059=ORIENTED_EDGE('',*,*,#1560,.F.);
#2060=ORIENTED_EDGE('',*,*,#1561,.T.);
#2061=ORIENTED_EDGE('',*,*,#1562,.T.);
#2062=ORIENTED_EDGE('',*,*,#1558,.F.);
#2063=ORIENTED_EDGE('',*,*,#1563,.F.);
#2064=ORIENTED_EDGE('',*,*,#1564,.T.);
#2065=ORIENTED_EDGE('',*,*,#1565,.T.);
#2066=ORIENTED_EDGE('',*,*,#1561,.F.);
#2067=ORIENTED_EDGE('',*,*,#1566,.F.);
#2068=ORIENTED_EDGE('',*,*,#1567,.T.);
#2069=ORIENTED_EDGE('',*,*,#1568,.T.);
#2070=ORIENTED_EDGE('',*,*,#1564,.F.);
#2071=ORIENTED_EDGE('',*,*,#1569,.F.);
#2072=ORIENTED_EDGE('',*,*,#1570,.T.);
#2073=ORIENTED_EDGE('',*,*,#1571,.T.);
#2074=ORIENTED_EDGE('',*,*,#1567,.F.);
#2075=ORIENTED_EDGE('',*,*,#1572,.F.);
#2076=ORIENTED_EDGE('',*,*,#1573,.T.);
#2077=ORIENTED_EDGE('',*,*,#1574,.T.);
#2078=ORIENTED_EDGE('',*,*,#1570,.F.);
#2079=ORIENTED_EDGE('',*,*,#1575,.F.);
#2080=ORIENTED_EDGE('',*,*,#1553,.T.);
#2081=ORIENTED_EDGE('',*,*,#1576,.T.);
#2082=ORIENTED_EDGE('',*,*,#1573,.F.);
#2083=ORIENTED_EDGE('',*,*,#1576,.F.);
#2084=ORIENTED_EDGE('',*,*,#1552,.F.);
#2085=ORIENTED_EDGE('',*,*,#1556,.F.);
#2086=ORIENTED_EDGE('',*,*,#1559,.F.);
#2087=ORIENTED_EDGE('',*,*,#1562,.F.);
#2088=ORIENTED_EDGE('',*,*,#1565,.F.);
#2089=ORIENTED_EDGE('',*,*,#1568,.F.);
#2090=ORIENTED_EDGE('',*,*,#1571,.F.);
#2091=ORIENTED_EDGE('',*,*,#1574,.F.);
#2092=ORIENTED_EDGE('',*,*,#1549,.F.);
#2093=ORIENTED_EDGE('',*,*,#1528,.F.);
#2094=ORIENTED_EDGE('',*,*,#1532,.F.);
#2095=ORIENTED_EDGE('',*,*,#1535,.F.);
#2096=ORIENTED_EDGE('',*,*,#1538,.F.);
#2097=ORIENTED_EDGE('',*,*,#1541,.F.);
#2098=ORIENTED_EDGE('',*,*,#1544,.F.);
#2099=ORIENTED_EDGE('',*,*,#1547,.F.);
#2100=ORIENTED_EDGE('',*,*,#1577,.F.);
#2101=ORIENTED_EDGE('',*,*,#1578,.T.);
#2102=ORIENTED_EDGE('',*,*,#1579,.T.);
#2103=ORIENTED_EDGE('',*,*,#1580,.F.);
#2104=ORIENTED_EDGE('',*,*,#1581,.F.);
#2105=ORIENTED_EDGE('',*,*,#1582,.T.);
#2106=ORIENTED_EDGE('',*,*,#1583,.T.);
#2107=ORIENTED_EDGE('',*,*,#1578,.F.);
#2108=ORIENTED_EDGE('',*,*,#1584,.F.);
#2109=ORIENTED_EDGE('',*,*,#1585,.T.);
#2110=ORIENTED_EDGE('',*,*,#1586,.T.);
#2111=ORIENTED_EDGE('',*,*,#1582,.F.);
#2112=ORIENTED_EDGE('',*,*,#1587,.F.);
#2113=ORIENTED_EDGE('',*,*,#1588,.T.);
#2114=ORIENTED_EDGE('',*,*,#1589,.T.);
#2115=ORIENTED_EDGE('',*,*,#1585,.F.);
#2116=ORIENTED_EDGE('',*,*,#1590,.F.);
#2117=ORIENTED_EDGE('',*,*,#1580,.T.);
#2118=ORIENTED_EDGE('',*,*,#1591,.T.);
#2119=ORIENTED_EDGE('',*,*,#1588,.F.);
#2120=ORIENTED_EDGE('',*,*,#1592,.F.);
#2121=ORIENTED_EDGE('',*,*,#1593,.T.);
#2122=ORIENTED_EDGE('',*,*,#1594,.T.);
#2123=ORIENTED_EDGE('',*,*,#1595,.F.);
#2124=ORIENTED_EDGE('',*,*,#1596,.F.);
#2125=ORIENTED_EDGE('',*,*,#1597,.T.);
#2126=ORIENTED_EDGE('',*,*,#1598,.T.);
#2127=ORIENTED_EDGE('',*,*,#1593,.F.);
#2128=ORIENTED_EDGE('',*,*,#1599,.F.);
#2129=ORIENTED_EDGE('',*,*,#1600,.T.);
#2130=ORIENTED_EDGE('',*,*,#1601,.T.);
#2131=ORIENTED_EDGE('',*,*,#1597,.F.);
#2132=ORIENTED_EDGE('',*,*,#1602,.F.);
#2133=ORIENTED_EDGE('',*,*,#1603,.T.);
#2134=ORIENTED_EDGE('',*,*,#1604,.T.);
#2135=ORIENTED_EDGE('',*,*,#1600,.F.);
#2136=ORIENTED_EDGE('',*,*,#1605,.F.);
#2137=ORIENTED_EDGE('',*,*,#1606,.T.);
#2138=ORIENTED_EDGE('',*,*,#1607,.T.);
#2139=ORIENTED_EDGE('',*,*,#1603,.F.);
#2140=ORIENTED_EDGE('',*,*,#1608,.F.);
#2141=ORIENTED_EDGE('',*,*,#1609,.T.);
#2142=ORIENTED_EDGE('',*,*,#1610,.T.);
#2143=ORIENTED_EDGE('',*,*,#1606,.F.);
#2144=ORIENTED_EDGE('',*,*,#1611,.F.);
#2145=ORIENTED_EDGE('',*,*,#1612,.T.);
#2146=ORIENTED_EDGE('',*,*,#1613,.T.);
#2147=ORIENTED_EDGE('',*,*,#1609,.F.);
#2148=ORIENTED_EDGE('',*,*,#1614,.F.);
#2149=ORIENTED_EDGE('',*,*,#1615,.T.);
#2150=ORIENTED_EDGE('',*,*,#1616,.T.);
#2151=ORIENTED_EDGE('',*,*,#1612,.F.);
#2152=ORIENTED_EDGE('',*,*,#1617,.F.);
#2153=ORIENTED_EDGE('',*,*,#1618,.T.);
#2154=ORIENTED_EDGE('',*,*,#1619,.T.);
#2155=ORIENTED_EDGE('',*,*,#1615,.F.);
#2156=ORIENTED_EDGE('',*,*,#1620,.F.);
#2157=ORIENTED_EDGE('',*,*,#1621,.T.);
#2158=ORIENTED_EDGE('',*,*,#1622,.T.);
#2159=ORIENTED_EDGE('',*,*,#1618,.F.);
#2160=ORIENTED_EDGE('',*,*,#1623,.F.);
#2161=ORIENTED_EDGE('',*,*,#1624,.T.);
#2162=ORIENTED_EDGE('',*,*,#1625,.T.);
#2163=ORIENTED_EDGE('',*,*,#1621,.F.);
#2164=ORIENTED_EDGE('',*,*,#1626,.F.);
#2165=ORIENTED_EDGE('',*,*,#1627,.T.);
#2166=ORIENTED_EDGE('',*,*,#1628,.T.);
#2167=ORIENTED_EDGE('',*,*,#1624,.F.);
#2168=ORIENTED_EDGE('',*,*,#1629,.F.);
#2169=ORIENTED_EDGE('',*,*,#1630,.T.);
#2170=ORIENTED_EDGE('',*,*,#1631,.T.);
#2171=ORIENTED_EDGE('',*,*,#1627,.F.);
#2172=ORIENTED_EDGE('',*,*,#1632,.F.);
#2173=ORIENTED_EDGE('',*,*,#1633,.T.);
#2174=ORIENTED_EDGE('',*,*,#1634,.T.);
#2175=ORIENTED_EDGE('',*,*,#1630,.F.);
#2176=ORIENTED_EDGE('',*,*,#1635,.F.);
#2177=ORIENTED_EDGE('',*,*,#1636,.T.);
#2178=ORIENTED_EDGE('',*,*,#1637,.T.);
#2179=ORIENTED_EDGE('',*,*,#1633,.F.);
#2180=ORIENTED_EDGE('',*,*,#1638,.F.);
#2181=ORIENTED_EDGE('',*,*,#1639,.T.);
#2182=ORIENTED_EDGE('',*,*,#1640,.T.);
#2183=ORIENTED_EDGE('',*,*,#1636,.F.);
#2184=ORIENTED_EDGE('',*,*,#1641,.F.);
#2185=ORIENTED_EDGE('',*,*,#1595,.T.);
#2186=ORIENTED_EDGE('',*,*,#1642,.T.);
#2187=ORIENTED_EDGE('',*,*,#1639,.F.);
#2188=ORIENTED_EDGE('',*,*,#1642,.F.);
#2189=ORIENTED_EDGE('',*,*,#1594,.F.);
#2190=ORIENTED_EDGE('',*,*,#1598,.F.);
#2191=ORIENTED_EDGE('',*,*,#1601,.F.);
#2192=ORIENTED_EDGE('',*,*,#1604,.F.);
#2193=ORIENTED_EDGE('',*,*,#1607,.F.);
#2194=ORIENTED_EDGE('',*,*,#1610,.F.);
#2195=ORIENTED_EDGE('',*,*,#1613,.F.);
#2196=ORIENTED_EDGE('',*,*,#1616,.F.);
#2197=ORIENTED_EDGE('',*,*,#1619,.F.);
#2198=ORIENTED_EDGE('',*,*,#1622,.F.);
#2199=ORIENTED_EDGE('',*,*,#1625,.F.);
#2200=ORIENTED_EDGE('',*,*,#1628,.F.);
#2201=ORIENTED_EDGE('',*,*,#1631,.F.);
#2202=ORIENTED_EDGE('',*,*,#1634,.F.);
#2203=ORIENTED_EDGE('',*,*,#1637,.F.);
#2204=ORIENTED_EDGE('',*,*,#1640,.F.);
#2205=ORIENTED_EDGE('',*,*,#1591,.F.);
#2206=ORIENTED_EDGE('',*,*,#1579,.F.);
#2207=ORIENTED_EDGE('',*,*,#1583,.F.);
#2208=ORIENTED_EDGE('',*,*,#1586,.F.);
#2209=ORIENTED_EDGE('',*,*,#1589,.F.);
#2210=ORIENTED_EDGE('',*,*,#1643,.F.);
#2211=ORIENTED_EDGE('',*,*,#1644,.T.);
#2212=ORIENTED_EDGE('',*,*,#1645,.T.);
#2213=ORIENTED_EDGE('',*,*,#1646,.F.);
#2214=ORIENTED_EDGE('',*,*,#1647,.F.);
#2215=ORIENTED_EDGE('',*,*,#1648,.T.);
#2216=ORIENTED_EDGE('',*,*,#1649,.T.);
#2217=ORIENTED_EDGE('',*,*,#1644,.F.);
#2218=ORIENTED_EDGE('',*,*,#1650,.F.);
#2219=ORIENTED_EDGE('',*,*,#1651,.T.);
#2220=ORIENTED_EDGE('',*,*,#1652,.T.);
#2221=ORIENTED_EDGE('',*,*,#1648,.F.);
#2222=ORIENTED_EDGE('',*,*,#1653,.F.);
#2223=ORIENTED_EDGE('',*,*,#1654,.T.);
#2224=ORIENTED_EDGE('',*,*,#1655,.T.);
#2225=ORIENTED_EDGE('',*,*,#1651,.F.);
#2226=ORIENTED_EDGE('',*,*,#1656,.F.);
#2227=ORIENTED_EDGE('',*,*,#1646,.T.);
#2228=ORIENTED_EDGE('',*,*,#1657,.T.);
#2229=ORIENTED_EDGE('',*,*,#1654,.F.);
#2230=ORIENTED_EDGE('',*,*,#1658,.F.);
#2231=ORIENTED_EDGE('',*,*,#1659,.T.);
#2232=ORIENTED_EDGE('',*,*,#1660,.T.);
#2233=ORIENTED_EDGE('',*,*,#1661,.F.);
#2234=ORIENTED_EDGE('',*,*,#1662,.F.);
#2235=ORIENTED_EDGE('',*,*,#1663,.T.);
#2236=ORIENTED_EDGE('',*,*,#1664,.T.);
#2237=ORIENTED_EDGE('',*,*,#1659,.F.);
#2238=ORIENTED_EDGE('',*,*,#1665,.F.);
#2239=ORIENTED_EDGE('',*,*,#1666,.T.);
#2240=ORIENTED_EDGE('',*,*,#1667,.T.);
#2241=ORIENTED_EDGE('',*,*,#1663,.F.);
#2242=ORIENTED_EDGE('',*,*,#1668,.F.);
#2243=ORIENTED_EDGE('',*,*,#1669,.T.);
#2244=ORIENTED_EDGE('',*,*,#1670,.T.);
#2245=ORIENTED_EDGE('',*,*,#1666,.F.);
#2246=ORIENTED_EDGE('',*,*,#1671,.F.);
#2247=ORIENTED_EDGE('',*,*,#1672,.T.);
#2248=ORIENTED_EDGE('',*,*,#1673,.T.);
#2249=ORIENTED_EDGE('',*,*,#1669,.F.);
#2250=ORIENTED_EDGE('',*,*,#1674,.F.);
#2251=ORIENTED_EDGE('',*,*,#1675,.T.);
#2252=ORIENTED_EDGE('',*,*,#1676,.T.);
#2253=ORIENTED_EDGE('',*,*,#1672,.F.);
#2254=ORIENTED_EDGE('',*,*,#1677,.F.);
#2255=ORIENTED_EDGE('',*,*,#1661,.T.);
#2256=ORIENTED_EDGE('',*,*,#1678,.T.);
#2257=ORIENTED_EDGE('',*,*,#1675,.F.);
#2258=ORIENTED_EDGE('',*,*,#1678,.F.);
#2259=ORIENTED_EDGE('',*,*,#1660,.F.);
#2260=ORIENTED_EDGE('',*,*,#1664,.F.);
#2261=ORIENTED_EDGE('',*,*,#1667,.F.);
#2262=ORIENTED_EDGE('',*,*,#1670,.F.);
#2263=ORIENTED_EDGE('',*,*,#1673,.F.);
#2264=ORIENTED_EDGE('',*,*,#1676,.F.);
#2265=ORIENTED_EDGE('',*,*,#1657,.F.);
#2266=ORIENTED_EDGE('',*,*,#1645,.F.);
#2267=ORIENTED_EDGE('',*,*,#1649,.F.);
#2268=ORIENTED_EDGE('',*,*,#1652,.F.);
#2269=ORIENTED_EDGE('',*,*,#1655,.F.);
#2270=ORIENTED_EDGE('',*,*,#1679,.F.);
#2271=ORIENTED_EDGE('',*,*,#1680,.T.);
#2272=ORIENTED_EDGE('',*,*,#1681,.T.);
#2273=ORIENTED_EDGE('',*,*,#1682,.F.);
#2274=ORIENTED_EDGE('',*,*,#1683,.F.);
#2275=ORIENTED_EDGE('',*,*,#1684,.T.);
#2276=ORIENTED_EDGE('',*,*,#1685,.T.);
#2277=ORIENTED_EDGE('',*,*,#1680,.F.);
#2278=ORIENTED_EDGE('',*,*,#1686,.F.);
#2279=ORIENTED_EDGE('',*,*,#1687,.T.);
#2280=ORIENTED_EDGE('',*,*,#1688,.T.);
#2281=ORIENTED_EDGE('',*,*,#1684,.F.);
#2282=ORIENTED_EDGE('',*,*,#1689,.F.);
#2283=ORIENTED_EDGE('',*,*,#1690,.T.);
#2284=ORIENTED_EDGE('',*,*,#1691,.T.);
#2285=ORIENTED_EDGE('',*,*,#1687,.F.);
#2286=ORIENTED_EDGE('',*,*,#1692,.F.);
#2287=ORIENTED_EDGE('',*,*,#1693,.T.);
#2288=ORIENTED_EDGE('',*,*,#1694,.T.);
#2289=ORIENTED_EDGE('',*,*,#1690,.F.);
#2290=ORIENTED_EDGE('',*,*,#1695,.F.);
#2291=ORIENTED_EDGE('',*,*,#1696,.T.);
#2292=ORIENTED_EDGE('',*,*,#1697,.T.);
#2293=ORIENTED_EDGE('',*,*,#1693,.F.);
#2294=ORIENTED_EDGE('',*,*,#1698,.F.);
#2295=ORIENTED_EDGE('',*,*,#1699,.T.);
#2296=ORIENTED_EDGE('',*,*,#1700,.T.);
#2297=ORIENTED_EDGE('',*,*,#1696,.F.);
#2298=ORIENTED_EDGE('',*,*,#1701,.F.);
#2299=ORIENTED_EDGE('',*,*,#1702,.T.);
#2300=ORIENTED_EDGE('',*,*,#1703,.T.);
#2301=ORIENTED_EDGE('',*,*,#1699,.F.);
#2302=ORIENTED_EDGE('',*,*,#1704,.F.);
#2303=ORIENTED_EDGE('',*,*,#1705,.T.);
#2304=ORIENTED_EDGE('',*,*,#1706,.T.);
#2305=ORIENTED_EDGE('',*,*,#1702,.F.);
#2306=ORIENTED_EDGE('',*,*,#1707,.F.);
#2307=ORIENTED_EDGE('',*,*,#1708,.T.);
#2308=ORIENTED_EDGE('',*,*,#1709,.T.);
#2309=ORIENTED_EDGE('',*,*,#1705,.F.);
#2310=ORIENTED_EDGE('',*,*,#1710,.F.);
#2311=ORIENTED_EDGE('',*,*,#1711,.T.);
#2312=ORIENTED_EDGE('',*,*,#1712,.T.);
#2313=ORIENTED_EDGE('',*,*,#1708,.F.);
#2314=ORIENTED_EDGE('',*,*,#1713,.F.);
#2315=ORIENTED_EDGE('',*,*,#1714,.T.);
#2316=ORIENTED_EDGE('',*,*,#1715,.T.);
#2317=ORIENTED_EDGE('',*,*,#1711,.F.);
#2318=ORIENTED_EDGE('',*,*,#1716,.F.);
#2319=ORIENTED_EDGE('',*,*,#1717,.T.);
#2320=ORIENTED_EDGE('',*,*,#1718,.T.);
#2321=ORIENTED_EDGE('',*,*,#1714,.F.);
#2322=ORIENTED_EDGE('',*,*,#1719,.F.);
#2323=ORIENTED_EDGE('',*,*,#1720,.T.);
#2324=ORIENTED_EDGE('',*,*,#1721,.T.);
#2325=ORIENTED_EDGE('',*,*,#1717,.F.);
#2326=ORIENTED_EDGE('',*,*,#1722,.F.);
#2327=ORIENTED_EDGE('',*,*,#1723,.T.);
#2328=ORIENTED_EDGE('',*,*,#1724,.T.);
#2329=ORIENTED_EDGE('',*,*,#1720,.F.);
#2330=ORIENTED_EDGE('',*,*,#1725,.F.);
#2331=ORIENTED_EDGE('',*,*,#1726,.T.);
#2332=ORIENTED_EDGE('',*,*,#1727,.T.);
#2333=ORIENTED_EDGE('',*,*,#1723,.F.);
#2334=ORIENTED_EDGE('',*,*,#1728,.F.);
#2335=ORIENTED_EDGE('',*,*,#1729,.T.);
#2336=ORIENTED_EDGE('',*,*,#1730,.T.);
#2337=ORIENTED_EDGE('',*,*,#1726,.F.);
#2338=ORIENTED_EDGE('',*,*,#1731,.F.);
#2339=ORIENTED_EDGE('',*,*,#1732,.T.);
#2340=ORIENTED_EDGE('',*,*,#1733,.T.);
#2341=ORIENTED_EDGE('',*,*,#1729,.F.);
#2342=ORIENTED_EDGE('',*,*,#1734,.F.);
#2343=ORIENTED_EDGE('',*,*,#1682,.T.);
#2344=ORIENTED_EDGE('',*,*,#1735,.T.);
#2345=ORIENTED_EDGE('',*,*,#1732,.F.);
#2346=ORIENTED_EDGE('',*,*,#1735,.F.);
#2347=ORIENTED_EDGE('',*,*,#1681,.F.);
#2348=ORIENTED_EDGE('',*,*,#1685,.F.);
#2349=ORIENTED_EDGE('',*,*,#1688,.F.);
#2350=ORIENTED_EDGE('',*,*,#1691,.F.);
#2351=ORIENTED_EDGE('',*,*,#1694,.F.);
#2352=ORIENTED_EDGE('',*,*,#1697,.F.);
#2353=ORIENTED_EDGE('',*,*,#1700,.F.);
#2354=ORIENTED_EDGE('',*,*,#1703,.F.);
#2355=ORIENTED_EDGE('',*,*,#1706,.F.);
#2356=ORIENTED_EDGE('',*,*,#1709,.F.);
#2357=ORIENTED_EDGE('',*,*,#1712,.F.);
#2358=ORIENTED_EDGE('',*,*,#1715,.F.);
#2359=ORIENTED_EDGE('',*,*,#1718,.F.);
#2360=ORIENTED_EDGE('',*,*,#1721,.F.);
#2361=ORIENTED_EDGE('',*,*,#1724,.F.);
#2362=ORIENTED_EDGE('',*,*,#1727,.F.);
#2363=ORIENTED_EDGE('',*,*,#1730,.F.);
#2364=ORIENTED_EDGE('',*,*,#1733,.F.);
#2365=ORIENTED_EDGE('',*,*,#1736,.F.);
#2366=ORIENTED_EDGE('',*,*,#1737,.T.);
#2367=ORIENTED_EDGE('',*,*,#1738,.T.);
#2368=ORIENTED_EDGE('',*,*,#1739,.F.);
#2369=ORIENTED_EDGE('',*,*,#1740,.F.);
#2370=ORIENTED_EDGE('',*,*,#1741,.T.);
#2371=ORIENTED_EDGE('',*,*,#1742,.T.);
#2372=ORIENTED_EDGE('',*,*,#1737,.F.);
#2373=ORIENTED_EDGE('',*,*,#1743,.F.);
#2374=ORIENTED_EDGE('',*,*,#1744,.T.);
#2375=ORIENTED_EDGE('',*,*,#1745,.T.);
#2376=ORIENTED_EDGE('',*,*,#1741,.F.);
#2377=ORIENTED_EDGE('',*,*,#1746,.F.);
#2378=ORIENTED_EDGE('',*,*,#1747,.T.);
#2379=ORIENTED_EDGE('',*,*,#1748,.T.);
#2380=ORIENTED_EDGE('',*,*,#1744,.F.);
#2381=ORIENTED_EDGE('',*,*,#1749,.F.);
#2382=ORIENTED_EDGE('',*,*,#1750,.T.);
#2383=ORIENTED_EDGE('',*,*,#1751,.T.);
#2384=ORIENTED_EDGE('',*,*,#1747,.F.);
#2385=ORIENTED_EDGE('',*,*,#1752,.F.);
#2386=ORIENTED_EDGE('',*,*,#1753,.T.);
#2387=ORIENTED_EDGE('',*,*,#1754,.T.);
#2388=ORIENTED_EDGE('',*,*,#1750,.F.);
#2389=ORIENTED_EDGE('',*,*,#1755,.F.);
#2390=ORIENTED_EDGE('',*,*,#1756,.T.);
#2391=ORIENTED_EDGE('',*,*,#1757,.T.);
#2392=ORIENTED_EDGE('',*,*,#1753,.F.);
#2393=ORIENTED_EDGE('',*,*,#1758,.F.);
#2394=ORIENTED_EDGE('',*,*,#1759,.T.);
#2395=ORIENTED_EDGE('',*,*,#1760,.T.);
#2396=ORIENTED_EDGE('',*,*,#1756,.F.);
#2397=ORIENTED_EDGE('',*,*,#1761,.F.);
#2398=ORIENTED_EDGE('',*,*,#1762,.T.);
#2399=ORIENTED_EDGE('',*,*,#1763,.T.);
#2400=ORIENTED_EDGE('',*,*,#1759,.F.);
#2401=ORIENTED_EDGE('',*,*,#1764,.F.);
#2402=ORIENTED_EDGE('',*,*,#1739,.T.);
#2403=ORIENTED_EDGE('',*,*,#1765,.T.);
#2404=ORIENTED_EDGE('',*,*,#1762,.F.);
#2405=ORIENTED_EDGE('',*,*,#1765,.F.);
#2406=ORIENTED_EDGE('',*,*,#1738,.F.);
#2407=ORIENTED_EDGE('',*,*,#1742,.F.);
#2408=ORIENTED_EDGE('',*,*,#1745,.F.);
#2409=ORIENTED_EDGE('',*,*,#1748,.F.);
#2410=ORIENTED_EDGE('',*,*,#1751,.F.);
#2411=ORIENTED_EDGE('',*,*,#1754,.F.);
#2412=ORIENTED_EDGE('',*,*,#1757,.F.);
#2413=ORIENTED_EDGE('',*,*,#1760,.F.);
#2414=ORIENTED_EDGE('',*,*,#1763,.F.);
#2415=ORIENTED_EDGE('',*,*,#1643,.T.);
#2416=ORIENTED_EDGE('',*,*,#1656,.T.);
#2417=ORIENTED_EDGE('',*,*,#1653,.T.);
#2418=ORIENTED_EDGE('',*,*,#1650,.T.);
#2419=ORIENTED_EDGE('',*,*,#1647,.T.);
#2420=ORIENTED_EDGE('',*,*,#1577,.T.);
#2421=ORIENTED_EDGE('',*,*,#1590,.T.);
#2422=ORIENTED_EDGE('',*,*,#1587,.T.);
#2423=ORIENTED_EDGE('',*,*,#1584,.T.);
#2424=ORIENTED_EDGE('',*,*,#1581,.T.);
#2425=ORIENTED_EDGE('',*,*,#1526,.T.);
#2426=ORIENTED_EDGE('',*,*,#1548,.T.);
#2427=ORIENTED_EDGE('',*,*,#1545,.T.);
#2428=ORIENTED_EDGE('',*,*,#1542,.T.);
#2429=ORIENTED_EDGE('',*,*,#1539,.T.);
#2430=ORIENTED_EDGE('',*,*,#1536,.T.);
#2431=ORIENTED_EDGE('',*,*,#1533,.T.);
#2432=ORIENTED_EDGE('',*,*,#1530,.T.);
#2433=ORIENTED_EDGE('',*,*,#1433,.T.);
#2434=ORIENTED_EDGE('',*,*,#1766,.T.);
#2435=ORIENTED_EDGE('',*,*,#1767,.T.);
#2436=ORIENTED_EDGE('',*,*,#1768,.T.);
#2437=ORIENTED_EDGE('',*,*,#1769,.T.);
#2438=ORIENTED_EDGE('',*,*,#1770,.T.);
#2439=ORIENTED_EDGE('',*,*,#1771,.T.);
#2440=ORIENTED_EDGE('',*,*,#1772,.T.);
#2441=ORIENTED_EDGE('',*,*,#1769,.F.);
#2442=ORIENTED_EDGE('',*,*,#1766,.F.);
#2443=ORIENTED_EDGE('',*,*,#1443,.T.);
#2444=ORIENTED_EDGE('',*,*,#1773,.T.);
#2445=ORIENTED_EDGE('',*,*,#1774,.T.);
#2446=ORIENTED_EDGE('',*,*,#1775,.F.);
#2447=ORIENTED_EDGE('',*,*,#1772,.F.);
#2448=ORIENTED_EDGE('',*,*,#1776,.T.);
#2449=ORIENTED_EDGE('',*,*,#1777,.F.);
#2450=ORIENTED_EDGE('',*,*,#1434,.T.);
#2451=ORIENTED_EDGE('',*,*,#1736,.T.);
#2452=ORIENTED_EDGE('',*,*,#1764,.T.);
#2453=ORIENTED_EDGE('',*,*,#1761,.T.);
#2454=ORIENTED_EDGE('',*,*,#1758,.T.);
#2455=ORIENTED_EDGE('',*,*,#1755,.T.);
#2456=ORIENTED_EDGE('',*,*,#1752,.T.);
#2457=ORIENTED_EDGE('',*,*,#1749,.T.);
#2458=ORIENTED_EDGE('',*,*,#1746,.T.);
#2459=ORIENTED_EDGE('',*,*,#1743,.T.);
#2460=ORIENTED_EDGE('',*,*,#1740,.T.);
#2461=ORIENTED_EDGE('',*,*,#1679,.T.);
#2462=ORIENTED_EDGE('',*,*,#1734,.T.);
#2463=ORIENTED_EDGE('',*,*,#1731,.T.);
#2464=ORIENTED_EDGE('',*,*,#1728,.T.);
#2465=ORIENTED_EDGE('',*,*,#1725,.T.);
#2466=ORIENTED_EDGE('',*,*,#1722,.T.);
#2467=ORIENTED_EDGE('',*,*,#1719,.T.);
#2468=ORIENTED_EDGE('',*,*,#1716,.T.);
#2469=ORIENTED_EDGE('',*,*,#1713,.T.);
#2470=ORIENTED_EDGE('',*,*,#1710,.T.);
#2471=ORIENTED_EDGE('',*,*,#1707,.T.);
#2472=ORIENTED_EDGE('',*,*,#1704,.T.);
#2473=ORIENTED_EDGE('',*,*,#1701,.T.);
#2474=ORIENTED_EDGE('',*,*,#1698,.T.);
#2475=ORIENTED_EDGE('',*,*,#1695,.T.);
#2476=ORIENTED_EDGE('',*,*,#1692,.T.);
#2477=ORIENTED_EDGE('',*,*,#1689,.T.);
#2478=ORIENTED_EDGE('',*,*,#1686,.T.);
#2479=ORIENTED_EDGE('',*,*,#1683,.T.);
#2480=ORIENTED_EDGE('',*,*,#1658,.T.);
#2481=ORIENTED_EDGE('',*,*,#1677,.T.);
#2482=ORIENTED_EDGE('',*,*,#1674,.T.);
#2483=ORIENTED_EDGE('',*,*,#1671,.T.);
#2484=ORIENTED_EDGE('',*,*,#1668,.T.);
#2485=ORIENTED_EDGE('',*,*,#1665,.T.);
#2486=ORIENTED_EDGE('',*,*,#1662,.T.);
#2487=ORIENTED_EDGE('',*,*,#1592,.T.);
#2488=ORIENTED_EDGE('',*,*,#1641,.T.);
#2489=ORIENTED_EDGE('',*,*,#1638,.T.);
#2490=ORIENTED_EDGE('',*,*,#1635,.T.);
#2491=ORIENTED_EDGE('',*,*,#1632,.T.);
#2492=ORIENTED_EDGE('',*,*,#1629,.T.);
#2493=ORIENTED_EDGE('',*,*,#1626,.T.);
#2494=ORIENTED_EDGE('',*,*,#1623,.T.);
#2495=ORIENTED_EDGE('',*,*,#1620,.T.);
#2496=ORIENTED_EDGE('',*,*,#1617,.T.);
#2497=ORIENTED_EDGE('',*,*,#1614,.T.);
#2498=ORIENTED_EDGE('',*,*,#1611,.T.);
#2499=ORIENTED_EDGE('',*,*,#1608,.T.);
#2500=ORIENTED_EDGE('',*,*,#1605,.T.);
#2501=ORIENTED_EDGE('',*,*,#1602,.T.);
#2502=ORIENTED_EDGE('',*,*,#1599,.T.);
#2503=ORIENTED_EDGE('',*,*,#1596,.T.);
#2504=ORIENTED_EDGE('',*,*,#1550,.T.);
#2505=ORIENTED_EDGE('',*,*,#1575,.T.);
#2506=ORIENTED_EDGE('',*,*,#1572,.T.);
#2507=ORIENTED_EDGE('',*,*,#1569,.T.);
#2508=ORIENTED_EDGE('',*,*,#1566,.T.);
#2509=ORIENTED_EDGE('',*,*,#1563,.T.);
#2510=ORIENTED_EDGE('',*,*,#1560,.T.);
#2511=ORIENTED_EDGE('',*,*,#1557,.T.);
#2512=ORIENTED_EDGE('',*,*,#1554,.T.);
#2513=ORIENTED_EDGE('',*,*,#1490,.T.);
#2514=ORIENTED_EDGE('',*,*,#1524,.T.);
#2515=ORIENTED_EDGE('',*,*,#1521,.T.);
#2516=ORIENTED_EDGE('',*,*,#1518,.T.);
#2517=ORIENTED_EDGE('',*,*,#1515,.T.);
#2518=ORIENTED_EDGE('',*,*,#1512,.T.);
#2519=ORIENTED_EDGE('',*,*,#1509,.T.);
#2520=ORIENTED_EDGE('',*,*,#1506,.T.);
#2521=ORIENTED_EDGE('',*,*,#1503,.T.);
#2522=ORIENTED_EDGE('',*,*,#1500,.T.);
#2523=ORIENTED_EDGE('',*,*,#1497,.T.);
#2524=ORIENTED_EDGE('',*,*,#1494,.T.);
#2525=ORIENTED_EDGE('',*,*,#1771,.F.);
#2526=ORIENTED_EDGE('',*,*,#1778,.F.);
#2527=ORIENTED_EDGE('',*,*,#1779,.F.);
#2528=ORIENTED_EDGE('',*,*,#1780,.F.);
#2529=ORIENTED_EDGE('',*,*,#1781,.F.);
#2530=ORIENTED_EDGE('',*,*,#1782,.F.);
#2531=ORIENTED_EDGE('',*,*,#1783,.F.);
#2532=ORIENTED_EDGE('',*,*,#1784,.F.);
#2533=ORIENTED_EDGE('',*,*,#1785,.F.);
#2534=ORIENTED_EDGE('',*,*,#1786,.F.);
#2535=ORIENTED_EDGE('',*,*,#1787,.F.);
#2536=ORIENTED_EDGE('',*,*,#1788,.F.);
#2537=ORIENTED_EDGE('',*,*,#1789,.F.);
#2538=ORIENTED_EDGE('',*,*,#1790,.F.);
#2539=ORIENTED_EDGE('',*,*,#1791,.F.);
#2540=ORIENTED_EDGE('',*,*,#1776,.F.);
#2541=ORIENTED_EDGE('',*,*,#1792,.F.);
#2542=ORIENTED_EDGE('',*,*,#1793,.F.);
#2543=ORIENTED_EDGE('',*,*,#1794,.F.);
#2544=ORIENTED_EDGE('',*,*,#1795,.F.);
#2545=ORIENTED_EDGE('',*,*,#1796,.F.);
#2546=ORIENTED_EDGE('',*,*,#1797,.F.);
#2547=ORIENTED_EDGE('',*,*,#1798,.F.);
#2548=ORIENTED_EDGE('',*,*,#1799,.F.);
#2549=ORIENTED_EDGE('',*,*,#1444,.T.);
#2550=ORIENTED_EDGE('',*,*,#1800,.T.);
#2551=ORIENTED_EDGE('',*,*,#1801,.T.);
#2552=ORIENTED_EDGE('',*,*,#1802,.F.);
#2553=ORIENTED_EDGE('',*,*,#1447,.T.);
#2554=ORIENTED_EDGE('',*,*,#1803,.T.);
#2555=ORIENTED_EDGE('',*,*,#1804,.T.);
#2556=ORIENTED_EDGE('',*,*,#1800,.F.);
#2557=ORIENTED_EDGE('',*,*,#1446,.T.);
#2558=ORIENTED_EDGE('',*,*,#1805,.T.);
#2559=ORIENTED_EDGE('',*,*,#1806,.T.);
#2560=ORIENTED_EDGE('',*,*,#1803,.F.);
#2561=ORIENTED_EDGE('',*,*,#1807,.T.);
#2562=ORIENTED_EDGE('',*,*,#1805,.F.);
#2563=ORIENTED_EDGE('',*,*,#1445,.T.);
#2564=ORIENTED_EDGE('',*,*,#1802,.T.);
#2565=ORIENTED_EDGE('',*,*,#1807,.F.);
#2566=ORIENTED_EDGE('',*,*,#1808,.F.);
#2567=ORIENTED_EDGE('',*,*,#1792,.T.);
#2568=ORIENTED_EDGE('',*,*,#1809,.T.);
#2569=ORIENTED_EDGE('',*,*,#1801,.F.);
#2570=ORIENTED_EDGE('',*,*,#1810,.F.);
#2571=ORIENTED_EDGE('',*,*,#1793,.T.);
#2572=ORIENTED_EDGE('',*,*,#1808,.T.);
#2573=ORIENTED_EDGE('',*,*,#1462,.T.);
#2574=ORIENTED_EDGE('',*,*,#1811,.T.);
#2575=ORIENTED_EDGE('',*,*,#1812,.T.);
#2576=ORIENTED_EDGE('',*,*,#1813,.F.);
#2577=ORIENTED_EDGE('',*,*,#1461,.T.);
#2578=ORIENTED_EDGE('',*,*,#1814,.T.);
#2579=ORIENTED_EDGE('',*,*,#1815,.T.);
#2580=ORIENTED_EDGE('',*,*,#1811,.F.);
#2581=ORIENTED_EDGE('',*,*,#1460,.T.);
#2582=ORIENTED_EDGE('',*,*,#1468,.T.);
#2583=ORIENTED_EDGE('',*,*,#1458,.T.);
#2584=ORIENTED_EDGE('',*,*,#1466,.T.);
#2585=ORIENTED_EDGE('',*,*,#1455,.T.);
#2586=ORIENTED_EDGE('',*,*,#1489,.T.);
#2587=ORIENTED_EDGE('',*,*,#1453,.T.);
#2588=ORIENTED_EDGE('',*,*,#1483,.T.);
#2589=ORIENTED_EDGE('',*,*,#1816,.T.);
#2590=ORIENTED_EDGE('',*,*,#1817,.T.);
#2591=ORIENTED_EDGE('',*,*,#1814,.F.);
#2592=ORIENTED_EDGE('',*,*,#1818,.T.);
#2593=ORIENTED_EDGE('',*,*,#1816,.F.);
#2594=ORIENTED_EDGE('',*,*,#1484,.T.);
#2595=ORIENTED_EDGE('',*,*,#1450,.T.);
#2596=ORIENTED_EDGE('',*,*,#1479,.T.);
#2597=ORIENTED_EDGE('',*,*,#1448,.T.);
#2598=ORIENTED_EDGE('',*,*,#1421,.T.);
#2599=ORIENTED_EDGE('',*,*,#1465,.T.);
#2600=ORIENTED_EDGE('',*,*,#1425,.T.);
#2601=ORIENTED_EDGE('',*,*,#1464,.T.);
#2602=ORIENTED_EDGE('',*,*,#1423,.T.);
#2603=ORIENTED_EDGE('',*,*,#1463,.T.);
#2604=ORIENTED_EDGE('',*,*,#1813,.T.);
#2605=ORIENTED_EDGE('',*,*,#1818,.F.);
#2606=ORIENTED_EDGE('',*,*,#1819,.F.);
#2607=ORIENTED_EDGE('',*,*,#1796,.T.);
#2608=ORIENTED_EDGE('',*,*,#1820,.T.);
#2609=ORIENTED_EDGE('',*,*,#1812,.F.);
#2610=ORIENTED_EDGE('',*,*,#1821,.F.);
#2611=ORIENTED_EDGE('',*,*,#1797,.T.);
#2612=ORIENTED_EDGE('',*,*,#1819,.T.);
#2613=ORIENTED_EDGE('',*,*,#1767,.F.);
#2614=ORIENTED_EDGE('',*,*,#1775,.T.);
#2615=ORIENTED_EDGE('',*,*,#1822,.T.);
#2616=ORIENTED_EDGE('',*,*,#1779,.T.);
#2617=ORIENTED_EDGE('',*,*,#1823,.T.);
#2618=ORIENTED_EDGE('',*,*,#1822,.F.);
#2619=ORIENTED_EDGE('',*,*,#1774,.F.);
#2620=ORIENTED_EDGE('',*,*,#1824,.F.);
#2621=ORIENTED_EDGE('',*,*,#1780,.T.);
#2622=ORIENTED_EDGE('',*,*,#1825,.T.);
#2623=ORIENTED_EDGE('',*,*,#1826,.T.);
#2624=ORIENTED_EDGE('',*,*,#1785,.T.);
#2625=ORIENTED_EDGE('',*,*,#1827,.T.);
#2626=ORIENTED_EDGE('',*,*,#1828,.T.);
#2627=ORIENTED_EDGE('',*,*,#1828,.F.);
#2628=ORIENTED_EDGE('',*,*,#1829,.T.);
#2629=ORIENTED_EDGE('',*,*,#1830,.T.);
#2630=ORIENTED_EDGE('',*,*,#1439,.T.);
#2631=ORIENTED_EDGE('',*,*,#1831,.F.);
#2632=ORIENTED_EDGE('',*,*,#1827,.F.);
#2633=ORIENTED_EDGE('',*,*,#1784,.T.);
#2634=ORIENTED_EDGE('',*,*,#1832,.T.);
#2635=ORIENTED_EDGE('',*,*,#1829,.F.);
#2636=ORIENTED_EDGE('',*,*,#1833,.F.);
#2637=ORIENTED_EDGE('',*,*,#1834,.F.);
#2638=ORIENTED_EDGE('',*,*,#1835,.F.);
#2639=ORIENTED_EDGE('',*,*,#1436,.T.);
#2640=ORIENTED_EDGE('',*,*,#1789,.T.);
#2641=ORIENTED_EDGE('',*,*,#1836,.T.);
#2642=ORIENTED_EDGE('',*,*,#1834,.T.);
#2643=ORIENTED_EDGE('',*,*,#1837,.T.);
#2644=ORIENTED_EDGE('',*,*,#1838,.F.);
#2645=ORIENTED_EDGE('',*,*,#1839,.F.);
#2646=ORIENTED_EDGE('',*,*,#1840,.F.);
#2647=ORIENTED_EDGE('',*,*,#1787,.T.);
#2648=ORIENTED_EDGE('',*,*,#1841,.T.);
#2649=ORIENTED_EDGE('',*,*,#1839,.T.);
#2650=ORIENTED_EDGE('',*,*,#1842,.T.);
#2651=ORIENTED_EDGE('',*,*,#1825,.F.);
#2652=ORIENTED_EDGE('',*,*,#1831,.T.);
#2653=ORIENTED_EDGE('',*,*,#1438,.T.);
#2654=ORIENTED_EDGE('',*,*,#1840,.T.);
#2655=ORIENTED_EDGE('',*,*,#1843,.T.);
#2656=ORIENTED_EDGE('',*,*,#1838,.T.);
#2657=ORIENTED_EDGE('',*,*,#1437,.T.);
#2658=ORIENTED_EDGE('',*,*,#1835,.T.);
#2659=ORIENTED_EDGE('',*,*,#1844,.T.);
#2660=ORIENTED_EDGE('',*,*,#1845,.T.);
#2661=ORIENTED_EDGE('',*,*,#1833,.T.);
#2662=ORIENTED_EDGE('',*,*,#1435,.T.);
#2663=ORIENTED_EDGE('',*,*,#1846,.T.);
#2664=ORIENTED_EDGE('',*,*,#1777,.T.);
#2665=ORIENTED_EDGE('',*,*,#1791,.T.);
#2666=ORIENTED_EDGE('',*,*,#1847,.T.);
#2667=ORIENTED_EDGE('',*,*,#1846,.F.);
#2668=ORIENTED_EDGE('',*,*,#1837,.F.);
#2669=ORIENTED_EDGE('',*,*,#1845,.F.);
#2670=ORIENTED_EDGE('',*,*,#1847,.F.);
#2671=ORIENTED_EDGE('',*,*,#1790,.T.);
#2672=ORIENTED_EDGE('',*,*,#1826,.F.);
#2673=ORIENTED_EDGE('',*,*,#1843,.F.);
#2674=ORIENTED_EDGE('',*,*,#1841,.F.);
#2675=ORIENTED_EDGE('',*,*,#1786,.T.);
#2676=ORIENTED_EDGE('',*,*,#1773,.F.);
#2677=ORIENTED_EDGE('',*,*,#1442,.F.);
#2678=ORIENTED_EDGE('',*,*,#1848,.F.);
#2679=ORIENTED_EDGE('',*,*,#1781,.T.);
#2680=ORIENTED_EDGE('',*,*,#1824,.T.);
#2681=ORIENTED_EDGE('',*,*,#1804,.F.);
#2682=ORIENTED_EDGE('',*,*,#1849,.F.);
#2683=ORIENTED_EDGE('',*,*,#1794,.T.);
#2684=ORIENTED_EDGE('',*,*,#1810,.T.);
#2685=ORIENTED_EDGE('',*,*,#1806,.F.);
#2686=ORIENTED_EDGE('',*,*,#1809,.F.);
#2687=ORIENTED_EDGE('',*,*,#1795,.T.);
#2688=ORIENTED_EDGE('',*,*,#1849,.T.);
#2689=ORIENTED_EDGE('',*,*,#1815,.F.);
#2690=ORIENTED_EDGE('',*,*,#1850,.F.);
#2691=ORIENTED_EDGE('',*,*,#1798,.T.);
#2692=ORIENTED_EDGE('',*,*,#1821,.T.);
#2693=ORIENTED_EDGE('',*,*,#1817,.F.);
#2694=ORIENTED_EDGE('',*,*,#1820,.F.);
#2695=ORIENTED_EDGE('',*,*,#1799,.T.);
#2696=ORIENTED_EDGE('',*,*,#1850,.T.);
#2697=ORIENTED_EDGE('',*,*,#1830,.F.);
#2698=ORIENTED_EDGE('',*,*,#1832,.F.);
#2699=ORIENTED_EDGE('',*,*,#1783,.T.);
#2700=ORIENTED_EDGE('',*,*,#1851,.T.);
#2701=ORIENTED_EDGE('',*,*,#1440,.F.);
#2702=ORIENTED_EDGE('',*,*,#1836,.F.);
#2703=ORIENTED_EDGE('',*,*,#1788,.T.);
#2704=ORIENTED_EDGE('',*,*,#1842,.F.);
#2705=ORIENTED_EDGE('',*,*,#1844,.F.);
#2706=ORIENTED_EDGE('',*,*,#1768,.F.);
#2707=ORIENTED_EDGE('',*,*,#1823,.F.);
#2708=ORIENTED_EDGE('',*,*,#1778,.T.);
#2709=ORIENTED_EDGE('',*,*,#1770,.F.);
#2710=ORIENTED_EDGE('',*,*,#1782,.T.);
#2711=ORIENTED_EDGE('',*,*,#1848,.T.);
#2712=ORIENTED_EDGE('',*,*,#1441,.F.);
#2713=ORIENTED_EDGE('',*,*,#1851,.F.);
#2714=PLANE('',#2974);
#2715=PLANE('',#2975);
#2716=PLANE('',#2976);
#2717=PLANE('',#2978);
#2718=PLANE('',#2979);
#2719=PLANE('',#2980);
#2720=PLANE('',#2981);
#2721=PLANE('',#2982);
#2722=PLANE('',#2983);
#2723=PLANE('',#2984);
#2724=PLANE('',#2985);
#2725=PLANE('',#2986);
#2726=PLANE('',#2987);
#2727=PLANE('',#2988);
#2728=PLANE('',#2989);
#2729=PLANE('',#2990);
#2730=PLANE('',#2991);
#2731=PLANE('',#2992);
#2732=PLANE('',#2993);
#2733=PLANE('',#2994);
#2734=PLANE('',#2995);
#2735=PLANE('',#2996);
#2736=PLANE('',#2997);
#2737=PLANE('',#2998);
#2738=PLANE('',#2999);
#2739=PLANE('',#3000);
#2740=PLANE('',#3001);
#2741=PLANE('',#3002);
#2742=PLANE('',#3003);
#2743=PLANE('',#3004);
#2744=PLANE('',#3005);
#2745=PLANE('',#3006);
#2746=PLANE('',#3007);
#2747=PLANE('',#3008);
#2748=PLANE('',#3009);
#2749=PLANE('',#3010);
#2750=PLANE('',#3011);
#2751=PLANE('',#3012);
#2752=PLANE('',#3013);
#2753=PLANE('',#3014);
#2754=PLANE('',#3015);
#2755=PLANE('',#3016);
#2756=PLANE('',#3017);
#2757=PLANE('',#3018);
#2758=PLANE('',#3019);
#2759=PLANE('',#3020);
#2760=PLANE('',#3021);
#2761=PLANE('',#3022);
#2762=PLANE('',#3023);
#2763=PLANE('',#3024);
#2764=PLANE('',#3025);
#2765=PLANE('',#3026);
#2766=PLANE('',#3027);
#2767=PLANE('',#3028);
#2768=PLANE('',#3029);
#2769=PLANE('',#3030);
#2770=PLANE('',#3031);
#2771=PLANE('',#3032);
#2772=PLANE('',#3033);
#2773=PLANE('',#3034);
#2774=PLANE('',#3035);
#2775=PLANE('',#3036);
#2776=PLANE('',#3037);
#2777=PLANE('',#3038);
#2778=PLANE('',#3039);
#2779=PLANE('',#3040);
#2780=PLANE('',#3047);
#2781=PLANE('',#3049);
#2782=PLANE('',#3050);
#2783=PLANE('',#3064);
#2784=PLANE('',#3065);
#2785=PLANE('',#3074);
#2786=PLANE('',#3075);
#2787=PLANE('',#3077);
#2788=PLANE('',#3081);
#2789=PLANE('',#3083);
#2790=PLANE('',#3099);
#2791=PLANE('',#3100);
#2792=PLANE('',#3101);
#2793=PLANE('',#3102);
#2794=PLANE('',#3103);
#2795=PLANE('',#3104);
#2796=PLANE('',#3105);
#2797=PLANE('',#3106);
#2798=PLANE('',#3107);
#2799=PLANE('',#3108);
#2800=PLANE('',#3109);
#2801=ADVANCED_FACE('',(#221),#2714,.F.);
#2802=ADVANCED_FACE('',(#222),#215,.T.);
#2803=ADVANCED_FACE('',(#223),#2715,.T.);
#2804=ADVANCED_FACE('',(#224,#191,#192),#2716,.T.);
#2805=ADVANCED_FACE('',(#225),#2717,.F.);
#2806=ADVANCED_FACE('',(#226),#216,.T.);
#2807=ADVANCED_FACE('',(#227),#217,.T.);
#2808=ADVANCED_FACE('',(#228),#2718,.T.);
#2809=ADVANCED_FACE('',(#229),#218,.T.);
#2810=ADVANCED_FACE('',(#230),#2719,.T.);
#2811=ADVANCED_FACE('',(#231),#2720,.F.);
#2812=ADVANCED_FACE('',(#232),#219,.T.);
#2813=ADVANCED_FACE('',(#233),#2721,.T.);
#2814=ADVANCED_FACE('',(#234),#2722,.F.);
#2815=ADVANCED_FACE('',(#235),#220,.T.);
#2816=ADVANCED_FACE('',(#236),#2723,.T.);
#2817=ADVANCED_FACE('',(#237),#2724,.F.);
#2818=ADVANCED_FACE('',(#238),#2725,.F.);
#2819=ADVANCED_FACE('',(#239),#145,.F.);
#2820=ADVANCED_FACE('',(#240),#146,.F.);
#2821=ADVANCED_FACE('',(#241),#2726,.F.);
#2822=ADVANCED_FACE('',(#242),#147,.F.);
#2823=ADVANCED_FACE('',(#243),#2727,.F.);
#2824=ADVANCED_FACE('',(#244),#148,.F.);
#2825=ADVANCED_FACE('',(#245),#149,.F.);
#2826=ADVANCED_FACE('',(#246),#2728,.F.);
#2827=ADVANCED_FACE('',(#247),#2729,.F.);
#2828=ADVANCED_FACE('',(#248),#2730,.F.);
#2829=ADVANCED_FACE('',(#249),#150,.F.);
#2830=ADVANCED_FACE('',(#250),#2731,.T.);
#2831=ADVANCED_FACE('',(#251),#2732,.F.);
#2832=ADVANCED_FACE('',(#252),#2733,.F.);
#2833=ADVANCED_FACE('',(#253),#151,.F.);
#2834=ADVANCED_FACE('',(#254),#152,.F.);
#2835=ADVANCED_FACE('',(#255),#2734,.F.);
#2836=ADVANCED_FACE('',(#256),#2735,.F.);
#2837=ADVANCED_FACE('',(#257),#153,.F.);
#2838=ADVANCED_FACE('',(#258),#154,.F.);
#2839=ADVANCED_FACE('',(#259),#2736,.F.);
#2840=ADVANCED_FACE('',(#260),#155,.F.);
#2841=ADVANCED_FACE('',(#261),#156,.F.);
#2842=ADVANCED_FACE('',(#262),#157,.F.);
#2843=ADVANCED_FACE('',(#263),#158,.F.);
#2844=ADVANCED_FACE('',(#264),#2737,.F.);
#2845=ADVANCED_FACE('',(#265),#2738,.F.);
#2846=ADVANCED_FACE('',(#266),#2739,.F.);
#2847=ADVANCED_FACE('',(#267),#159,.F.);
#2848=ADVANCED_FACE('',(#268,#193),#2740,.T.);
#2849=ADVANCED_FACE('',(#269),#160,.F.);
#2850=ADVANCED_FACE('',(#270),#161,.F.);
#2851=ADVANCED_FACE('',(#271),#162,.F.);
#2852=ADVANCED_FACE('',(#272),#163,.F.);
#2853=ADVANCED_FACE('',(#273),#2741,.F.);
#2854=ADVANCED_FACE('',(#274),#164,.F.);
#2855=ADVANCED_FACE('',(#275),#165,.F.);
#2856=ADVANCED_FACE('',(#276),#2742,.F.);
#2857=ADVANCED_FACE('',(#277),#166,.F.);
#2858=ADVANCED_FACE('',(#278),#167,.F.);
#2859=ADVANCED_FACE('',(#279),#168,.F.);
#2860=ADVANCED_FACE('',(#280),#2743,.F.);
#2861=ADVANCED_FACE('',(#281),#169,.F.);
#2862=ADVANCED_FACE('',(#282),#170,.F.);
#2863=ADVANCED_FACE('',(#283),#171,.F.);
#2864=ADVANCED_FACE('',(#284),#172,.F.);
#2865=ADVANCED_FACE('',(#285),#173,.F.);
#2866=ADVANCED_FACE('',(#286),#174,.F.);
#2867=ADVANCED_FACE('',(#287),#175,.F.);
#2868=ADVANCED_FACE('',(#288),#176,.F.);
#2869=ADVANCED_FACE('',(#289),#177,.F.);
#2870=ADVANCED_FACE('',(#290),#2744,.F.);
#2871=ADVANCED_FACE('',(#291,#194),#2745,.T.);
#2872=ADVANCED_FACE('',(#292),#2746,.F.);
#2873=ADVANCED_FACE('',(#293),#178,.F.);
#2874=ADVANCED_FACE('',(#294),#179,.F.);
#2875=ADVANCED_FACE('',(#295),#2747,.F.);
#2876=ADVANCED_FACE('',(#296),#2748,.F.);
#2877=ADVANCED_FACE('',(#297),#2749,.F.);
#2878=ADVANCED_FACE('',(#298),#2750,.F.);
#2879=ADVANCED_FACE('',(#299),#180,.F.);
#2880=ADVANCED_FACE('',(#300),#181,.F.);
#2881=ADVANCED_FACE('',(#301),#2751,.F.);
#2882=ADVANCED_FACE('',(#302),#2752,.F.);
#2883=ADVANCED_FACE('',(#303),#2753,.F.);
#2884=ADVANCED_FACE('',(#304,#195),#2754,.T.);
#2885=ADVANCED_FACE('',(#305),#182,.F.);
#2886=ADVANCED_FACE('',(#306),#183,.F.);
#2887=ADVANCED_FACE('',(#307),#184,.F.);
#2888=ADVANCED_FACE('',(#308),#185,.F.);
#2889=ADVANCED_FACE('',(#309),#2755,.F.);
#2890=ADVANCED_FACE('',(#310),#186,.F.);
#2891=ADVANCED_FACE('',(#311),#2756,.F.);
#2892=ADVANCED_FACE('',(#312),#2757,.F.);
#2893=ADVANCED_FACE('',(#313),#2758,.F.);
#2894=ADVANCED_FACE('',(#314),#187,.F.);
#2895=ADVANCED_FACE('',(#315),#188,.F.);
#2896=ADVANCED_FACE('',(#316),#2759,.F.);
#2897=ADVANCED_FACE('',(#317),#2760,.F.);
#2898=ADVANCED_FACE('',(#318),#2761,.F.);
#2899=ADVANCED_FACE('',(#319),#189,.F.);
#2900=ADVANCED_FACE('',(#320),#190,.F.);
#2901=ADVANCED_FACE('',(#321),#2762,.F.);
#2902=ADVANCED_FACE('',(#322),#2763,.F.);
#2903=ADVANCED_FACE('',(#323),#2764,.F.);
#2904=ADVANCED_FACE('',(#324),#2765,.T.);
#2905=ADVANCED_FACE('',(#325),#2766,.F.);
#2906=ADVANCED_FACE('',(#326),#2767,.F.);
#2907=ADVANCED_FACE('',(#327),#2768,.F.);
#2908=ADVANCED_FACE('',(#328),#2769,.F.);
#2909=ADVANCED_FACE('',(#329),#2770,.F.);
#2910=ADVANCED_FACE('',(#330),#2771,.F.);
#2911=ADVANCED_FACE('',(#331),#2772,.F.);
#2912=ADVANCED_FACE('',(#332),#2773,.F.);
#2913=ADVANCED_FACE('',(#333),#2774,.F.);
#2914=ADVANCED_FACE('',(#334),#2775,.F.);
#2915=ADVANCED_FACE('',(#335),#2776,.F.);
#2916=ADVANCED_FACE('',(#336),#2777,.T.);
#2917=ADVANCED_FACE('',(#337),#2778,.T.);
#2918=ADVANCED_FACE('',(#338),#2779,.T.);
#2919=ADVANCED_FACE('',(#339),#35,.T.);
#2920=ADVANCED_FACE('',(#340),#36,.T.);
#2921=ADVANCED_FACE('',(#341),#2780,.T.);
#2922=ADVANCED_FACE('',(#342,#196,#197,#198,#199,#200,#201),#2781,.T.);
#2923=ADVANCED_FACE('',(#343,#202,#203),#2782,.F.);
#2924=ADVANCED_FACE('',(#344),#37,.T.);
#2925=ADVANCED_FACE('',(#345),#38,.T.);
#2926=ADVANCED_FACE('',(#346),#39,.T.);
#2927=ADVANCED_FACE('',(#347),#40,.T.);
#2928=ADVANCED_FACE('',(#348),#2783,.T.);
#2929=ADVANCED_FACE('',(#349),#2784,.T.);
#2930=ADVANCED_FACE('',(#350),#41,.T.);
#2931=ADVANCED_FACE('',(#351),#42,.T.);
#2932=ADVANCED_FACE('',(#352),#43,.T.);
#2933=ADVANCED_FACE('',(#353),#44,.T.);
#2934=ADVANCED_FACE('',(#354),#2785,.T.);
#2935=ADVANCED_FACE('',(#355),#2786,.T.);
#2936=ADVANCED_FACE('',(#356),#45,.T.);
#2937=ADVANCED_FACE('',(#357),#2787,.T.);
#2938=ADVANCED_FACE('',(#358),#46,.T.);
#2939=ADVANCED_FACE('',(#359),#2788,.T.);
#2940=ADVANCED_FACE('',(#360),#2789,.T.);
#2941=ADVANCED_FACE('',(#361),#16,.T.);
#2942=ADVANCED_FACE('',(#362),#47,.F.);
#2943=ADVANCED_FACE('',(#363),#15,.T.);
#2944=ADVANCED_FACE('',(#364),#48,.T.);
#2945=ADVANCED_FACE('',(#365),#49,.T.);
#2946=ADVANCED_FACE('',(#366),#50,.T.);
#2947=ADVANCED_FACE('',(#367),#51,.T.);
#2948=ADVANCED_FACE('',(#368),#52,.T.);
#2949=ADVANCED_FACE('',(#369),#2790,.T.);
#2950=ADVANCED_FACE('',(#370),#2791,.T.);
#2951=ADVANCED_FACE('',(#371),#2792,.T.);
#2952=ADVANCED_FACE('',(#372),#2793,.T.);
#2953=ADVANCED_FACE('',(#373),#2794,.T.);
#2954=ADVANCED_FACE('',(#374),#2795,.T.);
#2955=ADVANCED_FACE('',(#375),#2796,.T.);
#2956=ADVANCED_FACE('',(#376),#2797,.T.);
#2957=ADVANCED_FACE('',(#377),#2798,.T.);
#2958=ADVANCED_FACE('',(#378),#2799,.T.);
#2959=ADVANCED_FACE('',(#379),#2800,.T.);
#2960=CLOSED_SHELL('',(#2801,#2802,#2803,#2804,#2805,#2806,#2807,#2808,
#2809,#2810,#2811,#2812,#2813,#2814,#2815,#2816,#2817,#2818,#2819,#2820,
#2821,#2822,#2823,#2824,#2825,#2826,#2827,#2828,#2829,#2830,#2831,#2832,
#2833,#2834,#2835,#2836,#2837,#2838,#2839,#2840,#2841,#2842,#2843,#2844,
#2845,#2846,#2847,#2848,#2849,#2850,#2851,#2852,#2853,#2854,#2855,#2856,
#2857,#2858,#2859,#2860,#2861,#2862,#2863,#2864,#2865,#2866,#2867,#2868,
#2869,#2870,#2871,#2872,#2873,#2874,#2875,#2876,#2877,#2878,#2879,#2880,
#2881,#2882,#2883,#2884,#2885,#2886,#2887,#2888,#2889,#2890,#2891,#2892,
#2893,#2894,#2895,#2896,#2897,#2898,#2899,#2900,#2901,#2902,#2903,#2904,
#2905,#2906,#2907,#2908,#2909,#2910,#2911,#2912,#2913,#2914,#2915,#2916,
#2917,#2918,#2919,#2920,#2921,#2922,#2923,#2924,#2925,#2926,#2927,#2928,
#2929,#2930,#2931,#2932,#2933,#2934,#2935,#2936,#2937,#2938,#2939,#2940,
#2941,#2942,#2943,#2944,#2945,#2946,#2947,#2948,#2949,#2950,#2951,#2952,
#2953,#2954,#2955,#2956,#2957,#2958,#2959));
#2961=DERIVED_UNIT_ELEMENT(#2963,1.);
#2962=DERIVED_UNIT_ELEMENT(#9843,-3.);
#2963=(
MASS_UNIT()
NAMED_UNIT(*)
SI_UNIT(.KILO.,.GRAM.)
);
#2964=DERIVED_UNIT((#2961,#2962));
#2965=MEASURE_REPRESENTATION_ITEM('density measure',
POSITIVE_RATIO_MEASURE(7850.),#2964);
#2966=PROPERTY_DEFINITION_REPRESENTATION(#2971,#2968);
#2967=PROPERTY_DEFINITION_REPRESENTATION(#2972,#2969);
#2968=REPRESENTATION('material name',(#2970),#9840);
#2969=REPRESENTATION('density',(#2965),#9840);
#2970=DESCRIPTIVE_REPRESENTATION_ITEM('Steel','Steel');
#2971=PROPERTY_DEFINITION('material property','material name',#9850);
#2972=PROPERTY_DEFINITION('material property','density of part',#9850);
#2973=AXIS2_PLACEMENT_3D('',#3666,#3110,#3111);
#2974=AXIS2_PLACEMENT_3D('',#3667,#3112,#3113);
#2975=AXIS2_PLACEMENT_3D('',#5116,#3118,#3119);
#2976=AXIS2_PLACEMENT_3D('',#5117,#3120,#3121);
#2977=AXIS2_PLACEMENT_3D('',#5126,#3125,#3126);
#2978=AXIS2_PLACEMENT_3D('',#5566,#3149,#3150);
#2979=AXIS2_PLACEMENT_3D('',#7096,#3155,#3156);
#2980=AXIS2_PLACEMENT_3D('',#7300,#3158,#3159);
#2981=AXIS2_PLACEMENT_3D('',#7301,#3160,#3161);
#2982=AXIS2_PLACEMENT_3D('',#8066,#3164,#3165);
#2983=AXIS2_PLACEMENT_3D('',#8067,#3166,#3167);
#2984=AXIS2_PLACEMENT_3D('',#8319,#3171,#3172);
#2985=AXIS2_PLACEMENT_3D('',#8320,#3173,#3174);
#2986=AXIS2_PLACEMENT_3D('',#8322,#3176,#3177);
#2987=AXIS2_PLACEMENT_3D('',#8377,#3184,#3185);
#2988=AXIS2_PLACEMENT_3D('',#8406,#3190,#3191);
#2989=AXIS2_PLACEMENT_3D('',#8458,#3197,#3198);
#2990=AXIS2_PLACEMENT_3D('',#8464,#3202,#3203);
#2991=AXIS2_PLACEMENT_3D('',#8470,#3207,#3208);
#2992=AXIS2_PLACEMENT_3D('',#8496,#3212,#3213);
#2993=AXIS2_PLACEMENT_3D('',#8497,#3214,#3215);
#2994=AXIS2_PLACEMENT_3D('',#8506,#3220,#3221);
#2995=AXIS2_PLACEMENT_3D('',#8558,#3227,#3228);
#2996=AXIS2_PLACEMENT_3D('',#8564,#3232,#3233);
#2997=AXIS2_PLACEMENT_3D('',#8613,#3238,#3239);
#2998=AXIS2_PLACEMENT_3D('',#8714,#3248,#3249);
#2999=AXIS2_PLACEMENT_3D('',#8720,#3253,#3254);
#3000=AXIS2_PLACEMENT_3D('',#8726,#3258,#3259);
#3001=AXIS2_PLACEMENT_3D('',#8752,#3263,#3264);
#3002=AXIS2_PLACEMENT_3D('',#8848,#3270,#3271);
#3003=AXIS2_PLACEMENT_3D('',#8900,#3277,#3278);
#3004=AXIS2_PLACEMENT_3D('',#8975,#3285,#3286);
#3005=AXIS2_PLACEMENT_3D('',#9188,#3299,#3300);
#3006=AXIS2_PLACEMENT_3D('',#9191,#3303,#3304);
#3007=AXIS2_PLACEMENT_3D('',#9192,#3305,#3306);
#3008=AXIS2_PLACEMENT_3D('',#9247,#3313,#3314);
#3009=AXIS2_PLACEMENT_3D('',#9253,#3318,#3319);
#3010=AXIS2_PLACEMENT_3D('',#9256,#3322,#3323);
#3011=AXIS2_PLACEMENT_3D('',#9265,#3328,#3329);
#3012=AXIS2_PLACEMENT_3D('',#9317,#3335,#3336);
#3013=AXIS2_PLACEMENT_3D('',#9323,#3340,#3341);
#3014=AXIS2_PLACEMENT_3D('',#9329,#3345,#3346);
#3015=AXIS2_PLACEMENT_3D('',#9332,#3349,#3350);
#3016=AXIS2_PLACEMENT_3D('',#9428,#3356,#3357);
#3017=AXIS2_PLACEMENT_3D('',#9457,#3362,#3363);
#3018=AXIS2_PLACEMENT_3D('',#9463,#3367,#3368);
#3019=AXIS2_PLACEMENT_3D('',#9469,#3372,#3373);
#3020=AXIS2_PLACEMENT_3D('',#9521,#3379,#3380);
#3021=AXIS2_PLACEMENT_3D('',#9527,#3384,#3385);
#3022=AXIS2_PLACEMENT_3D('',#9533,#3389,#3390);
#3023=AXIS2_PLACEMENT_3D('',#9585,#3396,#3397);
#3024=AXIS2_PLACEMENT_3D('',#9591,#3401,#3402);
#3025=AXIS2_PLACEMENT_3D('',#9597,#3406,#3407);
#3026=AXIS2_PLACEMENT_3D('',#9600,#3410,#3411);
#3027=AXIS2_PLACEMENT_3D('',#9601,#3412,#3413);
#3028=AXIS2_PLACEMENT_3D('',#9610,#3418,#3419);
#3029=AXIS2_PLACEMENT_3D('',#9616,#3423,#3424);
#3030=AXIS2_PLACEMENT_3D('',#9622,#3428,#3429);
#3031=AXIS2_PLACEMENT_3D('',#9628,#3433,#3434);
#3032=AXIS2_PLACEMENT_3D('',#9634,#3438,#3439);
#3033=AXIS2_PLACEMENT_3D('',#9640,#3443,#3444);
#3034=AXIS2_PLACEMENT_3D('',#9646,#3448,#3449);
#3035=AXIS2_PLACEMENT_3D('',#9652,#3453,#3454);
#3036=AXIS2_PLACEMENT_3D('',#9658,#3458,#3459);
#3037=AXIS2_PLACEMENT_3D('',#9661,#3462,#3463);
#3038=AXIS2_PLACEMENT_3D('',#9662,#3464,#3465);
#3039=AXIS2_PLACEMENT_3D('',#9663,#3466,#3467);
#3040=AXIS2_PLACEMENT_3D('',#9664,#3468,#3469);
#3041=AXIS2_PLACEMENT_3D('',#9665,#3470,#3471);
#3042=AXIS2_PLACEMENT_3D('',#9667,#3472,#3473);
#3043=AXIS2_PLACEMENT_3D('',#9669,#3474,#3475);
#3044=AXIS2_PLACEMENT_3D('',#9672,#3477,#3478);
#3045=AXIS2_PLACEMENT_3D('',#9673,#3479,#3480);
#3046=AXIS2_PLACEMENT_3D('',#9677,#3482,#3483);
#3047=AXIS2_PLACEMENT_3D('',#9679,#3485,#3486);
#3048=AXIS2_PLACEMENT_3D('',#9684,#3489,#3490);
#3049=AXIS2_PLACEMENT_3D('',#9685,#3491,#3492);
#3050=AXIS2_PLACEMENT_3D('',#9689,#3495,#3496);
#3051=AXIS2_PLACEMENT_3D('',#9693,#3498,#3499);
#3052=AXIS2_PLACEMENT_3D('',#9705,#3505,#3506);
#3053=AXIS2_PLACEMENT_3D('',#9709,#3508,#3509);
#3054=AXIS2_PLACEMENT_3D('',#9713,#3511,#3512);
#3055=AXIS2_PLACEMENT_3D('',#9716,#3514,#3515);
#3056=AXIS2_PLACEMENT_3D('',#9733,#3524,#3525);
#3057=AXIS2_PLACEMENT_3D('',#9735,#3526,#3527);
#3058=AXIS2_PLACEMENT_3D('',#9738,#3529,#3530);
#3059=AXIS2_PLACEMENT_3D('',#9739,#3531,#3532);
#3060=AXIS2_PLACEMENT_3D('',#9741,#3533,#3534);
#3061=AXIS2_PLACEMENT_3D('',#9743,#3536,#3537);
#3062=AXIS2_PLACEMENT_3D('',#9745,#3538,#3539);
#3063=AXIS2_PLACEMENT_3D('',#9747,#3541,#3542);
#3064=AXIS2_PLACEMENT_3D('',#9749,#3544,#3545);
#3065=AXIS2_PLACEMENT_3D('',#9752,#3548,#3549);
#3066=AXIS2_PLACEMENT_3D('',#9754,#3551,#3552);
#3067=AXIS2_PLACEMENT_3D('',#9756,#3553,#3554);
#3068=AXIS2_PLACEMENT_3D('',#9759,#3556,#3557);
#3069=AXIS2_PLACEMENT_3D('',#9760,#3558,#3559);
#3070=AXIS2_PLACEMENT_3D('',#9762,#3560,#3561);
#3071=AXIS2_PLACEMENT_3D('',#9764,#3563,#3564);
#3072=AXIS2_PLACEMENT_3D('',#9766,#3565,#3566);
#3073=AXIS2_PLACEMENT_3D('',#9768,#3568,#3569);
#3074=AXIS2_PLACEMENT_3D('',#9770,#3571,#3572);
#3075=AXIS2_PLACEMENT_3D('',#9773,#3575,#3576);
#3076=AXIS2_PLACEMENT_3D('',#9775,#3578,#3579);
#3077=AXIS2_PLACEMENT_3D('',#9778,#3582,#3583);
#3078=AXIS2_PLACEMENT_3D('',#9780,#3585,#3586);
#3079=AXIS2_PLACEMENT_3D('',#9783,#3587,#3588);
#3080=AXIS2_PLACEMENT_3D('',#9787,#3591,#3592);
#3081=AXIS2_PLACEMENT_3D('',#9788,#3593,#3594);
#3082=AXIS2_PLACEMENT_3D('',#9792,#3597,#3598);
#3083=AXIS2_PLACEMENT_3D('',#9793,#3599,#3600);
#3084=AXIS2_PLACEMENT_3D('',#9795,#3602,#3603);
#3085=AXIS2_PLACEMENT_3D('',#9797,#3604,#3605);
#3086=AXIS2_PLACEMENT_3D('',#9799,#3606,#3607);
#3087=AXIS2_PLACEMENT_3D('',#9800,#3608,#3609);
#3088=AXIS2_PLACEMENT_3D('',#9801,#3610,#3611);
#3089=AXIS2_PLACEMENT_3D('',#9804,#3614,#3615);
#3090=AXIS2_PLACEMENT_3D('',#9806,#3616,#3617);
#3091=AXIS2_PLACEMENT_3D('',#9808,#3618,#3619);
#3092=AXIS2_PLACEMENT_3D('',#9809,#3620,#3621);
#3093=AXIS2_PLACEMENT_3D('',#9810,#3622,#3623);
#3094=AXIS2_PLACEMENT_3D('',#9813,#3626,#3627);
#3095=AXIS2_PLACEMENT_3D('',#9815,#3629,#3630);
#3096=AXIS2_PLACEMENT_3D('',#9817,#3632,#3633);
#3097=AXIS2_PLACEMENT_3D('',#9820,#3635,#3636);
#3098=AXIS2_PLACEMENT_3D('',#9821,#3637,#3638);
#3099=AXIS2_PLACEMENT_3D('',#9823,#3640,#3641);
#3100=AXIS2_PLACEMENT_3D('',#9824,#3642,#3643);
#3101=AXIS2_PLACEMENT_3D('',#9825,#3644,#3645);
#3102=AXIS2_PLACEMENT_3D('',#9827,#3647,#3648);
#3103=AXIS2_PLACEMENT_3D('',#9829,#3650,#3651);
#3104=AXIS2_PLACEMENT_3D('',#9830,#3652,#3653);
#3105=AXIS2_PLACEMENT_3D('',#9832,#3655,#3656);
#3106=AXIS2_PLACEMENT_3D('',#9833,#3657,#3658);
#3107=AXIS2_PLACEMENT_3D('',#9835,#3660,#3661);
#3108=AXIS2_PLACEMENT_3D('',#9836,#3662,#3663);
#3109=AXIS2_PLACEMENT_3D('',#9837,#3664,#3665);
#3110=DIRECTION('axis',(0.,0.,1.));
#3111=DIRECTION('refdir',(1.,0.,0.));
#3112=DIRECTION('center_axis',(0.,0.,1.));
#3113=DIRECTION('ref_axis',(-1.,0.,0.));
#3114=DIRECTION('',(-2.70491742089057E-12,-1.,0.));
#3115=DIRECTION('',(-2.70491742089057E-12,-1.,0.));
#3116=DIRECTION('',(-2.70491742089057E-12,-1.,0.));
#3117=DIRECTION('',(0.,0.,1.));
#3118=DIRECTION('center_axis',(0.,0.,1.));
#3119=DIRECTION('ref_axis',(-1.,0.,0.));
#3120=DIRECTION('center_axis',(0.,0.,1.));
#3121=DIRECTION('ref_axis',(1.,0.,0.));
#3122=DIRECTION('',(-1.6207783277222E-16,1.,0.));
#3123=DIRECTION('',(-1.,-9.67514618409722E-17,0.));
#3124=DIRECTION('',(2.70484597441226E-12,-1.,0.));
#3125=DIRECTION('center_axis',(0.,0.,1.));
#3126=DIRECTION('ref_axis',(-0.818127333794568,0.575037099410283,0.));
#3127=DIRECTION('',(-0.940907137947911,-0.338664668601067,0.));
#3128=DIRECTION('',(-7.82873214126729E-9,-1.,0.));
#3129=DIRECTION('',(0.999999909870352,-0.000424569532964993,0.));
#3130=DIRECTION('',(0.,-1.,0.));
#3131=DIRECTION('',(-1.,0.,0.));
#3132=DIRECTION('',(0.,1.,0.));
#3133=DIRECTION('',(0.999999909870352,-0.000424569532964993,0.));
#3134=DIRECTION('',(1.,0.,0.));
#3135=DIRECTION('',(0.,-1.,0.));
#3136=DIRECTION('',(-1.,-2.88949642537526E-16,0.));
#3137=DIRECTION('',(0.,1.,0.));
#3138=DIRECTION('',(-2.70491742089057E-12,-1.,0.));
#3139=DIRECTION('',(-2.70491742089057E-12,-1.,0.));
#3140=DIRECTION('',(-1.,5.75991541773263E-17,0.));
#3141=DIRECTION('',(-1.,5.75991541773263E-17,0.));
#3142=DIRECTION('',(-1.,5.75991541773263E-17,0.));
#3143=DIRECTION('',(-1.,5.75991541773263E-17,0.));
#3144=DIRECTION('',(4.56095069788987E-17,1.,0.));
#3145=DIRECTION('',(1.,0.,0.));
#3146=DIRECTION('',(-2.70491742089057E-12,-1.,0.));
#3147=DIRECTION('',(-2.70491742089057E-12,-1.,0.));
#3148=DIRECTION('',(-2.70491742089057E-12,-1.,0.));
#3149=DIRECTION('center_axis',(0.,0.,1.));
#3150=DIRECTION('ref_axis',(-1.,0.,0.));
#3151=DIRECTION('',(-1.,5.75991541773263E-17,0.));
#3152=DIRECTION('',(-1.,5.75991541773263E-17,0.));
#3153=DIRECTION('',(0.,0.,1.));
#3154=DIRECTION('',(0.,0.,1.));
#3155=DIRECTION('center_axis',(0.,0.,1.));
#3156=DIRECTION('ref_axis',(-1.,0.,0.));
#3157=DIRECTION('',(0.,0.,1.));
#3158=DIRECTION('center_axis',(0.,0.,1.));
#3159=DIRECTION('ref_axis',(-1.,0.,0.));
#3160=DIRECTION('center_axis',(0.,0.,1.));
#3161=DIRECTION('ref_axis',(-1.,0.,0.));
#3162=DIRECTION('',(-2.70491742089057E-12,-1.,0.));
#3163=DIRECTION('',(0.,0.,1.));
#3164=DIRECTION('center_axis',(0.,0.,1.));
#3165=DIRECTION('ref_axis',(-1.,0.,0.));
#3166=DIRECTION('center_axis',(0.,0.,1.));
#3167=DIRECTION('ref_axis',(-1.,0.,0.));
#3168=DIRECTION('',(-1.,5.75991541773263E-17,0.));
#3169=DIRECTION('',(-2.70491742089057E-12,-1.,0.));
#3170=DIRECTION('',(0.,0.,1.));
#3171=DIRECTION('center_axis',(0.,0.,1.));
#3172=DIRECTION('ref_axis',(-1.,0.,0.));
#3173=DIRECTION('center_axis',(0.,0.,1.));
#3174=DIRECTION('ref_axis',(-1.,0.,0.));
#3175=DIRECTION('',(-1.,5.75991541773263E-17,0.));
#3176=DIRECTION('center_axis',(-1.,0.,0.));
#3177=DIRECTION('ref_axis',(0.,0.707106781186547,0.707106781186548));
#3178=DIRECTION('',(0.,0.707106781186547,0.707106781186548));
#3179=DIRECTION('',(0.,0.707106781186538,-0.707106781186557));
#3180=DIRECTION('',(0.,0.707106781186547,0.707106781186548));
#3181=DIRECTION('',(0.,0.707106781186538,-0.707106781186557));
#3182=DIRECTION('',(0.,0.707106781186538,-0.707106781186557));
#3183=DIRECTION('',(0.,0.707106781186538,-0.707106781186557));
#3184=DIRECTION('center_axis',(1.,0.,0.));
#3185=DIRECTION('ref_axis',(0.,-0.707106781186547,-0.707106781186548));
#3186=DIRECTION('',(0.,-0.707106781186547,-0.707106781186548));
#3187=DIRECTION('',(0.,0.707106781186538,-0.707106781186557));
#3188=DIRECTION('',(0.,-0.707106781186547,-0.707106781186548));
#3189=DIRECTION('',(0.,0.707106781186538,-0.707106781186557));
#3190=DIRECTION('center_axis',(-1.,0.,0.));
#3191=DIRECTION('ref_axis',(0.,0.707106781186547,0.707106781186548));
#3192=DIRECTION('',(0.,0.707106781186547,0.707106781186548));
#3193=DIRECTION('',(0.,0.707106781186538,-0.707106781186557));
#3194=DIRECTION('',(0.,0.707106781186547,0.707106781186548));
#3195=DIRECTION('',(0.,0.707106781186538,-0.707106781186557));
#3196=DIRECTION('',(0.,0.707106781186538,-0.707106781186557));
#3197=DIRECTION('center_axis',(-1.,0.,0.));
#3198=DIRECTION('ref_axis',(0.,0.707106781186547,0.707106781186548));
#3199=DIRECTION('',(0.,0.707106781186547,0.707106781186548));
#3200=DIRECTION('',(0.,0.707106781186538,-0.707106781186557));
#3201=DIRECTION('',(0.,0.707106781186547,0.707106781186548));
#3202=DIRECTION('center_axis',(0.,-0.707106781186557,-0.707106781186538));
#3203=DIRECTION('ref_axis',(-1.,0.,0.));
#3204=DIRECTION('',(-1.,-4.83757309204855E-17,4.83757309204868E-17));
#3205=DIRECTION('',(0.,0.707106781186538,-0.707106781186557));
#3206=DIRECTION('',(-1.,0.,0.));
#3207=DIRECTION('center_axis',(1.,0.,0.));
#3208=DIRECTION('ref_axis',(0.,-0.707106781186547,-0.707106781186548));
#3209=DIRECTION('',(0.,-0.707106781186547,-0.707106781186548));
#3210=DIRECTION('',(0.,0.707106781186538,-0.707106781186557));
#3211=DIRECTION('',(0.,-0.707106781186547,-0.707106781186548));
#3212=DIRECTION('center_axis',(0.,-0.707106781186548,0.707106781186547));
#3213=DIRECTION('ref_axis',(1.,0.,0.));
#3214=DIRECTION('center_axis',(-0.998819711148516,-0.0343451934133047,-0.0343451934133037));
#3215=DIRECTION('ref_axis',(-0.0485714383274219,0.706272190935904,0.706272190935905));
#3216=DIRECTION('',(-0.0485714383274219,0.706272190935904,0.706272190935905));
#3217=DIRECTION('',(0.,0.707106781186538,-0.707106781186557));
#3218=DIRECTION('',(-0.0485714383274219,0.706272190935904,0.706272190935905));
#3219=DIRECTION('',(0.,0.707106781186538,-0.707106781186557));
#3220=DIRECTION('center_axis',(-0.999780287385302,0.0148218918455512,0.0148218918455508));
#3221=DIRECTION('ref_axis',(0.0209613204680054,0.706951420906782,0.706951420906783));
#3222=DIRECTION('',(0.0209613204680054,0.706951420906782,0.706951420906783));
#3223=DIRECTION('',(0.,0.707106781186538,-0.707106781186557));
#3224=DIRECTION('',(0.0209613204680054,0.706951420906782,0.706951420906783));
#3225=DIRECTION('',(0.,0.707106781186538,-0.707106781186557));
#3226=DIRECTION('',(0.,0.707106781186538,-0.707106781186557));
#3227=DIRECTION('center_axis',(0.999784993423939,0.0146623143516717,0.0146623143516713));
#3228=DIRECTION('ref_axis',(0.0207356438119114,-0.706954748578615,-0.706954748578615));
#3229=DIRECTION('',(0.0207356438119114,-0.706954748578615,-0.706954748578615));
#3230=DIRECTION('',(0.,0.707106781186538,-0.707106781186557));
#3231=DIRECTION('',(0.0207356438119114,-0.706954748578615,-0.706954748578615));
#3232=DIRECTION('center_axis',(0.99945882555642,-0.0232600087852638,-0.0232600087852632));
#3233=DIRECTION('ref_axis',(-0.032894619885037,-0.706724113067687,-0.706724113067688));
#3234=DIRECTION('',(-0.032894619885037,-0.706724113067687,-0.706724113067688));
#3235=DIRECTION('',(0.,0.707106781186538,-0.707106781186557));
#3236=DIRECTION('',(-0.032894619885037,-0.706724113067687,-0.706724113067688));
#3237=DIRECTION('',(0.,0.707106781186538,-0.707106781186557));
#3238=DIRECTION('center_axis',(-1.,0.,0.));
#3239=DIRECTION('ref_axis',(0.,0.707106781186547,0.707106781186548));
#3240=DIRECTION('',(0.,0.707106781186547,0.707106781186548));
#3241=DIRECTION('',(0.,0.707106781186538,-0.707106781186557));
#3242=DIRECTION('',(0.,0.707106781186547,0.707106781186548));
#3243=DIRECTION('',(0.,0.707106781186538,-0.707106781186557));
#3244=DIRECTION('',(0.,0.707106781186538,-0.707106781186557));
#3245=DIRECTION('',(0.,0.707106781186538,-0.707106781186557));
#3246=DIRECTION('',(0.,0.707106781186538,-0.707106781186557));
#3247=DIRECTION('',(0.,0.707106781186538,-0.707106781186557));
#3248=DIRECTION('center_axis',(-1.,0.,0.));
#3249=DIRECTION('ref_axis',(0.,0.707106781186547,0.707106781186548));
#3250=DIRECTION('',(0.,0.707106781186547,0.707106781186548));
#3251=DIRECTION('',(0.,0.707106781186538,-0.707106781186557));
#3252=DIRECTION('',(0.,0.707106781186547,0.707106781186548));
#3253=DIRECTION('center_axis',(0.,-0.707106781186557,-0.707106781186538));
#3254=DIRECTION('ref_axis',(-1.,0.,0.));
#3255=DIRECTION('',(-1.,-4.83757309204855E-17,4.83757309204868E-17));
#3256=DIRECTION('',(0.,0.707106781186538,-0.707106781186557));
#3257=DIRECTION('',(-1.,0.,0.));
#3258=DIRECTION('center_axis',(1.,0.,0.));
#3259=DIRECTION('ref_axis',(0.,-0.707106781186547,-0.707106781186548));
#3260=DIRECTION('',(0.,-0.707106781186547,-0.707106781186548));
#3261=DIRECTION('',(0.,0.707106781186538,-0.707106781186557));
#3262=DIRECTION('',(0.,-0.707106781186547,-0.707106781186548));
#3263=DIRECTION('center_axis',(0.,-0.707106781186548,0.707106781186547));
#3264=DIRECTION('ref_axis',(1.,0.,0.));
#3265=DIRECTION('',(0.,0.707106781186538,-0.707106781186557));
#3266=DIRECTION('',(0.,0.707106781186538,-0.707106781186557));
#3267=DIRECTION('',(0.,0.707106781186538,-0.707106781186557));
#3268=DIRECTION('',(0.,0.707106781186538,-0.707106781186557));
#3269=DIRECTION('',(0.,0.707106781186538,-0.707106781186557));
#3270=DIRECTION('center_axis',(-1.,0.,0.));
#3271=DIRECTION('ref_axis',(0.,0.707106781186547,0.707106781186548));
#3272=DIRECTION('',(0.,0.707106781186547,0.707106781186548));
#3273=DIRECTION('',(0.,0.707106781186547,0.707106781186548));
#3274=DIRECTION('',(0.,0.707106781186538,-0.707106781186557));
#3275=DIRECTION('',(0.,0.707106781186538,-0.707106781186557));
#3276=DIRECTION('',(0.,0.707106781186538,-0.707106781186557));
#3277=DIRECTION('center_axis',(1.,0.,0.));
#3278=DIRECTION('ref_axis',(0.,-0.707106781186547,-0.707106781186548));
#3279=DIRECTION('',(0.,-0.707106781186547,-0.707106781186548));
#3280=DIRECTION('',(0.,0.707106781186538,-0.707106781186557));
#3281=DIRECTION('',(0.,-0.707106781186547,-0.707106781186548));
#3282=DIRECTION('',(0.,0.707106781186538,-0.707106781186557));
#3283=DIRECTION('',(0.,0.707106781186538,-0.707106781186557));
#3284=DIRECTION('',(0.,0.707106781186538,-0.707106781186557));
#3285=DIRECTION('center_axis',(-0.16985226368975,-0.696832192324484,-0.696832192324465));
#3286=DIRECTION('ref_axis',(-0.985469537083449,0.120103687454908,0.120103687454908));
#3287=DIRECTION('',(-0.985469537083449,0.120103687454908,0.120103687454908));
#3288=DIRECTION('',(0.,0.707106781186538,-0.707106781186557));
#3289=DIRECTION('',(-0.985469537083449,0.120103687454908,0.120103687454908));
#3290=DIRECTION('',(0.,0.707106781186538,-0.707106781186557));
#3291=DIRECTION('',(0.,0.707106781186538,-0.707106781186557));
#3292=DIRECTION('',(0.,0.707106781186538,-0.707106781186557));
#3293=DIRECTION('',(0.,0.707106781186538,-0.707106781186557));
#3294=DIRECTION('',(0.,0.707106781186538,-0.707106781186557));
#3295=DIRECTION('',(0.,0.707106781186538,-0.707106781186557));
#3296=DIRECTION('',(0.,0.707106781186538,-0.707106781186557));
#3297=DIRECTION('',(0.,0.707106781186538,-0.707106781186557));
#3298=DIRECTION('',(0.,0.707106781186538,-0.707106781186557));
#3299=DIRECTION('center_axis',(0.939398293824551,0.242415805548572,0.242415805548565));
#3300=DIRECTION('ref_axis',(0.342827719940384,-0.664254903798413,-0.664254903798413));
#3301=DIRECTION('',(0.342827719940384,-0.664254903798413,-0.664254903798413));
#3302=DIRECTION('',(0.342827719940384,-0.664254903798413,-0.664254903798413));
#3303=DIRECTION('center_axis',(0.,-0.707106781186548,0.707106781186547));
#3304=DIRECTION('ref_axis',(1.,0.,0.));
#3305=DIRECTION('center_axis',(0.,-0.707106781186557,-0.707106781186538));
#3306=DIRECTION('ref_axis',(-1.,0.,0.));
#3307=DIRECTION('',(-1.,-4.83757309204855E-17,4.83757309204868E-17));
#3308=DIRECTION('',(0.,0.707106781186538,-0.707106781186557));
#3309=DIRECTION('',(-1.,0.,0.));
#3310=DIRECTION('',(0.,0.707106781186538,-0.707106781186557));
#3311=DIRECTION('',(0.,0.707106781186538,-0.707106781186557));
#3312=DIRECTION('',(0.,0.707106781186538,-0.707106781186557));
#3313=DIRECTION('center_axis',(0.,0.707106781186557,0.707106781186538));
#3314=DIRECTION('ref_axis',(1.,0.,0.));
#3315=DIRECTION('',(1.,4.83757309204855E-17,-4.83757309204868E-17));
#3316=DIRECTION('',(0.,0.707106781186538,-0.707106781186557));
#3317=DIRECTION('',(1.,0.,0.));
#3318=DIRECTION('center_axis',(1.,0.,0.));
#3319=DIRECTION('ref_axis',(0.,-0.707106781186547,-0.707106781186548));
#3320=DIRECTION('',(0.,-0.707106781186547,-0.707106781186548));
#3321=DIRECTION('',(0.,-0.707106781186547,-0.707106781186548));
#3322=DIRECTION('center_axis',(1.,0.,0.));
#3323=DIRECTION('ref_axis',(0.,-0.707106781186547,-0.707106781186548));
#3324=DIRECTION('',(0.,-0.707106781186547,-0.707106781186548));
#3325=DIRECTION('',(0.,0.707106781186538,-0.707106781186557));
#3326=DIRECTION('',(0.,-0.707106781186547,-0.707106781186548));
#3327=DIRECTION('',(0.,0.707106781186538,-0.707106781186557));
#3328=DIRECTION('center_axis',(0.,-0.707106781186557,-0.707106781186538));
#3329=DIRECTION('ref_axis',(-1.,0.,0.));
#3330=DIRECTION('',(-1.,-4.83757309204855E-17,4.83757309204868E-17));
#3331=DIRECTION('',(0.,0.707106781186538,-0.707106781186557));
#3332=DIRECTION('',(-1.,0.,0.));
#3333=DIRECTION('',(0.,0.707106781186538,-0.707106781186557));
#3334=DIRECTION('',(0.,0.707106781186538,-0.707106781186557));
#3335=DIRECTION('center_axis',(0.,0.707106781186557,0.707106781186538));
#3336=DIRECTION('ref_axis',(1.,0.,0.));
#3337=DIRECTION('',(1.,4.83757309204855E-17,-4.83757309204868E-17));
#3338=DIRECTION('',(0.,0.707106781186538,-0.707106781186557));
#3339=DIRECTION('',(1.,0.,0.));
#3340=DIRECTION('center_axis',(-1.,0.,0.));
#3341=DIRECTION('ref_axis',(0.,0.707106781186547,0.707106781186548));
#3342=DIRECTION('',(0.,0.707106781186547,0.707106781186548));
#3343=DIRECTION('',(0.,0.707106781186538,-0.707106781186557));
#3344=DIRECTION('',(0.,0.707106781186547,0.707106781186548));
#3345=DIRECTION('center_axis',(0.,-0.707106781186557,-0.707106781186538));
#3346=DIRECTION('ref_axis',(-1.,0.,0.));
#3347=DIRECTION('',(-1.,-4.83757309204855E-17,4.83757309204868E-17));
#3348=DIRECTION('',(-1.,0.,0.));
#3349=DIRECTION('center_axis',(0.,-0.707106781186548,0.707106781186547));
#3350=DIRECTION('ref_axis',(1.,0.,0.));
#3351=DIRECTION('',(0.,0.707106781186538,-0.707106781186557));
#3352=DIRECTION('',(0.,0.707106781186538,-0.707106781186557));
#3353=DIRECTION('',(0.,0.707106781186538,-0.707106781186557));
#3354=DIRECTION('',(0.,0.707106781186538,-0.707106781186557));
#3355=DIRECTION('',(0.,0.707106781186538,-0.707106781186557));
#3356=DIRECTION('center_axis',(1.,0.,0.));
#3357=DIRECTION('ref_axis',(0.,-0.707106781186547,-0.707106781186548));
#3358=DIRECTION('',(0.,-0.707106781186547,-0.707106781186548));
#3359=DIRECTION('',(0.,0.707106781186538,-0.707106781186557));
#3360=DIRECTION('',(0.,-0.707106781186547,-0.707106781186548));
#3361=DIRECTION('',(0.,0.707106781186538,-0.707106781186557));
#3362=DIRECTION('center_axis',(-1.,0.,0.));
#3363=DIRECTION('ref_axis',(0.,0.707106781186547,0.707106781186548));
#3364=DIRECTION('',(0.,0.707106781186547,0.707106781186548));
#3365=DIRECTION('',(0.,0.707106781186538,-0.707106781186557));
#3366=DIRECTION('',(0.,0.707106781186547,0.707106781186548));
#3367=DIRECTION('center_axis',(0.,-0.707106781186557,-0.707106781186538));
#3368=DIRECTION('ref_axis',(-1.,0.,0.));
#3369=DIRECTION('',(-1.,-4.83757309204855E-17,4.83757309204868E-17));
#3370=DIRECTION('',(0.,0.707106781186538,-0.707106781186557));
#3371=DIRECTION('',(-1.,0.,0.));
#3372=DIRECTION('center_axis',(1.,0.,0.));
#3373=DIRECTION('ref_axis',(0.,-0.707106781186547,-0.707106781186548));
#3374=DIRECTION('',(0.,-0.707106781186547,-0.707106781186548));
#3375=DIRECTION('',(0.,0.707106781186538,-0.707106781186557));
#3376=DIRECTION('',(0.,-0.707106781186547,-0.707106781186548));
#3377=DIRECTION('',(0.,0.707106781186538,-0.707106781186557));
#3378=DIRECTION('',(0.,0.707106781186538,-0.707106781186557));
#3379=DIRECTION('center_axis',(-1.,0.,0.));
#3380=DIRECTION('ref_axis',(0.,0.707106781186547,0.707106781186548));
#3381=DIRECTION('',(0.,0.707106781186547,0.707106781186548));
#3382=DIRECTION('',(0.,0.707106781186538,-0.707106781186557));
#3383=DIRECTION('',(0.,0.707106781186547,0.707106781186548));
#3384=DIRECTION('center_axis',(0.,-0.707106781186557,-0.707106781186538));
#3385=DIRECTION('ref_axis',(-1.,0.,0.));
#3386=DIRECTION('',(-1.,-4.83757309204855E-17,4.83757309204868E-17));
#3387=DIRECTION('',(0.,0.707106781186538,-0.707106781186557));
#3388=DIRECTION('',(-1.,0.,0.));
#3389=DIRECTION('center_axis',(1.,0.,0.));
#3390=DIRECTION('ref_axis',(0.,-0.707106781186547,-0.707106781186548));
#3391=DIRECTION('',(0.,-0.707106781186547,-0.707106781186548));
#3392=DIRECTION('',(0.,0.707106781186538,-0.707106781186557));
#3393=DIRECTION('',(0.,-0.707106781186547,-0.707106781186548));
#3394=DIRECTION('',(0.,0.707106781186538,-0.707106781186557));
#3395=DIRECTION('',(0.,0.707106781186538,-0.707106781186557));
#3396=DIRECTION('center_axis',(-1.,0.,0.));
#3397=DIRECTION('ref_axis',(0.,0.707106781186547,0.707106781186548));
#3398=DIRECTION('',(0.,0.707106781186547,0.707106781186548));
#3399=DIRECTION('',(0.,0.707106781186538,-0.707106781186557));
#3400=DIRECTION('',(0.,0.707106781186547,0.707106781186548));
#3401=DIRECTION('center_axis',(0.,-0.707106781186557,-0.707106781186538));
#3402=DIRECTION('ref_axis',(-1.,0.,0.));
#3403=DIRECTION('',(-1.,-4.83757309204855E-17,4.83757309204868E-17));
#3404=DIRECTION('',(0.,0.707106781186538,-0.707106781186557));
#3405=DIRECTION('',(-1.,0.,0.));
#3406=DIRECTION('center_axis',(1.,0.,0.));
#3407=DIRECTION('ref_axis',(0.,-0.707106781186547,-0.707106781186548));
#3408=DIRECTION('',(0.,-0.707106781186547,-0.707106781186548));
#3409=DIRECTION('',(0.,-0.707106781186547,-0.707106781186548));
#3410=DIRECTION('center_axis',(0.,-0.707106781186548,0.707106781186547));
#3411=DIRECTION('ref_axis',(1.,0.,0.));
#3412=DIRECTION('center_axis',(-1.,0.,0.));
#3413=DIRECTION('ref_axis',(0.,0.707106781186547,0.707106781186548));
#3414=DIRECTION('',(0.,0.707106781186547,0.707106781186548));
#3415=DIRECTION('',(0.,0.707106781186538,-0.707106781186557));
#3416=DIRECTION('',(0.,0.707106781186547,0.707106781186548));
#3417=DIRECTION('',(0.,0.707106781186538,-0.707106781186557));
#3418=DIRECTION('center_axis',(0.844962003899008,0.378179330455129,0.378179330455119));
#3419=DIRECTION('ref_axis',(0.534826338138813,-0.597478362801963,-0.597478362801963));
#3420=DIRECTION('',(0.534826338138813,-0.597478362801963,-0.597478362801963));
#3421=DIRECTION('',(0.,0.707106781186538,-0.707106781186557));
#3422=DIRECTION('',(0.534826338138813,-0.597478362801963,-0.597478362801963));
#3423=DIRECTION('center_axis',(0.,0.707106781186557,0.707106781186538));
#3424=DIRECTION('ref_axis',(1.,0.,0.));
#3425=DIRECTION('',(1.,4.83757309204855E-17,-4.83757309204868E-17));
#3426=DIRECTION('',(0.,0.707106781186538,-0.707106781186557));
#3427=DIRECTION('',(1.,0.,0.));
#3428=DIRECTION('center_axis',(-1.,0.,0.));
#3429=DIRECTION('ref_axis',(0.,0.707106781186547,0.707106781186548));
#3430=DIRECTION('',(0.,0.707106781186547,0.707106781186548));
#3431=DIRECTION('',(0.,0.707106781186538,-0.707106781186557));
#3432=DIRECTION('',(0.,0.707106781186547,0.707106781186548));
#3433=DIRECTION('center_axis',(0.,-0.707106781186557,-0.707106781186538));
#3434=DIRECTION('ref_axis',(-1.,0.,0.));
#3435=DIRECTION('',(-1.,-4.83757309204855E-17,4.83757309204868E-17));
#3436=DIRECTION('',(0.,0.707106781186538,-0.707106781186557));
#3437=DIRECTION('',(-1.,0.,0.));
#3438=DIRECTION('center_axis',(1.,0.,0.));
#3439=DIRECTION('ref_axis',(0.,-0.707106781186547,-0.707106781186548));
#3440=DIRECTION('',(0.,-0.707106781186547,-0.707106781186548));
#3441=DIRECTION('',(0.,0.707106781186538,-0.707106781186557));
#3442=DIRECTION('',(0.,-0.707106781186547,-0.707106781186548));
#3443=DIRECTION('center_axis',(-0.848971104826024,-0.373662991993111,-0.373662991993101));
#3444=DIRECTION('ref_axis',(-0.52843927103356,0.600313225253917,0.600313225253917));
#3445=DIRECTION('',(-0.52843927103356,0.600313225253917,0.600313225253917));
#3446=DIRECTION('',(0.,0.707106781186538,-0.707106781186557));
#3447=DIRECTION('',(-0.52843927103356,0.600313225253917,0.600313225253917));
#3448=DIRECTION('center_axis',(0.,-0.707106781186557,-0.707106781186538));
#3449=DIRECTION('ref_axis',(-1.,0.,0.));
#3450=DIRECTION('',(-1.,-4.83757309204855E-17,4.83757309204868E-17));
#3451=DIRECTION('',(0.,0.707106781186538,-0.707106781186557));
#3452=DIRECTION('',(-1.,0.,0.));
#3453=DIRECTION('center_axis',(1.,0.,0.));
#3454=DIRECTION('ref_axis',(0.,-0.707106781186547,-0.707106781186548));
#3455=DIRECTION('',(0.,-0.707106781186547,-0.707106781186548));
#3456=DIRECTION('',(0.,0.707106781186538,-0.707106781186557));
#3457=DIRECTION('',(0.,-0.707106781186547,-0.707106781186548));
#3458=DIRECTION('center_axis',(0.,0.707106781186557,0.707106781186538));
#3459=DIRECTION('ref_axis',(1.,0.,0.));
#3460=DIRECTION('',(1.,4.83757309204855E-17,-4.83757309204868E-17));
#3461=DIRECTION('',(1.,0.,0.));
#3462=DIRECTION('center_axis',(0.,0.707106781186538,-0.707106781186557));
#3463=DIRECTION('ref_axis',(-1.,0.,0.));
#3464=DIRECTION('center_axis',(6.8413614757463E-17,-0.707106781186548,0.707106781186547));
#3465=DIRECTION('ref_axis',(1.,0.,-9.67514618409723E-17));
#3466=DIRECTION('center_axis',(6.8413614757463E-17,-0.707106781186548,0.707106781186547));
#3467=DIRECTION('ref_axis',(1.,0.,-9.67514618409723E-17));
#3468=DIRECTION('center_axis',(6.8413614757463E-17,-0.707106781186548,0.707106781186547));
#3469=DIRECTION('ref_axis',(1.,0.,-9.67514618409723E-17));
#3470=DIRECTION('center_axis',(1.6207783277222E-16,-1.,0.));
#3471=DIRECTION('ref_axis',(-0.707106781186546,0.,0.707106781186549));
#3472=DIRECTION('center_axis',(-0.000300215995844752,-0.707106717455263,
-0.707106781186547));
#3473=DIRECTION('ref_axis',(0.000300215941728213,-0.707106844917827,0.707106653723994));
#3474=DIRECTION('center_axis',(0.,-0.707106781186549,0.707106781186546));
#3475=DIRECTION('ref_axis',(-2.4532694666934E-16,0.707106781186546,0.707106781186549));
#3476=DIRECTION('',(1.6207783277222E-16,-1.,0.));
#3477=DIRECTION('center_axis',(-2.86783171484156E-15,0.923879532511287,
0.38268343236509));
#3478=DIRECTION('ref_axis',(6.50002843311895E-15,0.38268343236509,-0.923879532511286));
#3479=DIRECTION('center_axis',(1.14606334633256E-16,-0.707106781186547,
-0.707106781186548));
#3480=DIRECTION('ref_axis',(-0.707106781186545,-0.500000000000005,0.499999999999999));
#3481=DIRECTION('',(1.14606334633256E-16,-0.707106781186547,-0.707106781186548));
#3482=DIRECTION('center_axis',(0.,0.,1.));
#3483=DIRECTION('ref_axis',(3.92523114670944E-16,-1.,2.4513086227796E-31));
#3484=DIRECTION('',(-1.14606334633256E-16,0.707106781186547,0.707106781186548));
#3485=DIRECTION('center_axis',(0.000300215995844752,0.707106717455263,0.707106781186547));
#3486=DIRECTION('ref_axis',(0.999999909870368,0.,-0.000424569494698697));
#3487=DIRECTION('',(0.,0.707106813052191,-0.707106749320903));
#3488=DIRECTION('',(-0.999999909870352,0.000424569532964993,0.));
#3489=DIRECTION('center_axis',(-0.000300215995844752,-0.707106717455263,
-0.707106781186547));
#3490=DIRECTION('ref_axis',(0.000300215995844711,0.707106717455262,-0.707106781186548));
#3491=DIRECTION('center_axis',(6.8413614757463E-17,-0.707106781186548,0.707106781186547));
#3492=DIRECTION('ref_axis',(1.,0.,-9.67514618409723E-17));
#3493=DIRECTION('',(1.,9.67514618409722E-17,0.));
#3494=DIRECTION('',(1.91261493057205E-12,-0.707106781186547,-0.707106781186548));
#3495=DIRECTION('center_axis',(0.,0.,1.));
#3496=DIRECTION('ref_axis',(1.,0.,0.));
#3497=DIRECTION('',(1.6207783277222E-16,-1.,0.));
#3498=DIRECTION('center_axis',(0.,0.,1.));
#3499=DIRECTION('ref_axis',(-0.706956657252419,0.707256873255034,0.));
#3500=DIRECTION('',(-0.999999909870352,0.000424569532964993,0.));
#3501=DIRECTION('',(0.,1.,0.));
#3502=DIRECTION('',(-1.,0.,0.));
#3503=DIRECTION('',(0.,-1.,0.));
#3504=DIRECTION('',(-0.999999909870352,0.000424569532964993,0.));
#3505=DIRECTION('center_axis',(0.,0.,1.));
#3506=DIRECTION('ref_axis',(0.707256876022323,0.706956654483954,0.));
#3507=DIRECTION('',(7.82873214126729E-9,1.,0.));
#3508=DIRECTION('center_axis',(0.,0.,1.));
#3509=DIRECTION('ref_axis',(0.818127331542876,-0.575037102613851,0.));
#3510=DIRECTION('',(0.940907137947911,0.338664668601067,0.));
#3511=DIRECTION('center_axis',(0.,0.,-1.));
#3512=DIRECTION('ref_axis',(-0.81812733379457,0.57503709941028,0.));
#3513=DIRECTION('',(-2.70484597441226E-12,1.,0.));
#3514=DIRECTION('center_axis',(0.,0.,1.));
#3515=DIRECTION('ref_axis',(2.70468052164014E-12,-1.,3.46944695195026E-17));
#3516=DIRECTION('',(0.,1.,0.));
#3517=DIRECTION('',(-1.,0.,0.));
#3518=DIRECTION('',(0.,-1.,0.));
#3519=DIRECTION('',(1.,2.88949642537526E-16,0.));
#3520=DIRECTION('',(2.70491742089057E-12,1.,0.));
#3521=DIRECTION('',(-1.,0.,0.));
#3522=DIRECTION('',(-4.56095069788987E-17,-1.,0.));
#3523=DIRECTION('',(1.,-5.75991541773263E-17,0.));
#3524=DIRECTION('center_axis',(-1.,0.,0.));
#3525=DIRECTION('ref_axis',(0.,0.707106781186546,0.707106781186549));
#3526=DIRECTION('center_axis',(-0.707106781186549,-0.707106781186546,0.));
#3527=DIRECTION('ref_axis',(0.707106781186546,-0.707106781186549,0.));
#3528=DIRECTION('',(-1.,0.,0.));
#3529=DIRECTION('center_axis',(-0.707106781186551,0.707106781186544,0.));
#3530=DIRECTION('ref_axis',(-0.707106781186544,-0.707106781186551,0.));
#3531=DIRECTION('center_axis',(0.,-1.,0.));
#3532=DIRECTION('ref_axis',(-0.707106781186546,0.,0.707106781186549));
#3533=DIRECTION('center_axis',(0.707106781186548,-0.707106781186547,0.));
#3534=DIRECTION('ref_axis',(0.707106781186547,0.707106781186548,0.));
#3535=DIRECTION('',(0.,-1.,0.));
#3536=DIRECTION('center_axis',(1.,2.88949642537526E-16,0.));
#3537=DIRECTION('ref_axis',(0.,-0.707106781186547,0.707106781186548));
#3538=DIRECTION('center_axis',(0.707106781186548,0.707106781186547,0.));
#3539=DIRECTION('ref_axis',(-0.707106781186547,0.707106781186548,0.));
#3540=DIRECTION('',(1.,2.88949642537526E-16,0.));
#3541=DIRECTION('center_axis',(0.,1.,0.));
#3542=DIRECTION('ref_axis',(0.707106781186546,0.,0.707106781186549));
#3543=DIRECTION('',(0.,1.,0.));
#3544=DIRECTION('center_axis',(1.,0.,0.));
#3545=DIRECTION('ref_axis',(0.,1.,0.));
#3546=DIRECTION('',(0.,0.,1.));
#3547=DIRECTION('',(0.,0.,1.));
#3548=DIRECTION('center_axis',(0.,1.,0.));
#3549=DIRECTION('ref_axis',(-1.,0.,0.));
#3550=DIRECTION('',(0.,0.,1.));
#3551=DIRECTION('center_axis',(-1.,0.,0.));
#3552=DIRECTION('ref_axis',(0.,0.707106781186546,0.707106781186549));
#3553=DIRECTION('center_axis',(-0.707106781186549,-0.707106781186546,6.28036983473511E-15));
#3554=DIRECTION('ref_axis',(0.707106781186546,-0.707106781186549,6.28036983473514E-15));
#3555=DIRECTION('',(-1.,0.,0.));
#3556=DIRECTION('center_axis',(-0.707106781185587,0.707106781187508,0.));
#3557=DIRECTION('ref_axis',(-0.707106781187508,-0.707106781185587,0.));
#3558=DIRECTION('center_axis',(-4.56095069788987E-17,-1.,0.));
#3559=DIRECTION('ref_axis',(-0.707106781186546,0.,0.707106781186549));
#3560=DIRECTION('center_axis',(0.707106781186551,-0.707106781186544,0.));
#3561=DIRECTION('ref_axis',(0.707106781186544,0.707106781186551,0.));
#3562=DIRECTION('',(-4.56095069788987E-17,-1.,0.));
#3563=DIRECTION('center_axis',(1.,-5.75991541773263E-17,0.));
#3564=DIRECTION('ref_axis',(0.,-0.707106781186549,0.707106781186546));
#3565=DIRECTION('center_axis',(0.707106781187505,0.70710678118559,3.1401849173633E-15));
#3566=DIRECTION('ref_axis',(-0.70710678118559,0.707106781187505,3.1401849173718E-15));
#3567=DIRECTION('',(1.,-5.75991541773263E-17,0.));
#3568=DIRECTION('center_axis',(2.70491742089057E-12,1.,0.));
#3569=DIRECTION('ref_axis',(0.707106781186546,-1.91551279959421E-12,0.707106781186549));
#3570=DIRECTION('',(2.70491742089057E-12,1.,0.));
#3571=DIRECTION('center_axis',(1.,-2.70491742089057E-12,0.));
#3572=DIRECTION('ref_axis',(2.70491742089057E-12,1.,0.));
#3573=DIRECTION('',(0.,0.,1.));
#3574=DIRECTION('',(0.,0.,1.));
#3575=DIRECTION('center_axis',(0.,1.,0.));
#3576=DIRECTION('ref_axis',(-1.,0.,0.));
#3577=DIRECTION('',(0.,0.,1.));
#3578=DIRECTION('center_axis',(0.,0.,1.));
#3579=DIRECTION('ref_axis',(-0.706956657252419,0.707256873255034,0.));
#3580=DIRECTION('',(0.,0.,-1.));
#3581=DIRECTION('',(0.,0.,1.));
#3582=DIRECTION('center_axis',(0.000424569532964993,0.999999909870352,0.));
#3583=DIRECTION('ref_axis',(-0.999999909870352,0.000424569532964993,0.));
#3584=DIRECTION('',(0.,0.,1.));
#3585=DIRECTION('center_axis',(0.,0.,1.));
#3586=DIRECTION('ref_axis',(0.707256876022323,0.706956654483954,0.));
#3587=DIRECTION('center_axis',(5.53575034601941E-9,0.707106781186546,-0.707106781186549));
#3588=DIRECTION('ref_axis',(5.53575029695403E-9,0.707106781186549,0.707106781186546));
#3589=DIRECTION('',(0.,0.,-1.));
#3590=DIRECTION('',(0.,0.,1.));
#3591=DIRECTION('center_axis',(-0.000300215995844752,-0.707106717455263,
-0.707106781186547));
#3592=DIRECTION('ref_axis',(0.000300215995844662,0.707106717455262,-0.707106781186548));
#3593=DIRECTION('center_axis',(0.000300215995844752,0.707106717455263,0.707106781186547));
#3594=DIRECTION('ref_axis',(0.999999909870368,0.,-0.000424569494698697));
#3595=DIRECTION('',(-0.999999909870352,0.000424569532964993,0.));
#3596=DIRECTION('',(0.,-0.707106813052191,0.707106749320903));
#3597=DIRECTION('center_axis',(-0.000300215995844752,-0.707106717455263,
-0.707106781186547));
#3598=DIRECTION('ref_axis',(0.000300204870231773,-0.707106844917827,0.707106653728695));
#3599=DIRECTION('center_axis',(0.000424569532964993,0.999999909870352,0.));
#3600=DIRECTION('ref_axis',(-0.999999909870352,0.000424569532964993,0.));
#3601=DIRECTION('',(0.,0.,1.));
#3602=DIRECTION('center_axis',(3.19685798985537E-15,-8.88178419699259E-15,
-1.));
#3603=DIRECTION('ref_axis',(-1.,0.,-3.10862446895045E-15));
#3604=DIRECTION('center_axis',(2.70894418008539E-12,-1.,8.88178419700125E-15));
#3605=DIRECTION('ref_axis',(1.,2.70894418008539E-12,0.));
#3606=DIRECTION('center_axis',(0.,0.,-1.));
#3607=DIRECTION('ref_axis',(-0.338664668601068,0.940907137947911,0.));
#3608=DIRECTION('center_axis',(0.94090713794791,0.338664668601071,0.));
#3609=DIRECTION('ref_axis',(0.,0.,1.));
#3610=DIRECTION('center_axis',(0.,0.,1.));
#3611=DIRECTION('ref_axis',(-0.81812733379457,0.57503709941028,0.));
#3612=DIRECTION('',(0.,0.,1.));
#3613=DIRECTION('',(0.,0.,-1.));
#3614=DIRECTION('center_axis',(0.426633189028879,-0.299867640939725,-0.853266382752944));
#3615=DIRECTION('ref_axis',(0.698080548816907,-0.490659828496052,0.521475291901458));
#3616=DIRECTION('center_axis',(0.940907137947914,0.33866466860106,0.));
#3617=DIRECTION('ref_axis',(0.33866466860106,-0.940907137947913,0.));
#3618=DIRECTION('center_axis',(0.,0.,1.));
#3619=DIRECTION('ref_axis',(1.,-7.82873321725222E-9,0.));
#3620=DIRECTION('center_axis',(-7.82872433546802E-9,-1.,0.));
#3621=DIRECTION('ref_axis',(0.,0.,1.));
#3622=DIRECTION('center_axis',(0.,0.,1.));
#3623=DIRECTION('ref_axis',(0.818127331542876,-0.575037102613851,0.));
#3624=DIRECTION('',(0.,0.,1.));
#3625=DIRECTION('',(0.,0.,-1.));
#3626=DIRECTION('center_axis',(7.82873214126729E-9,1.,0.));
#3627=DIRECTION('ref_axis',(0.707106781186546,-5.53575034601941E-9,0.707106781186549));
#3628=DIRECTION('',(7.82873214126729E-9,1.,0.));
#3629=DIRECTION('center_axis',(0.940907137947911,0.338664668601067,0.));
#3630=DIRECTION('ref_axis',(0.239472083716109,-0.665321817709796,0.707106781186546));
#3631=DIRECTION('',(0.940907137947911,0.338664668601067,0.));
#3632=DIRECTION('center_axis',(-2.70484597441226E-12,1.,0.));
#3633=DIRECTION('ref_axis',(0.707106781186546,1.90923242975947E-12,0.707106781186549));
#3634=DIRECTION('',(-2.70484597441226E-12,1.,0.));
#3635=DIRECTION('center_axis',(-2.50241943472818E-12,0.923879532511289,
0.382683432365083));
#3636=DIRECTION('ref_axis',(1.02672821365726E-12,-0.382683432365083,0.923879532511289));
#3637=DIRECTION('center_axis',(-1.91261493057205E-12,0.707106781186547,
0.707106781186548));
#3638=DIRECTION('ref_axis',(0.707106781187216,-0.499999999998573,0.500000000000481));
#3639=DIRECTION('',(-1.91261493057205E-12,0.707106781186547,0.707106781186548));
#3640=DIRECTION('center_axis',(1.,2.70484597441226E-12,0.));
#3641=DIRECTION('ref_axis',(-2.70484597441226E-12,1.,0.));
#3642=DIRECTION('center_axis',(1.,-7.82873214126729E-9,0.));
#3643=DIRECTION('ref_axis',(7.82873214126729E-9,1.,0.));
#3644=DIRECTION('center_axis',(1.,0.,0.));
#3645=DIRECTION('ref_axis',(0.,1.,0.));
#3646=DIRECTION('',(0.,0.,1.));
#3647=DIRECTION('center_axis',(-1.,0.,0.));
#3648=DIRECTION('ref_axis',(0.,-1.,0.));
#3649=DIRECTION('',(0.,0.,1.));
#3650=DIRECTION('center_axis',(2.88949642537526E-16,-1.,0.));
#3651=DIRECTION('ref_axis',(1.,2.88949642537526E-16,0.));
#3652=DIRECTION('center_axis',(-1.,4.56095069788987E-17,0.));
#3653=DIRECTION('ref_axis',(-4.56095069788987E-17,-1.,0.));
#3654=DIRECTION('',(0.,0.,1.));
#3655=DIRECTION('center_axis',(-5.75991541773263E-17,-1.,0.));
#3656=DIRECTION('ref_axis',(1.,-5.75991541773263E-17,0.));
#3657=DIRECTION('center_axis',(-1.,0.,0.));
#3658=DIRECTION('ref_axis',(0.,-1.,0.));
#3659=DIRECTION('',(0.,0.,1.));
#3660=DIRECTION('center_axis',(0.338664668601067,-0.940907137947911,0.));
#3661=DIRECTION('ref_axis',(0.940907137947911,0.338664668601067,0.));
#3662=DIRECTION('center_axis',(-1.,-1.6207783277222E-16,0.));
#3663=DIRECTION('ref_axis',(1.6207783277222E-16,-1.,0.));
#3664=DIRECTION('center_axis',(0.,1.,0.));
#3665=DIRECTION('ref_axis',(-1.,0.,0.));
#3666=CARTESIAN_POINT('',(0.,0.,0.));
#3667=CARTESIAN_POINT('Origin',(-38.5028121983359,25.338690356353,3.));
#3668=CARTESIAN_POINT('',(-38.3642057131078,31.6011458055066,3.));
#3669=CARTESIAN_POINT('',(-38.364205713112,30.0443794778784,3.));
#3670=CARTESIAN_POINT('',(-38.3642057132962,-38.0478349928499,3.));
#3671=CARTESIAN_POINT('',(-38.3642057131416,19.104265452636,3.));
#3672=CARTESIAN_POINT('Ctrl Pts',(-38.3642057131078,31.6011458055066,3.));
#3673=CARTESIAN_POINT('Ctrl Pts',(-38.3376602996972,31.6018309082841,3.));
#3674=CARTESIAN_POINT('Ctrl Pts',(-38.2634914537899,31.6033617090818,3.));
#3675=CARTESIAN_POINT('Ctrl Pts',(-38.1419513066548,31.6041107810441,3.));
#3676=CARTESIAN_POINT('Ctrl Pts',(-37.9737769900997,31.6010897286331,3.));
#3677=CARTESIAN_POINT('Ctrl Pts',(-37.7605602160439,31.5895402595633,3.));
#3678=CARTESIAN_POINT('Ctrl Pts',(-37.5297567807773,31.566000676082,3.));
#3679=CARTESIAN_POINT('Ctrl Pts',(-37.3021289360478,31.5297133974667,3.));
#3680=CARTESIAN_POINT('Ctrl Pts',(-37.077509885275,31.4785686849647,3.));
#3681=CARTESIAN_POINT('Ctrl Pts',(-36.8557086001092,31.4104921427333,3.));
#3682=CARTESIAN_POINT('Ctrl Pts',(-36.6366758609933,31.323705227488,3.));
#3683=CARTESIAN_POINT('Ctrl Pts',(-36.4206754478119,31.2169925411687,3.));
#3684=CARTESIAN_POINT('Ctrl Pts',(-36.208444025807,31.0899540992004,3.));
#3685=CARTESIAN_POINT('Ctrl Pts',(-36.0013803363219,30.9432966547583,3.));
#3686=CARTESIAN_POINT('Ctrl Pts',(-35.8013738029307,30.7786439678798,3.));
#3687=CARTESIAN_POINT('Ctrl Pts',(-35.6105960979163,30.5982974401378,3.));
#3688=CARTESIAN_POINT('Ctrl Pts',(-35.4313054431066,30.405014259183,3.));
#3689=CARTESIAN_POINT('Ctrl Pts',(-35.2656467315436,30.2017788114425,3.));
#3690=CARTESIAN_POINT('Ctrl Pts',(-35.1154507035652,29.9915755641432,3.));
#3691=CARTESIAN_POINT('Ctrl Pts',(-34.9820398873801,29.7771646721915,3.));
#3692=CARTESIAN_POINT('Ctrl Pts',(-34.8660164245413,29.5608484151201,3.));
#3693=CARTESIAN_POINT('Ctrl Pts',(-34.7671016494359,29.3442647587574,3.));
#3694=CARTESIAN_POINT('Ctrl Pts',(-34.6844373024616,29.1284267882568,3.));
#3695=CARTESIAN_POINT('Ctrl Pts',(-34.6168478777747,28.913740268036,3.));
#3696=CARTESIAN_POINT('Ctrl Pts',(-34.5631159921086,28.7000308534986,3.));
#3697=CARTESIAN_POINT('Ctrl Pts',(-34.5222563145481,28.486564149209,3.));
#3698=CARTESIAN_POINT('Ctrl Pts',(-34.493780591722,28.2720758158862,3.));
#3699=CARTESIAN_POINT('Ctrl Pts',(-34.477989263022,28.054780604466,3.));
#3700=CARTESIAN_POINT('Ctrl Pts',(-34.4761849260885,27.8324396753424,3.));
#3701=CARTESIAN_POINT('Ctrl Pts',(-34.4903297750593,27.6028449446491,3.));
#3702=CARTESIAN_POINT('Ctrl Pts',(-34.5227604672477,27.3642564802628,3.));
#3703=CARTESIAN_POINT('Ctrl Pts',(-34.5758802011681,27.1158666122427,3.));
#3704=CARTESIAN_POINT('Ctrl Pts',(-34.6518621827424,26.8582330496458,3.));
#3705=CARTESIAN_POINT('Ctrl Pts',(-34.7523442783486,26.5937710257737,3.));
#3706=CARTESIAN_POINT('Ctrl Pts',(-34.8781365869361,26.3271132233926,3.));
#3707=CARTESIAN_POINT('Ctrl Pts',(-35.0289003172038,26.0657974587734,3.));
#3708=CARTESIAN_POINT('Ctrl Pts',(-35.2029529531429,25.8194474137499,3.));
#3709=CARTESIAN_POINT('Ctrl Pts',(-35.3971328358146,25.5981510423036,3.));
#3710=CARTESIAN_POINT('Ctrl Pts',(-35.6066561933894,25.4111042981014,3.));
#3711=CARTESIAN_POINT('Ctrl Pts',(-35.8249529941385,25.265110216285,3.));
#3712=CARTESIAN_POINT('Ctrl Pts',(-36.0435676118079,25.1632196160378,3.));
#3713=CARTESIAN_POINT('Ctrl Pts',(-36.2519017870726,25.1031255208557,3.));
#3714=CARTESIAN_POINT('Ctrl Pts',(-36.4373296896437,25.0760977532076,3.));
#3715=CARTESIAN_POINT('Ctrl Pts',(-36.5843734165283,25.0645713537354,3.));
#3716=CARTESIAN_POINT('Ctrl Pts',(-36.6788762730868,25.04690700645,3.));
#3717=CARTESIAN_POINT('Ctrl Pts',(-36.7139039853301,25.0046948863897,3.));
#3718=CARTESIAN_POINT('Ctrl Pts',(-36.6953149273193,24.9294469407383,3.));
#3719=CARTESIAN_POINT('Ctrl Pts',(-36.6468114262179,24.8289276573075,3.));
#3720=CARTESIAN_POINT('Ctrl Pts',(-36.5986974177207,24.7182579862268,3.));
#3721=CARTESIAN_POINT('Ctrl Pts',(-36.5782394815643,24.612508557501,3.));
#3722=CARTESIAN_POINT('Ctrl Pts',(-36.597740230149,24.5172307780864,3.));
#3723=CARTESIAN_POINT('Ctrl Pts',(-36.6572148530427,24.4316906975057,3.));
#3724=CARTESIAN_POINT('Ctrl Pts',(-36.7496148649263,24.3539322888473,3.));
#3725=CARTESIAN_POINT('Ctrl Pts',(-36.8659601886336,24.2866381992136,3.));
#3726=CARTESIAN_POINT('Ctrl Pts',(-36.9970338511244,24.2363479856069,3.));
#3727=CARTESIAN_POINT('Ctrl Pts',(-37.1315424179092,24.2064935094087,3.));
#3728=CARTESIAN_POINT('Ctrl Pts',(-37.2562420443684,24.1938180389051,3.));
#3729=CARTESIAN_POINT('Ctrl Pts',(-37.3531906669261,24.1798527064395,3.));
#3730=CARTESIAN_POINT('Ctrl Pts',(-37.4051490549476,24.1367479016594,3.));
#3731=CARTESIAN_POINT('Ctrl Pts',(-37.4073569614832,24.0472265558118,3.));
#3732=CARTESIAN_POINT('Ctrl Pts',(-37.3838332099121,23.9277402514788,3.));
#3733=CARTESIAN_POINT('Ctrl Pts',(-37.3747974642199,23.8197619124297,3.));
#3734=CARTESIAN_POINT('Ctrl Pts',(-37.4129823536172,23.765490438311,3.));
#3735=CARTESIAN_POINT('Ctrl Pts',(-37.4954661936951,23.7843078888884,3.));
#3736=CARTESIAN_POINT('Ctrl Pts',(-37.5862089021079,23.864626960322,3.));
#3737=CARTESIAN_POINT('Ctrl Pts',(-37.6489433701485,23.9761363320511,3.));
#3738=CARTESIAN_POINT('Ctrl Pts',(-37.6790352742947,24.0750668687788,3.));
#3739=CARTESIAN_POINT('Ctrl Pts',(-37.6966247697944,24.1193148550727,3.));
#3740=CARTESIAN_POINT('Ctrl Pts',(-37.7225580371157,24.0846278480109,3.));
#3741=CARTESIAN_POINT('Ctrl Pts',(-37.7586016294715,23.9823376996811,3.));
#3742=CARTESIAN_POINT('Ctrl Pts',(-37.7947199545575,23.8432509255838,3.));
#3743=CARTESIAN_POINT('Ctrl Pts',(-37.8184123753586,23.7009309790558,3.));
#3744=CARTESIAN_POINT('Ctrl Pts',(-37.8249899885044,23.5718930486026,3.));
#3745=CARTESIAN_POINT('Ctrl Pts',(-37.8178187348897,23.4552405797349,3.));
#3746=CARTESIAN_POINT('Ctrl Pts',(-37.8038042262943,23.3409690509732,3.));
#3747=CARTESIAN_POINT('Ctrl Pts',(-37.7906754728739,23.2150779990356,3.));
#3748=CARTESIAN_POINT('Ctrl Pts',(-37.7829217735083,23.0669531166012,3.));
#3749=CARTESIAN_POINT('Ctrl Pts',(-37.7815898426934,22.8906059107811,3.));
#3750=CARTESIAN_POINT('Ctrl Pts',(-37.7855211057607,22.6836866786437,3.));
#3751=CARTESIAN_POINT('Ctrl Pts',(-37.7921270562726,22.447185214397,3.));
#3752=CARTESIAN_POINT('Ctrl Pts',(-37.7983849425907,22.1848532484093,3.));
#3753=CARTESIAN_POINT('Ctrl Pts',(-37.8016719896255,21.9027313747707,3.));
#3754=CARTESIAN_POINT('Ctrl Pts',(-37.8008315585047,21.6086676589733,3.));
#3755=CARTESIAN_POINT('Ctrl Pts',(-37.7965885083664,21.3117154345794,3.));
#3756=CARTESIAN_POINT('Ctrl Pts',(-37.7907558527277,21.0212395187138,3.));
#3757=CARTESIAN_POINT('Ctrl Pts',(-37.785710105637,20.7460981894838,3.));
#3758=CARTESIAN_POINT('Ctrl Pts',(-37.7837442011358,20.4937730005537,3.));
#3759=CARTESIAN_POINT('Ctrl Pts',(-37.7865068681354,20.2695704552341,3.));
#3760=CARTESIAN_POINT('Ctrl Pts',(-37.7943255715597,20.0756774855607,3.));
#3761=CARTESIAN_POINT('Ctrl Pts',(-37.8057647582183,19.910549030144,3.));
#3762=CARTESIAN_POINT('Ctrl Pts',(-37.8166220923598,19.7674828421293,3.));
#3763=CARTESIAN_POINT('Ctrl Pts',(-37.821072953038,19.6363127991735,3.));
#3764=CARTESIAN_POINT('Ctrl Pts',(-37.814928220818,19.5081594548893,3.));
#3765=CARTESIAN_POINT('Ctrl Pts',(-37.7980713084302,19.3790109731253,3.));
#3766=CARTESIAN_POINT('Ctrl Pts',(-37.7777543223095,19.2544996378315,3.));
#3767=CARTESIAN_POINT('Ctrl Pts',(-37.7699929584985,19.1520638852499,3.));
#3768=CARTESIAN_POINT('Ctrl Pts',(-37.7906948494324,19.0889854362907,3.));
#3769=CARTESIAN_POINT('Ctrl Pts',(-37.8478865934519,19.0719707649131,3.));
#3770=CARTESIAN_POINT('Ctrl Pts',(-37.9336938454491,19.0863121864307,3.));
#3771=CARTESIAN_POINT('Ctrl Pts',(-38.0337234956982,19.1083850754989,3.));
#3772=CARTESIAN_POINT('Ctrl Pts',(-38.1378031921833,19.1203076579244,3.));
#3773=CARTESIAN_POINT('Ctrl Pts',(-38.224943368838,19.1185288459414,3.));
#3774=CARTESIAN_POINT('Ctrl Pts',(-38.2935544035816,19.1123002668209,3.));
#3775=CARTESIAN_POINT('Ctrl Pts',(-38.3406708754493,19.1070210616703,3.));
#3776=CARTESIAN_POINT('Ctrl Pts',(-38.3642057131416,19.104265452636,3.));
#3777=CARTESIAN_POINT('',(-38.3642057131259,24.9068827663322,3.));
#3778=CARTESIAN_POINT('',(-38.3642057132962,-38.0478349928499,3.));
#3779=CARTESIAN_POINT('',(-38.3642057131249,25.249002009353,3.));
#3780=CARTESIAN_POINT('Ctrl Pts',(-38.3642057131256,24.9068827663322,3.));
#3781=CARTESIAN_POINT('Ctrl Pts',(-38.3557625929732,24.9090152891496,3.));
#3782=CARTESIAN_POINT('Ctrl Pts',(-38.3251324043526,24.9179354521004,3.));
#3783=CARTESIAN_POINT('Ctrl Pts',(-38.2755765174081,24.9402813455326,3.));
#3784=CARTESIAN_POINT('Ctrl Pts',(-38.2194197388866,24.9886651954169,3.));
#3785=CARTESIAN_POINT('Ctrl Pts',(-38.1847974758226,25.0682869319641,3.));
#3786=CARTESIAN_POINT('Ctrl Pts',(-38.2033852000006,25.1479367455819,3.));
#3787=CARTESIAN_POINT('Ctrl Pts',(-38.2554631128124,25.1958692352045,3.));
#3788=CARTESIAN_POINT('Ctrl Pts',(-38.3086773388607,25.2248465855728,3.));
#3789=CARTESIAN_POINT('Ctrl Pts',(-38.3470548260528,25.2418743809691,3.));
#3790=CARTESIAN_POINT('Ctrl Pts',(-38.3642057131249,25.249002009353,3.));
#3791=CARTESIAN_POINT('',(-38.3642057131155,28.7393017259095,3.));
#3792=CARTESIAN_POINT('',(-38.3642057132962,-38.0478349928499,3.));
#3793=CARTESIAN_POINT('Ctrl Pts',(-38.3642057131155,28.7393017259095,3.));
#3794=CARTESIAN_POINT('Ctrl Pts',(-38.3210585592436,28.7466799191578,3.));
#3795=CARTESIAN_POINT('Ctrl Pts',(-38.2337414462098,28.7588165308636,3.));
#3796=CARTESIAN_POINT('Ctrl Pts',(-38.1006709373904,28.7687856266498,3.));
#3797=CARTESIAN_POINT('Ctrl Pts',(-37.9205819029502,28.7648129318764,3.));
#3798=CARTESIAN_POINT('Ctrl Pts',(-37.6951521251873,28.7305204415023,3.));
#3799=CARTESIAN_POINT('Ctrl Pts',(-37.4740031239063,28.6680473949721,3.));
#3800=CARTESIAN_POINT('Ctrl Pts',(-37.2632758333335,28.5810915288527,3.));
#3801=CARTESIAN_POINT('Ctrl Pts',(-37.069370106627,28.4756731464775,3.));
#3802=CARTESIAN_POINT('Ctrl Pts',(-36.8980466689428,28.3597254534975,3.));
#3803=CARTESIAN_POINT('Ctrl Pts',(-36.7535049168076,28.2427023506357,3.));
#3804=CARTESIAN_POINT('Ctrl Pts',(-36.6372188985676,28.13530405661,3.));
#3805=CARTESIAN_POINT('Ctrl Pts',(-36.5471943196849,28.0488226229005,3.));
#3806=CARTESIAN_POINT('Ctrl Pts',(-36.4762568356551,27.9954619286618,3.));
#3807=CARTESIAN_POINT('Ctrl Pts',(-36.4140285215311,27.9850462158961,3.));
#3808=CARTESIAN_POINT('Ctrl Pts',(-36.3514496068608,28.0200624978349,3.));
#3809=CARTESIAN_POINT('Ctrl Pts',(-36.2852264593504,28.0891440434143,3.));
#3810=CARTESIAN_POINT('Ctrl Pts',(-36.2177934436052,28.1740750814982,3.));
#3811=CARTESIAN_POINT('Ctrl Pts',(-36.1556939187431,28.2593484526041,3.));
#3812=CARTESIAN_POINT('Ctrl Pts',(-36.1087682560978,28.3434036098317,3.));
#3813=CARTESIAN_POINT('Ctrl Pts',(-36.0877396286511,28.4357167842099,3.));
#3814=CARTESIAN_POINT('Ctrl Pts',(-36.1016264102659,28.5482673472857,3.));
#3815=CARTESIAN_POINT('Ctrl Pts',(-36.1546310754295,28.687475039503,3.));
#3816=CARTESIAN_POINT('Ctrl Pts',(-36.2452842979214,28.8508185335991,3.));
#3817=CARTESIAN_POINT('Ctrl Pts',(-36.3684092267343,29.0305118949835,3.));
#3818=CARTESIAN_POINT('Ctrl Pts',(-36.5163416981852,29.2152773772017,3.));
#3819=CARTESIAN_POINT('Ctrl Pts',(-36.6804878670262,29.3929578647101,3.));
#3820=CARTESIAN_POINT('Ctrl Pts',(-36.8526568282569,29.5526259526961,3.));
#3821=CARTESIAN_POINT('Ctrl Pts',(-37.0266845325643,29.6872568813416,3.));
#3822=CARTESIAN_POINT('Ctrl Pts',(-37.1992952753463,29.7950209218995,3.));
#3823=CARTESIAN_POINT('Ctrl Pts',(-37.3692439098725,29.8775065512375,3.));
#3824=CARTESIAN_POINT('Ctrl Pts',(-37.5368057585997,29.9385694441554,3.));
#3825=CARTESIAN_POINT('Ctrl Pts',(-37.7031115989066,29.9828882056517,3.));
#3826=CARTESIAN_POINT('Ctrl Pts',(-37.8695875290279,30.0147483331522,3.));
#3827=CARTESIAN_POINT('Ctrl Pts',(-38.0347054916254,30.0361461100496,3.));
#3828=CARTESIAN_POINT('Ctrl Pts',(-38.1674524588753,30.0452893916998,3.));
#3829=CARTESIAN_POINT('Ctrl Pts',(-38.2669567973803,30.0470174702506,3.));
#3830=CARTESIAN_POINT('Ctrl Pts',(-38.3326289367706,30.0456494073691,3.));
#3831=CARTESIAN_POINT('Ctrl Pts',(-38.364205713112,30.0443794778785,3.));
#3832=CARTESIAN_POINT('Ctrl Pts',(-40.5499990936369,19.3999995663762,3.));
#3833=CARTESIAN_POINT('Ctrl Pts',(-40.5499990936369,19.3999995663762,4.));
#3834=CARTESIAN_POINT('Ctrl Pts',(-40.5499636897901,19.4342397677324,3.));
#3835=CARTESIAN_POINT('Ctrl Pts',(-40.5499636897901,19.4342397677324,4.));
#3836=CARTESIAN_POINT('Ctrl Pts',(-40.5505271123633,19.5072893465141,3.));
#3837=CARTESIAN_POINT('Ctrl Pts',(-40.5505271123633,19.5072893465141,4.));
#3838=CARTESIAN_POINT('Ctrl Pts',(-40.5529659255822,19.6299634089404,3.));
#3839=CARTESIAN_POINT('Ctrl Pts',(-40.5529659255822,19.6299634089404,4.));
#3840=CARTESIAN_POINT('Ctrl Pts',(-40.5583376154991,19.8168128977413,3.));
#3841=CARTESIAN_POINT('Ctrl Pts',(-40.5583376154991,19.8168128977413,4.));
#3842=CARTESIAN_POINT('Ctrl Pts',(-40.5666353343755,20.0801306364325,3.));
#3843=CARTESIAN_POINT('Ctrl Pts',(-40.5666353343755,20.0801306364325,4.));
#3844=CARTESIAN_POINT('Ctrl Pts',(-40.5751788843065,20.3631778246897,3.));
#3845=CARTESIAN_POINT('Ctrl Pts',(-40.5751788843065,20.3631778246897,4.));
#3846=CARTESIAN_POINT('Ctrl Pts',(-40.583130100425,20.6556833861684,3.));
#3847=CARTESIAN_POINT('Ctrl Pts',(-40.583130100425,20.6556833861684,4.));
#3848=CARTESIAN_POINT('Ctrl Pts',(-40.5900396741696,20.9478872855742,3.));
#3849=CARTESIAN_POINT('Ctrl Pts',(-40.5900396741696,20.9478872855742,4.));
#3850=CARTESIAN_POINT('Ctrl Pts',(-40.5957355661623,21.231284071223,3.));
#3851=CARTESIAN_POINT('Ctrl Pts',(-40.5957355661623,21.231284071223,4.));
#3852=CARTESIAN_POINT('Ctrl Pts',(-40.6002116788267,21.4993751448529,3.));
#3853=CARTESIAN_POINT('Ctrl Pts',(-40.6002116788267,21.4993751448529,4.));
#3854=CARTESIAN_POINT('Ctrl Pts',(-40.6035172160949,21.7484092406487,3.));
#3855=CARTESIAN_POINT('Ctrl Pts',(-40.6035172160949,21.7484092406487,4.));
#3856=CARTESIAN_POINT('Ctrl Pts',(-40.6056435718773,21.9781506470879,3.));
#3857=CARTESIAN_POINT('Ctrl Pts',(-40.6056435718773,21.9781506470879,4.));
#3858=CARTESIAN_POINT('Ctrl Pts',(-40.60655828311,22.191136045998,3.));
#3859=CARTESIAN_POINT('Ctrl Pts',(-40.60655828311,22.191136045998,4.));
#3860=CARTESIAN_POINT('Ctrl Pts',(-40.6062423177461,22.3918984157767,3.));
#3861=CARTESIAN_POINT('Ctrl Pts',(-40.6062423177461,22.3918984157767,4.));
#3862=CARTESIAN_POINT('Ctrl Pts',(-40.604725179547,22.5862113653208,3.));
#3863=CARTESIAN_POINT('Ctrl Pts',(-40.604725179547,22.5862113653208,4.));
#3864=CARTESIAN_POINT('Ctrl Pts',(-40.6021230939267,22.7803064116001,3.));
#3865=CARTESIAN_POINT('Ctrl Pts',(-40.6021230939267,22.7803064116001,4.));
#3866=CARTESIAN_POINT('Ctrl Pts',(-40.5986708608463,22.9801449575082,3.));
#3867=CARTESIAN_POINT('Ctrl Pts',(-40.5986708608463,22.9801449575082,4.));
#3868=CARTESIAN_POINT('Ctrl Pts',(-40.5947686866741,23.1905616100057,3.));
#3869=CARTESIAN_POINT('Ctrl Pts',(-40.5947686866741,23.1905616100057,4.));
#3870=CARTESIAN_POINT('Ctrl Pts',(-40.5909789073044,23.414837449613,3.));
#3871=CARTESIAN_POINT('Ctrl Pts',(-40.5909789073044,23.414837449613,4.));
#3872=CARTESIAN_POINT('Ctrl Pts',(-40.587948174832,23.654911021394,3.));
#3873=CARTESIAN_POINT('Ctrl Pts',(-40.587948174832,23.654911021394,4.));
#3874=CARTESIAN_POINT('Ctrl Pts',(-40.586347672158,23.9114372145775,3.));
#3875=CARTESIAN_POINT('Ctrl Pts',(-40.586347672158,23.9114372145775,4.));
#3876=CARTESIAN_POINT('Ctrl Pts',(-40.58680563917,24.1839063966266,3.));
#3877=CARTESIAN_POINT('Ctrl Pts',(-40.58680563917,24.1839063966266,4.));
#3878=CARTESIAN_POINT('Ctrl Pts',(-40.5898441270951,24.4707402284754,3.));
#3879=CARTESIAN_POINT('Ctrl Pts',(-40.5898441270951,24.4707402284754,4.));
#3880=CARTESIAN_POINT('Ctrl Pts',(-40.595811744206,24.769391590659,3.));
#3881=CARTESIAN_POINT('Ctrl Pts',(-40.595811744206,24.769391590659,4.));
#3882=CARTESIAN_POINT('Ctrl Pts',(-40.6048232297283,25.0764563901234,3.));
#3883=CARTESIAN_POINT('Ctrl Pts',(-40.6048232297283,25.0764563901234,4.));
#3884=CARTESIAN_POINT('Ctrl Pts',(-40.6166832919607,25.3877459125753,3.));
#3885=CARTESIAN_POINT('Ctrl Pts',(-40.6166832919607,25.3877459125753,4.));
#3886=CARTESIAN_POINT('Ctrl Pts',(-40.6308737228418,25.6985277119902,3.));
#3887=CARTESIAN_POINT('Ctrl Pts',(-40.6308737228418,25.6985277119902,4.));
#3888=CARTESIAN_POINT('Ctrl Pts',(-40.646585961966,26.0038889533461,3.));
#3889=CARTESIAN_POINT('Ctrl Pts',(-40.646585961966,26.0038889533461,4.));
#3890=CARTESIAN_POINT('Ctrl Pts',(-40.6627403211065,26.2990637415467,3.));
#3891=CARTESIAN_POINT('Ctrl Pts',(-40.6627403211065,26.2990637415467,4.));
#3892=CARTESIAN_POINT('Ctrl Pts',(-40.6780106853696,26.5797753563766,3.));
#3893=CARTESIAN_POINT('Ctrl Pts',(-40.6780106853696,26.5797753563766,4.));
#3894=CARTESIAN_POINT('Ctrl Pts',(-40.6908468603153,26.8425719824854,3.));
#3895=CARTESIAN_POINT('Ctrl Pts',(-40.6908468603153,26.8425719824854,4.));
#3896=CARTESIAN_POINT('Ctrl Pts',(-40.699497899317,27.0851656025929,3.));
#3897=CARTESIAN_POINT('Ctrl Pts',(-40.699497899317,27.0851656025929,4.));
#3898=CARTESIAN_POINT('Ctrl Pts',(-40.7020350419893,27.3067688436685,3.));
#3899=CARTESIAN_POINT('Ctrl Pts',(-40.7020350419893,27.3067688436685,4.));
#3900=CARTESIAN_POINT('Ctrl Pts',(-40.6963746963228,27.5084345756799,3.));
#3901=CARTESIAN_POINT('Ctrl Pts',(-40.6963746963228,27.5084345756799,4.));
#3902=CARTESIAN_POINT('Ctrl Pts',(-40.6803018357499,27.6933890538978,3.));
#3903=CARTESIAN_POINT('Ctrl Pts',(-40.6803018357499,27.6933890538978,4.));
#3904=CARTESIAN_POINT('Ctrl Pts',(-40.6516634250383,27.8662259492549,3.));
#3905=CARTESIAN_POINT('Ctrl Pts',(-40.6516634250383,27.8662259492549,4.));
#3906=CARTESIAN_POINT('Ctrl Pts',(-40.6085562437323,28.0321222838292,3.));
#3907=CARTESIAN_POINT('Ctrl Pts',(-40.6085562437323,28.0321222838292,4.));
#3908=CARTESIAN_POINT('Ctrl Pts',(-40.5495252251831,28.1960203321733,3.));
#3909=CARTESIAN_POINT('Ctrl Pts',(-40.5495252251831,28.1960203321733,4.));
#3910=CARTESIAN_POINT('Ctrl Pts',(-40.4737382339844,28.3618828681979,3.));
#3911=CARTESIAN_POINT('Ctrl Pts',(-40.4737382339844,28.3618828681979,4.));
#3912=CARTESIAN_POINT('Ctrl Pts',(-40.3812174334226,28.5317738184211,3.));
#3913=CARTESIAN_POINT('Ctrl Pts',(-40.3812174334226,28.5317738184211,4.));
#3914=CARTESIAN_POINT('Ctrl Pts',(-40.2728857121147,28.7055088849192,3.));
#3915=CARTESIAN_POINT('Ctrl Pts',(-40.2728857121147,28.7055088849192,4.));
#3916=CARTESIAN_POINT('Ctrl Pts',(-40.1502987935031,28.8812755588762,3.));
#3917=CARTESIAN_POINT('Ctrl Pts',(-40.1502987935031,28.8812755588762,4.));
#3918=CARTESIAN_POINT('Ctrl Pts',(-40.0154481634957,29.056033531442,3.));
#3919=CARTESIAN_POINT('Ctrl Pts',(-40.0154481634957,29.056033531442,4.));
#3920=CARTESIAN_POINT('Ctrl Pts',(-39.8705370051512,29.2260014439772,3.));
#3921=CARTESIAN_POINT('Ctrl Pts',(-39.8705370051512,29.2260014439772,4.));
#3922=CARTESIAN_POINT('Ctrl Pts',(-39.7177643535305,29.3871109938928,3.));
#3923=CARTESIAN_POINT('Ctrl Pts',(-39.7177643535305,29.3871109938928,4.));
#3924=CARTESIAN_POINT('Ctrl Pts',(-39.5591135766713,29.5354648896531,3.));
#3925=CARTESIAN_POINT('Ctrl Pts',(-39.5591135766713,29.5354648896531,4.));
#3926=CARTESIAN_POINT('Ctrl Pts',(-39.3961179089659,29.6678203551211,3.));
#3927=CARTESIAN_POINT('Ctrl Pts',(-39.3961179089659,29.6678203551211,4.));
#3928=CARTESIAN_POINT('Ctrl Pts',(-39.2299290395201,29.7816886975308,3.));
#3929=CARTESIAN_POINT('Ctrl Pts',(-39.2299290395201,29.7816886975308,4.));
#3930=CARTESIAN_POINT('Ctrl Pts',(-39.0614195652757,29.8753943027123,3.));
#3931=CARTESIAN_POINT('Ctrl Pts',(-39.0614195652757,29.8753943027123,4.));
#3932=CARTESIAN_POINT('Ctrl Pts',(-38.8912718850279,29.9481438984151,3.));
#3933=CARTESIAN_POINT('Ctrl Pts',(-38.8912718850279,29.9481438984151,4.));
#3934=CARTESIAN_POINT('Ctrl Pts',(-38.7200759926714,30.0001013378866,3.));
#3935=CARTESIAN_POINT('Ctrl Pts',(-38.7200759926714,30.0001013378866,4.));
#3936=CARTESIAN_POINT('Ctrl Pts',(-38.5484159539822,30.0324370712318,3.));
#3937=CARTESIAN_POINT('Ctrl Pts',(-38.5484159539822,30.0324370712318,4.));
#3938=CARTESIAN_POINT('Ctrl Pts',(-38.3769810140169,30.0474493654164,3.));
#3939=CARTESIAN_POINT('Ctrl Pts',(-38.3769810140169,30.0474493654164,4.));
#3940=CARTESIAN_POINT('Ctrl Pts',(-38.2064331133711,30.0479318309967,3.));
#3941=CARTESIAN_POINT('Ctrl Pts',(-38.2064331133711,30.0479318309967,4.));
#3942=CARTESIAN_POINT('Ctrl Pts',(-38.0372552906953,30.0364765406749,3.));
#3943=CARTESIAN_POINT('Ctrl Pts',(-38.0372552906953,30.0364765406749,4.));
#3944=CARTESIAN_POINT('Ctrl Pts',(-37.8695875290279,30.0147483331522,3.));
#3945=CARTESIAN_POINT('Ctrl Pts',(-37.8695875290279,30.0147483331522,4.));
#3946=CARTESIAN_POINT('Ctrl Pts',(-37.7031115989066,29.9828882056517,3.));
#3947=CARTESIAN_POINT('Ctrl Pts',(-37.7031115989066,29.9828882056517,4.));
#3948=CARTESIAN_POINT('Ctrl Pts',(-37.5368057585997,29.9385694441554,3.));
#3949=CARTESIAN_POINT('Ctrl Pts',(-37.5368057585997,29.9385694441554,4.));
#3950=CARTESIAN_POINT('Ctrl Pts',(-37.3692439098725,29.8775065512375,3.));
#3951=CARTESIAN_POINT('Ctrl Pts',(-37.3692439098725,29.8775065512375,4.));
#3952=CARTESIAN_POINT('Ctrl Pts',(-37.1992952753463,29.7950209218995,3.));
#3953=CARTESIAN_POINT('Ctrl Pts',(-37.1992952753463,29.7950209218995,4.));
#3954=CARTESIAN_POINT('Ctrl Pts',(-37.0266845325643,29.6872568813416,3.));
#3955=CARTESIAN_POINT('Ctrl Pts',(-37.0266845325643,29.6872568813416,4.));
#3956=CARTESIAN_POINT('Ctrl Pts',(-36.8526568282569,29.5526259526961,3.));
#3957=CARTESIAN_POINT('Ctrl Pts',(-36.8526568282569,29.5526259526961,4.));
#3958=CARTESIAN_POINT('Ctrl Pts',(-36.6804878670262,29.3929578647101,3.));
#3959=CARTESIAN_POINT('Ctrl Pts',(-36.6804878670262,29.3929578647101,4.));
#3960=CARTESIAN_POINT('Ctrl Pts',(-36.5163416981852,29.2152773772017,3.));
#3961=CARTESIAN_POINT('Ctrl Pts',(-36.5163416981852,29.2152773772017,4.));
#3962=CARTESIAN_POINT('Ctrl Pts',(-36.3684092267343,29.0305118949835,3.));
#3963=CARTESIAN_POINT('Ctrl Pts',(-36.3684092267343,29.0305118949835,4.));
#3964=CARTESIAN_POINT('Ctrl Pts',(-36.2452842979214,28.8508185335991,3.));
#3965=CARTESIAN_POINT('Ctrl Pts',(-36.2452842979214,28.8508185335991,4.));
#3966=CARTESIAN_POINT('Ctrl Pts',(-36.1546310754295,28.687475039503,3.));
#3967=CARTESIAN_POINT('Ctrl Pts',(-36.1546310754295,28.687475039503,4.));
#3968=CARTESIAN_POINT('Ctrl Pts',(-36.1016264102659,28.5482673472857,3.));
#3969=CARTESIAN_POINT('Ctrl Pts',(-36.1016264102659,28.5482673472857,4.));
#3970=CARTESIAN_POINT('Ctrl Pts',(-36.0877396286511,28.4357167842099,3.));
#3971=CARTESIAN_POINT('Ctrl Pts',(-36.0877396286511,28.4357167842099,4.));
#3972=CARTESIAN_POINT('Ctrl Pts',(-36.1087682560978,28.3434036098317,3.));
#3973=CARTESIAN_POINT('Ctrl Pts',(-36.1087682560978,28.3434036098317,4.));
#3974=CARTESIAN_POINT('Ctrl Pts',(-36.1556939187431,28.2593484526041,3.));
#3975=CARTESIAN_POINT('Ctrl Pts',(-36.1556939187431,28.2593484526041,4.));
#3976=CARTESIAN_POINT('Ctrl Pts',(-36.2177934436052,28.1740750814982,3.));
#3977=CARTESIAN_POINT('Ctrl Pts',(-36.2177934436052,28.1740750814982,4.));
#3978=CARTESIAN_POINT('Ctrl Pts',(-36.2852264593504,28.0891440434143,3.));
#3979=CARTESIAN_POINT('Ctrl Pts',(-36.2852264593504,28.0891440434143,4.));
#3980=CARTESIAN_POINT('Ctrl Pts',(-36.3514496068608,28.0200624978349,3.));
#3981=CARTESIAN_POINT('Ctrl Pts',(-36.3514496068608,28.0200624978349,4.));
#3982=CARTESIAN_POINT('Ctrl Pts',(-36.4140285215311,27.9850462158961,3.));
#3983=CARTESIAN_POINT('Ctrl Pts',(-36.4140285215311,27.9850462158961,4.));
#3984=CARTESIAN_POINT('Ctrl Pts',(-36.4762568356551,27.9954619286618,3.));
#3985=CARTESIAN_POINT('Ctrl Pts',(-36.4762568356551,27.9954619286618,4.));
#3986=CARTESIAN_POINT('Ctrl Pts',(-36.5471943196849,28.0488226229005,3.));
#3987=CARTESIAN_POINT('Ctrl Pts',(-36.5471943196849,28.0488226229005,4.));
#3988=CARTESIAN_POINT('Ctrl Pts',(-36.6372188985676,28.13530405661,3.));
#3989=CARTESIAN_POINT('Ctrl Pts',(-36.6372188985676,28.13530405661,4.));
#3990=CARTESIAN_POINT('Ctrl Pts',(-36.7535049168076,28.2427023506357,3.));
#3991=CARTESIAN_POINT('Ctrl Pts',(-36.7535049168076,28.2427023506357,4.));
#3992=CARTESIAN_POINT('Ctrl Pts',(-36.8980466689428,28.3597254534975,3.));
#3993=CARTESIAN_POINT('Ctrl Pts',(-36.8980466689428,28.3597254534975,4.));
#3994=CARTESIAN_POINT('Ctrl Pts',(-37.069370106627,28.4756731464775,3.));
#3995=CARTESIAN_POINT('Ctrl Pts',(-37.069370106627,28.4756731464775,4.));
#3996=CARTESIAN_POINT('Ctrl Pts',(-37.2632758333335,28.5810915288527,3.));
#3997=CARTESIAN_POINT('Ctrl Pts',(-37.2632758333335,28.5810915288527,4.));
#3998=CARTESIAN_POINT('Ctrl Pts',(-37.4740031239063,28.6680473949721,3.));
#3999=CARTESIAN_POINT('Ctrl Pts',(-37.4740031239063,28.6680473949721,4.));
#4000=CARTESIAN_POINT('Ctrl Pts',(-37.6951521251873,28.7305204415023,3.));
#4001=CARTESIAN_POINT('Ctrl Pts',(-37.6951521251873,28.7305204415023,4.));
#4002=CARTESIAN_POINT('Ctrl Pts',(-37.9208605520275,28.7648553201132,3.));
#4003=CARTESIAN_POINT('Ctrl Pts',(-37.9208605520275,28.7648553201132,4.));
#4004=CARTESIAN_POINT('Ctrl Pts',(-38.1463193866817,28.769783483515,3.));
#4005=CARTESIAN_POINT('Ctrl Pts',(-38.1463193866817,28.769783483515,4.));
#4006=CARTESIAN_POINT('Ctrl Pts',(-38.3674706832376,28.7458226537881,3.));
#4007=CARTESIAN_POINT('Ctrl Pts',(-38.3674706832376,28.7458226537881,4.));
#4008=CARTESIAN_POINT('Ctrl Pts',(-38.5809057258149,28.6948315968973,3.));
#4009=CARTESIAN_POINT('Ctrl Pts',(-38.5809057258149,28.6948315968973,4.));
#4010=CARTESIAN_POINT('Ctrl Pts',(-38.7836845007214,28.6195070055591,3.));
#4011=CARTESIAN_POINT('Ctrl Pts',(-38.7836845007214,28.6195070055591,4.));
#4012=CARTESIAN_POINT('Ctrl Pts',(-38.9731834758101,28.5228934370535,3.));
#4013=CARTESIAN_POINT('Ctrl Pts',(-38.9731834758101,28.5228934370535,4.));
#4014=CARTESIAN_POINT('Ctrl Pts',(-39.1469438838209,28.4079153608545,3.));
#4015=CARTESIAN_POINT('Ctrl Pts',(-39.1469438838209,28.4079153608545,4.));
#4016=CARTESIAN_POINT('Ctrl Pts',(-39.3024864559931,28.2768267686066,3.));
#4017=CARTESIAN_POINT('Ctrl Pts',(-39.3024864559931,28.2768267686066,4.));
#4018=CARTESIAN_POINT('Ctrl Pts',(-39.437440683541,28.1313516048821,3.));
#4019=CARTESIAN_POINT('Ctrl Pts',(-39.437440683541,28.1313516048821,4.));
#4020=CARTESIAN_POINT('Ctrl Pts',(-39.5497375585044,27.9729602075945,3.));
#4021=CARTESIAN_POINT('Ctrl Pts',(-39.5497375585044,27.9729602075945,4.));
#4022=CARTESIAN_POINT('Ctrl Pts',(-39.6377780310137,27.8030954124157,3.));
#4023=CARTESIAN_POINT('Ctrl Pts',(-39.6377780310137,27.8030954124157,4.));
#4024=CARTESIAN_POINT('Ctrl Pts',(-39.700616584883,27.623426676244,3.));
#4025=CARTESIAN_POINT('Ctrl Pts',(-39.700616584883,27.623426676244,4.));
#4026=CARTESIAN_POINT('Ctrl Pts',(-39.73812689592,27.4360760602135,3.));
#4027=CARTESIAN_POINT('Ctrl Pts',(-39.73812689592,27.4360760602135,4.));
#4028=CARTESIAN_POINT('Ctrl Pts',(-39.7512058259239,27.2438993480392,3.));
#4029=CARTESIAN_POINT('Ctrl Pts',(-39.7512058259239,27.2438993480392,4.));
#4030=CARTESIAN_POINT('Ctrl Pts',(-39.7415791660331,27.0502066939458,3.));
#4031=CARTESIAN_POINT('Ctrl Pts',(-39.7415791660331,27.0502066939458,4.));
#4032=CARTESIAN_POINT('Ctrl Pts',(-39.7115592634744,26.8584159185242,3.));
#4033=CARTESIAN_POINT('Ctrl Pts',(-39.7115592634744,26.8584159185242,4.));
#4034=CARTESIAN_POINT('Ctrl Pts',(-39.6638192859996,26.6717288613526,3.));
#4035=CARTESIAN_POINT('Ctrl Pts',(-39.6638192859996,26.6717288613526,4.));
#4036=CARTESIAN_POINT('Ctrl Pts',(-39.6011615505733,26.4927998778018,3.));
#4037=CARTESIAN_POINT('Ctrl Pts',(-39.6011615505733,26.4927998778018,4.));
#4038=CARTESIAN_POINT('Ctrl Pts',(-39.5262859677566,26.3234032357064,3.));
#4039=CARTESIAN_POINT('Ctrl Pts',(-39.5262859677566,26.3234032357064,4.));
#4040=CARTESIAN_POINT('Ctrl Pts',(-39.4415645564783,26.1641143893855,3.));
#4041=CARTESIAN_POINT('Ctrl Pts',(-39.4415645564783,26.1641143893855,4.));
#4042=CARTESIAN_POINT('Ctrl Pts',(-39.3489253693037,26.0148441771698,3.));
#4043=CARTESIAN_POINT('Ctrl Pts',(-39.3489253693037,26.0148441771698,4.));
#4044=CARTESIAN_POINT('Ctrl Pts',(-39.2497566999424,25.8753207691491,3.));
#4045=CARTESIAN_POINT('Ctrl Pts',(-39.2497566999424,25.8753207691491,4.));
#4046=CARTESIAN_POINT('Ctrl Pts',(-39.144758023869,25.7456528497057,3.));
#4047=CARTESIAN_POINT('Ctrl Pts',(-39.144758023869,25.7456528497057,4.));
#4048=CARTESIAN_POINT('Ctrl Pts',(-39.0339176388295,25.6267176724851,3.));
#4049=CARTESIAN_POINT('Ctrl Pts',(-39.0339176388295,25.6267176724851,4.));
#4050=CARTESIAN_POINT('Ctrl Pts',(-38.9161757506375,25.5209753078068,3.));
#4051=CARTESIAN_POINT('Ctrl Pts',(-38.9161757506375,25.5209753078068,4.));
#4052=CARTESIAN_POINT('Ctrl Pts',(-38.7904033338264,25.4315185591929,3.));
#4053=CARTESIAN_POINT('Ctrl Pts',(-38.7904033338264,25.4315185591929,4.));
#4054=CARTESIAN_POINT('Ctrl Pts',(-38.6571523178588,25.3601332706237,3.));
#4055=CARTESIAN_POINT('Ctrl Pts',(-38.6571523178588,25.3601332706237,4.));
#4056=CARTESIAN_POINT('Ctrl Pts',(-38.5202941461124,25.3054254347213,3.));
#4057=CARTESIAN_POINT('Ctrl Pts',(-38.5202941461124,25.3054254347213,4.));
#4058=CARTESIAN_POINT('Ctrl Pts',(-38.3884384074486,25.2614302610461,3.));
#4059=CARTESIAN_POINT('Ctrl Pts',(-38.3884384074486,25.2614302610461,4.));
#4060=CARTESIAN_POINT('Ctrl Pts',(-38.2771407379917,25.2147217486354,3.));
#4061=CARTESIAN_POINT('Ctrl Pts',(-38.2771407379917,25.2147217486354,4.));
#4062=CARTESIAN_POINT('Ctrl Pts',(-38.2043651663915,25.1521359761944,3.));
#4063=CARTESIAN_POINT('Ctrl Pts',(-38.2043651663915,25.1521359761944,4.));
#4064=CARTESIAN_POINT('Ctrl Pts',(-38.1847974758226,25.0682869319641,3.));
#4065=CARTESIAN_POINT('Ctrl Pts',(-38.1847974758226,25.0682869319641,4.));
#4066=CARTESIAN_POINT('Ctrl Pts',(-38.2243793115487,24.9772595346385,3.));
#4067=CARTESIAN_POINT('Ctrl Pts',(-38.2243793115487,24.9772595346385,4.));
#4068=CARTESIAN_POINT('Ctrl Pts',(-38.3157177618803,24.9091351275496,3.));
#4069=CARTESIAN_POINT('Ctrl Pts',(-38.3157177618803,24.9091351275496,4.));
#4070=CARTESIAN_POINT('Ctrl Pts',(-38.4384717743077,24.8874467918884,3.));
#4071=CARTESIAN_POINT('Ctrl Pts',(-38.4384717743077,24.8874467918884,4.));
#4072=CARTESIAN_POINT('Ctrl Pts',(-38.5543472817959,24.9046450393061,3.));
#4073=CARTESIAN_POINT('Ctrl Pts',(-38.5543472817959,24.9046450393061,4.));
#4074=CARTESIAN_POINT('Ctrl Pts',(-38.6161970098359,24.9174086469116,3.));
#4075=CARTESIAN_POINT('Ctrl Pts',(-38.6161970098359,24.9174086469116,4.));
#4076=CARTESIAN_POINT('Ctrl Pts',(-38.5976285416827,24.8841100794024,3.));
#4077=CARTESIAN_POINT('Ctrl Pts',(-38.5976285416827,24.8841100794024,4.));
#4078=CARTESIAN_POINT('Ctrl Pts',(-38.5307937684466,24.8032306292587,3.));
#4079=CARTESIAN_POINT('Ctrl Pts',(-38.5307937684466,24.8032306292587,4.));
#4080=CARTESIAN_POINT('Ctrl Pts',(-38.4832865280778,24.7056970081047,3.));
#4081=CARTESIAN_POINT('Ctrl Pts',(-38.4832865280778,24.7056970081047,4.));
#4082=CARTESIAN_POINT('Ctrl Pts',(-38.5075406421191,24.6234112990715,3.));
#4083=CARTESIAN_POINT('Ctrl Pts',(-38.5075406421191,24.6234112990715,4.));
#4084=CARTESIAN_POINT('Ctrl Pts',(-38.5927514751974,24.562554844023,3.));
#4085=CARTESIAN_POINT('Ctrl Pts',(-38.5927514751974,24.562554844023,4.));
#4086=CARTESIAN_POINT('Ctrl Pts',(-38.6926836348394,24.5117555438609,3.));
#4087=CARTESIAN_POINT('Ctrl Pts',(-38.6926836348394,24.5117555438609,4.));
#4088=CARTESIAN_POINT('Ctrl Pts',(-38.761082866949,24.455039298397,3.));
#4089=CARTESIAN_POINT('Ctrl Pts',(-38.761082866949,24.455039298397,4.));
#4090=CARTESIAN_POINT('Ctrl Pts',(-38.7902852736836,24.3847595677775,3.));
#4091=CARTESIAN_POINT('Ctrl Pts',(-38.7902852736836,24.3847595677775,4.));
#4092=CARTESIAN_POINT('Ctrl Pts',(-38.7997675163001,24.3001016462965,3.));
#4093=CARTESIAN_POINT('Ctrl Pts',(-38.7997675163001,24.3001016462965,4.));
#4094=CARTESIAN_POINT('Ctrl Pts',(-38.8124837723103,24.2018170052428,3.));
#4095=CARTESIAN_POINT('Ctrl Pts',(-38.8124837723103,24.2018170052428,4.));
#4096=CARTESIAN_POINT('Ctrl Pts',(-38.8362252242008,24.0884511911342,3.));
#4097=CARTESIAN_POINT('Ctrl Pts',(-38.8362252242008,24.0884511911342,4.));
#4098=CARTESIAN_POINT('Ctrl Pts',(-38.8685468453041,23.9574540324423,3.));
#4099=CARTESIAN_POINT('Ctrl Pts',(-38.8685468453041,23.9574540324423,4.));
#4100=CARTESIAN_POINT('Ctrl Pts',(-38.9016543184929,23.8063571032487,3.));
#4101=CARTESIAN_POINT('Ctrl Pts',(-38.9016543184929,23.8063571032487,4.));
#4102=CARTESIAN_POINT('Ctrl Pts',(-38.9272537240597,23.6339099789481,3.));
#4103=CARTESIAN_POINT('Ctrl Pts',(-38.9272537240597,23.6339099789481,4.));
#4104=CARTESIAN_POINT('Ctrl Pts',(-38.9414460985585,23.4412424374261,3.));
#4105=CARTESIAN_POINT('Ctrl Pts',(-38.9414460985585,23.4412424374261,4.));
#4106=CARTESIAN_POINT('Ctrl Pts',(-38.9437996739292,23.2312240649659,3.));
#4107=CARTESIAN_POINT('Ctrl Pts',(-38.9437996739292,23.2312240649659,4.));
#4108=CARTESIAN_POINT('Ctrl Pts',(-38.9363839153223,23.0078103794213,3.));
#4109=CARTESIAN_POINT('Ctrl Pts',(-38.9363839153223,23.0078103794213,4.));
#4110=CARTESIAN_POINT('Ctrl Pts',(-38.9228309846789,22.7754058816578,3.));
#4111=CARTESIAN_POINT('Ctrl Pts',(-38.9228309846789,22.7754058816578,4.));
#4112=CARTESIAN_POINT('Ctrl Pts',(-38.9073556794579,22.538192733311,3.));
#4113=CARTESIAN_POINT('Ctrl Pts',(-38.9073556794579,22.538192733311,4.));
#4114=CARTESIAN_POINT('Ctrl Pts',(-38.893863148141,22.299537629987,3.));
#4115=CARTESIAN_POINT('Ctrl Pts',(-38.893863148141,22.299537629987,4.));
#4116=CARTESIAN_POINT('Ctrl Pts',(-38.8848478393252,22.0612097910303,3.));
#4117=CARTESIAN_POINT('Ctrl Pts',(-38.8848478393252,22.0612097910303,4.));
#4118=CARTESIAN_POINT('Ctrl Pts',(-38.8810005136643,21.8232413386596,3.));
#4119=CARTESIAN_POINT('Ctrl Pts',(-38.8810005136643,21.8232413386596,4.));
#4120=CARTESIAN_POINT('Ctrl Pts',(-38.8818034130012,21.5846847738118,3.));
#4121=CARTESIAN_POINT('Ctrl Pts',(-38.8818034130012,21.5846847738118,4.));
#4122=CARTESIAN_POINT('Ctrl Pts',(-38.88588370002,21.3441508643507,3.));
#4123=CARTESIAN_POINT('Ctrl Pts',(-38.88588370002,21.3441508643507,4.));
#4124=CARTESIAN_POINT('Ctrl Pts',(-38.8914648002511,21.1004357345037,3.));
#4125=CARTESIAN_POINT('Ctrl Pts',(-38.8914648002511,21.1004357345037,4.));
#4126=CARTESIAN_POINT('Ctrl Pts',(-38.8967754971201,20.8531089191883,3.));
#4127=CARTESIAN_POINT('Ctrl Pts',(-38.8967754971201,20.8531089191883,4.));
#4128=CARTESIAN_POINT('Ctrl Pts',(-38.9004779710726,20.6031202805695,3.));
#4129=CARTESIAN_POINT('Ctrl Pts',(-38.9004779710726,20.6031202805695,4.));
#4130=CARTESIAN_POINT('Ctrl Pts',(-38.9020858238435,20.3533940520403,3.));
#4131=CARTESIAN_POINT('Ctrl Pts',(-38.9020858238435,20.3533940520403,4.));
#4132=CARTESIAN_POINT('Ctrl Pts',(-38.9023927436822,20.1094422043554,3.));
#4133=CARTESIAN_POINT('Ctrl Pts',(-38.9023927436822,20.1094422043554,4.));
#4134=CARTESIAN_POINT('Ctrl Pts',(-38.9026467893721,19.8783519838236,3.));
#4135=CARTESIAN_POINT('Ctrl Pts',(-38.9026467893721,19.8783519838236,4.));
#4136=CARTESIAN_POINT('Ctrl Pts',(-38.903671511119,19.6677421097293,3.));
#4137=CARTESIAN_POINT('Ctrl Pts',(-38.903671511119,19.6677421097293,4.));
#4138=CARTESIAN_POINT('Ctrl Pts',(-38.9050825700771,19.4847555416521,3.));
#4139=CARTESIAN_POINT('Ctrl Pts',(-38.9050825700771,19.4847555416521,4.));
#4140=CARTESIAN_POINT('Ctrl Pts',(-38.9042922943475,19.3349802781248,3.));
#4141=CARTESIAN_POINT('Ctrl Pts',(-38.9042922943475,19.3349802781248,4.));
#4142=CARTESIAN_POINT('Ctrl Pts',(-38.8960057376036,19.2215328919452,3.));
#4143=CARTESIAN_POINT('Ctrl Pts',(-38.8960057376036,19.2215328919452,4.));
#4144=CARTESIAN_POINT('Ctrl Pts',(-38.8704978859799,19.1437389265475,3.));
#4145=CARTESIAN_POINT('Ctrl Pts',(-38.8704978859799,19.1437389265475,4.));
#4146=CARTESIAN_POINT('Ctrl Pts',(-38.8172981254679,19.0976405008873,3.));
#4147=CARTESIAN_POINT('Ctrl Pts',(-38.8172981254679,19.0976405008873,4.));
#4148=CARTESIAN_POINT('Ctrl Pts',(-38.7311557433665,19.0773987297749,3.));
#4149=CARTESIAN_POINT('Ctrl Pts',(-38.7311557433665,19.0773987297749,4.));
#4150=CARTESIAN_POINT('Ctrl Pts',(-38.6183455642038,19.0765400821281,3.));
#4151=CARTESIAN_POINT('Ctrl Pts',(-38.6183455642038,19.0765400821281,4.));
#4152=CARTESIAN_POINT('Ctrl Pts',(-38.4919330792982,19.0880899306491,3.));
#4153=CARTESIAN_POINT('Ctrl Pts',(-38.4919330792982,19.0880899306491,4.));
#4154=CARTESIAN_POINT('Ctrl Pts',(-38.3657980419415,19.1046100471993,3.));
#4155=CARTESIAN_POINT('Ctrl Pts',(-38.3657980419415,19.1046100471993,4.));
#4156=CARTESIAN_POINT('Ctrl Pts',(-38.2482236020887,19.1180315346973,3.));
#4157=CARTESIAN_POINT('Ctrl Pts',(-38.2482236020887,19.1180315346973,4.));
#4158=CARTESIAN_POINT('Ctrl Pts',(-38.1384338565824,19.1203799020655,3.));
#4159=CARTESIAN_POINT('Ctrl Pts',(-38.1384338565824,19.1203799020655,4.));
#4160=CARTESIAN_POINT('Ctrl Pts',(-38.0337234956982,19.1083850754989,3.));
#4161=CARTESIAN_POINT('Ctrl Pts',(-38.0337234956982,19.1083850754989,4.));
#4162=CARTESIAN_POINT('Ctrl Pts',(-37.9336938454491,19.0863121864307,3.));
#4163=CARTESIAN_POINT('Ctrl Pts',(-37.9336938454491,19.0863121864307,4.));
#4164=CARTESIAN_POINT('Ctrl Pts',(-37.8478865934519,19.0719707649131,3.));
#4165=CARTESIAN_POINT('Ctrl Pts',(-37.8478865934519,19.0719707649131,4.));
#4166=CARTESIAN_POINT('Ctrl Pts',(-37.7906948494324,19.0889854362907,3.));
#4167=CARTESIAN_POINT('Ctrl Pts',(-37.7906948494324,19.0889854362907,4.));
#4168=CARTESIAN_POINT('Ctrl Pts',(-37.7699929584985,19.1520638852499,3.));
#4169=CARTESIAN_POINT('Ctrl Pts',(-37.7699929584985,19.1520638852499,4.));
#4170=CARTESIAN_POINT('Ctrl Pts',(-37.7777543223095,19.2544996378315,3.));
#4171=CARTESIAN_POINT('Ctrl Pts',(-37.7777543223095,19.2544996378315,4.));
#4172=CARTESIAN_POINT('Ctrl Pts',(-37.7980713084302,19.3790109731253,3.));
#4173=CARTESIAN_POINT('Ctrl Pts',(-37.7980713084302,19.3790109731253,4.));
#4174=CARTESIAN_POINT('Ctrl Pts',(-37.814928220818,19.5081594548893,3.));
#4175=CARTESIAN_POINT('Ctrl Pts',(-37.814928220818,19.5081594548893,4.));
#4176=CARTESIAN_POINT('Ctrl Pts',(-37.821072953038,19.6363127991735,3.));
#4177=CARTESIAN_POINT('Ctrl Pts',(-37.821072953038,19.6363127991735,4.));
#4178=CARTESIAN_POINT('Ctrl Pts',(-37.8166220923598,19.7674828421293,3.));
#4179=CARTESIAN_POINT('Ctrl Pts',(-37.8166220923598,19.7674828421293,4.));
#4180=CARTESIAN_POINT('Ctrl Pts',(-37.8057647582183,19.910549030144,3.));
#4181=CARTESIAN_POINT('Ctrl Pts',(-37.8057647582183,19.910549030144,4.));
#4182=CARTESIAN_POINT('Ctrl Pts',(-37.7943255715597,20.0756774855607,3.));
#4183=CARTESIAN_POINT('Ctrl Pts',(-37.7943255715597,20.0756774855607,4.));
#4184=CARTESIAN_POINT('Ctrl Pts',(-37.7865068681354,20.2695704552341,3.));
#4185=CARTESIAN_POINT('Ctrl Pts',(-37.7865068681354,20.2695704552341,4.));
#4186=CARTESIAN_POINT('Ctrl Pts',(-37.7837442011358,20.4937730005537,3.));
#4187=CARTESIAN_POINT('Ctrl Pts',(-37.7837442011358,20.4937730005537,4.));
#4188=CARTESIAN_POINT('Ctrl Pts',(-37.785710105637,20.7460981894838,3.));
#4189=CARTESIAN_POINT('Ctrl Pts',(-37.785710105637,20.7460981894838,4.));
#4190=CARTESIAN_POINT('Ctrl Pts',(-37.7907558527277,21.0212395187138,3.));
#4191=CARTESIAN_POINT('Ctrl Pts',(-37.7907558527277,21.0212395187138,4.));
#4192=CARTESIAN_POINT('Ctrl Pts',(-37.7965885083664,21.3117154345794,3.));
#4193=CARTESIAN_POINT('Ctrl Pts',(-37.7965885083664,21.3117154345794,4.));
#4194=CARTESIAN_POINT('Ctrl Pts',(-37.8008315585047,21.6086676589733,3.));
#4195=CARTESIAN_POINT('Ctrl Pts',(-37.8008315585047,21.6086676589733,4.));
#4196=CARTESIAN_POINT('Ctrl Pts',(-37.8016719896255,21.9027313747707,3.));
#4197=CARTESIAN_POINT('Ctrl Pts',(-37.8016719896255,21.9027313747707,4.));
#4198=CARTESIAN_POINT('Ctrl Pts',(-37.7983849425907,22.1848532484093,3.));
#4199=CARTESIAN_POINT('Ctrl Pts',(-37.7983849425907,22.1848532484093,4.));
#4200=CARTESIAN_POINT('Ctrl Pts',(-37.7921270562726,22.447185214397,3.));
#4201=CARTESIAN_POINT('Ctrl Pts',(-37.7921270562726,22.447185214397,4.));
#4202=CARTESIAN_POINT('Ctrl Pts',(-37.7855211057607,22.6836866786437,3.));
#4203=CARTESIAN_POINT('Ctrl Pts',(-37.7855211057607,22.6836866786437,4.));
#4204=CARTESIAN_POINT('Ctrl Pts',(-37.7815898426934,22.8906059107811,3.));
#4205=CARTESIAN_POINT('Ctrl Pts',(-37.7815898426934,22.8906059107811,4.));
#4206=CARTESIAN_POINT('Ctrl Pts',(-37.7829217735083,23.0669531166012,3.));
#4207=CARTESIAN_POINT('Ctrl Pts',(-37.7829217735083,23.0669531166012,4.));
#4208=CARTESIAN_POINT('Ctrl Pts',(-37.7906754728739,23.2150779990356,3.));
#4209=CARTESIAN_POINT('Ctrl Pts',(-37.7906754728739,23.2150779990356,4.));
#4210=CARTESIAN_POINT('Ctrl Pts',(-37.8038042262943,23.3409690509732,3.));
#4211=CARTESIAN_POINT('Ctrl Pts',(-37.8038042262943,23.3409690509732,4.));
#4212=CARTESIAN_POINT('Ctrl Pts',(-37.8178187348897,23.4552405797349,3.));
#4213=CARTESIAN_POINT('Ctrl Pts',(-37.8178187348897,23.4552405797349,4.));
#4214=CARTESIAN_POINT('Ctrl Pts',(-37.8249899885044,23.5718930486026,3.));
#4215=CARTESIAN_POINT('Ctrl Pts',(-37.8249899885044,23.5718930486026,4.));
#4216=CARTESIAN_POINT('Ctrl Pts',(-37.8184123753586,23.7009309790558,3.));
#4217=CARTESIAN_POINT('Ctrl Pts',(-37.8184123753586,23.7009309790558,4.));
#4218=CARTESIAN_POINT('Ctrl Pts',(-37.7947199545575,23.8432509255838,3.));
#4219=CARTESIAN_POINT('Ctrl Pts',(-37.7947199545575,23.8432509255838,4.));
#4220=CARTESIAN_POINT('Ctrl Pts',(-37.7586016294715,23.9823376996811,3.));
#4221=CARTESIAN_POINT('Ctrl Pts',(-37.7586016294715,23.9823376996811,4.));
#4222=CARTESIAN_POINT('Ctrl Pts',(-37.7225580371157,24.0846278480109,3.));
#4223=CARTESIAN_POINT('Ctrl Pts',(-37.7225580371157,24.0846278480109,4.));
#4224=CARTESIAN_POINT('Ctrl Pts',(-37.6966247697944,24.1193148550727,3.));
#4225=CARTESIAN_POINT('Ctrl Pts',(-37.6966247697944,24.1193148550727,4.));
#4226=CARTESIAN_POINT('Ctrl Pts',(-37.6790352742947,24.0750668687788,3.));
#4227=CARTESIAN_POINT('Ctrl Pts',(-37.6790352742947,24.0750668687788,4.));
#4228=CARTESIAN_POINT('Ctrl Pts',(-37.6489433701485,23.9761363320511,3.));
#4229=CARTESIAN_POINT('Ctrl Pts',(-37.6489433701485,23.9761363320511,4.));
#4230=CARTESIAN_POINT('Ctrl Pts',(-37.5862089021079,23.864626960322,3.));
#4231=CARTESIAN_POINT('Ctrl Pts',(-37.5862089021079,23.864626960322,4.));
#4232=CARTESIAN_POINT('Ctrl Pts',(-37.4954661936951,23.7843078888884,3.));
#4233=CARTESIAN_POINT('Ctrl Pts',(-37.4954661936951,23.7843078888884,4.));
#4234=CARTESIAN_POINT('Ctrl Pts',(-37.4129823536172,23.765490438311,3.));
#4235=CARTESIAN_POINT('Ctrl Pts',(-37.4129823536172,23.765490438311,4.));
#4236=CARTESIAN_POINT('Ctrl Pts',(-37.3747974642199,23.8197619124297,3.));
#4237=CARTESIAN_POINT('Ctrl Pts',(-37.3747974642199,23.8197619124297,4.));
#4238=CARTESIAN_POINT('Ctrl Pts',(-37.3838332099121,23.9277402514788,3.));
#4239=CARTESIAN_POINT('Ctrl Pts',(-37.3838332099121,23.9277402514788,4.));
#4240=CARTESIAN_POINT('Ctrl Pts',(-37.4073569614832,24.0472265558118,3.));
#4241=CARTESIAN_POINT('Ctrl Pts',(-37.4073569614832,24.0472265558118,4.));
#4242=CARTESIAN_POINT('Ctrl Pts',(-37.4051490549476,24.1367479016594,3.));
#4243=CARTESIAN_POINT('Ctrl Pts',(-37.4051490549476,24.1367479016594,4.));
#4244=CARTESIAN_POINT('Ctrl Pts',(-37.3531906669261,24.1798527064395,3.));
#4245=CARTESIAN_POINT('Ctrl Pts',(-37.3531906669261,24.1798527064395,4.));
#4246=CARTESIAN_POINT('Ctrl Pts',(-37.2562420443684,24.1938180389051,3.));
#4247=CARTESIAN_POINT('Ctrl Pts',(-37.2562420443684,24.1938180389051,4.));
#4248=CARTESIAN_POINT('Ctrl Pts',(-37.1315424179092,24.2064935094087,3.));
#4249=CARTESIAN_POINT('Ctrl Pts',(-37.1315424179092,24.2064935094087,4.));
#4250=CARTESIAN_POINT('Ctrl Pts',(-36.9970338511244,24.2363479856069,3.));
#4251=CARTESIAN_POINT('Ctrl Pts',(-36.9970338511244,24.2363479856069,4.));
#4252=CARTESIAN_POINT('Ctrl Pts',(-36.8659601886336,24.2866381992136,3.));
#4253=CARTESIAN_POINT('Ctrl Pts',(-36.8659601886336,24.2866381992136,4.));
#4254=CARTESIAN_POINT('Ctrl Pts',(-36.7496148649263,24.3539322888473,3.));
#4255=CARTESIAN_POINT('Ctrl Pts',(-36.7496148649263,24.3539322888473,4.));
#4256=CARTESIAN_POINT('Ctrl Pts',(-36.6572148530427,24.4316906975057,3.));
#4257=CARTESIAN_POINT('Ctrl Pts',(-36.6572148530427,24.4316906975057,4.));
#4258=CARTESIAN_POINT('Ctrl Pts',(-36.597740230149,24.5172307780864,3.));
#4259=CARTESIAN_POINT('Ctrl Pts',(-36.597740230149,24.5172307780864,4.));
#4260=CARTESIAN_POINT('Ctrl Pts',(-36.5782394815643,24.612508557501,3.));
#4261=CARTESIAN_POINT('Ctrl Pts',(-36.5782394815643,24.612508557501,4.));
#4262=CARTESIAN_POINT('Ctrl Pts',(-36.5986974177207,24.7182579862268,3.));
#4263=CARTESIAN_POINT('Ctrl Pts',(-36.5986974177207,24.7182579862268,4.));
#4264=CARTESIAN_POINT('Ctrl Pts',(-36.6468114262179,24.8289276573075,3.));
#4265=CARTESIAN_POINT('Ctrl Pts',(-36.6468114262179,24.8289276573075,4.));
#4266=CARTESIAN_POINT('Ctrl Pts',(-36.6953149273193,24.9294469407383,3.));
#4267=CARTESIAN_POINT('Ctrl Pts',(-36.6953149273193,24.9294469407383,4.));
#4268=CARTESIAN_POINT('Ctrl Pts',(-36.7139039853301,25.0046948863897,3.));
#4269=CARTESIAN_POINT('Ctrl Pts',(-36.7139039853301,25.0046948863897,4.));
#4270=CARTESIAN_POINT('Ctrl Pts',(-36.6788762730868,25.04690700645,3.));
#4271=CARTESIAN_POINT('Ctrl Pts',(-36.6788762730868,25.04690700645,4.));
#4272=CARTESIAN_POINT('Ctrl Pts',(-36.5843734165283,25.0645713537354,3.));
#4273=CARTESIAN_POINT('Ctrl Pts',(-36.5843734165283,25.0645713537354,4.));
#4274=CARTESIAN_POINT('Ctrl Pts',(-36.4373296896437,25.0760977532076,3.));
#4275=CARTESIAN_POINT('Ctrl Pts',(-36.4373296896437,25.0760977532076,4.));
#4276=CARTESIAN_POINT('Ctrl Pts',(-36.2519017870726,25.1031255208557,3.));
#4277=CARTESIAN_POINT('Ctrl Pts',(-36.2519017870726,25.1031255208557,4.));
#4278=CARTESIAN_POINT('Ctrl Pts',(-36.0435676118079,25.1632196160378,3.));
#4279=CARTESIAN_POINT('Ctrl Pts',(-36.0435676118079,25.1632196160378,4.));
#4280=CARTESIAN_POINT('Ctrl Pts',(-35.8249529941385,25.265110216285,3.));
#4281=CARTESIAN_POINT('Ctrl Pts',(-35.8249529941385,25.265110216285,4.));
#4282=CARTESIAN_POINT('Ctrl Pts',(-35.6066561933894,25.4111042981014,3.));
#4283=CARTESIAN_POINT('Ctrl Pts',(-35.6066561933894,25.4111042981014,4.));
#4284=CARTESIAN_POINT('Ctrl Pts',(-35.3971328358146,25.5981510423036,3.));
#4285=CARTESIAN_POINT('Ctrl Pts',(-35.3971328358146,25.5981510423036,4.));
#4286=CARTESIAN_POINT('Ctrl Pts',(-35.2029529531429,25.8194474137499,3.));
#4287=CARTESIAN_POINT('Ctrl Pts',(-35.2029529531429,25.8194474137499,4.));
#4288=CARTESIAN_POINT('Ctrl Pts',(-35.0289003172038,26.0657974587734,3.));
#4289=CARTESIAN_POINT('Ctrl Pts',(-35.0289003172038,26.0657974587734,4.));
#4290=CARTESIAN_POINT('Ctrl Pts',(-34.8781365869361,26.3271132233926,3.));
#4291=CARTESIAN_POINT('Ctrl Pts',(-34.8781365869361,26.3271132233926,4.));
#4292=CARTESIAN_POINT('Ctrl Pts',(-34.7523442783486,26.5937710257737,3.));
#4293=CARTESIAN_POINT('Ctrl Pts',(-34.7523442783486,26.5937710257737,4.));
#4294=CARTESIAN_POINT('Ctrl Pts',(-34.6518621827424,26.8582330496458,3.));
#4295=CARTESIAN_POINT('Ctrl Pts',(-34.6518621827424,26.8582330496458,4.));
#4296=CARTESIAN_POINT('Ctrl Pts',(-34.5758802011681,27.1158666122427,3.));
#4297=CARTESIAN_POINT('Ctrl Pts',(-34.5758802011681,27.1158666122427,4.));
#4298=CARTESIAN_POINT('Ctrl Pts',(-34.5227604672477,27.3642564802628,3.));
#4299=CARTESIAN_POINT('Ctrl Pts',(-34.5227604672477,27.3642564802628,4.));
#4300=CARTESIAN_POINT('Ctrl Pts',(-34.4903297750593,27.6028449446491,3.));
#4301=CARTESIAN_POINT('Ctrl Pts',(-34.4903297750593,27.6028449446491,4.));
#4302=CARTESIAN_POINT('Ctrl Pts',(-34.4761849260885,27.8324396753424,3.));
#4303=CARTESIAN_POINT('Ctrl Pts',(-34.4761849260885,27.8324396753424,4.));
#4304=CARTESIAN_POINT('Ctrl Pts',(-34.477989263022,28.054780604466,3.));
#4305=CARTESIAN_POINT('Ctrl Pts',(-34.477989263022,28.054780604466,4.));
#4306=CARTESIAN_POINT('Ctrl Pts',(-34.493780591722,28.2720758158862,3.));
#4307=CARTESIAN_POINT('Ctrl Pts',(-34.493780591722,28.2720758158862,4.));
#4308=CARTESIAN_POINT('Ctrl Pts',(-34.5222563145481,28.486564149209,3.));
#4309=CARTESIAN_POINT('Ctrl Pts',(-34.5222563145481,28.486564149209,4.));
#4310=CARTESIAN_POINT('Ctrl Pts',(-34.5631159921086,28.7000308534986,3.));
#4311=CARTESIAN_POINT('Ctrl Pts',(-34.5631159921086,28.7000308534986,4.));
#4312=CARTESIAN_POINT('Ctrl Pts',(-34.6168478777747,28.913740268036,3.));
#4313=CARTESIAN_POINT('Ctrl Pts',(-34.6168478777747,28.913740268036,4.));
#4314=CARTESIAN_POINT('Ctrl Pts',(-34.6844373024616,29.1284267882568,3.));
#4315=CARTESIAN_POINT('Ctrl Pts',(-34.6844373024616,29.1284267882568,4.));
#4316=CARTESIAN_POINT('Ctrl Pts',(-34.7671016494359,29.3442647587574,3.));
#4317=CARTESIAN_POINT('Ctrl Pts',(-34.7671016494359,29.3442647587574,4.));
#4318=CARTESIAN_POINT('Ctrl Pts',(-34.8660164245413,29.5608484151201,3.));
#4319=CARTESIAN_POINT('Ctrl Pts',(-34.8660164245413,29.5608484151201,4.));
#4320=CARTESIAN_POINT('Ctrl Pts',(-34.9820398873801,29.7771646721915,3.));
#4321=CARTESIAN_POINT('Ctrl Pts',(-34.9820398873801,29.7771646721915,4.));
#4322=CARTESIAN_POINT('Ctrl Pts',(-35.1154507035652,29.9915755641432,3.));
#4323=CARTESIAN_POINT('Ctrl Pts',(-35.1154507035652,29.9915755641432,4.));
#4324=CARTESIAN_POINT('Ctrl Pts',(-35.2656467315436,30.2017788114425,3.));
#4325=CARTESIAN_POINT('Ctrl Pts',(-35.2656467315436,30.2017788114425,4.));
#4326=CARTESIAN_POINT('Ctrl Pts',(-35.4313054431066,30.405014259183,3.));
#4327=CARTESIAN_POINT('Ctrl Pts',(-35.4313054431066,30.405014259183,4.));
#4328=CARTESIAN_POINT('Ctrl Pts',(-35.6105960979163,30.5982974401378,3.));
#4329=CARTESIAN_POINT('Ctrl Pts',(-35.6105960979163,30.5982974401378,4.));
#4330=CARTESIAN_POINT('Ctrl Pts',(-35.8013738029307,30.7786439678798,3.));
#4331=CARTESIAN_POINT('Ctrl Pts',(-35.8013738029307,30.7786439678798,4.));
#4332=CARTESIAN_POINT('Ctrl Pts',(-36.0013803363219,30.9432966547583,3.));
#4333=CARTESIAN_POINT('Ctrl Pts',(-36.0013803363219,30.9432966547583,4.));
#4334=CARTESIAN_POINT('Ctrl Pts',(-36.208444025807,31.0899540992004,3.));
#4335=CARTESIAN_POINT('Ctrl Pts',(-36.208444025807,31.0899540992004,4.));
#4336=CARTESIAN_POINT('Ctrl Pts',(-36.4206754478119,31.2169925411687,3.));
#4337=CARTESIAN_POINT('Ctrl Pts',(-36.4206754478119,31.2169925411687,4.));
#4338=CARTESIAN_POINT('Ctrl Pts',(-36.6366758609933,31.323705227488,3.));
#4339=CARTESIAN_POINT('Ctrl Pts',(-36.6366758609933,31.323705227488,4.));
#4340=CARTESIAN_POINT('Ctrl Pts',(-36.8557086001092,31.4104921427333,3.));
#4341=CARTESIAN_POINT('Ctrl Pts',(-36.8557086001092,31.4104921427333,4.));
#4342=CARTESIAN_POINT('Ctrl Pts',(-37.077509885275,31.4785686849647,3.));
#4343=CARTESIAN_POINT('Ctrl Pts',(-37.077509885275,31.4785686849647,4.));
#4344=CARTESIAN_POINT('Ctrl Pts',(-37.3021289360478,31.5297133974667,3.));
#4345=CARTESIAN_POINT('Ctrl Pts',(-37.3021289360478,31.5297133974667,4.));
#4346=CARTESIAN_POINT('Ctrl Pts',(-37.5297567807773,31.566000676082,3.));
#4347=CARTESIAN_POINT('Ctrl Pts',(-37.5297567807773,31.566000676082,4.));
#4348=CARTESIAN_POINT('Ctrl Pts',(-37.7605602160439,31.5895402595633,3.));
#4349=CARTESIAN_POINT('Ctrl Pts',(-37.7605602160439,31.5895402595633,4.));
#4350=CARTESIAN_POINT('Ctrl Pts',(-37.9945127777038,31.6022129392183,3.));
#4351=CARTESIAN_POINT('Ctrl Pts',(-37.9945127777038,31.6022129392183,4.));
#4352=CARTESIAN_POINT('Ctrl Pts',(-38.2312288232174,31.6054099477929,3.));
#4353=CARTESIAN_POINT('Ctrl Pts',(-38.2312288232174,31.6054099477929,4.));
#4354=CARTESIAN_POINT('Ctrl Pts',(-38.4697912313141,31.5997650663379,3.));
#4355=CARTESIAN_POINT('Ctrl Pts',(-38.4697912313141,31.5997650663379,4.));
#4356=CARTESIAN_POINT('Ctrl Pts',(-38.7089058001526,31.5852648313487,3.));
#4357=CARTESIAN_POINT('Ctrl Pts',(-38.7089058001526,31.5852648313487,4.));
#4358=CARTESIAN_POINT('Ctrl Pts',(-38.9470609307744,31.5613658225466,3.));
#4359=CARTESIAN_POINT('Ctrl Pts',(-38.9470609307744,31.5613658225466,4.));
#4360=CARTESIAN_POINT('Ctrl Pts',(-39.182686867408,31.5271091596472,3.));
#4361=CARTESIAN_POINT('Ctrl Pts',(-39.182686867408,31.5271091596472,4.));
#4362=CARTESIAN_POINT('Ctrl Pts',(-39.4143117031338,31.4812365111718,3.));
#4363=CARTESIAN_POINT('Ctrl Pts',(-39.4143117031338,31.4812365111718,4.));
#4364=CARTESIAN_POINT('Ctrl Pts',(-39.6407266932652,31.4223046065269,3.));
#4365=CARTESIAN_POINT('Ctrl Pts',(-39.6407266932652,31.4223046065269,4.));
#4366=CARTESIAN_POINT('Ctrl Pts',(-39.8611290022019,31.3488023205317,3.));
#4367=CARTESIAN_POINT('Ctrl Pts',(-39.8611290022019,31.3488023205317,4.));
#4368=CARTESIAN_POINT('Ctrl Pts',(-40.0753219088941,31.2592616718424,3.));
#4369=CARTESIAN_POINT('Ctrl Pts',(-40.0753219088941,31.2592616718424,4.));
#4370=CARTESIAN_POINT('Ctrl Pts',(-40.2835998863394,31.1524011967963,3.));
#4371=CARTESIAN_POINT('Ctrl Pts',(-40.2835998863394,31.1524011967963,4.));
#4372=CARTESIAN_POINT('Ctrl Pts',(-40.4865214960944,31.0272797944397,3.));
#4373=CARTESIAN_POINT('Ctrl Pts',(-40.4865214960944,31.0272797944397,4.));
#4374=CARTESIAN_POINT('Ctrl Pts',(-40.6847176020788,30.8834490894801,3.));
#4375=CARTESIAN_POINT('Ctrl Pts',(-40.6847176020788,30.8834490894801,4.));
#4376=CARTESIAN_POINT('Ctrl Pts',(-40.8786882076129,30.7211021453063,3.));
#4377=CARTESIAN_POINT('Ctrl Pts',(-40.8786882076129,30.7211021453063,4.));
#4378=CARTESIAN_POINT('Ctrl Pts',(-41.0685964180208,30.5412336952807,3.));
#4379=CARTESIAN_POINT('Ctrl Pts',(-41.0685964180208,30.5412336952807,4.));
#4380=CARTESIAN_POINT('Ctrl Pts',(-41.2540816913354,30.34577235351,3.));
#4381=CARTESIAN_POINT('Ctrl Pts',(-41.2540816913354,30.34577235351,4.));
#4382=CARTESIAN_POINT('Ctrl Pts',(-41.4340211454318,30.1377807231816,3.));
#4383=CARTESIAN_POINT('Ctrl Pts',(-41.4340211454318,30.1377807231816,4.));
#4384=CARTESIAN_POINT('Ctrl Pts',(-41.6064538263553,29.9214463985472,3.));
#4385=CARTESIAN_POINT('Ctrl Pts',(-41.6064538263553,29.9214463985472,4.));
#4386=CARTESIAN_POINT('Ctrl Pts',(-41.768930083352,29.7015284791068,3.));
#4387=CARTESIAN_POINT('Ctrl Pts',(-41.768930083352,29.7015284791068,4.));
#4388=CARTESIAN_POINT('Ctrl Pts',(-41.918779011919,29.4829098510929,3.));
#4389=CARTESIAN_POINT('Ctrl Pts',(-41.918779011919,29.4829098510929,4.));
#4390=CARTESIAN_POINT('Ctrl Pts',(-42.0534114536559,29.2701017228026,3.));
#4391=CARTESIAN_POINT('Ctrl Pts',(-42.0534114536559,29.2701017228026,4.));
#4392=CARTESIAN_POINT('Ctrl Pts',(-42.1706007620269,29.0667818468095,3.));
#4393=CARTESIAN_POINT('Ctrl Pts',(-42.1706007620269,29.0667818468095,4.));
#4394=CARTESIAN_POINT('Ctrl Pts',(-42.2687895195311,28.8752873080428,3.));
#4395=CARTESIAN_POINT('Ctrl Pts',(-42.2687895195311,28.8752873080428,4.));
#4396=CARTESIAN_POINT('Ctrl Pts',(-42.3473468150112,28.6961991032172,3.));
#4397=CARTESIAN_POINT('Ctrl Pts',(-42.3473468150112,28.6961991032172,4.));
#4398=CARTESIAN_POINT('Ctrl Pts',(-42.4069425224293,28.5277065275201,3.));
#4399=CARTESIAN_POINT('Ctrl Pts',(-42.4069425224293,28.5277065275201,4.));
#4400=CARTESIAN_POINT('Ctrl Pts',(-42.4494533100575,28.3658549202153,3.));
#4401=CARTESIAN_POINT('Ctrl Pts',(-42.4494533100575,28.3658549202153,4.));
#4402=CARTESIAN_POINT('Ctrl Pts',(-42.4775261522228,28.2054387342218,3.));
#4403=CARTESIAN_POINT('Ctrl Pts',(-42.4775261522228,28.2054387342218,4.));
#4404=CARTESIAN_POINT('Ctrl Pts',(-42.4942365367288,28.0407178976168,3.));
#4405=CARTESIAN_POINT('Ctrl Pts',(-42.4942365367288,28.0407178976168,4.));
#4406=CARTESIAN_POINT('Ctrl Pts',(-42.5027191318728,27.8661816015452,3.));
#4407=CARTESIAN_POINT('Ctrl Pts',(-42.5027191318728,27.8661816015452,4.));
#4408=CARTESIAN_POINT('Ctrl Pts',(-42.5057831189263,27.677351883696,3.));
#4409=CARTESIAN_POINT('Ctrl Pts',(-42.5057831189263,27.677351883696,4.));
#4410=CARTESIAN_POINT('Ctrl Pts',(-42.505617028989,27.471386500291,3.));
#4411=CARTESIAN_POINT('Ctrl Pts',(-42.505617028989,27.471386500291,4.));
#4412=CARTESIAN_POINT('Ctrl Pts',(-42.5038920133468,27.2468003843545,3.));
#4413=CARTESIAN_POINT('Ctrl Pts',(-42.5038920133468,27.2468003843545,4.));
#4414=CARTESIAN_POINT('Ctrl Pts',(-42.50180529527,27.0033192381625,3.));
#4415=CARTESIAN_POINT('Ctrl Pts',(-42.50180529527,27.0033192381625,4.));
#4416=CARTESIAN_POINT('Ctrl Pts',(-42.5001470423592,26.741681222135,3.));
#4417=CARTESIAN_POINT('Ctrl Pts',(-42.5001470423592,26.741681222135,4.));
#4418=CARTESIAN_POINT('Ctrl Pts',(-42.4993571654808,26.4634614261514,3.));
#4419=CARTESIAN_POINT('Ctrl Pts',(-42.4993571654808,26.4634614261514,4.));
#4420=CARTESIAN_POINT('Ctrl Pts',(-42.4995865795366,26.1708852127521,3.));
#4421=CARTESIAN_POINT('Ctrl Pts',(-42.4995865795366,26.1708852127521,4.));
#4422=CARTESIAN_POINT('Ctrl Pts',(-42.5007561717625,25.8666496378937,3.));
#4423=CARTESIAN_POINT('Ctrl Pts',(-42.5007561717625,25.8666496378937,4.));
#4424=CARTESIAN_POINT('Ctrl Pts',(-42.5026176616386,25.553732998352,3.));
#4425=CARTESIAN_POINT('Ctrl Pts',(-42.5026176616386,25.553732998352,4.));
#4426=CARTESIAN_POINT('Ctrl Pts',(-42.5048070844587,25.2352691208557,3.));
#4427=CARTESIAN_POINT('Ctrl Pts',(-42.5048070844587,25.2352691208557,4.));
#4428=CARTESIAN_POINT('Ctrl Pts',(-42.5068963761718,24.9144392205272,3.));
#4429=CARTESIAN_POINT('Ctrl Pts',(-42.5068963761718,24.9144392205272,4.));
#4430=CARTESIAN_POINT('Ctrl Pts',(-42.50844573932,24.594357660722,3.));
#4431=CARTESIAN_POINT('Ctrl Pts',(-42.50844573932,24.594357660722,4.));
#4432=CARTESIAN_POINT('Ctrl Pts',(-42.5090553265495,24.2779607347903,3.));
#4433=CARTESIAN_POINT('Ctrl Pts',(-42.5090553265495,24.2779607347903,4.));
#4434=CARTESIAN_POINT('Ctrl Pts',(-42.5084180372948,23.9678930525202,3.));
#4435=CARTESIAN_POINT('Ctrl Pts',(-42.5084180372948,23.9678930525202,4.));
#4436=CARTESIAN_POINT('Ctrl Pts',(-42.5063699392751,23.6663974713216,3.));
#4437=CARTESIAN_POINT('Ctrl Pts',(-42.5063699392751,23.6663974713216,4.));
#4438=CARTESIAN_POINT('Ctrl Pts',(-42.502946135999,23.3751976038917,3.));
#4439=CARTESIAN_POINT('Ctrl Pts',(-42.502946135999,23.3751976038917,4.));
#4440=CARTESIAN_POINT('Ctrl Pts',(-42.4984239953009,23.0953972049785,3.));
#4441=CARTESIAN_POINT('Ctrl Pts',(-42.4984239953009,23.0953972049785,4.));
#4442=CARTESIAN_POINT('Ctrl Pts',(-42.4933969080774,22.8273388935381,3.));
#4443=CARTESIAN_POINT('Ctrl Pts',(-42.4933969080774,22.8273388935381,4.));
#4444=CARTESIAN_POINT('Ctrl Pts',(-42.4887486574731,22.5705950784842,3.));
#4445=CARTESIAN_POINT('Ctrl Pts',(-42.4887486574731,22.5705950784842,4.));
#4446=CARTESIAN_POINT('Ctrl Pts',(-42.4854523481742,22.3241918633703,3.));
#4447=CARTESIAN_POINT('Ctrl Pts',(-42.4854523481742,22.3241918633703,4.));
#4448=CARTESIAN_POINT('Ctrl Pts',(-42.4844091506288,22.086780490072,3.));
#4449=CARTESIAN_POINT('Ctrl Pts',(-42.4844091506288,22.086780490072,4.));
#4450=CARTESIAN_POINT('Ctrl Pts',(-42.4862701099586,21.856830161333,3.));
#4451=CARTESIAN_POINT('Ctrl Pts',(-42.4862701099586,21.856830161333,4.));
#4452=CARTESIAN_POINT('Ctrl Pts',(-42.4912673422971,21.6328109476914,3.));
#4453=CARTESIAN_POINT('Ctrl Pts',(-42.4912673422971,21.6328109476914,4.));
#4454=CARTESIAN_POINT('Ctrl Pts',(-42.4990361526263,21.4133827291725,3.));
#4455=CARTESIAN_POINT('Ctrl Pts',(-42.4990361526263,21.4133827291725,4.));
#4456=CARTESIAN_POINT('Ctrl Pts',(-42.5084529030609,21.1975773581567,3.));
#4457=CARTESIAN_POINT('Ctrl Pts',(-42.5084529030609,21.1975773581567,4.));
#4458=CARTESIAN_POINT('Ctrl Pts',(-42.5174333377943,20.984995207232,3.));
#4459=CARTESIAN_POINT('Ctrl Pts',(-42.5174333377943,20.984995207232,4.));
#4460=CARTESIAN_POINT('Ctrl Pts',(-42.5235041560893,20.7757414270647,3.));
#4461=CARTESIAN_POINT('Ctrl Pts',(-42.5235041560893,20.7757414270647,4.));
#4462=CARTESIAN_POINT('Ctrl Pts',(-42.5244453004451,20.5703420009136,3.));
#4463=CARTESIAN_POINT('Ctrl Pts',(-42.5244453004451,20.5703420009136,4.));
#4464=CARTESIAN_POINT('Ctrl Pts',(-42.5188662657805,20.3696741005152,3.));
#4465=CARTESIAN_POINT('Ctrl Pts',(-42.5188662657805,20.3696741005152,4.));
#4466=CARTESIAN_POINT('Ctrl Pts',(-42.5069012535556,20.1748747353474,3.));
#4467=CARTESIAN_POINT('Ctrl Pts',(-42.5069012535556,20.1748747353474,4.));
#4468=CARTESIAN_POINT('Ctrl Pts',(-42.4906413674596,19.9872952851742,3.));
#4469=CARTESIAN_POINT('Ctrl Pts',(-42.4906413674596,19.9872952851742,4.));
#4470=CARTESIAN_POINT('Ctrl Pts',(-42.475208918609,19.8083457730012,3.));
#4471=CARTESIAN_POINT('Ctrl Pts',(-42.475208918609,19.8083457730012,4.));
#4472=CARTESIAN_POINT('Ctrl Pts',(-42.467220116623,19.6397685775877,3.));
#4473=CARTESIAN_POINT('Ctrl Pts',(-42.467220116623,19.6397685775877,4.));
#4474=CARTESIAN_POINT('Ctrl Pts',(-42.4717898749569,19.4840819575732,3.));
#4475=CARTESIAN_POINT('Ctrl Pts',(-42.4717898749569,19.4840819575732,4.));
#4476=CARTESIAN_POINT('Ctrl Pts',(-42.4895277190625,19.345155813218,3.));
#4477=CARTESIAN_POINT('Ctrl Pts',(-42.4895277190625,19.345155813218,4.));
#4478=CARTESIAN_POINT('Ctrl Pts',(-42.5145159953692,19.2283293588129,3.));
#4479=CARTESIAN_POINT('Ctrl Pts',(-42.5145159953692,19.2283293588129,4.));
#4480=CARTESIAN_POINT('Ctrl Pts',(-42.5294394705834,19.1417255866886,3.));
#4481=CARTESIAN_POINT('Ctrl Pts',(-42.5294394705834,19.1417255866886,4.));
#4482=CARTESIAN_POINT('Ctrl Pts',(-42.5127073951381,19.0926238353202,3.));
#4483=CARTESIAN_POINT('Ctrl Pts',(-42.5127073951381,19.0926238353202,4.));
#4484=CARTESIAN_POINT('Ctrl Pts',(-42.4535273907752,19.0806099288555,3.));
#4485=CARTESIAN_POINT('Ctrl Pts',(-42.4535273907752,19.0806099288555,4.));
#4486=CARTESIAN_POINT('Ctrl Pts',(-42.3654790130938,19.0912357793156,3.));
#4487=CARTESIAN_POINT('Ctrl Pts',(-42.3654790130938,19.0912357793156,4.));
#4488=CARTESIAN_POINT('Ctrl Pts',(-42.2716495895634,19.1050606770523,3.));
#4489=CARTESIAN_POINT('Ctrl Pts',(-42.2716495895634,19.1050606770523,4.));
#4490=CARTESIAN_POINT('Ctrl Pts',(-42.1843532184323,19.1096462862333,3.));
#4491=CARTESIAN_POINT('Ctrl Pts',(-42.1843532184323,19.1096462862333,4.));
#4492=CARTESIAN_POINT('Ctrl Pts',(-42.0955942000947,19.1054969076973,3.));
#4493=CARTESIAN_POINT('Ctrl Pts',(-42.0955942000947,19.1054969076973,4.));
#4494=CARTESIAN_POINT('Ctrl Pts',(-41.9910722697498,19.0985448137584,3.));
#4495=CARTESIAN_POINT('Ctrl Pts',(-41.9910722697498,19.0985448137584,4.));
#4496=CARTESIAN_POINT('Ctrl Pts',(-41.8604378325491,19.094850250043,3.));
#4497=CARTESIAN_POINT('Ctrl Pts',(-41.8604378325491,19.094850250043,4.));
#4498=CARTESIAN_POINT('Ctrl Pts',(-41.7071431727449,19.0953292019401,3.));
#4499=CARTESIAN_POINT('Ctrl Pts',(-41.7071431727449,19.0953292019401,4.));
#4500=CARTESIAN_POINT('Ctrl Pts',(-41.5423313481603,19.0981882388609,3.));
#4501=CARTESIAN_POINT('Ctrl Pts',(-41.5423313481603,19.0981882388609,4.));
#4502=CARTESIAN_POINT('Ctrl Pts',(-41.3803822401529,19.1005421546458,3.));
#4503=CARTESIAN_POINT('Ctrl Pts',(-41.3803822401529,19.1005421546458,4.));
#4504=CARTESIAN_POINT('Ctrl Pts',(-41.2342593488632,19.1001251663939,3.));
#4505=CARTESIAN_POINT('Ctrl Pts',(-41.2342593488632,19.1001251663939,4.));
#4506=CARTESIAN_POINT('Ctrl Pts',(-41.1098556372538,19.0975131158868,3.));
#4507=CARTESIAN_POINT('Ctrl Pts',(-41.1098556372538,19.0975131158868,4.));
#4508=CARTESIAN_POINT('Ctrl Pts',(-41.0047608294743,19.0960722361085,3.));
#4509=CARTESIAN_POINT('Ctrl Pts',(-41.0047608294743,19.0960722361085,4.));
#4510=CARTESIAN_POINT('Ctrl Pts',(-40.9133197176009,19.0984545964538,3.));
#4511=CARTESIAN_POINT('Ctrl Pts',(-40.9133197176009,19.0984545964538,4.));
#4512=CARTESIAN_POINT('Ctrl Pts',(-40.8298681501722,19.1043836250854,3.));
#4513=CARTESIAN_POINT('Ctrl Pts',(-40.8298681501722,19.1043836250854,4.));
#4514=CARTESIAN_POINT('Ctrl Pts',(-40.7533086589381,19.1068545640536,3.));
#4515=CARTESIAN_POINT('Ctrl Pts',(-40.7533086589381,19.1068545640536,4.));
#4516=CARTESIAN_POINT('Ctrl Pts',(-40.6858458306183,19.0995049640746,3.));
#4517=CARTESIAN_POINT('Ctrl Pts',(-40.6858458306183,19.0995049640746,4.));
#4518=CARTESIAN_POINT('Ctrl Pts',(-40.6306120265294,19.0876946120179,3.));
#4519=CARTESIAN_POINT('Ctrl Pts',(-40.6306120265294,19.0876946120179,4.));
#4520=CARTESIAN_POINT('Ctrl Pts',(-40.5899049025157,19.0945170684137,3.));
#4521=CARTESIAN_POINT('Ctrl Pts',(-40.5899049025157,19.0945170684137,4.));
#4522=CARTESIAN_POINT('Ctrl Pts',(-40.564195864376,19.1421394275441,3.));
#4523=CARTESIAN_POINT('Ctrl Pts',(-40.564195864376,19.1421394275441,4.));
#4524=CARTESIAN_POINT('Ctrl Pts',(-40.5540087923763,19.2202966594982,3.));
#4525=CARTESIAN_POINT('Ctrl Pts',(-40.5540087923763,19.2202966594982,4.));
#4526=CARTESIAN_POINT('Ctrl Pts',(-40.5507395354439,19.3018481383774,3.));
#4527=CARTESIAN_POINT('Ctrl Pts',(-40.5507395354439,19.3018481383774,4.));
#4528=CARTESIAN_POINT('Ctrl Pts',(-40.5500344974836,19.3657593650201,3.));
#4529=CARTESIAN_POINT('Ctrl Pts',(-40.5500344974836,19.3657593650201,4.));
#4530=CARTESIAN_POINT('Ctrl Pts',(-40.5499990936369,19.3999995663762,3.));
#4531=CARTESIAN_POINT('Ctrl Pts',(-40.5499990936369,19.3999995663762,4.));
#4532=CARTESIAN_POINT('',(-40.5499990936369,19.3999995663762,3.));
#4533=CARTESIAN_POINT('Ctrl Pts',(-40.5499990936369,19.3999995663762,3.));
#4534=CARTESIAN_POINT('Ctrl Pts',(-40.5500344974837,19.3657593650201,3.));
#4535=CARTESIAN_POINT('Ctrl Pts',(-40.5507395354439,19.3018481383774,3.));
#4536=CARTESIAN_POINT('Ctrl Pts',(-40.5540087923763,19.2202966594982,3.));
#4537=CARTESIAN_POINT('Ctrl Pts',(-40.564195864376,19.1421394275441,3.));
#4538=CARTESIAN_POINT('Ctrl Pts',(-40.5899049025157,19.0945170684137,3.));
#4539=CARTESIAN_POINT('Ctrl Pts',(-40.6306120265294,19.0876946120179,3.));
#4540=CARTESIAN_POINT('Ctrl Pts',(-40.6858458306183,19.0995049640746,3.));
#4541=CARTESIAN_POINT('Ctrl Pts',(-40.7533086589381,19.1068545640536,3.));
#4542=CARTESIAN_POINT('Ctrl Pts',(-40.8298681501722,19.1043836250854,3.));
#4543=CARTESIAN_POINT('Ctrl Pts',(-40.9133197176009,19.0984545964538,3.));
#4544=CARTESIAN_POINT('Ctrl Pts',(-41.0047608294743,19.0960722361085,3.));
#4545=CARTESIAN_POINT('Ctrl Pts',(-41.1098556372538,19.0975131158868,3.));
#4546=CARTESIAN_POINT('Ctrl Pts',(-41.2342593488632,19.1001251663939,3.));
#4547=CARTESIAN_POINT('Ctrl Pts',(-41.3803822401529,19.1005421546458,3.));
#4548=CARTESIAN_POINT('Ctrl Pts',(-41.5423313481603,19.0981882388609,3.));
#4549=CARTESIAN_POINT('Ctrl Pts',(-41.7071431727449,19.0953292019401,3.));
#4550=CARTESIAN_POINT('Ctrl Pts',(-41.8604378325491,19.094850250043,3.));
#4551=CARTESIAN_POINT('Ctrl Pts',(-41.9910722697498,19.0985448137584,3.));
#4552=CARTESIAN_POINT('Ctrl Pts',(-42.0955942000947,19.1054969076973,3.));
#4553=CARTESIAN_POINT('Ctrl Pts',(-42.1843532184323,19.1096462862333,3.));
#4554=CARTESIAN_POINT('Ctrl Pts',(-42.2716495895634,19.1050606770523,3.));
#4555=CARTESIAN_POINT('Ctrl Pts',(-42.3654790130938,19.0912357793156,3.));
#4556=CARTESIAN_POINT('Ctrl Pts',(-42.4535273907752,19.0806099288555,3.));
#4557=CARTESIAN_POINT('Ctrl Pts',(-42.5127073951381,19.0926238353202,3.));
#4558=CARTESIAN_POINT('Ctrl Pts',(-42.5294394705834,19.1417255866886,3.));
#4559=CARTESIAN_POINT('Ctrl Pts',(-42.5145159953692,19.2283293588129,3.));
#4560=CARTESIAN_POINT('Ctrl Pts',(-42.4895277190625,19.345155813218,3.));
#4561=CARTESIAN_POINT('Ctrl Pts',(-42.4717898749569,19.4840819575732,3.));
#4562=CARTESIAN_POINT('Ctrl Pts',(-42.467220116623,19.6397685775877,3.));
#4563=CARTESIAN_POINT('Ctrl Pts',(-42.475208918609,19.8083457730012,3.));
#4564=CARTESIAN_POINT('Ctrl Pts',(-42.4906413674596,19.9872952851742,3.));
#4565=CARTESIAN_POINT('Ctrl Pts',(-42.5069012535556,20.1748747353474,3.));
#4566=CARTESIAN_POINT('Ctrl Pts',(-42.5188662657805,20.3696741005152,3.));
#4567=CARTESIAN_POINT('Ctrl Pts',(-42.5244453004451,20.5703420009136,3.));
#4568=CARTESIAN_POINT('Ctrl Pts',(-42.5235041560893,20.7757414270647,3.));
#4569=CARTESIAN_POINT('Ctrl Pts',(-42.5174333377943,20.984995207232,3.));
#4570=CARTESIAN_POINT('Ctrl Pts',(-42.5084529030609,21.1975773581567,3.));
#4571=CARTESIAN_POINT('Ctrl Pts',(-42.4990361526263,21.4133827291725,3.));
#4572=CARTESIAN_POINT('Ctrl Pts',(-42.4912673422971,21.6328109476914,3.));
#4573=CARTESIAN_POINT('Ctrl Pts',(-42.4862701099586,21.856830161333,3.));
#4574=CARTESIAN_POINT('Ctrl Pts',(-42.4844091506288,22.086780490072,3.));
#4575=CARTESIAN_POINT('Ctrl Pts',(-42.4854523481742,22.3241918633703,3.));
#4576=CARTESIAN_POINT('Ctrl Pts',(-42.4887486574731,22.5705950784842,3.));
#4577=CARTESIAN_POINT('Ctrl Pts',(-42.4933969080774,22.8273388935381,3.));
#4578=CARTESIAN_POINT('Ctrl Pts',(-42.4984239953009,23.0953972049785,3.));
#4579=CARTESIAN_POINT('Ctrl Pts',(-42.502946135999,23.3751976038917,3.));
#4580=CARTESIAN_POINT('Ctrl Pts',(-42.5063699392751,23.6663974713216,3.));
#4581=CARTESIAN_POINT('Ctrl Pts',(-42.5084180372948,23.9678930525202,3.));
#4582=CARTESIAN_POINT('Ctrl Pts',(-42.5090553265495,24.2779607347903,3.));
#4583=CARTESIAN_POINT('Ctrl Pts',(-42.50844573932,24.594357660722,3.));
#4584=CARTESIAN_POINT('Ctrl Pts',(-42.5068963761718,24.9144392205272,3.));
#4585=CARTESIAN_POINT('Ctrl Pts',(-42.5048070844587,25.2352691208557,3.));
#4586=CARTESIAN_POINT('Ctrl Pts',(-42.5026176616386,25.553732998352,3.));
#4587=CARTESIAN_POINT('Ctrl Pts',(-42.5007561717625,25.8666496378937,3.));
#4588=CARTESIAN_POINT('Ctrl Pts',(-42.4995865795366,26.1708852127521,3.));
#4589=CARTESIAN_POINT('Ctrl Pts',(-42.4993571654808,26.4634614261514,3.));
#4590=CARTESIAN_POINT('Ctrl Pts',(-42.5001470423592,26.741681222135,3.));
#4591=CARTESIAN_POINT('Ctrl Pts',(-42.50180529527,27.0033192381625,3.));
#4592=CARTESIAN_POINT('Ctrl Pts',(-42.5038920133468,27.2468003843545,3.));
#4593=CARTESIAN_POINT('Ctrl Pts',(-42.505617028989,27.471386500291,3.));
#4594=CARTESIAN_POINT('Ctrl Pts',(-42.5057831189263,27.677351883696,3.));
#4595=CARTESIAN_POINT('Ctrl Pts',(-42.5027191318728,27.8661816015452,3.));
#4596=CARTESIAN_POINT('Ctrl Pts',(-42.4942365367288,28.0407178976168,3.));
#4597=CARTESIAN_POINT('Ctrl Pts',(-42.4775261522228,28.2054387342218,3.));
#4598=CARTESIAN_POINT('Ctrl Pts',(-42.4494533100575,28.3658549202153,3.));
#4599=CARTESIAN_POINT('Ctrl Pts',(-42.4069425224293,28.5277065275201,3.));
#4600=CARTESIAN_POINT('Ctrl Pts',(-42.3473468150112,28.6961991032172,3.));
#4601=CARTESIAN_POINT('Ctrl Pts',(-42.2687895195311,28.8752873080428,3.));
#4602=CARTESIAN_POINT('Ctrl Pts',(-42.1706007620269,29.0667818468095,3.));
#4603=CARTESIAN_POINT('Ctrl Pts',(-42.0534114536559,29.2701017228026,3.));
#4604=CARTESIAN_POINT('Ctrl Pts',(-41.918779011919,29.4829098510929,3.));
#4605=CARTESIAN_POINT('Ctrl Pts',(-41.768930083352,29.7015284791068,3.));
#4606=CARTESIAN_POINT('Ctrl Pts',(-41.6064538263553,29.9214463985472,3.));
#4607=CARTESIAN_POINT('Ctrl Pts',(-41.4340211454318,30.1377807231816,3.));
#4608=CARTESIAN_POINT('Ctrl Pts',(-41.2540816913354,30.34577235351,3.));
#4609=CARTESIAN_POINT('Ctrl Pts',(-41.0685964180208,30.5412336952807,3.));
#4610=CARTESIAN_POINT('Ctrl Pts',(-40.8786882076129,30.7211021453063,3.));
#4611=CARTESIAN_POINT('Ctrl Pts',(-40.6847176020788,30.8834490894801,3.));
#4612=CARTESIAN_POINT('Ctrl Pts',(-40.4865214960944,31.0272797944397,3.));
#4613=CARTESIAN_POINT('Ctrl Pts',(-40.2835998863394,31.1524011967963,3.));
#4614=CARTESIAN_POINT('Ctrl Pts',(-40.0753219088941,31.2592616718424,3.));
#4615=CARTESIAN_POINT('Ctrl Pts',(-39.8611290022019,31.3488023205317,3.));
#4616=CARTESIAN_POINT('Ctrl Pts',(-39.6407266932652,31.4223046065269,3.));
#4617=CARTESIAN_POINT('Ctrl Pts',(-39.4143117031338,31.4812365111718,3.));
#4618=CARTESIAN_POINT('Ctrl Pts',(-39.182686867408,31.5271091596472,3.));
#4619=CARTESIAN_POINT('Ctrl Pts',(-38.9470609307744,31.5613658225466,3.));
#4620=CARTESIAN_POINT('Ctrl Pts',(-38.7354285547096,31.5826032571766,3.));
#4621=CARTESIAN_POINT('Ctrl Pts',(-38.5708584802029,31.593489594817,3.));
#4622=CARTESIAN_POINT('Ctrl Pts',(-38.4541656631774,31.5985412035737,3.));
#4623=CARTESIAN_POINT('Ctrl Pts',(-38.3853320178411,31.6006005629132,3.));
#4624=CARTESIAN_POINT('Ctrl Pts',(-38.3642057131078,31.6011458055066,3.));
#4625=CARTESIAN_POINT('',(-40.5499990936369,19.3999995663762,4.));
#4626=CARTESIAN_POINT('',(-40.5499990936369,19.3999995663762,3.));
#4627=CARTESIAN_POINT('Ctrl Pts',(-40.5499990936369,19.3999995663762,4.));
#4628=CARTESIAN_POINT('Ctrl Pts',(-40.5499636897901,19.4342397677324,4.));
#4629=CARTESIAN_POINT('Ctrl Pts',(-40.5505271123633,19.5072893465141,4.));
#4630=CARTESIAN_POINT('Ctrl Pts',(-40.5529659255822,19.6299634089404,4.));
#4631=CARTESIAN_POINT('Ctrl Pts',(-40.5583376154991,19.8168128977413,4.));
#4632=CARTESIAN_POINT('Ctrl Pts',(-40.5666353343755,20.0801306364325,4.));
#4633=CARTESIAN_POINT('Ctrl Pts',(-40.5751788843065,20.3631778246897,4.));
#4634=CARTESIAN_POINT('Ctrl Pts',(-40.583130100425,20.6556833861684,4.));
#4635=CARTESIAN_POINT('Ctrl Pts',(-40.5900396741696,20.9478872855742,4.));
#4636=CARTESIAN_POINT('Ctrl Pts',(-40.5957355661623,21.231284071223,4.));
#4637=CARTESIAN_POINT('Ctrl Pts',(-40.6002116788267,21.4993751448529,4.));
#4638=CARTESIAN_POINT('Ctrl Pts',(-40.6035172160949,21.7484092406487,4.));
#4639=CARTESIAN_POINT('Ctrl Pts',(-40.6056435718773,21.9781506470879,4.));
#4640=CARTESIAN_POINT('Ctrl Pts',(-40.60655828311,22.191136045998,4.));
#4641=CARTESIAN_POINT('Ctrl Pts',(-40.6062423177461,22.3918984157767,4.));
#4642=CARTESIAN_POINT('Ctrl Pts',(-40.604725179547,22.5862113653208,4.));
#4643=CARTESIAN_POINT('Ctrl Pts',(-40.6021230939267,22.7803064116001,4.));
#4644=CARTESIAN_POINT('Ctrl Pts',(-40.5986708608463,22.9801449575082,4.));
#4645=CARTESIAN_POINT('Ctrl Pts',(-40.5947686866741,23.1905616100057,4.));
#4646=CARTESIAN_POINT('Ctrl Pts',(-40.5909789073044,23.414837449613,4.));
#4647=CARTESIAN_POINT('Ctrl Pts',(-40.587948174832,23.654911021394,4.));
#4648=CARTESIAN_POINT('Ctrl Pts',(-40.586347672158,23.9114372145775,4.));
#4649=CARTESIAN_POINT('Ctrl Pts',(-40.58680563917,24.1839063966266,4.));
#4650=CARTESIAN_POINT('Ctrl Pts',(-40.5898441270951,24.4707402284754,4.));
#4651=CARTESIAN_POINT('Ctrl Pts',(-40.595811744206,24.769391590659,4.));
#4652=CARTESIAN_POINT('Ctrl Pts',(-40.6048232297283,25.0764563901234,4.));
#4653=CARTESIAN_POINT('Ctrl Pts',(-40.6166832919607,25.3877459125753,4.));
#4654=CARTESIAN_POINT('Ctrl Pts',(-40.6308737228418,25.6985277119902,4.));
#4655=CARTESIAN_POINT('Ctrl Pts',(-40.646585961966,26.0038889533461,4.));
#4656=CARTESIAN_POINT('Ctrl Pts',(-40.6627403211065,26.2990637415467,4.));
#4657=CARTESIAN_POINT('Ctrl Pts',(-40.6780106853696,26.5797753563766,4.));
#4658=CARTESIAN_POINT('Ctrl Pts',(-40.6908468603153,26.8425719824854,4.));
#4659=CARTESIAN_POINT('Ctrl Pts',(-40.699497899317,27.0851656025929,4.));
#4660=CARTESIAN_POINT('Ctrl Pts',(-40.7020350419893,27.3067688436685,4.));
#4661=CARTESIAN_POINT('Ctrl Pts',(-40.6963746963228,27.5084345756799,4.));
#4662=CARTESIAN_POINT('Ctrl Pts',(-40.6803018357499,27.6933890538978,4.));
#4663=CARTESIAN_POINT('Ctrl Pts',(-40.6516634250383,27.8662259492549,4.));
#4664=CARTESIAN_POINT('Ctrl Pts',(-40.6085562437323,28.0321222838292,4.));
#4665=CARTESIAN_POINT('Ctrl Pts',(-40.5495252251831,28.1960203321733,4.));
#4666=CARTESIAN_POINT('Ctrl Pts',(-40.4737382339844,28.3618828681979,4.));
#4667=CARTESIAN_POINT('Ctrl Pts',(-40.3812174334226,28.5317738184211,4.));
#4668=CARTESIAN_POINT('Ctrl Pts',(-40.2728857121147,28.7055088849192,4.));
#4669=CARTESIAN_POINT('Ctrl Pts',(-40.1502987935031,28.8812755588762,4.));
#4670=CARTESIAN_POINT('Ctrl Pts',(-40.0154481634957,29.056033531442,4.));
#4671=CARTESIAN_POINT('Ctrl Pts',(-39.8705370051512,29.2260014439772,4.));
#4672=CARTESIAN_POINT('Ctrl Pts',(-39.7177643535305,29.3871109938928,4.));
#4673=CARTESIAN_POINT('Ctrl Pts',(-39.5591135766713,29.5354648896531,4.));
#4674=CARTESIAN_POINT('Ctrl Pts',(-39.3961179089659,29.6678203551211,4.));
#4675=CARTESIAN_POINT('Ctrl Pts',(-39.2299290395201,29.7816886975308,4.));
#4676=CARTESIAN_POINT('Ctrl Pts',(-39.0614195652757,29.8753943027123,4.));
#4677=CARTESIAN_POINT('Ctrl Pts',(-38.8912718850279,29.9481438984151,4.));
#4678=CARTESIAN_POINT('Ctrl Pts',(-38.7200759926714,30.0001013378866,4.));
#4679=CARTESIAN_POINT('Ctrl Pts',(-38.5484159539822,30.0324370712318,4.));
#4680=CARTESIAN_POINT('Ctrl Pts',(-38.3769810140169,30.0474493654164,4.));
#4681=CARTESIAN_POINT('Ctrl Pts',(-38.2064331133711,30.0479318309967,4.));
#4682=CARTESIAN_POINT('Ctrl Pts',(-38.0372552906953,30.0364765406749,4.));
#4683=CARTESIAN_POINT('Ctrl Pts',(-37.8695875290279,30.0147483331522,4.));
#4684=CARTESIAN_POINT('Ctrl Pts',(-37.7031115989066,29.9828882056517,4.));
#4685=CARTESIAN_POINT('Ctrl Pts',(-37.5368057585997,29.9385694441554,4.));
#4686=CARTESIAN_POINT('Ctrl Pts',(-37.3692439098725,29.8775065512375,4.));
#4687=CARTESIAN_POINT('Ctrl Pts',(-37.1992952753463,29.7950209218995,4.));
#4688=CARTESIAN_POINT('Ctrl Pts',(-37.0266845325643,29.6872568813416,4.));
#4689=CARTESIAN_POINT('Ctrl Pts',(-36.8526568282569,29.5526259526961,4.));
#4690=CARTESIAN_POINT('Ctrl Pts',(-36.6804878670262,29.3929578647101,4.));
#4691=CARTESIAN_POINT('Ctrl Pts',(-36.5163416981852,29.2152773772017,4.));
#4692=CARTESIAN_POINT('Ctrl Pts',(-36.3684092267343,29.0305118949835,4.));
#4693=CARTESIAN_POINT('Ctrl Pts',(-36.2452842979214,28.8508185335991,4.));
#4694=CARTESIAN_POINT('Ctrl Pts',(-36.1546310754295,28.687475039503,4.));
#4695=CARTESIAN_POINT('Ctrl Pts',(-36.1016264102659,28.5482673472857,4.));
#4696=CARTESIAN_POINT('Ctrl Pts',(-36.0877396286511,28.4357167842099,4.));
#4697=CARTESIAN_POINT('Ctrl Pts',(-36.1087682560978,28.3434036098317,4.));
#4698=CARTESIAN_POINT('Ctrl Pts',(-36.1556939187431,28.2593484526041,4.));
#4699=CARTESIAN_POINT('Ctrl Pts',(-36.2177934436052,28.1740750814982,4.));
#4700=CARTESIAN_POINT('Ctrl Pts',(-36.2852264593504,28.0891440434143,4.));
#4701=CARTESIAN_POINT('Ctrl Pts',(-36.3514496068608,28.0200624978349,4.));
#4702=CARTESIAN_POINT('Ctrl Pts',(-36.4140285215311,27.9850462158961,4.));
#4703=CARTESIAN_POINT('Ctrl Pts',(-36.4762568356551,27.9954619286618,4.));
#4704=CARTESIAN_POINT('Ctrl Pts',(-36.5471943196849,28.0488226229005,4.));
#4705=CARTESIAN_POINT('Ctrl Pts',(-36.6372188985676,28.13530405661,4.));
#4706=CARTESIAN_POINT('Ctrl Pts',(-36.7535049168076,28.2427023506357,4.));
#4707=CARTESIAN_POINT('Ctrl Pts',(-36.8980466689428,28.3597254534975,4.));
#4708=CARTESIAN_POINT('Ctrl Pts',(-37.069370106627,28.4756731464775,4.));
#4709=CARTESIAN_POINT('Ctrl Pts',(-37.2632758333335,28.5810915288527,4.));
#4710=CARTESIAN_POINT('Ctrl Pts',(-37.4740031239063,28.6680473949721,4.));
#4711=CARTESIAN_POINT('Ctrl Pts',(-37.6951521251873,28.7305204415023,4.));
#4712=CARTESIAN_POINT('Ctrl Pts',(-37.9208605520275,28.7648553201132,4.));
#4713=CARTESIAN_POINT('Ctrl Pts',(-38.1463193866817,28.769783483515,4.));
#4714=CARTESIAN_POINT('Ctrl Pts',(-38.3674706832376,28.7458226537881,4.));
#4715=CARTESIAN_POINT('Ctrl Pts',(-38.5809057258149,28.6948315968973,4.));
#4716=CARTESIAN_POINT('Ctrl Pts',(-38.7836845007214,28.6195070055591,4.));
#4717=CARTESIAN_POINT('Ctrl Pts',(-38.9731834758101,28.5228934370535,4.));
#4718=CARTESIAN_POINT('Ctrl Pts',(-39.1469438838209,28.4079153608545,4.));
#4719=CARTESIAN_POINT('Ctrl Pts',(-39.3024864559931,28.2768267686066,4.));
#4720=CARTESIAN_POINT('Ctrl Pts',(-39.437440683541,28.1313516048821,4.));
#4721=CARTESIAN_POINT('Ctrl Pts',(-39.5497375585044,27.9729602075945,4.));
#4722=CARTESIAN_POINT('Ctrl Pts',(-39.6377780310137,27.8030954124157,4.));
#4723=CARTESIAN_POINT('Ctrl Pts',(-39.700616584883,27.623426676244,4.));
#4724=CARTESIAN_POINT('Ctrl Pts',(-39.73812689592,27.4360760602135,4.));
#4725=CARTESIAN_POINT('Ctrl Pts',(-39.7512058259239,27.2438993480392,4.));
#4726=CARTESIAN_POINT('Ctrl Pts',(-39.7415791660331,27.0502066939458,4.));
#4727=CARTESIAN_POINT('Ctrl Pts',(-39.7115592634744,26.8584159185242,4.));
#4728=CARTESIAN_POINT('Ctrl Pts',(-39.6638192859996,26.6717288613526,4.));
#4729=CARTESIAN_POINT('Ctrl Pts',(-39.6011615505733,26.4927998778018,4.));
#4730=CARTESIAN_POINT('Ctrl Pts',(-39.5262859677566,26.3234032357064,4.));
#4731=CARTESIAN_POINT('Ctrl Pts',(-39.4415645564783,26.1641143893855,4.));
#4732=CARTESIAN_POINT('Ctrl Pts',(-39.3489253693037,26.0148441771698,4.));
#4733=CARTESIAN_POINT('Ctrl Pts',(-39.2497566999424,25.8753207691491,4.));
#4734=CARTESIAN_POINT('Ctrl Pts',(-39.144758023869,25.7456528497057,4.));
#4735=CARTESIAN_POINT('Ctrl Pts',(-39.0339176388295,25.6267176724851,4.));
#4736=CARTESIAN_POINT('Ctrl Pts',(-38.9161757506375,25.5209753078068,4.));
#4737=CARTESIAN_POINT('Ctrl Pts',(-38.7904033338264,25.4315185591929,4.));
#4738=CARTESIAN_POINT('Ctrl Pts',(-38.6571523178588,25.3601332706237,4.));
#4739=CARTESIAN_POINT('Ctrl Pts',(-38.5202941461124,25.3054254347213,4.));
#4740=CARTESIAN_POINT('Ctrl Pts',(-38.3884384074486,25.2614302610461,4.));
#4741=CARTESIAN_POINT('Ctrl Pts',(-38.2771407379917,25.2147217486354,4.));
#4742=CARTESIAN_POINT('Ctrl Pts',(-38.2043651663915,25.1521359761944,4.));
#4743=CARTESIAN_POINT('Ctrl Pts',(-38.1847974758226,25.0682869319641,4.));
#4744=CARTESIAN_POINT('Ctrl Pts',(-38.2243793115487,24.9772595346385,4.));
#4745=CARTESIAN_POINT('Ctrl Pts',(-38.3157177618803,24.9091351275496,4.));
#4746=CARTESIAN_POINT('Ctrl Pts',(-38.4384717743077,24.8874467918884,4.));
#4747=CARTESIAN_POINT('Ctrl Pts',(-38.5543472817959,24.9046450393061,4.));
#4748=CARTESIAN_POINT('Ctrl Pts',(-38.6161970098359,24.9174086469116,4.));
#4749=CARTESIAN_POINT('Ctrl Pts',(-38.5976285416827,24.8841100794024,4.));
#4750=CARTESIAN_POINT('Ctrl Pts',(-38.5307937684466,24.8032306292587,4.));
#4751=CARTESIAN_POINT('Ctrl Pts',(-38.4832865280778,24.7056970081047,4.));
#4752=CARTESIAN_POINT('Ctrl Pts',(-38.5075406421191,24.6234112990715,4.));
#4753=CARTESIAN_POINT('Ctrl Pts',(-38.5927514751974,24.562554844023,4.));
#4754=CARTESIAN_POINT('Ctrl Pts',(-38.6926836348394,24.5117555438609,4.));
#4755=CARTESIAN_POINT('Ctrl Pts',(-38.761082866949,24.455039298397,4.));
#4756=CARTESIAN_POINT('Ctrl Pts',(-38.7902852736836,24.3847595677775,4.));
#4757=CARTESIAN_POINT('Ctrl Pts',(-38.7997675163001,24.3001016462965,4.));
#4758=CARTESIAN_POINT('Ctrl Pts',(-38.8124837723103,24.2018170052428,4.));
#4759=CARTESIAN_POINT('Ctrl Pts',(-38.8362252242008,24.0884511911342,4.));
#4760=CARTESIAN_POINT('Ctrl Pts',(-38.8685468453041,23.9574540324423,4.));
#4761=CARTESIAN_POINT('Ctrl Pts',(-38.9016543184929,23.8063571032487,4.));
#4762=CARTESIAN_POINT('Ctrl Pts',(-38.9272537240597,23.6339099789481,4.));
#4763=CARTESIAN_POINT('Ctrl Pts',(-38.9414460985585,23.4412424374261,4.));
#4764=CARTESIAN_POINT('Ctrl Pts',(-38.9437996739292,23.2312240649659,4.));
#4765=CARTESIAN_POINT('Ctrl Pts',(-38.9363839153223,23.0078103794213,4.));
#4766=CARTESIAN_POINT('Ctrl Pts',(-38.9228309846789,22.7754058816578,4.));
#4767=CARTESIAN_POINT('Ctrl Pts',(-38.9073556794579,22.538192733311,4.));
#4768=CARTESIAN_POINT('Ctrl Pts',(-38.893863148141,22.299537629987,4.));
#4769=CARTESIAN_POINT('Ctrl Pts',(-38.8848478393252,22.0612097910303,4.));
#4770=CARTESIAN_POINT('Ctrl Pts',(-38.8810005136643,21.8232413386596,4.));
#4771=CARTESIAN_POINT('Ctrl Pts',(-38.8818034130012,21.5846847738118,4.));
#4772=CARTESIAN_POINT('Ctrl Pts',(-38.88588370002,21.3441508643507,4.));
#4773=CARTESIAN_POINT('Ctrl Pts',(-38.8914648002511,21.1004357345037,4.));
#4774=CARTESIAN_POINT('Ctrl Pts',(-38.8967754971201,20.8531089191883,4.));
#4775=CARTESIAN_POINT('Ctrl Pts',(-38.9004779710726,20.6031202805695,4.));
#4776=CARTESIAN_POINT('Ctrl Pts',(-38.9020858238435,20.3533940520403,4.));
#4777=CARTESIAN_POINT('Ctrl Pts',(-38.9023927436822,20.1094422043554,4.));
#4778=CARTESIAN_POINT('Ctrl Pts',(-38.9026467893721,19.8783519838236,4.));
#4779=CARTESIAN_POINT('Ctrl Pts',(-38.903671511119,19.6677421097293,4.));
#4780=CARTESIAN_POINT('Ctrl Pts',(-38.9050825700771,19.4847555416521,4.));
#4781=CARTESIAN_POINT('Ctrl Pts',(-38.9042922943475,19.3349802781248,4.));
#4782=CARTESIAN_POINT('Ctrl Pts',(-38.8960057376036,19.2215328919452,4.));
#4783=CARTESIAN_POINT('Ctrl Pts',(-38.8704978859799,19.1437389265475,4.));
#4784=CARTESIAN_POINT('Ctrl Pts',(-38.8172981254679,19.0976405008873,4.));
#4785=CARTESIAN_POINT('Ctrl Pts',(-38.7311557433665,19.0773987297749,4.));
#4786=CARTESIAN_POINT('Ctrl Pts',(-38.6183455642038,19.0765400821281,4.));
#4787=CARTESIAN_POINT('Ctrl Pts',(-38.4919330792982,19.0880899306491,4.));
#4788=CARTESIAN_POINT('Ctrl Pts',(-38.3657980419415,19.1046100471993,4.));
#4789=CARTESIAN_POINT('Ctrl Pts',(-38.2482236020887,19.1180315346973,4.));
#4790=CARTESIAN_POINT('Ctrl Pts',(-38.1384338565824,19.1203799020655,4.));
#4791=CARTESIAN_POINT('Ctrl Pts',(-38.0337234956982,19.1083850754989,4.));
#4792=CARTESIAN_POINT('Ctrl Pts',(-37.9336938454491,19.0863121864307,4.));
#4793=CARTESIAN_POINT('Ctrl Pts',(-37.8478865934519,19.0719707649131,4.));
#4794=CARTESIAN_POINT('Ctrl Pts',(-37.7906948494324,19.0889854362907,4.));
#4795=CARTESIAN_POINT('Ctrl Pts',(-37.7699929584985,19.1520638852499,4.));
#4796=CARTESIAN_POINT('Ctrl Pts',(-37.7777543223095,19.2544996378315,4.));
#4797=CARTESIAN_POINT('Ctrl Pts',(-37.7980713084302,19.3790109731253,4.));
#4798=CARTESIAN_POINT('Ctrl Pts',(-37.814928220818,19.5081594548893,4.));
#4799=CARTESIAN_POINT('Ctrl Pts',(-37.821072953038,19.6363127991735,4.));
#4800=CARTESIAN_POINT('Ctrl Pts',(-37.8166220923598,19.7674828421293,4.));
#4801=CARTESIAN_POINT('Ctrl Pts',(-37.8057647582183,19.910549030144,4.));
#4802=CARTESIAN_POINT('Ctrl Pts',(-37.7943255715597,20.0756774855607,4.));
#4803=CARTESIAN_POINT('Ctrl Pts',(-37.7865068681354,20.2695704552341,4.));
#4804=CARTESIAN_POINT('Ctrl Pts',(-37.7837442011358,20.4937730005537,4.));
#4805=CARTESIAN_POINT('Ctrl Pts',(-37.785710105637,20.7460981894838,4.));
#4806=CARTESIAN_POINT('Ctrl Pts',(-37.7907558527277,21.0212395187138,4.));
#4807=CARTESIAN_POINT('Ctrl Pts',(-37.7965885083664,21.3117154345794,4.));
#4808=CARTESIAN_POINT('Ctrl Pts',(-37.8008315585047,21.6086676589733,4.));
#4809=CARTESIAN_POINT('Ctrl Pts',(-37.8016719896255,21.9027313747707,4.));
#4810=CARTESIAN_POINT('Ctrl Pts',(-37.7983849425907,22.1848532484093,4.));
#4811=CARTESIAN_POINT('Ctrl Pts',(-37.7921270562726,22.447185214397,4.));
#4812=CARTESIAN_POINT('Ctrl Pts',(-37.7855211057607,22.6836866786437,4.));
#4813=CARTESIAN_POINT('Ctrl Pts',(-37.7815898426934,22.8906059107811,4.));
#4814=CARTESIAN_POINT('Ctrl Pts',(-37.7829217735083,23.0669531166012,4.));
#4815=CARTESIAN_POINT('Ctrl Pts',(-37.7906754728739,23.2150779990356,4.));
#4816=CARTESIAN_POINT('Ctrl Pts',(-37.8038042262943,23.3409690509732,4.));
#4817=CARTESIAN_POINT('Ctrl Pts',(-37.8178187348897,23.4552405797349,4.));
#4818=CARTESIAN_POINT('Ctrl Pts',(-37.8249899885044,23.5718930486026,4.));
#4819=CARTESIAN_POINT('Ctrl Pts',(-37.8184123753586,23.7009309790558,4.));
#4820=CARTESIAN_POINT('Ctrl Pts',(-37.7947199545575,23.8432509255838,4.));
#4821=CARTESIAN_POINT('Ctrl Pts',(-37.7586016294715,23.9823376996811,4.));
#4822=CARTESIAN_POINT('Ctrl Pts',(-37.7225580371157,24.0846278480109,4.));
#4823=CARTESIAN_POINT('Ctrl Pts',(-37.6966247697944,24.1193148550727,4.));
#4824=CARTESIAN_POINT('Ctrl Pts',(-37.6790352742947,24.0750668687788,4.));
#4825=CARTESIAN_POINT('Ctrl Pts',(-37.6489433701485,23.9761363320511,4.));
#4826=CARTESIAN_POINT('Ctrl Pts',(-37.5862089021079,23.864626960322,4.));
#4827=CARTESIAN_POINT('Ctrl Pts',(-37.4954661936951,23.7843078888884,4.));
#4828=CARTESIAN_POINT('Ctrl Pts',(-37.4129823536172,23.765490438311,4.));
#4829=CARTESIAN_POINT('Ctrl Pts',(-37.3747974642199,23.8197619124297,4.));
#4830=CARTESIAN_POINT('Ctrl Pts',(-37.3838332099121,23.9277402514788,4.));
#4831=CARTESIAN_POINT('Ctrl Pts',(-37.4073569614832,24.0472265558118,4.));
#4832=CARTESIAN_POINT('Ctrl Pts',(-37.4051490549476,24.1367479016594,4.));
#4833=CARTESIAN_POINT('Ctrl Pts',(-37.3531906669261,24.1798527064395,4.));
#4834=CARTESIAN_POINT('Ctrl Pts',(-37.2562420443684,24.1938180389051,4.));
#4835=CARTESIAN_POINT('Ctrl Pts',(-37.1315424179092,24.2064935094087,4.));
#4836=CARTESIAN_POINT('Ctrl Pts',(-36.9970338511244,24.2363479856069,4.));
#4837=CARTESIAN_POINT('Ctrl Pts',(-36.8659601886336,24.2866381992136,4.));
#4838=CARTESIAN_POINT('Ctrl Pts',(-36.7496148649263,24.3539322888473,4.));
#4839=CARTESIAN_POINT('Ctrl Pts',(-36.6572148530427,24.4316906975057,4.));
#4840=CARTESIAN_POINT('Ctrl Pts',(-36.597740230149,24.5172307780864,4.));
#4841=CARTESIAN_POINT('Ctrl Pts',(-36.5782394815643,24.612508557501,4.));
#4842=CARTESIAN_POINT('Ctrl Pts',(-36.5986974177207,24.7182579862268,4.));
#4843=CARTESIAN_POINT('Ctrl Pts',(-36.6468114262179,24.8289276573075,4.));
#4844=CARTESIAN_POINT('Ctrl Pts',(-36.6953149273193,24.9294469407383,4.));
#4845=CARTESIAN_POINT('Ctrl Pts',(-36.7139039853301,25.0046948863897,4.));
#4846=CARTESIAN_POINT('Ctrl Pts',(-36.6788762730868,25.04690700645,4.));
#4847=CARTESIAN_POINT('Ctrl Pts',(-36.5843734165283,25.0645713537354,4.));
#4848=CARTESIAN_POINT('Ctrl Pts',(-36.4373296896437,25.0760977532076,4.));
#4849=CARTESIAN_POINT('Ctrl Pts',(-36.2519017870726,25.1031255208557,4.));
#4850=CARTESIAN_POINT('Ctrl Pts',(-36.0435676118079,25.1632196160378,4.));
#4851=CARTESIAN_POINT('Ctrl Pts',(-35.8249529941385,25.265110216285,4.));
#4852=CARTESIAN_POINT('Ctrl Pts',(-35.6066561933894,25.4111042981014,4.));
#4853=CARTESIAN_POINT('Ctrl Pts',(-35.3971328358146,25.5981510423036,4.));
#4854=CARTESIAN_POINT('Ctrl Pts',(-35.2029529531429,25.8194474137499,4.));
#4855=CARTESIAN_POINT('Ctrl Pts',(-35.0289003172038,26.0657974587734,4.));
#4856=CARTESIAN_POINT('Ctrl Pts',(-34.8781365869361,26.3271132233926,4.));
#4857=CARTESIAN_POINT('Ctrl Pts',(-34.7523442783486,26.5937710257737,4.));
#4858=CARTESIAN_POINT('Ctrl Pts',(-34.6518621827424,26.8582330496458,4.));
#4859=CARTESIAN_POINT('Ctrl Pts',(-34.5758802011681,27.1158666122427,4.));
#4860=CARTESIAN_POINT('Ctrl Pts',(-34.5227604672477,27.3642564802628,4.));
#4861=CARTESIAN_POINT('Ctrl Pts',(-34.4903297750593,27.6028449446491,4.));
#4862=CARTESIAN_POINT('Ctrl Pts',(-34.4761849260885,27.8324396753424,4.));
#4863=CARTESIAN_POINT('Ctrl Pts',(-34.477989263022,28.054780604466,4.));
#4864=CARTESIAN_POINT('Ctrl Pts',(-34.493780591722,28.2720758158862,4.));
#4865=CARTESIAN_POINT('Ctrl Pts',(-34.5222563145481,28.486564149209,4.));
#4866=CARTESIAN_POINT('Ctrl Pts',(-34.5631159921086,28.7000308534986,4.));
#4867=CARTESIAN_POINT('Ctrl Pts',(-34.6168478777747,28.913740268036,4.));
#4868=CARTESIAN_POINT('Ctrl Pts',(-34.6844373024616,29.1284267882568,4.));
#4869=CARTESIAN_POINT('Ctrl Pts',(-34.7671016494359,29.3442647587574,4.));
#4870=CARTESIAN_POINT('Ctrl Pts',(-34.8660164245413,29.5608484151201,4.));
#4871=CARTESIAN_POINT('Ctrl Pts',(-34.9820398873801,29.7771646721915,4.));
#4872=CARTESIAN_POINT('Ctrl Pts',(-35.1154507035652,29.9915755641432,4.));
#4873=CARTESIAN_POINT('Ctrl Pts',(-35.2656467315436,30.2017788114425,4.));
#4874=CARTESIAN_POINT('Ctrl Pts',(-35.4313054431066,30.405014259183,4.));
#4875=CARTESIAN_POINT('Ctrl Pts',(-35.6105960979163,30.5982974401378,4.));
#4876=CARTESIAN_POINT('Ctrl Pts',(-35.8013738029307,30.7786439678798,4.));
#4877=CARTESIAN_POINT('Ctrl Pts',(-36.0013803363219,30.9432966547583,4.));
#4878=CARTESIAN_POINT('Ctrl Pts',(-36.208444025807,31.0899540992004,4.));
#4879=CARTESIAN_POINT('Ctrl Pts',(-36.4206754478119,31.2169925411687,4.));
#4880=CARTESIAN_POINT('Ctrl Pts',(-36.6366758609933,31.323705227488,4.));
#4881=CARTESIAN_POINT('Ctrl Pts',(-36.8557086001092,31.4104921427333,4.));
#4882=CARTESIAN_POINT('Ctrl Pts',(-37.077509885275,31.4785686849647,4.));
#4883=CARTESIAN_POINT('Ctrl Pts',(-37.3021289360478,31.5297133974667,4.));
#4884=CARTESIAN_POINT('Ctrl Pts',(-37.5297567807773,31.566000676082,4.));
#4885=CARTESIAN_POINT('Ctrl Pts',(-37.7605602160439,31.5895402595633,4.));
#4886=CARTESIAN_POINT('Ctrl Pts',(-37.9945127777038,31.6022129392183,4.));
#4887=CARTESIAN_POINT('Ctrl Pts',(-38.2312288232174,31.6054099477929,4.));
#4888=CARTESIAN_POINT('Ctrl Pts',(-38.4697912313141,31.5997650663379,4.));
#4889=CARTESIAN_POINT('Ctrl Pts',(-38.7089058001526,31.5852648313487,4.));
#4890=CARTESIAN_POINT('Ctrl Pts',(-38.9470609307744,31.5613658225466,4.));
#4891=CARTESIAN_POINT('Ctrl Pts',(-39.182686867408,31.5271091596472,4.));
#4892=CARTESIAN_POINT('Ctrl Pts',(-39.4143117031338,31.4812365111718,4.));
#4893=CARTESIAN_POINT('Ctrl Pts',(-39.6407266932652,31.4223046065269,4.));
#4894=CARTESIAN_POINT('Ctrl Pts',(-39.8611290022019,31.3488023205317,4.));
#4895=CARTESIAN_POINT('Ctrl Pts',(-40.0753219088941,31.2592616718424,4.));
#4896=CARTESIAN_POINT('Ctrl Pts',(-40.2835998863394,31.1524011967963,4.));
#4897=CARTESIAN_POINT('Ctrl Pts',(-40.4865214960944,31.0272797944397,4.));
#4898=CARTESIAN_POINT('Ctrl Pts',(-40.6847176020788,30.8834490894801,4.));
#4899=CARTESIAN_POINT('Ctrl Pts',(-40.8786882076129,30.7211021453063,4.));
#4900=CARTESIAN_POINT('Ctrl Pts',(-41.0685964180208,30.5412336952807,4.));
#4901=CARTESIAN_POINT('Ctrl Pts',(-41.2540816913354,30.34577235351,4.));
#4902=CARTESIAN_POINT('Ctrl Pts',(-41.4340211454318,30.1377807231816,4.));
#4903=CARTESIAN_POINT('Ctrl Pts',(-41.6064538263553,29.9214463985472,4.));
#4904=CARTESIAN_POINT('Ctrl Pts',(-41.768930083352,29.7015284791068,4.));
#4905=CARTESIAN_POINT('Ctrl Pts',(-41.918779011919,29.4829098510929,4.));
#4906=CARTESIAN_POINT('Ctrl Pts',(-42.0534114536559,29.2701017228026,4.));
#4907=CARTESIAN_POINT('Ctrl Pts',(-42.1706007620269,29.0667818468095,4.));
#4908=CARTESIAN_POINT('Ctrl Pts',(-42.2687895195311,28.8752873080428,4.));
#4909=CARTESIAN_POINT('Ctrl Pts',(-42.3473468150112,28.6961991032172,4.));
#4910=CARTESIAN_POINT('Ctrl Pts',(-42.4069425224293,28.5277065275201,4.));
#4911=CARTESIAN_POINT('Ctrl Pts',(-42.4494533100575,28.3658549202153,4.));
#4912=CARTESIAN_POINT('Ctrl Pts',(-42.4775261522228,28.2054387342218,4.));
#4913=CARTESIAN_POINT('Ctrl Pts',(-42.4942365367288,28.0407178976168,4.));
#4914=CARTESIAN_POINT('Ctrl Pts',(-42.5027191318728,27.8661816015452,4.));
#4915=CARTESIAN_POINT('Ctrl Pts',(-42.5057831189263,27.677351883696,4.));
#4916=CARTESIAN_POINT('Ctrl Pts',(-42.505617028989,27.471386500291,4.));
#4917=CARTESIAN_POINT('Ctrl Pts',(-42.5038920133468,27.2468003843545,4.));
#4918=CARTESIAN_POINT('Ctrl Pts',(-42.50180529527,27.0033192381625,4.));
#4919=CARTESIAN_POINT('Ctrl Pts',(-42.5001470423592,26.741681222135,4.));
#4920=CARTESIAN_POINT('Ctrl Pts',(-42.4993571654808,26.4634614261514,4.));
#4921=CARTESIAN_POINT('Ctrl Pts',(-42.4995865795366,26.1708852127521,4.));
#4922=CARTESIAN_POINT('Ctrl Pts',(-42.5007561717625,25.8666496378937,4.));
#4923=CARTESIAN_POINT('Ctrl Pts',(-42.5026176616386,25.553732998352,4.));
#4924=CARTESIAN_POINT('Ctrl Pts',(-42.5048070844587,25.2352691208557,4.));
#4925=CARTESIAN_POINT('Ctrl Pts',(-42.5068963761718,24.9144392205272,4.));
#4926=CARTESIAN_POINT('Ctrl Pts',(-42.50844573932,24.594357660722,4.));
#4927=CARTESIAN_POINT('Ctrl Pts',(-42.5090553265495,24.2779607347903,4.));
#4928=CARTESIAN_POINT('Ctrl Pts',(-42.5084180372948,23.9678930525202,4.));
#4929=CARTESIAN_POINT('Ctrl Pts',(-42.5063699392751,23.6663974713216,4.));
#4930=CARTESIAN_POINT('Ctrl Pts',(-42.502946135999,23.3751976038917,4.));
#4931=CARTESIAN_POINT('Ctrl Pts',(-42.4984239953009,23.0953972049785,4.));
#4932=CARTESIAN_POINT('Ctrl Pts',(-42.4933969080774,22.8273388935381,4.));
#4933=CARTESIAN_POINT('Ctrl Pts',(-42.4887486574731,22.5705950784842,4.));
#4934=CARTESIAN_POINT('Ctrl Pts',(-42.4854523481742,22.3241918633703,4.));
#4935=CARTESIAN_POINT('Ctrl Pts',(-42.4844091506288,22.086780490072,4.));
#4936=CARTESIAN_POINT('Ctrl Pts',(-42.4862701099586,21.856830161333,4.));
#4937=CARTESIAN_POINT('Ctrl Pts',(-42.4912673422971,21.6328109476914,4.));
#4938=CARTESIAN_POINT('Ctrl Pts',(-42.4990361526263,21.4133827291725,4.));
#4939=CARTESIAN_POINT('Ctrl Pts',(-42.5084529030609,21.1975773581567,4.));
#4940=CARTESIAN_POINT('Ctrl Pts',(-42.5174333377943,20.984995207232,4.));
#4941=CARTESIAN_POINT('Ctrl Pts',(-42.5235041560893,20.7757414270647,4.));
#4942=CARTESIAN_POINT('Ctrl Pts',(-42.5244453004451,20.5703420009136,4.));
#4943=CARTESIAN_POINT('Ctrl Pts',(-42.5188662657805,20.3696741005152,4.));
#4944=CARTESIAN_POINT('Ctrl Pts',(-42.5069012535556,20.1748747353474,4.));
#4945=CARTESIAN_POINT('Ctrl Pts',(-42.4906413674596,19.9872952851742,4.));
#4946=CARTESIAN_POINT('Ctrl Pts',(-42.475208918609,19.8083457730012,4.));
#4947=CARTESIAN_POINT('Ctrl Pts',(-42.467220116623,19.6397685775877,4.));
#4948=CARTESIAN_POINT('Ctrl Pts',(-42.4717898749569,19.4840819575732,4.));
#4949=CARTESIAN_POINT('Ctrl Pts',(-42.4895277190625,19.345155813218,4.));
#4950=CARTESIAN_POINT('Ctrl Pts',(-42.5145159953692,19.2283293588129,4.));
#4951=CARTESIAN_POINT('Ctrl Pts',(-42.5294394705834,19.1417255866886,4.));
#4952=CARTESIAN_POINT('Ctrl Pts',(-42.5127073951381,19.0926238353202,4.));
#4953=CARTESIAN_POINT('Ctrl Pts',(-42.4535273907752,19.0806099288555,4.));
#4954=CARTESIAN_POINT('Ctrl Pts',(-42.3654790130938,19.0912357793156,4.));
#4955=CARTESIAN_POINT('Ctrl Pts',(-42.2716495895634,19.1050606770523,4.));
#4956=CARTESIAN_POINT('Ctrl Pts',(-42.1843532184323,19.1096462862333,4.));
#4957=CARTESIAN_POINT('Ctrl Pts',(-42.0955942000947,19.1054969076973,4.));
#4958=CARTESIAN_POINT('Ctrl Pts',(-41.9910722697498,19.0985448137584,4.));
#4959=CARTESIAN_POINT('Ctrl Pts',(-41.8604378325491,19.094850250043,4.));
#4960=CARTESIAN_POINT('Ctrl Pts',(-41.7071431727449,19.0953292019401,4.));
#4961=CARTESIAN_POINT('Ctrl Pts',(-41.5423313481603,19.0981882388609,4.));
#4962=CARTESIAN_POINT('Ctrl Pts',(-41.3803822401529,19.1005421546458,4.));
#4963=CARTESIAN_POINT('Ctrl Pts',(-41.2342593488632,19.1001251663939,4.));
#4964=CARTESIAN_POINT('Ctrl Pts',(-41.1098556372538,19.0975131158868,4.));
#4965=CARTESIAN_POINT('Ctrl Pts',(-41.0047608294743,19.0960722361085,4.));
#4966=CARTESIAN_POINT('Ctrl Pts',(-40.9133197176009,19.0984545964538,4.));
#4967=CARTESIAN_POINT('Ctrl Pts',(-40.8298681501722,19.1043836250854,4.));
#4968=CARTESIAN_POINT('Ctrl Pts',(-40.7533086589381,19.1068545640536,4.));
#4969=CARTESIAN_POINT('Ctrl Pts',(-40.6858458306183,19.0995049640746,4.));
#4970=CARTESIAN_POINT('Ctrl Pts',(-40.6306120265294,19.0876946120179,4.));
#4971=CARTESIAN_POINT('Ctrl Pts',(-40.5899049025157,19.0945170684137,4.));
#4972=CARTESIAN_POINT('Ctrl Pts',(-40.564195864376,19.1421394275441,4.));
#4973=CARTESIAN_POINT('Ctrl Pts',(-40.5540087923763,19.2202966594982,4.));
#4974=CARTESIAN_POINT('Ctrl Pts',(-40.5507395354439,19.3018481383774,4.));
#4975=CARTESIAN_POINT('Ctrl Pts',(-40.5500344974836,19.3657593650201,4.));
#4976=CARTESIAN_POINT('Ctrl Pts',(-40.5499990936369,19.3999995663762,4.));
#4977=CARTESIAN_POINT('Ctrl Pts',(-38.364205713112,30.0443794778784,3.));
#4978=CARTESIAN_POINT('Ctrl Pts',(-38.3668043148456,30.044274969396,3.));
#4979=CARTESIAN_POINT('Ctrl Pts',(-38.4035819774203,30.0427372798342,3.));
#4980=CARTESIAN_POINT('Ctrl Pts',(-38.4746374099262,30.0381591291194,3.));
#4981=CARTESIAN_POINT('Ctrl Pts',(-38.5801374502977,30.0264616686046,3.));
#4982=CARTESIAN_POINT('Ctrl Pts',(-38.7200759926714,30.0001013378866,3.));
#4983=CARTESIAN_POINT('Ctrl Pts',(-38.8912718850279,29.9481438984151,3.));
#4984=CARTESIAN_POINT('Ctrl Pts',(-39.0614195652757,29.8753943027123,3.));
#4985=CARTESIAN_POINT('Ctrl Pts',(-39.2299290395201,29.7816886975308,3.));
#4986=CARTESIAN_POINT('Ctrl Pts',(-39.3961179089659,29.6678203551211,3.));
#4987=CARTESIAN_POINT('Ctrl Pts',(-39.5591135766713,29.5354648896531,3.));
#4988=CARTESIAN_POINT('Ctrl Pts',(-39.7177643535305,29.3871109938928,3.));
#4989=CARTESIAN_POINT('Ctrl Pts',(-39.8705370051512,29.2260014439772,3.));
#4990=CARTESIAN_POINT('Ctrl Pts',(-40.0154481634957,29.056033531442,3.));
#4991=CARTESIAN_POINT('Ctrl Pts',(-40.1502987935031,28.8812755588762,3.));
#4992=CARTESIAN_POINT('Ctrl Pts',(-40.2728857121147,28.7055088849192,3.));
#4993=CARTESIAN_POINT('Ctrl Pts',(-40.3812174334226,28.5317738184211,3.));
#4994=CARTESIAN_POINT('Ctrl Pts',(-40.4737382339844,28.3618828681979,3.));
#4995=CARTESIAN_POINT('Ctrl Pts',(-40.5495252251831,28.1960203321733,3.));
#4996=CARTESIAN_POINT('Ctrl Pts',(-40.6085562437323,28.0321222838292,3.));
#4997=CARTESIAN_POINT('Ctrl Pts',(-40.6516634250383,27.8662259492549,3.));
#4998=CARTESIAN_POINT('Ctrl Pts',(-40.6803018357499,27.6933890538978,3.));
#4999=CARTESIAN_POINT('Ctrl Pts',(-40.6963746963228,27.5084345756799,3.));
#5000=CARTESIAN_POINT('Ctrl Pts',(-40.7020350419893,27.3067688436685,3.));
#5001=CARTESIAN_POINT('Ctrl Pts',(-40.699497899317,27.0851656025929,3.));
#5002=CARTESIAN_POINT('Ctrl Pts',(-40.6908468603153,26.8425719824854,3.));
#5003=CARTESIAN_POINT('Ctrl Pts',(-40.6780106853696,26.5797753563766,3.));
#5004=CARTESIAN_POINT('Ctrl Pts',(-40.6627403211065,26.2990637415467,3.));
#5005=CARTESIAN_POINT('Ctrl Pts',(-40.646585961966,26.0038889533461,3.));
#5006=CARTESIAN_POINT('Ctrl Pts',(-40.6308737228418,25.6985277119902,3.));
#5007=CARTESIAN_POINT('Ctrl Pts',(-40.6166832919607,25.3877459125753,3.));
#5008=CARTESIAN_POINT('Ctrl Pts',(-40.6048232297283,25.0764563901234,3.));
#5009=CARTESIAN_POINT('Ctrl Pts',(-40.595811744206,24.769391590659,3.));
#5010=CARTESIAN_POINT('Ctrl Pts',(-40.5898441270951,24.4707402284754,3.));
#5011=CARTESIAN_POINT('Ctrl Pts',(-40.58680563917,24.1839063966266,3.));
#5012=CARTESIAN_POINT('Ctrl Pts',(-40.586347672158,23.9114372145775,3.));
#5013=CARTESIAN_POINT('Ctrl Pts',(-40.587948174832,23.654911021394,3.));
#5014=CARTESIAN_POINT('Ctrl Pts',(-40.5909789073044,23.414837449613,3.));
#5015=CARTESIAN_POINT('Ctrl Pts',(-40.5947686866741,23.1905616100057,3.));
#5016=CARTESIAN_POINT('Ctrl Pts',(-40.5986708608463,22.9801449575082,3.));
#5017=CARTESIAN_POINT('Ctrl Pts',(-40.6021230939267,22.7803064116001,3.));
#5018=CARTESIAN_POINT('Ctrl Pts',(-40.604725179547,22.5862113653208,3.));
#5019=CARTESIAN_POINT('Ctrl Pts',(-40.6062423177461,22.3918984157767,3.));
#5020=CARTESIAN_POINT('Ctrl Pts',(-40.60655828311,22.191136045998,3.));
#5021=CARTESIAN_POINT('Ctrl Pts',(-40.6056435718773,21.9781506470879,3.));
#5022=CARTESIAN_POINT('Ctrl Pts',(-40.6035172160949,21.7484092406487,3.));
#5023=CARTESIAN_POINT('Ctrl Pts',(-40.6002116788267,21.4993751448529,3.));
#5024=CARTESIAN_POINT('Ctrl Pts',(-40.5957355661623,21.231284071223,3.));
#5025=CARTESIAN_POINT('Ctrl Pts',(-40.5900396741696,20.9478872855742,3.));
#5026=CARTESIAN_POINT('Ctrl Pts',(-40.583130100425,20.6556833861684,3.));
#5027=CARTESIAN_POINT('Ctrl Pts',(-40.5751788843065,20.3631778246897,3.));
#5028=CARTESIAN_POINT('Ctrl Pts',(-40.5666353343755,20.0801306364325,3.));
#5029=CARTESIAN_POINT('Ctrl Pts',(-40.5583376154991,19.8168128977413,3.));
#5030=CARTESIAN_POINT('Ctrl Pts',(-40.5529659255822,19.6299634089404,3.));
#5031=CARTESIAN_POINT('Ctrl Pts',(-40.5505271123633,19.5072893465141,3.));
#5032=CARTESIAN_POINT('Ctrl Pts',(-40.5499636897901,19.4342397677324,3.));
#5033=CARTESIAN_POINT('Ctrl Pts',(-40.5499990936369,19.3999995663762,3.));
#5034=CARTESIAN_POINT('Ctrl Pts',(-38.3642057131249,25.249002009353,3.));
#5035=CARTESIAN_POINT('Ctrl Pts',(-38.3699350064547,25.2513830100316,3.));
#5036=CARTESIAN_POINT('Ctrl Pts',(-38.3989392577417,25.2631791635765,3.));
#5037=CARTESIAN_POINT('Ctrl Pts',(-38.454485500027,25.2837217036538,3.));
#5038=CARTESIAN_POINT('Ctrl Pts',(-38.5408118081875,25.3136271874964,3.));
#5039=CARTESIAN_POINT('Ctrl Pts',(-38.6571523178588,25.3601332706237,3.));
#5040=CARTESIAN_POINT('Ctrl Pts',(-38.7904033338264,25.4315185591929,3.));
#5041=CARTESIAN_POINT('Ctrl Pts',(-38.9161757506375,25.5209753078068,3.));
#5042=CARTESIAN_POINT('Ctrl Pts',(-39.0339176388295,25.6267176724851,3.));
#5043=CARTESIAN_POINT('Ctrl Pts',(-39.144758023869,25.7456528497057,3.));
#5044=CARTESIAN_POINT('Ctrl Pts',(-39.2497566999424,25.8753207691491,3.));
#5045=CARTESIAN_POINT('Ctrl Pts',(-39.3489253693037,26.0148441771698,3.));
#5046=CARTESIAN_POINT('Ctrl Pts',(-39.4415645564783,26.1641143893855,3.));
#5047=CARTESIAN_POINT('Ctrl Pts',(-39.5262859677566,26.3234032357064,3.));
#5048=CARTESIAN_POINT('Ctrl Pts',(-39.6011615505733,26.4927998778018,3.));
#5049=CARTESIAN_POINT('Ctrl Pts',(-39.6638192859996,26.6717288613526,3.));
#5050=CARTESIAN_POINT('Ctrl Pts',(-39.7115592634744,26.8584159185242,3.));
#5051=CARTESIAN_POINT('Ctrl Pts',(-39.7415791660331,27.0502066939458,3.));
#5052=CARTESIAN_POINT('Ctrl Pts',(-39.7512058259239,27.2438993480392,3.));
#5053=CARTESIAN_POINT('Ctrl Pts',(-39.73812689592,27.4360760602135,3.));
#5054=CARTESIAN_POINT('Ctrl Pts',(-39.700616584883,27.623426676244,3.));
#5055=CARTESIAN_POINT('Ctrl Pts',(-39.6377780310137,27.8030954124157,3.));
#5056=CARTESIAN_POINT('Ctrl Pts',(-39.5497375585044,27.9729602075945,3.));
#5057=CARTESIAN_POINT('Ctrl Pts',(-39.437440683541,28.1313516048821,3.));
#5058=CARTESIAN_POINT('Ctrl Pts',(-39.3024864559931,28.2768267686066,3.));
#5059=CARTESIAN_POINT('Ctrl Pts',(-39.1469438838209,28.4079153608545,3.));
#5060=CARTESIAN_POINT('Ctrl Pts',(-38.9731834758101,28.5228934370535,3.));
#5061=CARTESIAN_POINT('Ctrl Pts',(-38.7836845007214,28.6195070055591,3.));
#5062=CARTESIAN_POINT('Ctrl Pts',(-38.6212111395957,28.6798596708506,3.));
#5063=CARTESIAN_POINT('Ctrl Pts',(-38.4944784591024,28.714152219447,3.));
#5064=CARTESIAN_POINT('Ctrl Pts',(-38.4081544757505,28.7317776973854,3.));
#5065=CARTESIAN_POINT('Ctrl Pts',(-38.3644737046651,28.7392558991686,3.));
#5066=CARTESIAN_POINT('Ctrl Pts',(-38.3642057131155,28.7393017259095,3.));
#5067=CARTESIAN_POINT('Ctrl Pts',(-38.3642057131416,19.104265452636,3.));
#5068=CARTESIAN_POINT('Ctrl Pts',(-38.3649364642757,19.1041798916284,3.));
#5069=CARTESIAN_POINT('Ctrl Pts',(-38.3899439095351,19.1012480041648,3.));
#5070=CARTESIAN_POINT('Ctrl Pts',(-38.4399727058358,19.0951307476268,3.));
#5071=CARTESIAN_POINT('Ctrl Pts',(-38.5164542012525,19.0858495250092,3.));
#5072=CARTESIAN_POINT('Ctrl Pts',(-38.6183455642038,19.0765400821281,3.));
#5073=CARTESIAN_POINT('Ctrl Pts',(-38.7311557433665,19.0773987297749,3.));
#5074=CARTESIAN_POINT('Ctrl Pts',(-38.8172981254679,19.0976405008873,3.));
#5075=CARTESIAN_POINT('Ctrl Pts',(-38.8704978859799,19.1437389265475,3.));
#5076=CARTESIAN_POINT('Ctrl Pts',(-38.8960057376036,19.2215328919452,3.));
#5077=CARTESIAN_POINT('Ctrl Pts',(-38.9042922943475,19.3349802781248,3.));
#5078=CARTESIAN_POINT('Ctrl Pts',(-38.9050825700771,19.4847555416521,3.));
#5079=CARTESIAN_POINT('Ctrl Pts',(-38.903671511119,19.6677421097293,3.));
#5080=CARTESIAN_POINT('Ctrl Pts',(-38.9026467893721,19.8783519838236,3.));
#5081=CARTESIAN_POINT('Ctrl Pts',(-38.9023927436822,20.1094422043554,3.));
#5082=CARTESIAN_POINT('Ctrl Pts',(-38.9020858238435,20.3533940520403,3.));
#5083=CARTESIAN_POINT('Ctrl Pts',(-38.9004779710726,20.6031202805695,3.));
#5084=CARTESIAN_POINT('Ctrl Pts',(-38.8967754971201,20.8531089191883,3.));
#5085=CARTESIAN_POINT('Ctrl Pts',(-38.8914648002511,21.1004357345037,3.));
#5086=CARTESIAN_POINT('Ctrl Pts',(-38.88588370002,21.3441508643507,3.));
#5087=CARTESIAN_POINT('Ctrl Pts',(-38.8818034130012,21.5846847738118,3.));
#5088=CARTESIAN_POINT('Ctrl Pts',(-38.8810005136643,21.8232413386596,3.));
#5089=CARTESIAN_POINT('Ctrl Pts',(-38.8848478393252,22.0612097910303,3.));
#5090=CARTESIAN_POINT('Ctrl Pts',(-38.893863148141,22.299537629987,3.));
#5091=CARTESIAN_POINT('Ctrl Pts',(-38.9073556794579,22.538192733311,3.));
#5092=CARTESIAN_POINT('Ctrl Pts',(-38.9228309846789,22.7754058816578,3.));
#5093=CARTESIAN_POINT('Ctrl Pts',(-38.9363839153223,23.0078103794213,3.));
#5094=CARTESIAN_POINT('Ctrl Pts',(-38.9437996739292,23.2312240649659,3.));
#5095=CARTESIAN_POINT('Ctrl Pts',(-38.9414460985585,23.4412424374261,3.));
#5096=CARTESIAN_POINT('Ctrl Pts',(-38.9272537240597,23.6339099789481,3.));
#5097=CARTESIAN_POINT('Ctrl Pts',(-38.9016543184929,23.8063571032487,3.));
#5098=CARTESIAN_POINT('Ctrl Pts',(-38.8685468453041,23.9574540324423,3.));
#5099=CARTESIAN_POINT('Ctrl Pts',(-38.8362252242008,24.0884511911342,3.));
#5100=CARTESIAN_POINT('Ctrl Pts',(-38.8124837723103,24.2018170052428,3.));
#5101=CARTESIAN_POINT('Ctrl Pts',(-38.7997675163001,24.3001016462965,3.));
#5102=CARTESIAN_POINT('Ctrl Pts',(-38.7902852736836,24.3847595677775,3.));
#5103=CARTESIAN_POINT('Ctrl Pts',(-38.761082866949,24.455039298397,3.));
#5104=CARTESIAN_POINT('Ctrl Pts',(-38.6926836348394,24.5117555438609,3.));
#5105=CARTESIAN_POINT('Ctrl Pts',(-38.5927514751974,24.562554844023,3.));
#5106=CARTESIAN_POINT('Ctrl Pts',(-38.5075406421191,24.6234112990715,3.));
#5107=CARTESIAN_POINT('Ctrl Pts',(-38.4832865280778,24.7056970081047,3.));
#5108=CARTESIAN_POINT('Ctrl Pts',(-38.5307937684466,24.8032306292587,3.));
#5109=CARTESIAN_POINT('Ctrl Pts',(-38.5976285416827,24.8841100794024,3.));
#5110=CARTESIAN_POINT('Ctrl Pts',(-38.6161970098359,24.9174086469116,3.));
#5111=CARTESIAN_POINT('Ctrl Pts',(-38.5589675054741,24.9055984909048,3.));
#5112=CARTESIAN_POINT('Ctrl Pts',(-38.4785820163216,24.8934249540153,3.));
#5113=CARTESIAN_POINT('Ctrl Pts',(-38.4159654555073,24.8961608023852,3.));
#5114=CARTESIAN_POINT('Ctrl Pts',(-38.3783677619697,24.9033057839187,3.));
#5115=CARTESIAN_POINT('Ctrl Pts',(-38.3642057131259,24.9068827663322,3.));
#5116=CARTESIAN_POINT('Origin',(-38.5028121983359,25.338690356353,4.));
#5117=CARTESIAN_POINT('Origin',(12.2970566028997,-13.4156017408047,3.));
#5118=CARTESIAN_POINT('',(-44.3642829471192,-65.2151017408048,3.));
#5119=CARTESIAN_POINT('',(-44.3642829471192,40.3834735994944,3.));
#5120=CARTESIAN_POINT('',(-44.3642829471192,13.9841482591953,3.));
#5121=CARTESIAN_POINT('',(45.4357170528708,-65.2151017408047,3.));
#5122=CARTESIAN_POINT('',(-16.5336131721097,-65.2151017408048,3.));
#5123=CARTESIAN_POINT('',(45.4357170528333,-50.6345740634242,3.));
#5124=CARTESIAN_POINT('',(45.4357170528067,-40.8153517407613,3.));
#5125=CARTESIAN_POINT('',(46.7583877156311,-48.752759787523,3.));
#5126=CARTESIAN_POINT('Origin',(47.4357170528333,-50.6345740634188,3.));
#5127=CARTESIAN_POINT('',(68.958395510202,-40.7622174911952,3.));
#5128=CARTESIAN_POINT('',(36.8034323895493,-52.3358887813138,3.));
#5129=CARTESIAN_POINT('',(68.9583961450932,40.3353602382214,3.));
#5130=CARTESIAN_POINT('',(68.9583956144954,-27.4403447983881,3.));
#5131=CARTESIAN_POINT('',(62.000000923872,40.3383145610969,3.));
#5132=CARTESIAN_POINT('',(41.1389297093926,40.3471715371579,3.));
#5133=CARTESIAN_POINT('',(62.000000923872,13.3571740763664,3.));
#5134=CARTESIAN_POINT('',(62.000000923872,41.3470180440364,3.));
#5135=CARTESIAN_POINT('',(41.500000923872,13.3571740763664,3.));
#5136=CARTESIAN_POINT('',(62.000000923872,13.3571740763664,3.));
#5137=CARTESIAN_POINT('',(41.500000923872,40.3470182373072,3.));
#5138=CARTESIAN_POINT('',(41.500000923872,13.3571740763664,3.));
#5139=CARTESIAN_POINT('',(26.9097320949294,40.353212821488,3.));
#5140=CARTESIAN_POINT('',(42.5883961529187,-39.7867438391587,3.));
#5141=CARTESIAN_POINT('',(59.9574828197204,-39.7867438391587,3.));
#5142=CARTESIAN_POINT('',(35.6272697113101,-39.7867438391587,3.));
#5143=CARTESIAN_POINT('',(42.5883961529187,6.06120745786464,3.));
#5144=CARTESIAN_POINT('',(42.5883961529187,-26.1011727899817,3.));
#5145=CARTESIAN_POINT('',(59.9574828197204,6.06120745786465,3.));
#5146=CARTESIAN_POINT('',(27.9427263779092,6.06120745786464,3.));
#5147=CARTESIAN_POINT('',(59.9574828197204,-4.17719714147005,3.));
#5148=CARTESIAN_POINT('',(-38.3642057131065,32.0846134148843,3.));
#5149=CARTESIAN_POINT('',(-38.3642057132962,-38.0478349928499,3.));
#5150=CARTESIAN_POINT('',(-38.3642057131045,32.8072184695944,3.));
#5151=CARTESIAN_POINT('Ctrl Pts',(-38.3642057131065,32.0846134148843,3.));
#5152=CARTESIAN_POINT('Ctrl Pts',(-38.3652258175185,32.0846650159009,3.));
#5153=CARTESIAN_POINT('Ctrl Pts',(-38.4266743826803,32.0877708189568,3.));
#5154=CARTESIAN_POINT('Ctrl Pts',(-38.5490217666516,32.0936498707323,3.));
#5155=CARTESIAN_POINT('Ctrl Pts',(-38.730534740779,32.1006803299619,3.));
#5156=CARTESIAN_POINT('Ctrl Pts',(-38.9588399529777,32.103143553211,3.));
#5157=CARTESIAN_POINT('Ctrl Pts',(-39.2070698757962,32.0895742913575,3.));
#5158=CARTESIAN_POINT('Ctrl Pts',(-39.4194032397975,32.0579500778949,3.));
#5159=CARTESIAN_POINT('Ctrl Pts',(-39.604320375206,32.0098260527511,3.));
#5160=CARTESIAN_POINT('Ctrl Pts',(-39.774863820479,31.9492533539224,3.));
#5161=CARTESIAN_POINT('Ctrl Pts',(-39.9443513518204,31.8821333330109,3.));
#5162=CARTESIAN_POINT('Ctrl Pts',(-40.1217421261616,31.8156986838755,3.));
#5163=CARTESIAN_POINT('Ctrl Pts',(-40.3088293523719,31.7577885155383,3.));
#5164=CARTESIAN_POINT('Ctrl Pts',(-40.5030348134499,31.715706384311,3.));
#5165=CARTESIAN_POINT('Ctrl Pts',(-40.6992527009096,31.6950612771754,3.));
#5166=CARTESIAN_POINT('Ctrl Pts',(-40.8918993334509,31.6987974806135,3.));
#5167=CARTESIAN_POINT('Ctrl Pts',(-41.0772687199436,31.7256892052946,3.));
#5168=CARTESIAN_POINT('Ctrl Pts',(-41.2542457004377,31.7707658321943,3.));
#5169=CARTESIAN_POINT('Ctrl Pts',(-41.4230753354958,31.8278678397395,3.));
#5170=CARTESIAN_POINT('Ctrl Pts',(-41.584640476624,31.8916930550571,3.));
#5171=CARTESIAN_POINT('Ctrl Pts',(-41.7395579890702,31.9599325630561,3.));
#5172=CARTESIAN_POINT('Ctrl Pts',(-41.8872902296569,32.035689931268,3.));
#5173=CARTESIAN_POINT('Ctrl Pts',(-42.0260328153817,32.1253113595915,3.));
#5174=CARTESIAN_POINT('Ctrl Pts',(-42.1526732872485,32.2355455488295,3.));
#5175=CARTESIAN_POINT('Ctrl Pts',(-42.2627867218089,32.3712102119301,3.));
#5176=CARTESIAN_POINT('Ctrl Pts',(-42.3504538448039,32.5320062961889,3.));
#5177=CARTESIAN_POINT('Ctrl Pts',(-42.4088215965653,32.7123619017861,3.));
#5178=CARTESIAN_POINT('Ctrl Pts',(-42.4312743164719,32.9036959328223,3.));
#5179=CARTESIAN_POINT('Ctrl Pts',(-42.4124371499019,33.0959935112885,3.));
#5180=CARTESIAN_POINT('Ctrl Pts',(-42.349236890273,33.2796425081089,3.));
#5181=CARTESIAN_POINT('Ctrl Pts',(-42.2419824786235,33.4472037913448,3.));
#5182=CARTESIAN_POINT('Ctrl Pts',(-42.0938368992618,33.5933151398861,3.));
#5183=CARTESIAN_POINT('Ctrl Pts',(-41.9102384956982,33.7145174868803,3.));
#5184=CARTESIAN_POINT('Ctrl Pts',(-41.6983471274442,33.8091147177563,3.));
#5185=CARTESIAN_POINT('Ctrl Pts',(-41.4664853629668,33.8770262164282,3.));
#5186=CARTESIAN_POINT('Ctrl Pts',(-41.2235832002505,33.9196396318751,3.));
#5187=CARTESIAN_POINT('Ctrl Pts',(-40.9783472377714,33.9392512456802,3.));
#5188=CARTESIAN_POINT('Ctrl Pts',(-40.7384635140897,33.938535463394,3.));
#5189=CARTESIAN_POINT('Ctrl Pts',(-40.5097347922818,33.9199744620605,3.));
#5190=CARTESIAN_POINT('Ctrl Pts',(-40.2953584897808,33.8853745136104,3.));
#5191=CARTESIAN_POINT('Ctrl Pts',(-40.0948518323074,33.8351736588719,3.));
#5192=CARTESIAN_POINT('Ctrl Pts',(-39.9042244860901,33.7684920328154,3.));
#5193=CARTESIAN_POINT('Ctrl Pts',(-39.7174963345599,33.6839734422652,3.));
#5194=CARTESIAN_POINT('Ctrl Pts',(-39.5278723941367,33.5804398173153,3.));
#5195=CARTESIAN_POINT('Ctrl Pts',(-39.3290157748752,33.4575717179246,3.));
#5196=CARTESIAN_POINT('Ctrl Pts',(-39.116372733987,33.3167011785794,3.));
#5197=CARTESIAN_POINT('Ctrl Pts',(-38.8881565874689,33.1611431472754,3.));
#5198=CARTESIAN_POINT('Ctrl Pts',(-38.6884861346551,33.024891329752,3.));
#5199=CARTESIAN_POINT('Ctrl Pts',(-38.5327290746227,32.9197771863311,3.));
#5200=CARTESIAN_POINT('Ctrl Pts',(-38.4262185818129,32.8485271243561,3.));
#5201=CARTESIAN_POINT('Ctrl Pts',(-38.37008167787,32.8111310930783,3.));
#5202=CARTESIAN_POINT('Ctrl Pts',(-38.3642057131045,32.8072184695944,3.));
#5203=CARTESIAN_POINT('',(-38.3642057131005,34.3012921409911,3.));
#5204=CARTESIAN_POINT('',(-38.3642057132962,-38.0478349928499,3.));
#5205=CARTESIAN_POINT('',(-39.1999991238117,34.7999992221594,3.));
#5206=CARTESIAN_POINT('Ctrl Pts',(-38.3642057131005,34.3012921409911,3.));
#5207=CARTESIAN_POINT('Ctrl Pts',(-38.4045555597253,34.3257925120719,3.));
#5208=CARTESIAN_POINT('Ctrl Pts',(-38.490205992736,34.3773335595006,3.));
#5209=CARTESIAN_POINT('Ctrl Pts',(-38.6205996357805,34.4545766896211,3.));
#5210=CARTESIAN_POINT('Ctrl Pts',(-38.7932479219832,34.5556094365422,3.));
#5211=CARTESIAN_POINT('Ctrl Pts',(-38.9590959581592,34.6533812535474,3.));
#5212=CARTESIAN_POINT('Ctrl Pts',(-39.0817203727527,34.7272350221755,3.));
#5213=CARTESIAN_POINT('Ctrl Pts',(-39.1609851074575,34.7758461517147,3.));
#5214=CARTESIAN_POINT('Ctrl Pts',(-39.1999991238117,34.7999992221594,3.));
#5215=CARTESIAN_POINT('',(-37.9543380774473,35.6876165351407,3.));
#5216=CARTESIAN_POINT('Ctrl Pts',(-39.1999991238117,34.7999992221594,3.));
#5217=CARTESIAN_POINT('Ctrl Pts',(-39.239013140166,34.824152292604,3.));
#5218=CARTESIAN_POINT('Ctrl Pts',(-39.3158044708781,34.8721534448434,3.));
#5219=CARTESIAN_POINT('Ctrl Pts',(-39.4272985673964,34.9432623155259,3.));
#5220=CARTESIAN_POINT('Ctrl Pts',(-39.5691045699348,35.0362623798526,3.));
#5221=CARTESIAN_POINT('Ctrl Pts',(-39.737908832687,35.1490994040553,3.));
#5222=CARTESIAN_POINT('Ctrl Pts',(-39.9021723277694,35.258048913823,3.));
#5223=CARTESIAN_POINT('Ctrl Pts',(-40.0660750749461,35.362794946715,3.));
#5224=CARTESIAN_POINT('Ctrl Pts',(-40.2333547156828,35.4634377860886,3.));
#5225=CARTESIAN_POINT('Ctrl Pts',(-40.4066740188812,35.5607090983054,3.));
#5226=CARTESIAN_POINT('Ctrl Pts',(-40.5867956397734,35.6562932114723,3.));
#5227=CARTESIAN_POINT('Ctrl Pts',(-40.7725981386496,35.7526850626617,3.));
#5228=CARTESIAN_POINT('Ctrl Pts',(-40.9615949718353,35.8527708638228,3.));
#5229=CARTESIAN_POINT('Ctrl Pts',(-41.1502996474437,35.9594939119825,3.));
#5230=CARTESIAN_POINT('Ctrl Pts',(-41.3346555084691,36.0754836957487,3.));
#5231=CARTESIAN_POINT('Ctrl Pts',(-41.5104349790291,36.2027041731977,3.));
#5232=CARTESIAN_POINT('Ctrl Pts',(-41.6736583058527,36.3420854783792,3.));
#5233=CARTESIAN_POINT('Ctrl Pts',(-41.8209859348005,36.4931857278497,3.));
#5234=CARTESIAN_POINT('Ctrl Pts',(-41.9496002043412,36.6545142074321,3.));
#5235=CARTESIAN_POINT('Ctrl Pts',(-42.057103305344,36.8238320865415,3.));
#5236=CARTESIAN_POINT('Ctrl Pts',(-42.1414127612061,36.9984583017934,3.));
#5237=CARTESIAN_POINT('Ctrl Pts',(-42.2006500857844,37.1755801833412,3.));
#5238=CARTESIAN_POINT('Ctrl Pts',(-42.2330510405067,37.3525454988314,3.));
#5239=CARTESIAN_POINT('Ctrl Pts',(-42.2368175767292,37.5272061541494,3.));
#5240=CARTESIAN_POINT('Ctrl Pts',(-42.2105011914917,37.6977783778453,3.));
#5241=CARTESIAN_POINT('Ctrl Pts',(-42.1534472000822,37.8626381450206,3.));
#5242=CARTESIAN_POINT('Ctrl Pts',(-42.0662518025798,38.0201257219214,3.));
#5243=CARTESIAN_POINT('Ctrl Pts',(-41.9511370178303,38.1683773099667,3.));
#5244=CARTESIAN_POINT('Ctrl Pts',(-41.8125494908416,38.3050693011068,3.));
#5245=CARTESIAN_POINT('Ctrl Pts',(-41.6569565831819,38.4274843908021,3.));
#5246=CARTESIAN_POINT('Ctrl Pts',(-41.4916346704091,38.5329847038758,3.));
#5247=CARTESIAN_POINT('Ctrl Pts',(-41.3237456270567,38.619367099218,3.));
#5248=CARTESIAN_POINT('Ctrl Pts',(-41.1592306519355,38.6852959476372,3.));
#5249=CARTESIAN_POINT('Ctrl Pts',(-41.0019339844744,38.7306344929758,3.));
#5250=CARTESIAN_POINT('Ctrl Pts',(-40.8522458495688,38.756991876799,3.));
#5251=CARTESIAN_POINT('Ctrl Pts',(-40.7077496180721,38.7673673566709,3.));
#5252=CARTESIAN_POINT('Ctrl Pts',(-40.5650423825933,38.7652635688849,3.));
#5253=CARTESIAN_POINT('Ctrl Pts',(-40.4212501282621,38.7539413131904,3.));
#5254=CARTESIAN_POINT('Ctrl Pts',(-40.2755564103318,38.7356594851893,3.));
#5255=CARTESIAN_POINT('Ctrl Pts',(-40.131024097098,38.7108061065127,3.));
#5256=CARTESIAN_POINT('Ctrl Pts',(-39.9930739697914,38.6782900021548,3.));
#5257=CARTESIAN_POINT('Ctrl Pts',(-39.8673283647545,38.6361505485649,3.));
#5258=CARTESIAN_POINT('Ctrl Pts',(-39.7578593455987,38.5820639608879,3.));
#5259=CARTESIAN_POINT('Ctrl Pts',(-39.6648425687955,38.5139547115164,3.));
#5260=CARTESIAN_POINT('Ctrl Pts',(-39.5839214097443,38.4303517092899,3.));
#5261=CARTESIAN_POINT('Ctrl Pts',(-39.5086487937438,38.3303206016025,3.));
#5262=CARTESIAN_POINT('Ctrl Pts',(-39.4321315543717,38.2134853006157,3.));
#5263=CARTESIAN_POINT('Ctrl Pts',(-39.3492466056869,38.0800232015025,3.));
#5264=CARTESIAN_POINT('Ctrl Pts',(-39.2577944314839,37.9306413626502,3.));
#5265=CARTESIAN_POINT('Ctrl Pts',(-39.157556356531,37.7664657294103,3.));
#5266=CARTESIAN_POINT('Ctrl Pts',(-39.0497702680043,37.5889502932765,3.));
#5267=CARTESIAN_POINT('Ctrl Pts',(-38.9364269578366,37.3997767122634,3.));
#5268=CARTESIAN_POINT('Ctrl Pts',(-38.8196745915512,37.2007616482358,3.));
#5269=CARTESIAN_POINT('Ctrl Pts',(-38.701101176752,36.9937521654447,3.));
#5270=CARTESIAN_POINT('Ctrl Pts',(-38.5813109510453,36.7805539378377,3.));
#5271=CARTESIAN_POINT('Ctrl Pts',(-38.4602699900687,36.5629481774437,3.));
#5272=CARTESIAN_POINT('Ctrl Pts',(-38.3375105963842,36.34269195914,3.));
#5273=CARTESIAN_POINT('Ctrl Pts',(-38.212764086031,36.1221795887388,3.));
#5274=CARTESIAN_POINT('Ctrl Pts',(-38.1107102839892,35.9465492651803,3.));
#5275=CARTESIAN_POINT('Ctrl Pts',(-38.0328428703188,35.8161170532874,3.));
#5276=CARTESIAN_POINT('Ctrl Pts',(-37.9804664538039,35.7300997101122,3.));
#5277=CARTESIAN_POINT('Ctrl Pts',(-37.9543380774473,35.6876165351407,3.));
#5278=CARTESIAN_POINT('',(-36.6573438071081,35.6876165351407,3.));
#5279=CARTESIAN_POINT('',(-12.5335745550998,35.6876165351407,3.));
#5280=CARTESIAN_POINT('',(-35.5003670942455,35.6876165351407,3.));
#5281=CARTESIAN_POINT('Ctrl Pts',(-36.6573438071081,35.6876165351407,3.));
#5282=CARTESIAN_POINT('Ctrl Pts',(-36.661367227177,35.6938562954184,3.));
#5283=CARTESIAN_POINT('Ctrl Pts',(-36.6889884715837,35.7367820468818,3.));
#5284=CARTESIAN_POINT('Ctrl Pts',(-36.7410711629368,35.8188997363158,3.));
#5285=CARTESIAN_POINT('Ctrl Pts',(-36.8187497059836,35.945437667629,3.));
#5286=CARTESIAN_POINT('Ctrl Pts',(-36.9209230093374,36.1231070591085,3.));
#5287=CARTESIAN_POINT('Ctrl Pts',(-37.0365751709849,36.349023945555,3.));
#5288=CARTESIAN_POINT('Ctrl Pts',(-37.1390371298376,36.5834126409656,3.));
#5289=CARTESIAN_POINT('Ctrl Pts',(-37.223449688067,36.8221198663431,3.));
#5290=CARTESIAN_POINT('Ctrl Pts',(-37.2869112360848,37.0616708032397,3.));
#5291=CARTESIAN_POINT('Ctrl Pts',(-37.3278805494944,37.2989902427165,3.));
#5292=CARTESIAN_POINT('Ctrl Pts',(-37.3458090085675,37.5312643282402,3.));
#5293=CARTESIAN_POINT('Ctrl Pts',(-37.3406912595276,37.7557496455436,3.));
#5294=CARTESIAN_POINT('Ctrl Pts',(-37.3126327714663,37.9695977904514,3.));
#5295=CARTESIAN_POINT('Ctrl Pts',(-37.2614561167296,38.1696903627436,3.));
#5296=CARTESIAN_POINT('Ctrl Pts',(-37.1861714578231,38.3524241774147,3.));
#5297=CARTESIAN_POINT('Ctrl Pts',(-37.0855816097568,38.5139315542462,3.));
#5298=CARTESIAN_POINT('Ctrl Pts',(-36.9590725581246,38.6503793749396,3.));
#5299=CARTESIAN_POINT('Ctrl Pts',(-36.8073865415803,38.7582451499745,3.));
#5300=CARTESIAN_POINT('Ctrl Pts',(-36.6333003271695,38.8345935791984,3.));
#5301=CARTESIAN_POINT('Ctrl Pts',(-36.4426007292198,38.8773777732549,3.));
#5302=CARTESIAN_POINT('Ctrl Pts',(-36.2440426116715,38.8856478390631,3.));
#5303=CARTESIAN_POINT('Ctrl Pts',(-36.0477105340272,38.8596130796977,3.));
#5304=CARTESIAN_POINT('Ctrl Pts',(-35.8637659637809,38.8007382350625,3.));
#5305=CARTESIAN_POINT('Ctrl Pts',(-35.7010256281662,38.7118338002811,3.));
#5306=CARTESIAN_POINT('Ctrl Pts',(-35.5656432305304,38.5971385737835,3.));
#5307=CARTESIAN_POINT('Ctrl Pts',(-35.4596537325857,38.462442968393,3.));
#5308=CARTESIAN_POINT('Ctrl Pts',(-35.3818941345884,38.3142931411396,3.));
#5309=CARTESIAN_POINT('Ctrl Pts',(-35.3290343804277,38.1591502982708,3.));
#5310=CARTESIAN_POINT('Ctrl Pts',(-35.2965670071643,38.0025636824654,3.));
#5311=CARTESIAN_POINT('Ctrl Pts',(-35.279805528168,37.8483437799543,3.));
#5312=CARTESIAN_POINT('Ctrl Pts',(-35.2748944771688,37.6977129178555,3.));
#5313=CARTESIAN_POINT('Ctrl Pts',(-35.278747880788,37.5500936115752,3.));
#5314=CARTESIAN_POINT('Ctrl Pts',(-35.2889696894821,37.4039567622916,3.));
#5315=CARTESIAN_POINT('Ctrl Pts',(-35.3037769143123,37.2575860028757,3.));
#5316=CARTESIAN_POINT('Ctrl Pts',(-35.3219344289591,37.1100171912975,3.));
#5317=CARTESIAN_POINT('Ctrl Pts',(-35.342648125072,36.9614550443457,3.));
#5318=CARTESIAN_POINT('Ctrl Pts',(-35.3653559260563,36.812418465908,3.));
#5319=CARTESIAN_POINT('Ctrl Pts',(-35.3895294019393,36.6630739603829,3.));
#5320=CARTESIAN_POINT('Ctrl Pts',(-35.4144911102888,36.5126100049263,3.));
#5321=CARTESIAN_POINT('Ctrl Pts',(-35.439176191603,36.3583076215395,3.));
#5322=CARTESIAN_POINT('Ctrl Pts',(-35.4621359188992,36.1959983628535,3.));
#5323=CARTESIAN_POINT('Ctrl Pts',(-35.4805079749466,36.0322637567374,3.));
#5324=CARTESIAN_POINT('Ctrl Pts',(-35.4914799339242,35.8930484655732,3.));
#5325=CARTESIAN_POINT('Ctrl Pts',(-35.4970885052926,35.7857978231322,3.));
#5326=CARTESIAN_POINT('Ctrl Pts',(-35.4995476219822,35.7163308255226,3.));
#5327=CARTESIAN_POINT('Ctrl Pts',(-35.5003670942455,35.6876165351407,3.));
#5328=CARTESIAN_POINT('',(-34.6585564573831,35.6876165351407,3.));
#5329=CARTESIAN_POINT('',(-12.5335745550998,35.6876165351407,3.));
#5330=CARTESIAN_POINT('',(-32.1999992802739,38.8999991305172,3.));
#5331=CARTESIAN_POINT('Ctrl Pts',(-34.6585564573831,35.6876165351407,3.));
#5332=CARTESIAN_POINT('Ctrl Pts',(-34.6566675357145,35.7082341993013,3.));
#5333=CARTESIAN_POINT('Ctrl Pts',(-34.6514293114448,35.7626404816618,3.));
#5334=CARTESIAN_POINT('Ctrl Pts',(-34.6418191029373,35.8501988848723,3.));
#5335=CARTESIAN_POINT('Ctrl Pts',(-34.6254724606146,35.9701665428484,3.));
#5336=CARTESIAN_POINT('Ctrl Pts',(-34.5978288081628,36.1219631119588,3.));
#5337=CARTESIAN_POINT('Ctrl Pts',(-34.5586875601716,36.2844343304248,3.));
#5338=CARTESIAN_POINT('Ctrl Pts',(-34.5107380268678,36.4422358680681,3.));
#5339=CARTESIAN_POINT('Ctrl Pts',(-34.455205938964,36.592091467948,3.));
#5340=CARTESIAN_POINT('Ctrl Pts',(-34.3938707623696,36.7306376579312,3.));
#5341=CARTESIAN_POINT('Ctrl Pts',(-34.3286784011019,36.8553297865743,3.));
#5342=CARTESIAN_POINT('Ctrl Pts',(-34.2613992869537,36.9651897028811,3.));
#5343=CARTESIAN_POINT('Ctrl Pts',(-34.1932027535094,37.0619009830476,3.));
#5344=CARTESIAN_POINT('Ctrl Pts',(-34.1245497760032,37.1495160349296,3.));
#5345=CARTESIAN_POINT('Ctrl Pts',(-34.0553086987604,37.2331376277388,3.));
#5346=CARTESIAN_POINT('Ctrl Pts',(-33.9848117194245,37.3179442327934,3.));
#5347=CARTESIAN_POINT('Ctrl Pts',(-33.9119218345873,37.4079764785693,3.));
#5348=CARTESIAN_POINT('Ctrl Pts',(-33.8351367959046,37.5053230306007,3.));
#5349=CARTESIAN_POINT('Ctrl Pts',(-33.7528678226198,37.6105789822261,3.));
#5350=CARTESIAN_POINT('Ctrl Pts',(-33.6637001744564,37.7231161322361,3.));
#5351=CARTESIAN_POINT('Ctrl Pts',(-33.5666393176005,37.8414187067156,3.));
#5352=CARTESIAN_POINT('Ctrl Pts',(-33.4614149200842,37.9634088959246,3.));
#5353=CARTESIAN_POINT('Ctrl Pts',(-33.3485848573333,38.0867159133783,3.));
#5354=CARTESIAN_POINT('Ctrl Pts',(-33.2292575129191,38.2088102897654,3.));
#5355=CARTESIAN_POINT('Ctrl Pts',(-33.1049009909326,38.3271662404439,3.));
#5356=CARTESIAN_POINT('Ctrl Pts',(-32.9771112108824,38.4394183050018,3.));
#5357=CARTESIAN_POINT('Ctrl Pts',(-32.8474123016451,38.543507548492,3.));
#5358=CARTESIAN_POINT('Ctrl Pts',(-32.7170072946193,38.6378638439601,3.));
#5359=CARTESIAN_POINT('Ctrl Pts',(-32.5866777311294,38.7214604073604,3.));
#5360=CARTESIAN_POINT('Ctrl Pts',(-32.4568997317087,38.7936763490869,3.));
#5361=CARTESIAN_POINT('Ctrl Pts',(-32.3537066243793,38.842099593467,3.));
#5362=CARTESIAN_POINT('Ctrl Pts',(-32.2767014701427,38.8731121874678,3.));
#5363=CARTESIAN_POINT('Ctrl Pts',(-32.2255378212193,38.8914297370282,3.));
#5364=CARTESIAN_POINT('Ctrl Pts',(-32.1999992802739,38.8999991305172,3.));
#5365=CARTESIAN_POINT('',(-33.1361600975693,35.6876165351407,3.));
#5366=CARTESIAN_POINT('Ctrl Pts',(-32.1999992802739,38.8999991305172,3.));
#5367=CARTESIAN_POINT('Ctrl Pts',(-32.1913696977422,38.9064299691872,3.));
#5368=CARTESIAN_POINT('Ctrl Pts',(-32.172078026557,38.9188450924439,3.));
#5369=CARTESIAN_POINT('Ctrl Pts',(-32.1370429779132,38.9361281072217,3.));
#5370=CARTESIAN_POINT('Ctrl Pts',(-32.0781343944842,38.9564927877697,3.));
#5371=CARTESIAN_POINT('Ctrl Pts',(-31.98424867501,38.9775090511828,3.));
#5372=CARTESIAN_POINT('Ctrl Pts',(-31.8703457774594,38.9941656038329,3.));
#5373=CARTESIAN_POINT('Ctrl Pts',(-31.7368869177236,39.0066204622772,3.));
#5374=CARTESIAN_POINT('Ctrl Pts',(-31.5846582967516,39.0151426081633,3.));
#5375=CARTESIAN_POINT('Ctrl Pts',(-31.4147748780775,39.0201137827017,3.));
#5376=CARTESIAN_POINT('Ctrl Pts',(-31.2285879251137,39.0219980983391,3.));
#5377=CARTESIAN_POINT('Ctrl Pts',(-31.0276183059854,39.0213202718995,3.));
#5378=CARTESIAN_POINT('Ctrl Pts',(-30.8134794114963,39.0186403728188,3.));
#5379=CARTESIAN_POINT('Ctrl Pts',(-30.5878042800682,39.0145300061784,3.));
#5380=CARTESIAN_POINT('Ctrl Pts',(-30.3521715062307,39.0095480246885,3.));
#5381=CARTESIAN_POINT('Ctrl Pts',(-30.1080303018795,39.004216107773,3.));
#5382=CARTESIAN_POINT('Ctrl Pts',(-29.856629098091,38.9989951755408,3.));
#5383=CARTESIAN_POINT('Ctrl Pts',(-29.5989349792279,38.9942595694224,3.));
#5384=CARTESIAN_POINT('Ctrl Pts',(-29.3355799462923,38.9902777991778,3.));
#5385=CARTESIAN_POINT('Ctrl Pts',(-29.0669408855211,38.9872260523256,3.));
#5386=CARTESIAN_POINT('Ctrl Pts',(-28.7932020832955,38.9851974226838,3.));
#5387=CARTESIAN_POINT('Ctrl Pts',(-28.5144244861924,38.9842127913761,3.));
#5388=CARTESIAN_POINT('Ctrl Pts',(-28.2306120917028,38.9842309966748,3.));
#5389=CARTESIAN_POINT('Ctrl Pts',(-27.9417795223512,38.9851593010746,3.));
#5390=CARTESIAN_POINT('Ctrl Pts',(-27.6480191885375,38.9868637282105,3.));
#5391=CARTESIAN_POINT('Ctrl Pts',(-27.349568404845,38.9891794423473,3.));
#5392=CARTESIAN_POINT('Ctrl Pts',(-27.0468770741913,38.9919211259779,3.));
#5393=CARTESIAN_POINT('Ctrl Pts',(-26.7406739076188,38.9948933089325,3.));
#5394=CARTESIAN_POINT('Ctrl Pts',(-26.4320361851492,38.9979008255143,3.));
#5395=CARTESIAN_POINT('Ctrl Pts',(-26.1224513084562,39.0007589630749,3.));
#5396=CARTESIAN_POINT('Ctrl Pts',(-25.8138980955282,39.003304353254,3.));
#5397=CARTESIAN_POINT('Ctrl Pts',(-25.5088688523572,39.0054036323527,3.));
#5398=CARTESIAN_POINT('Ctrl Pts',(-25.2102045457896,39.0069550557547,3.));
#5399=CARTESIAN_POINT('Ctrl Pts',(-24.9209619344018,39.0078913230196,3.));
#5400=CARTESIAN_POINT('Ctrl Pts',(-24.6442681253801,39.0081819202304,3.));
#5401=CARTESIAN_POINT('Ctrl Pts',(-24.383180538348,39.0078356937723,3.));
#5402=CARTESIAN_POINT('Ctrl Pts',(-24.1405444666072,39.0069032786051,3.));
#5403=CARTESIAN_POINT('Ctrl Pts',(-23.9188518240122,39.005479710002,3.));
#5404=CARTESIAN_POINT('Ctrl Pts',(-23.7200989523095,39.0037066907131,3.));
#5405=CARTESIAN_POINT('Ctrl Pts',(-23.5456457006778,39.0017756391705,3.));
#5406=CARTESIAN_POINT('Ctrl Pts',(-23.3960717624608,38.9999289493999,3.));
#5407=CARTESIAN_POINT('Ctrl Pts',(-23.2710390652092,38.9984653970552,3.));
#5408=CARTESIAN_POINT('Ctrl Pts',(-23.1691398409967,38.997736256757,3.));
#5409=CARTESIAN_POINT('Ctrl Pts',(-23.0878375655109,38.9979984197046,3.));
#5410=CARTESIAN_POINT('Ctrl Pts',(-23.0233366228334,38.9992018510548,3.));
#5411=CARTESIAN_POINT('Ctrl Pts',(-22.970619869483,39.0009252545554,3.));
#5412=CARTESIAN_POINT('Ctrl Pts',(-22.9230747741126,39.0019541806118,3.));
#5413=CARTESIAN_POINT('Ctrl Pts',(-22.8736471541676,39.0011072438322,3.));
#5414=CARTESIAN_POINT('Ctrl Pts',(-22.8170214529627,38.9985082653375,3.));
#5415=CARTESIAN_POINT('Ctrl Pts',(-22.7519722019409,38.9977314404691,3.));
#5416=CARTESIAN_POINT('Ctrl Pts',(-22.6816210741099,39.0034770811179,3.));
#5417=CARTESIAN_POINT('Ctrl Pts',(-22.6120065426337,39.0168947238774,3.));
#5418=CARTESIAN_POINT('Ctrl Pts',(-22.5514275926897,39.0305196860812,3.));
#5419=CARTESIAN_POINT('Ctrl Pts',(-22.5088252994005,39.0261590624338,3.));
#5420=CARTESIAN_POINT('Ctrl Pts',(-22.4897243863674,38.9890032337585,3.));
#5421=CARTESIAN_POINT('Ctrl Pts',(-22.4904323999603,38.9259318280374,3.));
#5422=CARTESIAN_POINT('Ctrl Pts',(-22.4986346900394,38.8652851082734,3.));
#5423=CARTESIAN_POINT('Ctrl Pts',(-22.5024373949565,38.8315981104746,3.));
#5424=CARTESIAN_POINT('Ctrl Pts',(-22.4997823523027,38.8191401712157,3.));
#5425=CARTESIAN_POINT('Ctrl Pts',(-22.4991007221317,38.7920566058232,3.));
#5426=CARTESIAN_POINT('Ctrl Pts',(-22.5048898010364,38.7312363510068,3.));
#5427=CARTESIAN_POINT('Ctrl Pts',(-22.5139414224525,38.6464296626088,3.));
#5428=CARTESIAN_POINT('Ctrl Pts',(-22.5206956692701,38.5572678474426,3.));
#5429=CARTESIAN_POINT('Ctrl Pts',(-22.5202339181648,38.4824215366894,3.));
#5430=CARTESIAN_POINT('Ctrl Pts',(-22.5131383963461,38.4223463403052,3.));
#5431=CARTESIAN_POINT('Ctrl Pts',(-22.503970104961,38.3638885891823,3.));
#5432=CARTESIAN_POINT('Ctrl Pts',(-22.4979406192983,38.2911441749744,3.));
#5433=CARTESIAN_POINT('Ctrl Pts',(-22.4978673808759,38.1951899185352,3.));
#5434=CARTESIAN_POINT('Ctrl Pts',(-22.5018571470652,38.0817631906537,3.));
#5435=CARTESIAN_POINT('Ctrl Pts',(-22.5058621494414,37.9641575476406,3.));
#5436=CARTESIAN_POINT('Ctrl Pts',(-22.5057080850609,37.8578964526164,3.));
#5437=CARTESIAN_POINT('Ctrl Pts',(-22.4990466189733,37.7752337491553,3.));
#5438=CARTESIAN_POINT('Ctrl Pts',(-22.4880026472086,37.7184979150966,3.));
#5439=CARTESIAN_POINT('Ctrl Pts',(-22.479529089688,37.677687729542,3.));
#5440=CARTESIAN_POINT('Ctrl Pts',(-22.4800219331103,37.6399138617941,3.));
#5441=CARTESIAN_POINT('Ctrl Pts',(-22.4894030103105,37.5986680950116,3.));
#5442=CARTESIAN_POINT('Ctrl Pts',(-22.4998104433043,37.5577116462826,3.));
#5443=CARTESIAN_POINT('Ctrl Pts',(-22.5042789511626,37.5220890874905,3.));
#5444=CARTESIAN_POINT('Ctrl Pts',(-22.504994195968,37.4902366779485,3.));
#5445=CARTESIAN_POINT('Ctrl Pts',(-22.51104252769,37.456527069567,3.));
#5446=CARTESIAN_POINT('Ctrl Pts',(-22.5315012563545,37.419396292114,3.));
#5447=CARTESIAN_POINT('Ctrl Pts',(-22.5725426777588,37.3831458163161,3.));
#5448=CARTESIAN_POINT('Ctrl Pts',(-22.6379681819543,37.3536575044917,3.));
#5449=CARTESIAN_POINT('Ctrl Pts',(-22.7289286452953,37.3348017884614,3.));
#5450=CARTESIAN_POINT('Ctrl Pts',(-22.8443607951011,37.3273409277259,3.));
#5451=CARTESIAN_POINT('Ctrl Pts',(-22.9815985983117,37.3301211832513,3.));
#5452=CARTESIAN_POINT('Ctrl Pts',(-23.1369407461289,37.3405417884427,3.));
#5453=CARTESIAN_POINT('Ctrl Pts',(-23.3062513934052,37.3553430698341,3.));
#5454=CARTESIAN_POINT('Ctrl Pts',(-23.485509153127,37.3712137069709,3.));
#5455=CARTESIAN_POINT('Ctrl Pts',(-23.6714701926764,37.3855833230063,3.));
#5456=CARTESIAN_POINT('Ctrl Pts',(-23.8619430794642,37.3969382707453,3.));
#5457=CARTESIAN_POINT('Ctrl Pts',(-24.055568386484,37.4045672966332,3.));
#5458=CARTESIAN_POINT('Ctrl Pts',(-24.2517228730685,37.4084488273208,3.));
#5459=CARTESIAN_POINT('Ctrl Pts',(-24.4503733798919,37.4090813002096,3.));
#5460=CARTESIAN_POINT('Ctrl Pts',(-24.6519519150327,37.4073371911111,3.));
#5461=CARTESIAN_POINT('Ctrl Pts',(-24.8572225930575,37.40430859004,3.));
#5462=CARTESIAN_POINT('Ctrl Pts',(-25.0671499891393,37.4011524949501,3.));
#5463=CARTESIAN_POINT('Ctrl Pts',(-25.2827718869993,37.3989454579069,3.));
#5464=CARTESIAN_POINT('Ctrl Pts',(-25.5050580101694,37.3985117216166,3.));
#5465=CARTESIAN_POINT('Ctrl Pts',(-25.7348172643901,37.4003414286382,3.));
#5466=CARTESIAN_POINT('Ctrl Pts',(-25.9726839672837,37.4046550552354,3.));
#5467=CARTESIAN_POINT('Ctrl Pts',(-26.2190857201384,37.4114338524796,3.));
#5468=CARTESIAN_POINT('Ctrl Pts',(-26.4742186242003,37.4204639652795,3.));
#5469=CARTESIAN_POINT('Ctrl Pts',(-26.7380194013349,37.4313746559206,3.));
#5470=CARTESIAN_POINT('Ctrl Pts',(-27.010138658513,37.443679102369,3.));
#5471=CARTESIAN_POINT('Ctrl Pts',(-27.2899140030691,37.4568139435218,3.));
#5472=CARTESIAN_POINT('Ctrl Pts',(-27.5763423217208,37.4701796577984,3.));
#5473=CARTESIAN_POINT('Ctrl Pts',(-27.8680543982292,37.4831798730526,3.));
#5474=CARTESIAN_POINT('Ctrl Pts',(-28.1632838030921,37.4952627733303,3.));
#5475=CARTESIAN_POINT('Ctrl Pts',(-28.4598491592363,37.5059577758064,3.));
#5476=CARTESIAN_POINT('Ctrl Pts',(-28.7551033758189,37.5149237753057,3.));
#5477=CARTESIAN_POINT('Ctrl Pts',(-29.0460105930897,37.5219527074322,3.));
#5478=CARTESIAN_POINT('Ctrl Pts',(-29.329331416904,37.5269352273227,3.));
#5479=CARTESIAN_POINT('Ctrl Pts',(-29.6017776066662,37.5298370918508,3.));
#5480=CARTESIAN_POINT('Ctrl Pts',(-29.8601791046851,37.5306711893239,3.));
#5481=CARTESIAN_POINT('Ctrl Pts',(-30.1016462134033,37.5294713672434,3.));
#5482=CARTESIAN_POINT('Ctrl Pts',(-30.323732893305,37.5262656584606,3.));
#5483=CARTESIAN_POINT('Ctrl Pts',(-30.5246019271869,37.5210493741489,3.));
#5484=CARTESIAN_POINT('Ctrl Pts',(-30.7031839860071,37.5137591632918,3.));
#5485=CARTESIAN_POINT('Ctrl Pts',(-30.8593518491679,37.5042445311205,3.));
#5486=CARTESIAN_POINT('Ctrl Pts',(-30.9940590011973,37.4922454134099,3.));
#5487=CARTESIAN_POINT('Ctrl Pts',(-31.1095679654631,37.4773544851591,3.));
#5488=CARTESIAN_POINT('Ctrl Pts',(-31.2092424735612,37.4590537572245,3.));
#5489=CARTESIAN_POINT('Ctrl Pts',(-31.297138153954,37.4367855679936,3.));
#5490=CARTESIAN_POINT('Ctrl Pts',(-31.3776575270126,37.4100124829082,3.));
#5491=CARTESIAN_POINT('Ctrl Pts',(-31.4551777243178,37.3782821792182,3.));
#5492=CARTESIAN_POINT('Ctrl Pts',(-31.5336914480372,37.341289241396,3.));
#5493=CARTESIAN_POINT('Ctrl Pts',(-31.616432212695,37.2989441470184,3.));
#5494=CARTESIAN_POINT('Ctrl Pts',(-31.7054947624336,37.2514451297728,3.));
#5495=CARTESIAN_POINT('Ctrl Pts',(-31.8014611904084,37.1993479639042,3.));
#5496=CARTESIAN_POINT('Ctrl Pts',(-31.9030144005678,37.1436394049701,3.));
#5497=CARTESIAN_POINT('Ctrl Pts',(-32.0065859924451,37.0858010520003,3.));
#5498=CARTESIAN_POINT('Ctrl Pts',(-32.107501212985,37.0274326899051,3.));
#5499=CARTESIAN_POINT('Ctrl Pts',(-32.2010570230239,36.9698985660981,3.));
#5500=CARTESIAN_POINT('Ctrl Pts',(-32.2836828531426,36.9139416174412,3.));
#5501=CARTESIAN_POINT('Ctrl Pts',(-32.3539342785215,36.8593649398047,3.));
#5502=CARTESIAN_POINT('Ctrl Pts',(-32.4138995385778,36.8045455563025,3.));
#5503=CARTESIAN_POINT('Ctrl Pts',(-32.4682136698406,36.7469268403253,3.));
#5504=CARTESIAN_POINT('Ctrl Pts',(-32.5221902191028,36.6838815105087,3.));
#5505=CARTESIAN_POINT('Ctrl Pts',(-32.5804010099085,36.6133715198474,3.));
#5506=CARTESIAN_POINT('Ctrl Pts',(-32.6446984789912,36.534883804598,3.));
#5507=CARTESIAN_POINT('Ctrl Pts',(-32.7139956013784,36.4494652799577,3.));
#5508=CARTESIAN_POINT('Ctrl Pts',(-32.7854957658124,36.3590126683106,3.));
#5509=CARTESIAN_POINT('Ctrl Pts',(-32.8555429806141,36.265751483891,3.));
#5510=CARTESIAN_POINT('Ctrl Pts',(-32.9205733665212,36.171679103137,3.));
#5511=CARTESIAN_POINT('Ctrl Pts',(-32.9781528168862,36.0779238259589,3.));
#5512=CARTESIAN_POINT('Ctrl Pts',(-33.0275569166303,35.9844617604899,3.));
#5513=CARTESIAN_POINT('Ctrl Pts',(-33.0691646911051,35.8907236800707,3.));
#5514=CARTESIAN_POINT('Ctrl Pts',(-33.0979967344794,35.8125395481375,3.));
#5515=CARTESIAN_POINT('Ctrl Pts',(-33.1172417317293,35.7526917738254,3.));
#5516=CARTESIAN_POINT('Ctrl Pts',(-33.1293204428238,35.7117995772655,3.));
#5517=CARTESIAN_POINT('Ctrl Pts',(-33.1354615838452,35.6900972895464,3.));
#5518=CARTESIAN_POINT('Ctrl Pts',(-33.1361600975693,35.6876165351407,3.));
#5519=CARTESIAN_POINT('',(-31.9699878071697,35.6876165351407,3.));
#5520=CARTESIAN_POINT('',(-12.5335745550998,35.6876165351407,3.));
#5521=CARTESIAN_POINT('',(-28.7220821551155,35.6876165351407,3.));
#5522=CARTESIAN_POINT('Ctrl Pts',(-31.9699878071697,35.6876165351407,3.));
#5523=CARTESIAN_POINT('Ctrl Pts',(-31.9570422812254,35.7048233555815,3.));
#5524=CARTESIAN_POINT('Ctrl Pts',(-31.9262860613468,35.7447314109082,3.));
#5525=CARTESIAN_POINT('Ctrl Pts',(-31.8762780417474,35.8063699616115,3.));
#5526=CARTESIAN_POINT('Ctrl Pts',(-31.8056943565631,35.8878457936467,3.));
#5527=CARTESIAN_POINT('Ctrl Pts',(-31.7148173233665,35.9860461582243,3.));
#5528=CARTESIAN_POINT('Ctrl Pts',(-31.6192139709965,36.0833529597785,3.));
#5529=CARTESIAN_POINT('Ctrl Pts',(-31.5230007083261,36.1743340165228,3.));
#5530=CARTESIAN_POINT('Ctrl Pts',(-31.4236877553422,36.2588877423434,3.));
#5531=CARTESIAN_POINT('Ctrl Pts',(-31.3178902013224,36.3369260143086,3.));
#5532=CARTESIAN_POINT('Ctrl Pts',(-31.2021147955979,36.4082670604829,3.));
#5533=CARTESIAN_POINT('Ctrl Pts',(-31.0736352392821,36.4725147357012,3.));
#5534=CARTESIAN_POINT('Ctrl Pts',(-30.9312349511719,36.5289635893682,3.));
#5535=CARTESIAN_POINT('Ctrl Pts',(-30.7762405044898,36.5764435139426,3.));
#5536=CARTESIAN_POINT('Ctrl Pts',(-30.612513788996,36.6133836779732,3.));
#5537=CARTESIAN_POINT('Ctrl Pts',(-30.4453883641371,36.6380986623061,3.));
#5538=CARTESIAN_POINT('Ctrl Pts',(-30.2808825608216,36.6490173872749,3.));
#5539=CARTESIAN_POINT('Ctrl Pts',(-30.1248158641842,36.6449297374106,3.));
#5540=CARTESIAN_POINT('Ctrl Pts',(-29.981929492026,36.6252386769093,3.));
#5541=CARTESIAN_POINT('Ctrl Pts',(-29.8550918341614,36.5901796781933,3.));
#5542=CARTESIAN_POINT('Ctrl Pts',(-29.7442567466437,36.5411280055012,3.));
#5543=CARTESIAN_POINT('Ctrl Pts',(-29.6462337254299,36.4806210487583,3.));
#5544=CARTESIAN_POINT('Ctrl Pts',(-29.5561386236259,36.4117914115225,3.));
#5545=CARTESIAN_POINT('Ctrl Pts',(-29.4684697780951,36.3379321691594,3.));
#5546=CARTESIAN_POINT('Ctrl Pts',(-29.3783740463732,36.2619933452104,3.));
#5547=CARTESIAN_POINT('Ctrl Pts',(-29.2827384663264,36.1861447702366,3.));
#5548=CARTESIAN_POINT('Ctrl Pts',(-29.1815990218258,36.111214293117,3.));
#5549=CARTESIAN_POINT('Ctrl Pts',(-29.0776869298839,36.0368646317542,3.));
#5550=CARTESIAN_POINT('Ctrl Pts',(-28.9754727475243,35.9619697208534,3.));
#5551=CARTESIAN_POINT('Ctrl Pts',(-28.8803815463802,35.8849231110086,3.));
#5552=CARTESIAN_POINT('Ctrl Pts',(-28.8092776580875,35.8151147048096,3.));
#5553=CARTESIAN_POINT('Ctrl Pts',(-28.7642272378327,35.7584961366628,3.));
#5554=CARTESIAN_POINT('Ctrl Pts',(-28.7381001541158,35.7172946226089,3.));
#5555=CARTESIAN_POINT('Ctrl Pts',(-28.7250762159496,35.6933444452935,3.));
#5556=CARTESIAN_POINT('Ctrl Pts',(-28.7220821551155,35.6876165351407,3.));
#5557=CARTESIAN_POINT('',(40.7357476096313,35.6876165351407,3.));
#5558=CARTESIAN_POINT('',(-12.5335745550998,35.6876165351407,3.));
#5559=CARTESIAN_POINT('',(40.7357476096313,-63.6800682450349,3.));
#5560=CARTESIAN_POINT('',(40.7357476096313,10.636007397168,3.));
#5561=CARTESIAN_POINT('',(-38.3642057133655,-63.6800682450349,3.));
#5562=CARTESIAN_POINT('',(26.0164021062655,-63.6800682450349,3.));
#5563=CARTESIAN_POINT('',(-38.3642057132962,-38.0478349928499,3.));
#5564=CARTESIAN_POINT('',(-38.3642057132962,-38.0478349928499,3.));
#5565=CARTESIAN_POINT('',(-38.3642057132962,-38.0478349928499,3.));
#5566=CARTESIAN_POINT('Origin',(-28.5987087981543,35.1789720251115,3.));
#5567=CARTESIAN_POINT('',(-12.5335745550998,35.6876165351407,3.));
#5568=CARTESIAN_POINT('Ctrl Pts',(-33.1361600975693,35.6876165351407,3.));
#5569=CARTESIAN_POINT('Ctrl Pts',(-33.1408742727911,35.6708742571488,3.));
#5570=CARTESIAN_POINT('Ctrl Pts',(-33.1506663203793,35.634892181699,3.));
#5571=CARTESIAN_POINT('Ctrl Pts',(-33.1646555368529,35.579729383967,3.));
#5572=CARTESIAN_POINT('Ctrl Pts',(-33.1815975462782,35.5060852320118,3.));
#5573=CARTESIAN_POINT('Ctrl Pts',(-33.1999657611669,35.4164734528132,3.));
#5574=CARTESIAN_POINT('Ctrl Pts',(-33.2157940372021,35.3291717891793,3.));
#5575=CARTESIAN_POINT('Ctrl Pts',(-33.2285854667546,35.2467253543131,3.));
#5576=CARTESIAN_POINT('Ctrl Pts',(-33.2383361653694,35.1669573757088,3.));
#5577=CARTESIAN_POINT('Ctrl Pts',(-33.2451302539968,35.0861520367416,3.));
#5578=CARTESIAN_POINT('Ctrl Pts',(-33.2492123025401,35.0010621083655,3.));
#5579=CARTESIAN_POINT('Ctrl Pts',(-33.2510332967074,34.9102999592441,3.));
#5580=CARTESIAN_POINT('Ctrl Pts',(-33.2513770242642,34.8165563333352,3.));
#5581=CARTESIAN_POINT('Ctrl Pts',(-33.2511861128424,34.7263335619227,3.));
#5582=CARTESIAN_POINT('Ctrl Pts',(-33.2509232942171,34.6463958446261,3.));
#5583=CARTESIAN_POINT('Ctrl Pts',(-33.2501580350175,34.5813432015202,3.));
#5584=CARTESIAN_POINT('Ctrl Pts',(-33.2468220560064,34.530063282235,3.));
#5585=CARTESIAN_POINT('Ctrl Pts',(-33.2373262985272,34.4846933320011,3.));
#5586=CARTESIAN_POINT('Ctrl Pts',(-33.2187980939076,34.4360591899045,3.));
#5587=CARTESIAN_POINT('Ctrl Pts',(-33.1914152887787,34.3787832717226,3.));
#5588=CARTESIAN_POINT('Ctrl Pts',(-33.1593425377852,34.3142649822463,3.));
#5589=CARTESIAN_POINT('Ctrl Pts',(-33.127349162876,34.2466967182412,3.));
#5590=CARTESIAN_POINT('Ctrl Pts',(-33.0986235268154,34.1807415600319,3.));
#5591=CARTESIAN_POINT('Ctrl Pts',(-33.0712973468502,34.117903449743,3.));
#5592=CARTESIAN_POINT('Ctrl Pts',(-33.0401771003446,34.0571521654876,3.));
#5593=CARTESIAN_POINT('Ctrl Pts',(-33.0003480340264,33.9969943641752,3.));
#5594=CARTESIAN_POINT('Ctrl Pts',(-32.9502504116312,33.9371231593825,3.));
#5595=CARTESIAN_POINT('Ctrl Pts',(-32.8947632452019,33.8801331082308,3.));
#5596=CARTESIAN_POINT('Ctrl Pts',(-32.8412305245243,33.8293779708559,3.));
#5597=CARTESIAN_POINT('Ctrl Pts',(-32.7961776527744,33.7872461749444,3.));
#5598=CARTESIAN_POINT('Ctrl Pts',(-32.7610352636199,33.7528134556716,3.));
#5599=CARTESIAN_POINT('Ctrl Pts',(-32.7305126583482,33.7211695350484,3.));
#5600=CARTESIAN_POINT('Ctrl Pts',(-32.6973392343537,33.6866933873743,3.));
#5601=CARTESIAN_POINT('Ctrl Pts',(-32.6566462609069,33.6462010528729,3.));
#5602=CARTESIAN_POINT('Ctrl Pts',(-32.6079265830471,33.6002471370951,3.));
#5603=CARTESIAN_POINT('Ctrl Pts',(-32.5524159649791,33.5510621820982,3.));
#5604=CARTESIAN_POINT('Ctrl Pts',(-32.4916161917264,33.5013259324422,3.));
#5605=CARTESIAN_POINT('Ctrl Pts',(-32.425326226515,33.452578676152,3.));
#5606=CARTESIAN_POINT('Ctrl Pts',(-32.3526904031118,33.4056000435607,3.));
#5607=CARTESIAN_POINT('Ctrl Pts',(-32.2732825100416,33.3607731065301,3.));
#5608=CARTESIAN_POINT('Ctrl Pts',(-32.1880404068259,33.3184266522065,3.));
#5609=CARTESIAN_POINT('Ctrl Pts',(-32.1006203444372,33.2792647108127,3.));
#5610=CARTESIAN_POINT('Ctrl Pts',(-32.0162584118046,33.2442493200137,3.));
#5611=CARTESIAN_POINT('Ctrl Pts',(-31.9396098426731,33.2142537651613,3.));
#5612=CARTESIAN_POINT('Ctrl Pts',(-31.8732190226916,33.1898625385513,3.));
#5613=CARTESIAN_POINT('Ctrl Pts',(-31.8150428509959,33.1709449706757,3.));
#5614=CARTESIAN_POINT('Ctrl Pts',(-31.7587440695776,33.1568966706915,3.));
#5615=CARTESIAN_POINT('Ctrl Pts',(-31.6983099032489,33.1479217331097,3.));
#5616=CARTESIAN_POINT('Ctrl Pts',(-31.6317742935785,33.1461049413768,3.));
#5617=CARTESIAN_POINT('Ctrl Pts',(-31.5650333038026,33.1564767145704,3.));
#5618=CARTESIAN_POINT('Ctrl Pts',(-31.5077599275914,33.1839030937625,3.));
#5619=CARTESIAN_POINT('Ctrl Pts',(-31.4699933074837,33.2306120221954,3.));
#5620=CARTESIAN_POINT('Ctrl Pts',(-31.4578734255439,33.2925150684989,3.));
#5621=CARTESIAN_POINT('Ctrl Pts',(-31.4731770790889,33.3613783509587,3.));
#5622=CARTESIAN_POINT('Ctrl Pts',(-31.5142946600456,33.4288035141899,3.));
#5623=CARTESIAN_POINT('Ctrl Pts',(-31.576678538699,33.4903626544279,3.));
#5624=CARTESIAN_POINT('Ctrl Pts',(-31.6537219276544,33.5471200698101,3.));
#5625=CARTESIAN_POINT('Ctrl Pts',(-31.7378698949644,33.6029825181561,3.));
#5626=CARTESIAN_POINT('Ctrl Pts',(-31.8217210010512,33.6630298427775,3.));
#5627=CARTESIAN_POINT('Ctrl Pts',(-31.8990621545628,33.7315790051499,3.));
#5628=CARTESIAN_POINT('Ctrl Pts',(-31.9661113487192,33.8100247397764,3.));
#5629=CARTESIAN_POINT('Ctrl Pts',(-32.0213427468562,33.897270449517,3.));
#5630=CARTESIAN_POINT('Ctrl Pts',(-32.0649459281411,33.9908663996968,3.));
#5631=CARTESIAN_POINT('Ctrl Pts',(-32.0984101160634,34.0879234488971,3.));
#5632=CARTESIAN_POINT('Ctrl Pts',(-32.1240550663641,34.1860782726234,3.));
#5633=CARTESIAN_POINT('Ctrl Pts',(-32.1445877448661,34.2845496298077,3.));
#5634=CARTESIAN_POINT('Ctrl Pts',(-32.1626240993414,34.3837866495026,3.));
#5635=CARTESIAN_POINT('Ctrl Pts',(-32.180218792983,34.4849310390442,3.));
#5636=CARTESIAN_POINT('Ctrl Pts',(-32.1983786021935,34.5893395186765,3.));
#5637=CARTESIAN_POINT('Ctrl Pts',(-32.2166125908238,34.6980956558412,3.));
#5638=CARTESIAN_POINT('Ctrl Pts',(-32.2323863562212,34.8114866840889,3.));
#5639=CARTESIAN_POINT('Ctrl Pts',(-32.2418618289625,34.929122920178,3.));
#5640=CARTESIAN_POINT('Ctrl Pts',(-32.2407381263895,35.0501166567266,3.));
#5641=CARTESIAN_POINT('Ctrl Pts',(-32.2250846625916,35.1732420739086,3.));
#5642=CARTESIAN_POINT('Ctrl Pts',(-32.1921129266807,35.2970972594723,3.));
#5643=CARTESIAN_POINT('Ctrl Pts',(-32.1411304475367,35.4202794464081,3.));
#5644=CARTESIAN_POINT('Ctrl Pts',(-32.083969931557,35.5233566917902,3.));
#5645=CARTESIAN_POINT('Ctrl Pts',(-32.0333914736402,35.6005434628778,3.));
#5646=CARTESIAN_POINT('Ctrl Pts',(-31.9958484118729,35.6530097618402,3.));
#5647=CARTESIAN_POINT('Ctrl Pts',(-31.9743343694447,35.6818392096829,3.));
#5648=CARTESIAN_POINT('Ctrl Pts',(-31.9699878071697,35.6876165351407,3.));
#5649=CARTESIAN_POINT('',(-12.5335745550998,35.6876165351407,3.));
#5650=CARTESIAN_POINT('',(-28.699999358505,35.2999992109835,3.));
#5651=CARTESIAN_POINT('Ctrl Pts',(-28.7220821551155,35.6876165351407,3.));
#5652=CARTESIAN_POINT('Ctrl Pts',(-28.7154795984506,35.6749852449127,3.));
#5653=CARTESIAN_POINT('Ctrl Pts',(-28.70050968412,35.6436062426255,3.));
#5654=CARTESIAN_POINT('Ctrl Pts',(-28.6815873265237,35.5920829056594,3.));
#5655=CARTESIAN_POINT('Ctrl Pts',(-28.6668594528433,35.5178328488928,3.));
#5656=CARTESIAN_POINT('Ctrl Pts',(-28.6681297691151,35.4385084840941,3.));
#5657=CARTESIAN_POINT('Ctrl Pts',(-28.6798922112014,35.3705778002385,3.));
#5658=CARTESIAN_POINT('Ctrl Pts',(-28.6925022432749,35.3237775884828,3.));
#5659=CARTESIAN_POINT('Ctrl Pts',(-28.699999358505,35.2999992109835,3.));
#5660=CARTESIAN_POINT('Ctrl Pts',(-34.6585564573831,35.6876165351407,3.));
#5661=CARTESIAN_POINT('Ctrl Pts',(-34.6597797913495,35.6742637904001,3.));
#5662=CARTESIAN_POINT('Ctrl Pts',(-34.6639822921838,35.6268385713293,3.));
#5663=CARTESIAN_POINT('Ctrl Pts',(-34.670439710239,35.5447092814582,3.));
#5664=CARTESIAN_POINT('Ctrl Pts',(-34.6781609085473,35.4262935689526,3.));
#5665=CARTESIAN_POINT('Ctrl Pts',(-34.6868006195501,35.2680778715235,3.));
#5666=CARTESIAN_POINT('Ctrl Pts',(-34.6963018455598,35.0794182408498,3.));
#5667=CARTESIAN_POINT('Ctrl Pts',(-34.7058434816379,34.8808015882105,3.));
#5668=CARTESIAN_POINT('Ctrl Pts',(-34.7140457474726,34.6721211804999,3.));
#5669=CARTESIAN_POINT('Ctrl Pts',(-34.7178885066206,34.4545482340067,3.));
#5670=CARTESIAN_POINT('Ctrl Pts',(-34.7132967686773,34.2301579169608,3.));
#5671=CARTESIAN_POINT('Ctrl Pts',(-34.6955826923533,34.001672430228,3.));
#5672=CARTESIAN_POINT('Ctrl Pts',(-34.6599484321112,33.7721548648512,3.));
#5673=CARTESIAN_POINT('Ctrl Pts',(-34.6019588324534,33.5447266607393,3.));
#5674=CARTESIAN_POINT('Ctrl Pts',(-34.5180364581327,33.3222694040581,3.));
#5675=CARTESIAN_POINT('Ctrl Pts',(-34.4059252688314,33.1071463944308,3.));
#5676=CARTESIAN_POINT('Ctrl Pts',(-34.2652267549769,32.9008806385243,3.));
#5677=CARTESIAN_POINT('Ctrl Pts',(-34.0971329041906,32.7043115597262,3.));
#5678=CARTESIAN_POINT('Ctrl Pts',(-33.9040682165433,32.5178057829401,3.));
#5679=CARTESIAN_POINT('Ctrl Pts',(-33.6893638426661,32.3414490304806,3.));
#5680=CARTESIAN_POINT('Ctrl Pts',(-33.4569197353229,32.1752448117752,3.));
#5681=CARTESIAN_POINT('Ctrl Pts',(-33.2108691388866,32.0193126525011,3.));
#5682=CARTESIAN_POINT('Ctrl Pts',(-32.9552491032118,31.8740807362898,3.));
#5683=CARTESIAN_POINT('Ctrl Pts',(-32.6936522749257,31.740494490619,3.));
#5684=CARTESIAN_POINT('Ctrl Pts',(-32.4289244731346,31.6201868394294,3.));
#5685=CARTESIAN_POINT('Ctrl Pts',(-32.1627467062718,31.5157450459688,3.));
#5686=CARTESIAN_POINT('Ctrl Pts',(-31.8957473619126,31.4305346539668,3.));
#5687=CARTESIAN_POINT('Ctrl Pts',(-31.6278939159876,31.3682899231655,3.));
#5688=CARTESIAN_POINT('Ctrl Pts',(-31.3587984130722,31.3327762554336,3.));
#5689=CARTESIAN_POINT('Ctrl Pts',(-31.0880567140102,31.3274243641417,3.));
#5690=CARTESIAN_POINT('Ctrl Pts',(-30.8155775736249,31.3549728708118,3.));
#5691=CARTESIAN_POINT('Ctrl Pts',(-30.5419060694856,31.4171155401237,3.));
#5692=CARTESIAN_POINT('Ctrl Pts',(-30.2685730248085,31.5141267003297,3.));
#5693=CARTESIAN_POINT('Ctrl Pts',(-29.9983788028974,31.6445413808898,3.));
#5694=CARTESIAN_POINT('Ctrl Pts',(-29.7358387185744,31.8047002932076,3.));
#5695=CARTESIAN_POINT('Ctrl Pts',(-29.4871001228593,31.9887362134502,3.));
#5696=CARTESIAN_POINT('Ctrl Pts',(-29.2589509172319,32.1893208665544,3.));
#5697=CARTESIAN_POINT('Ctrl Pts',(-29.0580298858472,32.3982410715703,3.));
#5698=CARTESIAN_POINT('Ctrl Pts',(-28.8899643452782,32.6070396085362,3.));
#5699=CARTESIAN_POINT('Ctrl Pts',(-28.7585193741235,32.8076366325493,3.));
#5700=CARTESIAN_POINT('Ctrl Pts',(-28.6647863882111,32.9929401856003,3.));
#5701=CARTESIAN_POINT('Ctrl Pts',(-28.6062501280812,33.1575065200917,3.));
#5702=CARTESIAN_POINT('Ctrl Pts',(-28.5761511800948,33.2980739875183,3.));
#5703=CARTESIAN_POINT('Ctrl Pts',(-28.5620960131429,33.4144212264956,3.));
#5704=CARTESIAN_POINT('Ctrl Pts',(-28.5484223410056,33.5086098576609,3.));
#5705=CARTESIAN_POINT('Ctrl Pts',(-28.5206185284754,33.5833553497978,3.));
#5706=CARTESIAN_POINT('Ctrl Pts',(-28.4685900364746,33.6408703975883,3.));
#5707=CARTESIAN_POINT('Ctrl Pts',(-28.3916169191967,33.6810391861427,3.));
#5708=CARTESIAN_POINT('Ctrl Pts',(-28.2963143571765,33.7023272900082,3.));
#5709=CARTESIAN_POINT('Ctrl Pts',(-28.1914811800252,33.7039056388936,3.));
#5710=CARTESIAN_POINT('Ctrl Pts',(-28.0836824080186,33.6874877844441,3.));
#5711=CARTESIAN_POINT('Ctrl Pts',(-27.9731821857429,33.659029733256,3.));
#5712=CARTESIAN_POINT('Ctrl Pts',(-27.8579333150683,33.6270146721146,3.));
#5713=CARTESIAN_POINT('Ctrl Pts',(-27.7372510790498,33.6009816283036,3.));
#5714=CARTESIAN_POINT('Ctrl Pts',(-27.614953042462,33.5900125436223,3.));
#5715=CARTESIAN_POINT('Ctrl Pts',(-27.5043634269604,33.6011059923197,3.));
#5716=CARTESIAN_POINT('Ctrl Pts',(-27.423545282948,33.6383506679989,3.));
#5717=CARTESIAN_POINT('Ctrl Pts',(-27.3866841365073,33.702506318625,3.));
#5718=CARTESIAN_POINT('Ctrl Pts',(-27.3961268307208,33.7903613331951,3.));
#5719=CARTESIAN_POINT('Ctrl Pts',(-27.4357695786058,33.8944357642616,3.));
#5720=CARTESIAN_POINT('Ctrl Pts',(-27.4813962587973,34.005290980741,3.));
#5721=CARTESIAN_POINT('Ctrl Pts',(-27.5091665050483,34.1135631204326,3.));
#5722=CARTESIAN_POINT('Ctrl Pts',(-27.5053439135856,34.2122058135569,3.));
#5723=CARTESIAN_POINT('Ctrl Pts',(-27.4739606594323,34.2983456491122,3.));
#5724=CARTESIAN_POINT('Ctrl Pts',(-27.4262336476312,34.371835403053,3.));
#5725=CARTESIAN_POINT('Ctrl Pts',(-27.3725357531674,34.4341664413194,3.));
#5726=CARTESIAN_POINT('Ctrl Pts',(-27.3111850733401,34.4870712289056,3.));
#5727=CARTESIAN_POINT('Ctrl Pts',(-27.22744916499,34.5319537297733,3.));
#5728=CARTESIAN_POINT('Ctrl Pts',(-27.1013564803168,34.5699986548412,3.));
#5729=CARTESIAN_POINT('Ctrl Pts',(-26.9130357395054,34.6020945380437,3.));
#5730=CARTESIAN_POINT('Ctrl Pts',(-26.6491271865809,34.6288316979537,3.));
#5731=CARTESIAN_POINT('Ctrl Pts',(-26.3085698819555,34.6504713512491,3.));
#5732=CARTESIAN_POINT('Ctrl Pts',(-25.9002600928245,34.6670948869722,3.));
#5733=CARTESIAN_POINT('Ctrl Pts',(-25.4408176078553,34.6787432407585,3.));
#5734=CARTESIAN_POINT('Ctrl Pts',(-24.9523178521715,34.6855605052156,3.));
#5735=CARTESIAN_POINT('Ctrl Pts',(-24.4600409353042,34.6879352674347,3.));
#5736=CARTESIAN_POINT('Ctrl Pts',(-23.9902119373415,34.6866440798589,3.));
#5737=CARTESIAN_POINT('Ctrl Pts',(-23.5677511810752,34.6829915425159,3.));
#5738=CARTESIAN_POINT('Ctrl Pts',(-23.214006582242,34.6789579145554,3.));
#5739=CARTESIAN_POINT('Ctrl Pts',(-22.9445242209873,34.67732984005,3.));
#5740=CARTESIAN_POINT('Ctrl Pts',(-22.7667285238403,34.6818706100817,3.));
#5741=CARTESIAN_POINT('Ctrl Pts',(-22.6778083197735,34.6973990711576,3.));
#5742=CARTESIAN_POINT('Ctrl Pts',(-22.6621134089742,34.7300833765936,3.));
#5743=CARTESIAN_POINT('Ctrl Pts',(-22.6898265728434,34.7871876308658,3.));
#5744=CARTESIAN_POINT('Ctrl Pts',(-22.7278543831463,34.8729939764567,3.));
#5745=CARTESIAN_POINT('Ctrl Pts',(-22.752049871794,34.9836018152329,3.));
#5746=CARTESIAN_POINT('Ctrl Pts',(-22.7523637720633,35.1065078795147,3.));
#5747=CARTESIAN_POINT('Ctrl Pts',(-22.7290271451805,35.2263550485769,3.));
#5748=CARTESIAN_POINT('Ctrl Pts',(-22.6909644393242,35.3287922657376,3.));
#5749=CARTESIAN_POINT('Ctrl Pts',(-22.6535032985722,35.4057707783422,3.));
#5750=CARTESIAN_POINT('Ctrl Pts',(-22.6357975949048,35.4581866923893,3.));
#5751=CARTESIAN_POINT('Ctrl Pts',(-22.6565152843341,35.4913788755168,3.));
#5752=CARTESIAN_POINT('Ctrl Pts',(-22.7292029692102,35.5113001169448,3.));
#5753=CARTESIAN_POINT('Ctrl Pts',(-22.859775409103,35.5219246765083,3.));
#5754=CARTESIAN_POINT('Ctrl Pts',(-23.0484019958558,35.5261002651807,3.));
#5755=CARTESIAN_POINT('Ctrl Pts',(-23.2904181567089,35.5256061654145,3.));
#5756=CARTESIAN_POINT('Ctrl Pts',(-23.5776327116822,35.5215342596399,3.));
#5757=CARTESIAN_POINT('Ctrl Pts',(-23.8994518267217,35.5145259335413,3.));
#5758=CARTESIAN_POINT('Ctrl Pts',(-24.2441116450352,35.5050843314349,3.));
#5759=CARTESIAN_POINT('Ctrl Pts',(-24.5997924110912,35.4938225971735,3.));
#5760=CARTESIAN_POINT('Ctrl Pts',(-24.9559614871034,35.4818183356708,3.));
#5761=CARTESIAN_POINT('Ctrl Pts',(-25.3038476078782,35.4705819390919,3.));
#5762=CARTESIAN_POINT('Ctrl Pts',(-25.6362596167783,35.4617359435709,3.));
#5763=CARTESIAN_POINT('Ctrl Pts',(-25.9475950843645,35.4567780480597,3.));
#5764=CARTESIAN_POINT('Ctrl Pts',(-26.233771341973,35.4568093002395,3.));
#5765=CARTESIAN_POINT('Ctrl Pts',(-26.4921898704171,35.4622780666844,3.));
#5766=CARTESIAN_POINT('Ctrl Pts',(-26.7216874064459,35.4727148849989,3.));
#5767=CARTESIAN_POINT('Ctrl Pts',(-26.9224915580994,35.4864760803043,3.));
#5768=CARTESIAN_POINT('Ctrl Pts',(-27.0961785452732,35.5004715550314,3.));
#5769=CARTESIAN_POINT('Ctrl Pts',(-27.2456215420075,35.5099270951269,3.));
#5770=CARTESIAN_POINT('Ctrl Pts',(-27.3749696795556,35.5080496193807,3.));
#5771=CARTESIAN_POINT('Ctrl Pts',(-27.4887425244543,35.4882715335475,3.));
#5772=CARTESIAN_POINT('Ctrl Pts',(-27.5907808596058,35.4468734964929,3.));
#5773=CARTESIAN_POINT('Ctrl Pts',(-27.6834242139697,35.385038775551,3.));
#5774=CARTESIAN_POINT('Ctrl Pts',(-27.7661783396989,35.3121706032726,3.));
#5775=CARTESIAN_POINT('Ctrl Pts',(-27.8360640230389,35.2450808871779,3.));
#5776=CARTESIAN_POINT('Ctrl Pts',(-27.8912059158829,35.1994535618683,3.));
#5777=CARTESIAN_POINT('Ctrl Pts',(-27.9332329518345,35.1838945411424,3.));
#5778=CARTESIAN_POINT('Ctrl Pts',(-27.9712772327989,35.1908944913336,3.));
#5779=CARTESIAN_POINT('Ctrl Pts',(-28.01635923388,35.2049252971853,3.));
#5780=CARTESIAN_POINT('Ctrl Pts',(-28.0694720103347,35.2209151131929,3.));
#5781=CARTESIAN_POINT('Ctrl Pts',(-28.1202341403515,35.2462705783992,3.));
#5782=CARTESIAN_POINT('Ctrl Pts',(-28.1588376719283,35.2831594745182,3.));
#5783=CARTESIAN_POINT('Ctrl Pts',(-28.1873748342413,35.3107751786273,3.));
#5784=CARTESIAN_POINT('Ctrl Pts',(-28.2139568961771,35.2993772091448,3.));
#5785=CARTESIAN_POINT('Ctrl Pts',(-28.2351878336955,35.2439975133433,3.));
#5786=CARTESIAN_POINT('Ctrl Pts',(-28.2385356379211,35.166177816768,3.));
#5787=CARTESIAN_POINT('Ctrl Pts',(-28.2185596105468,35.092164119913,3.));
#5788=CARTESIAN_POINT('Ctrl Pts',(-28.1930339752789,35.0345539295831,3.));
#5789=CARTESIAN_POINT('Ctrl Pts',(-28.1908668931176,34.9938780512367,3.));
#5790=CARTESIAN_POINT('Ctrl Pts',(-28.2320784685364,34.9663166996975,3.));
#5791=CARTESIAN_POINT('Ctrl Pts',(-28.3124777605814,34.9488102144314,3.));
#5792=CARTESIAN_POINT('Ctrl Pts',(-28.4148135642231,34.9396453592638,3.));
#5793=CARTESIAN_POINT('Ctrl Pts',(-28.5182918046674,34.9389653818409,3.));
#5794=CARTESIAN_POINT('Ctrl Pts',(-28.6092876254388,34.9494350670153,3.));
#5795=CARTESIAN_POINT('Ctrl Pts',(-28.6800224210829,34.9750729909398,3.));
#5796=CARTESIAN_POINT('Ctrl Pts',(-28.726625328451,35.0200852808057,3.));
#5797=CARTESIAN_POINT('Ctrl Pts',(-28.7471987913466,35.0874551697507,3.));
#5798=CARTESIAN_POINT('Ctrl Pts',(-28.7420066781537,35.1603514878219,3.));
#5799=CARTESIAN_POINT('Ctrl Pts',(-28.7257945179045,35.2259341674006,3.));
#5800=CARTESIAN_POINT('Ctrl Pts',(-28.7095103561416,35.2745029600066,3.));
#5801=CARTESIAN_POINT('Ctrl Pts',(-28.699999358505,35.2999992109835,3.));
#5802=CARTESIAN_POINT('Ctrl Pts',(-28.699999358505,35.2999992109835,3.));
#5803=CARTESIAN_POINT('Ctrl Pts',(-28.699999358505,35.2999992109835,4.));
#5804=CARTESIAN_POINT('Ctrl Pts',(-28.6925022432749,35.3237775884828,3.));
#5805=CARTESIAN_POINT('Ctrl Pts',(-28.6925022432749,35.3237775884828,4.));
#5806=CARTESIAN_POINT('Ctrl Pts',(-28.6798922112014,35.3705778002385,3.));
#5807=CARTESIAN_POINT('Ctrl Pts',(-28.6798922112014,35.3705778002385,4.));
#5808=CARTESIAN_POINT('Ctrl Pts',(-28.6681297691151,35.4385084840941,3.));
#5809=CARTESIAN_POINT('Ctrl Pts',(-28.6681297691151,35.4385084840941,4.));
#5810=CARTESIAN_POINT('Ctrl Pts',(-28.6667519890033,35.5245433831417,3.));
#5811=CARTESIAN_POINT('Ctrl Pts',(-28.6667519890033,35.5245433831417,4.));
#5812=CARTESIAN_POINT('Ctrl Pts',(-28.6885540775932,35.6246255619711,3.));
#5813=CARTESIAN_POINT('Ctrl Pts',(-28.6885540775932,35.6246255619711,4.));
#5814=CARTESIAN_POINT('Ctrl Pts',(-28.7329206808746,35.7175604896843,3.));
#5815=CARTESIAN_POINT('Ctrl Pts',(-28.7329206808746,35.7175604896843,4.));
#5816=CARTESIAN_POINT('Ctrl Pts',(-28.7979325293003,35.8039762793624,3.));
#5817=CARTESIAN_POINT('Ctrl Pts',(-28.7979325293003,35.8039762793624,4.));
#5818=CARTESIAN_POINT('Ctrl Pts',(-28.8803815463802,35.8849231110086,3.));
#5819=CARTESIAN_POINT('Ctrl Pts',(-28.8803815463802,35.8849231110086,4.));
#5820=CARTESIAN_POINT('Ctrl Pts',(-28.9754727475243,35.9619697208534,3.));
#5821=CARTESIAN_POINT('Ctrl Pts',(-28.9754727475243,35.9619697208534,4.));
#5822=CARTESIAN_POINT('Ctrl Pts',(-29.0776869298839,36.0368646317542,3.));
#5823=CARTESIAN_POINT('Ctrl Pts',(-29.0776869298839,36.0368646317542,4.));
#5824=CARTESIAN_POINT('Ctrl Pts',(-29.1815990218258,36.111214293117,3.));
#5825=CARTESIAN_POINT('Ctrl Pts',(-29.1815990218258,36.111214293117,4.));
#5826=CARTESIAN_POINT('Ctrl Pts',(-29.2827384663264,36.1861447702366,3.));
#5827=CARTESIAN_POINT('Ctrl Pts',(-29.2827384663264,36.1861447702366,4.));
#5828=CARTESIAN_POINT('Ctrl Pts',(-29.3783740463732,36.2619933452104,3.));
#5829=CARTESIAN_POINT('Ctrl Pts',(-29.3783740463732,36.2619933452104,4.));
#5830=CARTESIAN_POINT('Ctrl Pts',(-29.4684697780951,36.3379321691594,3.));
#5831=CARTESIAN_POINT('Ctrl Pts',(-29.4684697780951,36.3379321691594,4.));
#5832=CARTESIAN_POINT('Ctrl Pts',(-29.5561386236259,36.4117914115225,3.));
#5833=CARTESIAN_POINT('Ctrl Pts',(-29.5561386236259,36.4117914115225,4.));
#5834=CARTESIAN_POINT('Ctrl Pts',(-29.6462337254299,36.4806210487583,3.));
#5835=CARTESIAN_POINT('Ctrl Pts',(-29.6462337254299,36.4806210487583,4.));
#5836=CARTESIAN_POINT('Ctrl Pts',(-29.7442567466437,36.5411280055012,3.));
#5837=CARTESIAN_POINT('Ctrl Pts',(-29.7442567466437,36.5411280055012,4.));
#5838=CARTESIAN_POINT('Ctrl Pts',(-29.8550918341614,36.5901796781933,3.));
#5839=CARTESIAN_POINT('Ctrl Pts',(-29.8550918341614,36.5901796781933,4.));
#5840=CARTESIAN_POINT('Ctrl Pts',(-29.981929492026,36.6252386769093,3.));
#5841=CARTESIAN_POINT('Ctrl Pts',(-29.981929492026,36.6252386769093,4.));
#5842=CARTESIAN_POINT('Ctrl Pts',(-30.1248158641842,36.6449297374106,3.));
#5843=CARTESIAN_POINT('Ctrl Pts',(-30.1248158641842,36.6449297374106,4.));
#5844=CARTESIAN_POINT('Ctrl Pts',(-30.2808825608216,36.6490173872749,3.));
#5845=CARTESIAN_POINT('Ctrl Pts',(-30.2808825608216,36.6490173872749,4.));
#5846=CARTESIAN_POINT('Ctrl Pts',(-30.4453883641371,36.6380986623061,3.));
#5847=CARTESIAN_POINT('Ctrl Pts',(-30.4453883641371,36.6380986623061,4.));
#5848=CARTESIAN_POINT('Ctrl Pts',(-30.612513788996,36.6133836779732,3.));
#5849=CARTESIAN_POINT('Ctrl Pts',(-30.612513788996,36.6133836779732,4.));
#5850=CARTESIAN_POINT('Ctrl Pts',(-30.7762405044898,36.5764435139426,3.));
#5851=CARTESIAN_POINT('Ctrl Pts',(-30.7762405044898,36.5764435139426,4.));
#5852=CARTESIAN_POINT('Ctrl Pts',(-30.9312349511719,36.5289635893682,3.));
#5853=CARTESIAN_POINT('Ctrl Pts',(-30.9312349511719,36.5289635893682,4.));
#5854=CARTESIAN_POINT('Ctrl Pts',(-31.0736352392821,36.4725147357012,3.));
#5855=CARTESIAN_POINT('Ctrl Pts',(-31.0736352392821,36.4725147357012,4.));
#5856=CARTESIAN_POINT('Ctrl Pts',(-31.2021147955979,36.4082670604829,3.));
#5857=CARTESIAN_POINT('Ctrl Pts',(-31.2021147955979,36.4082670604829,4.));
#5858=CARTESIAN_POINT('Ctrl Pts',(-31.3178902013224,36.3369260143086,3.));
#5859=CARTESIAN_POINT('Ctrl Pts',(-31.3178902013224,36.3369260143086,4.));
#5860=CARTESIAN_POINT('Ctrl Pts',(-31.4236877553422,36.2588877423434,3.));
#5861=CARTESIAN_POINT('Ctrl Pts',(-31.4236877553422,36.2588877423434,4.));
#5862=CARTESIAN_POINT('Ctrl Pts',(-31.5230007083261,36.1743340165228,3.));
#5863=CARTESIAN_POINT('Ctrl Pts',(-31.5230007083261,36.1743340165228,4.));
#5864=CARTESIAN_POINT('Ctrl Pts',(-31.6192139709965,36.0833529597785,3.));
#5865=CARTESIAN_POINT('Ctrl Pts',(-31.6192139709965,36.0833529597785,4.));
#5866=CARTESIAN_POINT('Ctrl Pts',(-31.7148173233665,35.9860461582243,3.));
#5867=CARTESIAN_POINT('Ctrl Pts',(-31.7148173233665,35.9860461582243,4.));
#5868=CARTESIAN_POINT('Ctrl Pts',(-31.8105047819118,35.8826477198716,3.));
#5869=CARTESIAN_POINT('Ctrl Pts',(-31.8105047819118,35.8826477198716,4.));
#5870=CARTESIAN_POINT('Ctrl Pts',(-31.9045471617574,35.7736200857121,3.));
#5871=CARTESIAN_POINT('Ctrl Pts',(-31.9045471617574,35.7736200857121,4.));
#5872=CARTESIAN_POINT('Ctrl Pts',(-31.9936937139749,35.6596247274587,3.));
#5873=CARTESIAN_POINT('Ctrl Pts',(-31.9936937139749,35.6596247274587,4.));
#5874=CARTESIAN_POINT('Ctrl Pts',(-32.0739043150617,35.5415079628838,3.));
#5875=CARTESIAN_POINT('Ctrl Pts',(-32.0739043150617,35.5415079628838,4.));
#5876=CARTESIAN_POINT('Ctrl Pts',(-32.1411304475367,35.4202794464081,3.));
#5877=CARTESIAN_POINT('Ctrl Pts',(-32.1411304475367,35.4202794464081,4.));
#5878=CARTESIAN_POINT('Ctrl Pts',(-32.1921129266807,35.2970972594723,3.));
#5879=CARTESIAN_POINT('Ctrl Pts',(-32.1921129266807,35.2970972594723,4.));
#5880=CARTESIAN_POINT('Ctrl Pts',(-32.2250846625916,35.1732420739086,3.));
#5881=CARTESIAN_POINT('Ctrl Pts',(-32.2250846625916,35.1732420739086,4.));
#5882=CARTESIAN_POINT('Ctrl Pts',(-32.2407381263895,35.0501166567266,3.));
#5883=CARTESIAN_POINT('Ctrl Pts',(-32.2407381263895,35.0501166567266,4.));
#5884=CARTESIAN_POINT('Ctrl Pts',(-32.2418618289625,34.929122920178,3.));
#5885=CARTESIAN_POINT('Ctrl Pts',(-32.2418618289625,34.929122920178,4.));
#5886=CARTESIAN_POINT('Ctrl Pts',(-32.2323863562212,34.8114866840889,3.));
#5887=CARTESIAN_POINT('Ctrl Pts',(-32.2323863562212,34.8114866840889,4.));
#5888=CARTESIAN_POINT('Ctrl Pts',(-32.2166125908238,34.6980956558412,3.));
#5889=CARTESIAN_POINT('Ctrl Pts',(-32.2166125908238,34.6980956558412,4.));
#5890=CARTESIAN_POINT('Ctrl Pts',(-32.1983786021935,34.5893395186765,3.));
#5891=CARTESIAN_POINT('Ctrl Pts',(-32.1983786021935,34.5893395186765,4.));
#5892=CARTESIAN_POINT('Ctrl Pts',(-32.180218792983,34.4849310390442,3.));
#5893=CARTESIAN_POINT('Ctrl Pts',(-32.180218792983,34.4849310390442,4.));
#5894=CARTESIAN_POINT('Ctrl Pts',(-32.1626240993414,34.3837866495026,3.));
#5895=CARTESIAN_POINT('Ctrl Pts',(-32.1626240993414,34.3837866495026,4.));
#5896=CARTESIAN_POINT('Ctrl Pts',(-32.1445877448661,34.2845496298077,3.));
#5897=CARTESIAN_POINT('Ctrl Pts',(-32.1445877448661,34.2845496298077,4.));
#5898=CARTESIAN_POINT('Ctrl Pts',(-32.1240550663641,34.1860782726234,3.));
#5899=CARTESIAN_POINT('Ctrl Pts',(-32.1240550663641,34.1860782726234,4.));
#5900=CARTESIAN_POINT('Ctrl Pts',(-32.0984101160634,34.0879234488971,3.));
#5901=CARTESIAN_POINT('Ctrl Pts',(-32.0984101160634,34.0879234488971,4.));
#5902=CARTESIAN_POINT('Ctrl Pts',(-32.0649459281411,33.9908663996968,3.));
#5903=CARTESIAN_POINT('Ctrl Pts',(-32.0649459281411,33.9908663996968,4.));
#5904=CARTESIAN_POINT('Ctrl Pts',(-32.0213427468562,33.897270449517,3.));
#5905=CARTESIAN_POINT('Ctrl Pts',(-32.0213427468562,33.897270449517,4.));
#5906=CARTESIAN_POINT('Ctrl Pts',(-31.9661113487192,33.8100247397764,3.));
#5907=CARTESIAN_POINT('Ctrl Pts',(-31.9661113487192,33.8100247397764,4.));
#5908=CARTESIAN_POINT('Ctrl Pts',(-31.8990621545628,33.7315790051499,3.));
#5909=CARTESIAN_POINT('Ctrl Pts',(-31.8990621545628,33.7315790051499,4.));
#5910=CARTESIAN_POINT('Ctrl Pts',(-31.8217210010512,33.6630298427775,3.));
#5911=CARTESIAN_POINT('Ctrl Pts',(-31.8217210010512,33.6630298427775,4.));
#5912=CARTESIAN_POINT('Ctrl Pts',(-31.7378698949644,33.6029825181561,3.));
#5913=CARTESIAN_POINT('Ctrl Pts',(-31.7378698949644,33.6029825181561,4.));
#5914=CARTESIAN_POINT('Ctrl Pts',(-31.6537219276544,33.5471200698101,3.));
#5915=CARTESIAN_POINT('Ctrl Pts',(-31.6537219276544,33.5471200698101,4.));
#5916=CARTESIAN_POINT('Ctrl Pts',(-31.576678538699,33.4903626544279,3.));
#5917=CARTESIAN_POINT('Ctrl Pts',(-31.576678538699,33.4903626544279,4.));
#5918=CARTESIAN_POINT('Ctrl Pts',(-31.5142946600456,33.4288035141899,3.));
#5919=CARTESIAN_POINT('Ctrl Pts',(-31.5142946600456,33.4288035141899,4.));
#5920=CARTESIAN_POINT('Ctrl Pts',(-31.4731770790889,33.3613783509587,3.));
#5921=CARTESIAN_POINT('Ctrl Pts',(-31.4731770790889,33.3613783509587,4.));
#5922=CARTESIAN_POINT('Ctrl Pts',(-31.4578734255439,33.2925150684989,3.));
#5923=CARTESIAN_POINT('Ctrl Pts',(-31.4578734255439,33.2925150684989,4.));
#5924=CARTESIAN_POINT('Ctrl Pts',(-31.4699933074837,33.2306120221954,3.));
#5925=CARTESIAN_POINT('Ctrl Pts',(-31.4699933074837,33.2306120221954,4.));
#5926=CARTESIAN_POINT('Ctrl Pts',(-31.5077599275914,33.1839030937625,3.));
#5927=CARTESIAN_POINT('Ctrl Pts',(-31.5077599275914,33.1839030937625,4.));
#5928=CARTESIAN_POINT('Ctrl Pts',(-31.5650333038026,33.1564767145704,3.));
#5929=CARTESIAN_POINT('Ctrl Pts',(-31.5650333038026,33.1564767145704,4.));
#5930=CARTESIAN_POINT('Ctrl Pts',(-31.6317742935785,33.1461049413768,3.));
#5931=CARTESIAN_POINT('Ctrl Pts',(-31.6317742935785,33.1461049413768,4.));
#5932=CARTESIAN_POINT('Ctrl Pts',(-31.6983099032489,33.1479217331097,3.));
#5933=CARTESIAN_POINT('Ctrl Pts',(-31.6983099032489,33.1479217331097,4.));
#5934=CARTESIAN_POINT('Ctrl Pts',(-31.7587440695776,33.1568966706915,3.));
#5935=CARTESIAN_POINT('Ctrl Pts',(-31.7587440695776,33.1568966706915,4.));
#5936=CARTESIAN_POINT('Ctrl Pts',(-31.8150428509959,33.1709449706757,3.));
#5937=CARTESIAN_POINT('Ctrl Pts',(-31.8150428509959,33.1709449706757,4.));
#5938=CARTESIAN_POINT('Ctrl Pts',(-31.8732190226916,33.1898625385513,3.));
#5939=CARTESIAN_POINT('Ctrl Pts',(-31.8732190226916,33.1898625385513,4.));
#5940=CARTESIAN_POINT('Ctrl Pts',(-31.9396098426731,33.2142537651613,3.));
#5941=CARTESIAN_POINT('Ctrl Pts',(-31.9396098426731,33.2142537651613,4.));
#5942=CARTESIAN_POINT('Ctrl Pts',(-32.0162584118046,33.2442493200137,3.));
#5943=CARTESIAN_POINT('Ctrl Pts',(-32.0162584118046,33.2442493200137,4.));
#5944=CARTESIAN_POINT('Ctrl Pts',(-32.1006203444372,33.2792647108127,3.));
#5945=CARTESIAN_POINT('Ctrl Pts',(-32.1006203444372,33.2792647108127,4.));
#5946=CARTESIAN_POINT('Ctrl Pts',(-32.1880404068259,33.3184266522065,3.));
#5947=CARTESIAN_POINT('Ctrl Pts',(-32.1880404068259,33.3184266522065,4.));
#5948=CARTESIAN_POINT('Ctrl Pts',(-32.2732825100416,33.3607731065301,3.));
#5949=CARTESIAN_POINT('Ctrl Pts',(-32.2732825100416,33.3607731065301,4.));
#5950=CARTESIAN_POINT('Ctrl Pts',(-32.3526904031118,33.4056000435607,3.));
#5951=CARTESIAN_POINT('Ctrl Pts',(-32.3526904031118,33.4056000435607,4.));
#5952=CARTESIAN_POINT('Ctrl Pts',(-32.425326226515,33.452578676152,3.));
#5953=CARTESIAN_POINT('Ctrl Pts',(-32.425326226515,33.452578676152,4.));
#5954=CARTESIAN_POINT('Ctrl Pts',(-32.4916161917264,33.5013259324422,3.));
#5955=CARTESIAN_POINT('Ctrl Pts',(-32.4916161917264,33.5013259324422,4.));
#5956=CARTESIAN_POINT('Ctrl Pts',(-32.5524159649791,33.5510621820982,3.));
#5957=CARTESIAN_POINT('Ctrl Pts',(-32.5524159649791,33.5510621820982,4.));
#5958=CARTESIAN_POINT('Ctrl Pts',(-32.6079265830471,33.6002471370951,3.));
#5959=CARTESIAN_POINT('Ctrl Pts',(-32.6079265830471,33.6002471370951,4.));
#5960=CARTESIAN_POINT('Ctrl Pts',(-32.6566462609069,33.6462010528729,3.));
#5961=CARTESIAN_POINT('Ctrl Pts',(-32.6566462609069,33.6462010528729,4.));
#5962=CARTESIAN_POINT('Ctrl Pts',(-32.6973392343537,33.6866933873743,3.));
#5963=CARTESIAN_POINT('Ctrl Pts',(-32.6973392343537,33.6866933873743,4.));
#5964=CARTESIAN_POINT('Ctrl Pts',(-32.7305126583482,33.7211695350484,3.));
#5965=CARTESIAN_POINT('Ctrl Pts',(-32.7305126583482,33.7211695350484,4.));
#5966=CARTESIAN_POINT('Ctrl Pts',(-32.7610352636199,33.7528134556716,3.));
#5967=CARTESIAN_POINT('Ctrl Pts',(-32.7610352636199,33.7528134556716,4.));
#5968=CARTESIAN_POINT('Ctrl Pts',(-32.7961776527744,33.7872461749444,3.));
#5969=CARTESIAN_POINT('Ctrl Pts',(-32.7961776527744,33.7872461749444,4.));
#5970=CARTESIAN_POINT('Ctrl Pts',(-32.8412305245243,33.8293779708559,3.));
#5971=CARTESIAN_POINT('Ctrl Pts',(-32.8412305245243,33.8293779708559,4.));
#5972=CARTESIAN_POINT('Ctrl Pts',(-32.8947632452019,33.8801331082308,3.));
#5973=CARTESIAN_POINT('Ctrl Pts',(-32.8947632452019,33.8801331082308,4.));
#5974=CARTESIAN_POINT('Ctrl Pts',(-32.9502504116312,33.9371231593825,3.));
#5975=CARTESIAN_POINT('Ctrl Pts',(-32.9502504116312,33.9371231593825,4.));
#5976=CARTESIAN_POINT('Ctrl Pts',(-33.0003480340264,33.9969943641752,3.));
#5977=CARTESIAN_POINT('Ctrl Pts',(-33.0003480340264,33.9969943641752,4.));
#5978=CARTESIAN_POINT('Ctrl Pts',(-33.0401771003446,34.0571521654876,3.));
#5979=CARTESIAN_POINT('Ctrl Pts',(-33.0401771003446,34.0571521654876,4.));
#5980=CARTESIAN_POINT('Ctrl Pts',(-33.0712973468502,34.117903449743,3.));
#5981=CARTESIAN_POINT('Ctrl Pts',(-33.0712973468502,34.117903449743,4.));
#5982=CARTESIAN_POINT('Ctrl Pts',(-33.0986235268154,34.1807415600319,3.));
#5983=CARTESIAN_POINT('Ctrl Pts',(-33.0986235268154,34.1807415600319,4.));
#5984=CARTESIAN_POINT('Ctrl Pts',(-33.127349162876,34.2466967182412,3.));
#5985=CARTESIAN_POINT('Ctrl Pts',(-33.127349162876,34.2466967182412,4.));
#5986=CARTESIAN_POINT('Ctrl Pts',(-33.1593425377852,34.3142649822463,3.));
#5987=CARTESIAN_POINT('Ctrl Pts',(-33.1593425377852,34.3142649822463,4.));
#5988=CARTESIAN_POINT('Ctrl Pts',(-33.1914152887787,34.3787832717226,3.));
#5989=CARTESIAN_POINT('Ctrl Pts',(-33.1914152887787,34.3787832717226,4.));
#5990=CARTESIAN_POINT('Ctrl Pts',(-33.2187980939076,34.4360591899045,3.));
#5991=CARTESIAN_POINT('Ctrl Pts',(-33.2187980939076,34.4360591899045,4.));
#5992=CARTESIAN_POINT('Ctrl Pts',(-33.2373262985272,34.4846933320011,3.));
#5993=CARTESIAN_POINT('Ctrl Pts',(-33.2373262985272,34.4846933320011,4.));
#5994=CARTESIAN_POINT('Ctrl Pts',(-33.2468220560064,34.530063282235,3.));
#5995=CARTESIAN_POINT('Ctrl Pts',(-33.2468220560064,34.530063282235,4.));
#5996=CARTESIAN_POINT('Ctrl Pts',(-33.2501580350175,34.5813432015202,3.));
#5997=CARTESIAN_POINT('Ctrl Pts',(-33.2501580350175,34.5813432015202,4.));
#5998=CARTESIAN_POINT('Ctrl Pts',(-33.2509232942171,34.6463958446261,3.));
#5999=CARTESIAN_POINT('Ctrl Pts',(-33.2509232942171,34.6463958446261,4.));
#6000=CARTESIAN_POINT('Ctrl Pts',(-33.2511861128424,34.7263335619227,3.));
#6001=CARTESIAN_POINT('Ctrl Pts',(-33.2511861128424,34.7263335619227,4.));
#6002=CARTESIAN_POINT('Ctrl Pts',(-33.2513770242642,34.8165563333352,3.));
#6003=CARTESIAN_POINT('Ctrl Pts',(-33.2513770242642,34.8165563333352,4.));
#6004=CARTESIAN_POINT('Ctrl Pts',(-33.2510332967074,34.9102999592441,3.));
#6005=CARTESIAN_POINT('Ctrl Pts',(-33.2510332967074,34.9102999592441,4.));
#6006=CARTESIAN_POINT('Ctrl Pts',(-33.2492123025401,35.0010621083655,3.));
#6007=CARTESIAN_POINT('Ctrl Pts',(-33.2492123025401,35.0010621083655,4.));
#6008=CARTESIAN_POINT('Ctrl Pts',(-33.2451302539968,35.0861520367416,3.));
#6009=CARTESIAN_POINT('Ctrl Pts',(-33.2451302539968,35.0861520367416,4.));
#6010=CARTESIAN_POINT('Ctrl Pts',(-33.2383361653694,35.1669573757088,3.));
#6011=CARTESIAN_POINT('Ctrl Pts',(-33.2383361653694,35.1669573757088,4.));
#6012=CARTESIAN_POINT('Ctrl Pts',(-33.2285854667546,35.2467253543131,3.));
#6013=CARTESIAN_POINT('Ctrl Pts',(-33.2285854667546,35.2467253543131,4.));
#6014=CARTESIAN_POINT('Ctrl Pts',(-33.2157940372021,35.3291717891793,3.));
#6015=CARTESIAN_POINT('Ctrl Pts',(-33.2157940372021,35.3291717891793,4.));
#6016=CARTESIAN_POINT('Ctrl Pts',(-33.1999657611669,35.4164734528132,3.));
#6017=CARTESIAN_POINT('Ctrl Pts',(-33.1999657611669,35.4164734528132,4.));
#6018=CARTESIAN_POINT('Ctrl Pts',(-33.1811108979276,35.5084594107116,3.));
#6019=CARTESIAN_POINT('Ctrl Pts',(-33.1811108979276,35.5084594107116,4.));
#6020=CARTESIAN_POINT('Ctrl Pts',(-33.159126391276,35.6036881937697,3.));
#6021=CARTESIAN_POINT('Ctrl Pts',(-33.159126391276,35.6036881937697,4.));
#6022=CARTESIAN_POINT('Ctrl Pts',(-33.1336721361954,35.7001492334863,3.));
#6023=CARTESIAN_POINT('Ctrl Pts',(-33.1336721361954,35.7001492334863,4.));
#6024=CARTESIAN_POINT('Ctrl Pts',(-33.104078333899,35.7960480159482,3.));
#6025=CARTESIAN_POINT('Ctrl Pts',(-33.104078333899,35.7960480159482,4.));
#6026=CARTESIAN_POINT('Ctrl Pts',(-33.0691646911051,35.8907236800707,3.));
#6027=CARTESIAN_POINT('Ctrl Pts',(-33.0691646911051,35.8907236800707,4.));
#6028=CARTESIAN_POINT('Ctrl Pts',(-33.0275569166303,35.9844617604899,3.));
#6029=CARTESIAN_POINT('Ctrl Pts',(-33.0275569166303,35.9844617604899,4.));
#6030=CARTESIAN_POINT('Ctrl Pts',(-32.9781528168862,36.0779238259589,3.));
#6031=CARTESIAN_POINT('Ctrl Pts',(-32.9781528168862,36.0779238259589,4.));
#6032=CARTESIAN_POINT('Ctrl Pts',(-32.9205733665212,36.171679103137,3.));
#6033=CARTESIAN_POINT('Ctrl Pts',(-32.9205733665212,36.171679103137,4.));
#6034=CARTESIAN_POINT('Ctrl Pts',(-32.8555429806141,36.265751483891,3.));
#6035=CARTESIAN_POINT('Ctrl Pts',(-32.8555429806141,36.265751483891,4.));
#6036=CARTESIAN_POINT('Ctrl Pts',(-32.7854957658124,36.3590126683106,3.));
#6037=CARTESIAN_POINT('Ctrl Pts',(-32.7854957658124,36.3590126683106,4.));
#6038=CARTESIAN_POINT('Ctrl Pts',(-32.7139956013784,36.4494652799577,3.));
#6039=CARTESIAN_POINT('Ctrl Pts',(-32.7139956013784,36.4494652799577,4.));
#6040=CARTESIAN_POINT('Ctrl Pts',(-32.6446984789912,36.534883804598,3.));
#6041=CARTESIAN_POINT('Ctrl Pts',(-32.6446984789912,36.534883804598,4.));
#6042=CARTESIAN_POINT('Ctrl Pts',(-32.5804010099085,36.6133715198474,3.));
#6043=CARTESIAN_POINT('Ctrl Pts',(-32.5804010099085,36.6133715198474,4.));
#6044=CARTESIAN_POINT('Ctrl Pts',(-32.5221902191028,36.6838815105087,3.));
#6045=CARTESIAN_POINT('Ctrl Pts',(-32.5221902191028,36.6838815105087,4.));
#6046=CARTESIAN_POINT('Ctrl Pts',(-32.4682136698406,36.7469268403253,3.));
#6047=CARTESIAN_POINT('Ctrl Pts',(-32.4682136698406,36.7469268403253,4.));
#6048=CARTESIAN_POINT('Ctrl Pts',(-32.4138995385778,36.8045455563025,3.));
#6049=CARTESIAN_POINT('Ctrl Pts',(-32.4138995385778,36.8045455563025,4.));
#6050=CARTESIAN_POINT('Ctrl Pts',(-32.3539342785215,36.8593649398047,3.));
#6051=CARTESIAN_POINT('Ctrl Pts',(-32.3539342785215,36.8593649398047,4.));
#6052=CARTESIAN_POINT('Ctrl Pts',(-32.2836828531426,36.9139416174412,3.));
#6053=CARTESIAN_POINT('Ctrl Pts',(-32.2836828531426,36.9139416174412,4.));
#6054=CARTESIAN_POINT('Ctrl Pts',(-32.2010570230239,36.9698985660981,3.));
#6055=CARTESIAN_POINT('Ctrl Pts',(-32.2010570230239,36.9698985660981,4.));
#6056=CARTESIAN_POINT('Ctrl Pts',(-32.107501212985,37.0274326899051,3.));
#6057=CARTESIAN_POINT('Ctrl Pts',(-32.107501212985,37.0274326899051,4.));
#6058=CARTESIAN_POINT('Ctrl Pts',(-32.0065859924451,37.0858010520003,3.));
#6059=CARTESIAN_POINT('Ctrl Pts',(-32.0065859924451,37.0858010520003,4.));
#6060=CARTESIAN_POINT('Ctrl Pts',(-31.9030144005678,37.1436394049701,3.));
#6061=CARTESIAN_POINT('Ctrl Pts',(-31.9030144005678,37.1436394049701,4.));
#6062=CARTESIAN_POINT('Ctrl Pts',(-31.8014611904084,37.1993479639042,3.));
#6063=CARTESIAN_POINT('Ctrl Pts',(-31.8014611904084,37.1993479639042,4.));
#6064=CARTESIAN_POINT('Ctrl Pts',(-31.7054947624336,37.2514451297728,3.));
#6065=CARTESIAN_POINT('Ctrl Pts',(-31.7054947624336,37.2514451297728,4.));
#6066=CARTESIAN_POINT('Ctrl Pts',(-31.616432212695,37.2989441470184,3.));
#6067=CARTESIAN_POINT('Ctrl Pts',(-31.616432212695,37.2989441470184,4.));
#6068=CARTESIAN_POINT('Ctrl Pts',(-31.5336914480372,37.341289241396,3.));
#6069=CARTESIAN_POINT('Ctrl Pts',(-31.5336914480372,37.341289241396,4.));
#6070=CARTESIAN_POINT('Ctrl Pts',(-31.4551777243178,37.3782821792182,3.));
#6071=CARTESIAN_POINT('Ctrl Pts',(-31.4551777243178,37.3782821792182,4.));
#6072=CARTESIAN_POINT('Ctrl Pts',(-31.3776575270126,37.4100124829082,3.));
#6073=CARTESIAN_POINT('Ctrl Pts',(-31.3776575270126,37.4100124829082,4.));
#6074=CARTESIAN_POINT('Ctrl Pts',(-31.297138153954,37.4367855679936,3.));
#6075=CARTESIAN_POINT('Ctrl Pts',(-31.297138153954,37.4367855679936,4.));
#6076=CARTESIAN_POINT('Ctrl Pts',(-31.2092424735612,37.4590537572245,3.));
#6077=CARTESIAN_POINT('Ctrl Pts',(-31.2092424735612,37.4590537572245,4.));
#6078=CARTESIAN_POINT('Ctrl Pts',(-31.1095679654631,37.4773544851591,3.));
#6079=CARTESIAN_POINT('Ctrl Pts',(-31.1095679654631,37.4773544851591,4.));
#6080=CARTESIAN_POINT('Ctrl Pts',(-30.9940590011973,37.4922454134099,3.));
#6081=CARTESIAN_POINT('Ctrl Pts',(-30.9940590011973,37.4922454134099,4.));
#6082=CARTESIAN_POINT('Ctrl Pts',(-30.8593518491679,37.5042445311205,3.));
#6083=CARTESIAN_POINT('Ctrl Pts',(-30.8593518491679,37.5042445311205,4.));
#6084=CARTESIAN_POINT('Ctrl Pts',(-30.7031839860071,37.5137591632918,3.));
#6085=CARTESIAN_POINT('Ctrl Pts',(-30.7031839860071,37.5137591632918,4.));
#6086=CARTESIAN_POINT('Ctrl Pts',(-30.5246019271869,37.5210493741489,3.));
#6087=CARTESIAN_POINT('Ctrl Pts',(-30.5246019271869,37.5210493741489,4.));
#6088=CARTESIAN_POINT('Ctrl Pts',(-30.323732893305,37.5262656584606,3.));
#6089=CARTESIAN_POINT('Ctrl Pts',(-30.323732893305,37.5262656584606,4.));
#6090=CARTESIAN_POINT('Ctrl Pts',(-30.1016462134033,37.5294713672434,3.));
#6091=CARTESIAN_POINT('Ctrl Pts',(-30.1016462134033,37.5294713672434,4.));
#6092=CARTESIAN_POINT('Ctrl Pts',(-29.8601791046851,37.5306711893239,3.));
#6093=CARTESIAN_POINT('Ctrl Pts',(-29.8601791046851,37.5306711893239,4.));
#6094=CARTESIAN_POINT('Ctrl Pts',(-29.6017776066662,37.5298370918508,3.));
#6095=CARTESIAN_POINT('Ctrl Pts',(-29.6017776066662,37.5298370918508,4.));
#6096=CARTESIAN_POINT('Ctrl Pts',(-29.329331416904,37.5269352273227,3.));
#6097=CARTESIAN_POINT('Ctrl Pts',(-29.329331416904,37.5269352273227,4.));
#6098=CARTESIAN_POINT('Ctrl Pts',(-29.0460105930897,37.5219527074322,3.));
#6099=CARTESIAN_POINT('Ctrl Pts',(-29.0460105930897,37.5219527074322,4.));
#6100=CARTESIAN_POINT('Ctrl Pts',(-28.7551033758189,37.5149237753057,3.));
#6101=CARTESIAN_POINT('Ctrl Pts',(-28.7551033758189,37.5149237753057,4.));
#6102=CARTESIAN_POINT('Ctrl Pts',(-28.4598491592363,37.5059577758064,3.));
#6103=CARTESIAN_POINT('Ctrl Pts',(-28.4598491592363,37.5059577758064,4.));
#6104=CARTESIAN_POINT('Ctrl Pts',(-28.1632838030921,37.4952627733303,3.));
#6105=CARTESIAN_POINT('Ctrl Pts',(-28.1632838030921,37.4952627733303,4.));
#6106=CARTESIAN_POINT('Ctrl Pts',(-27.8680543982292,37.4831798730526,3.));
#6107=CARTESIAN_POINT('Ctrl Pts',(-27.8680543982292,37.4831798730526,4.));
#6108=CARTESIAN_POINT('Ctrl Pts',(-27.5763423217208,37.4701796577984,3.));
#6109=CARTESIAN_POINT('Ctrl Pts',(-27.5763423217208,37.4701796577984,4.));
#6110=CARTESIAN_POINT('Ctrl Pts',(-27.2899140030691,37.4568139435218,3.));
#6111=CARTESIAN_POINT('Ctrl Pts',(-27.2899140030691,37.4568139435218,4.));
#6112=CARTESIAN_POINT('Ctrl Pts',(-27.010138658513,37.443679102369,3.));
#6113=CARTESIAN_POINT('Ctrl Pts',(-27.010138658513,37.443679102369,4.));
#6114=CARTESIAN_POINT('Ctrl Pts',(-26.7380194013349,37.4313746559206,3.));
#6115=CARTESIAN_POINT('Ctrl Pts',(-26.7380194013349,37.4313746559206,4.));
#6116=CARTESIAN_POINT('Ctrl Pts',(-26.4742186242003,37.4204639652795,3.));
#6117=CARTESIAN_POINT('Ctrl Pts',(-26.4742186242003,37.4204639652795,4.));
#6118=CARTESIAN_POINT('Ctrl Pts',(-26.2190857201384,37.4114338524796,3.));
#6119=CARTESIAN_POINT('Ctrl Pts',(-26.2190857201384,37.4114338524796,4.));
#6120=CARTESIAN_POINT('Ctrl Pts',(-25.9726839672837,37.4046550552354,3.));
#6121=CARTESIAN_POINT('Ctrl Pts',(-25.9726839672837,37.4046550552354,4.));
#6122=CARTESIAN_POINT('Ctrl Pts',(-25.7348172643901,37.4003414286382,3.));
#6123=CARTESIAN_POINT('Ctrl Pts',(-25.7348172643901,37.4003414286382,4.));
#6124=CARTESIAN_POINT('Ctrl Pts',(-25.5050580101694,37.3985117216166,3.));
#6125=CARTESIAN_POINT('Ctrl Pts',(-25.5050580101694,37.3985117216166,4.));
#6126=CARTESIAN_POINT('Ctrl Pts',(-25.2827718869993,37.3989454579069,3.));
#6127=CARTESIAN_POINT('Ctrl Pts',(-25.2827718869993,37.3989454579069,4.));
#6128=CARTESIAN_POINT('Ctrl Pts',(-25.0671499891393,37.4011524949501,3.));
#6129=CARTESIAN_POINT('Ctrl Pts',(-25.0671499891393,37.4011524949501,4.));
#6130=CARTESIAN_POINT('Ctrl Pts',(-24.8572225930575,37.40430859004,3.));
#6131=CARTESIAN_POINT('Ctrl Pts',(-24.8572225930575,37.40430859004,4.));
#6132=CARTESIAN_POINT('Ctrl Pts',(-24.6519519150327,37.4073371911111,3.));
#6133=CARTESIAN_POINT('Ctrl Pts',(-24.6519519150327,37.4073371911111,4.));
#6134=CARTESIAN_POINT('Ctrl Pts',(-24.4503733798919,37.4090813002096,3.));
#6135=CARTESIAN_POINT('Ctrl Pts',(-24.4503733798919,37.4090813002096,4.));
#6136=CARTESIAN_POINT('Ctrl Pts',(-24.2517228730685,37.4084488273208,3.));
#6137=CARTESIAN_POINT('Ctrl Pts',(-24.2517228730685,37.4084488273208,4.));
#6138=CARTESIAN_POINT('Ctrl Pts',(-24.055568386484,37.4045672966332,3.));
#6139=CARTESIAN_POINT('Ctrl Pts',(-24.055568386484,37.4045672966332,4.));
#6140=CARTESIAN_POINT('Ctrl Pts',(-23.8619430794642,37.3969382707453,3.));
#6141=CARTESIAN_POINT('Ctrl Pts',(-23.8619430794642,37.3969382707453,4.));
#6142=CARTESIAN_POINT('Ctrl Pts',(-23.6714701926764,37.3855833230063,3.));
#6143=CARTESIAN_POINT('Ctrl Pts',(-23.6714701926764,37.3855833230063,4.));
#6144=CARTESIAN_POINT('Ctrl Pts',(-23.485509153127,37.3712137069709,3.));
#6145=CARTESIAN_POINT('Ctrl Pts',(-23.485509153127,37.3712137069709,4.));
#6146=CARTESIAN_POINT('Ctrl Pts',(-23.3062513934052,37.3553430698341,3.));
#6147=CARTESIAN_POINT('Ctrl Pts',(-23.3062513934052,37.3553430698341,4.));
#6148=CARTESIAN_POINT('Ctrl Pts',(-23.1369407461289,37.3405417884427,3.));
#6149=CARTESIAN_POINT('Ctrl Pts',(-23.1369407461289,37.3405417884427,4.));
#6150=CARTESIAN_POINT('Ctrl Pts',(-22.9815985983117,37.3301211832513,3.));
#6151=CARTESIAN_POINT('Ctrl Pts',(-22.9815985983117,37.3301211832513,4.));
#6152=CARTESIAN_POINT('Ctrl Pts',(-22.8443607951011,37.3273409277259,3.));
#6153=CARTESIAN_POINT('Ctrl Pts',(-22.8443607951011,37.3273409277259,4.));
#6154=CARTESIAN_POINT('Ctrl Pts',(-22.7289286452953,37.3348017884614,3.));
#6155=CARTESIAN_POINT('Ctrl Pts',(-22.7289286452953,37.3348017884614,4.));
#6156=CARTESIAN_POINT('Ctrl Pts',(-22.6379681819543,37.3536575044917,3.));
#6157=CARTESIAN_POINT('Ctrl Pts',(-22.6379681819543,37.3536575044917,4.));
#6158=CARTESIAN_POINT('Ctrl Pts',(-22.5725426777588,37.3831458163161,3.));
#6159=CARTESIAN_POINT('Ctrl Pts',(-22.5725426777588,37.3831458163161,4.));
#6160=CARTESIAN_POINT('Ctrl Pts',(-22.5315012563545,37.419396292114,3.));
#6161=CARTESIAN_POINT('Ctrl Pts',(-22.5315012563545,37.419396292114,4.));
#6162=CARTESIAN_POINT('Ctrl Pts',(-22.51104252769,37.456527069567,3.));
#6163=CARTESIAN_POINT('Ctrl Pts',(-22.51104252769,37.456527069567,4.));
#6164=CARTESIAN_POINT('Ctrl Pts',(-22.504994195968,37.4902366779485,3.));
#6165=CARTESIAN_POINT('Ctrl Pts',(-22.504994195968,37.4902366779485,4.));
#6166=CARTESIAN_POINT('Ctrl Pts',(-22.5042789511626,37.5220890874905,3.));
#6167=CARTESIAN_POINT('Ctrl Pts',(-22.5042789511626,37.5220890874905,4.));
#6168=CARTESIAN_POINT('Ctrl Pts',(-22.4998104433043,37.5577116462826,3.));
#6169=CARTESIAN_POINT('Ctrl Pts',(-22.4998104433043,37.5577116462826,4.));
#6170=CARTESIAN_POINT('Ctrl Pts',(-22.4894030103105,37.5986680950116,3.));
#6171=CARTESIAN_POINT('Ctrl Pts',(-22.4894030103105,37.5986680950116,4.));
#6172=CARTESIAN_POINT('Ctrl Pts',(-22.4800219331103,37.6399138617941,3.));
#6173=CARTESIAN_POINT('Ctrl Pts',(-22.4800219331103,37.6399138617941,4.));
#6174=CARTESIAN_POINT('Ctrl Pts',(-22.479529089688,37.677687729542,3.));
#6175=CARTESIAN_POINT('Ctrl Pts',(-22.479529089688,37.677687729542,4.));
#6176=CARTESIAN_POINT('Ctrl Pts',(-22.4880026472086,37.7184979150966,3.));
#6177=CARTESIAN_POINT('Ctrl Pts',(-22.4880026472086,37.7184979150966,4.));
#6178=CARTESIAN_POINT('Ctrl Pts',(-22.4990466189733,37.7752337491553,3.));
#6179=CARTESIAN_POINT('Ctrl Pts',(-22.4990466189733,37.7752337491553,4.));
#6180=CARTESIAN_POINT('Ctrl Pts',(-22.5057080850609,37.8578964526164,3.));
#6181=CARTESIAN_POINT('Ctrl Pts',(-22.5057080850609,37.8578964526164,4.));
#6182=CARTESIAN_POINT('Ctrl Pts',(-22.5058621494414,37.9641575476406,3.));
#6183=CARTESIAN_POINT('Ctrl Pts',(-22.5058621494414,37.9641575476406,4.));
#6184=CARTESIAN_POINT('Ctrl Pts',(-22.5018571470652,38.0817631906537,3.));
#6185=CARTESIAN_POINT('Ctrl Pts',(-22.5018571470652,38.0817631906537,4.));
#6186=CARTESIAN_POINT('Ctrl Pts',(-22.4978673808759,38.1951899185352,3.));
#6187=CARTESIAN_POINT('Ctrl Pts',(-22.4978673808759,38.1951899185352,4.));
#6188=CARTESIAN_POINT('Ctrl Pts',(-22.4979406192983,38.2911441749744,3.));
#6189=CARTESIAN_POINT('Ctrl Pts',(-22.4979406192983,38.2911441749744,4.));
#6190=CARTESIAN_POINT('Ctrl Pts',(-22.503970104961,38.3638885891823,3.));
#6191=CARTESIAN_POINT('Ctrl Pts',(-22.503970104961,38.3638885891823,4.));
#6192=CARTESIAN_POINT('Ctrl Pts',(-22.5131383963461,38.4223463403052,3.));
#6193=CARTESIAN_POINT('Ctrl Pts',(-22.5131383963461,38.4223463403052,4.));
#6194=CARTESIAN_POINT('Ctrl Pts',(-22.5202339181648,38.4824215366894,3.));
#6195=CARTESIAN_POINT('Ctrl Pts',(-22.5202339181648,38.4824215366894,4.));
#6196=CARTESIAN_POINT('Ctrl Pts',(-22.5206956692701,38.5572678474426,3.));
#6197=CARTESIAN_POINT('Ctrl Pts',(-22.5206956692701,38.5572678474426,4.));
#6198=CARTESIAN_POINT('Ctrl Pts',(-22.5139414224525,38.6464296626088,3.));
#6199=CARTESIAN_POINT('Ctrl Pts',(-22.5139414224525,38.6464296626088,4.));
#6200=CARTESIAN_POINT('Ctrl Pts',(-22.5048898010364,38.7312363510068,3.));
#6201=CARTESIAN_POINT('Ctrl Pts',(-22.5048898010364,38.7312363510068,4.));
#6202=CARTESIAN_POINT('Ctrl Pts',(-22.4991007221317,38.7920566058232,3.));
#6203=CARTESIAN_POINT('Ctrl Pts',(-22.4991007221317,38.7920566058232,4.));
#6204=CARTESIAN_POINT('Ctrl Pts',(-22.4997823523027,38.8191401712157,3.));
#6205=CARTESIAN_POINT('Ctrl Pts',(-22.4997823523027,38.8191401712157,4.));
#6206=CARTESIAN_POINT('Ctrl Pts',(-22.5024373949565,38.8315981104746,3.));
#6207=CARTESIAN_POINT('Ctrl Pts',(-22.5024373949565,38.8315981104746,4.));
#6208=CARTESIAN_POINT('Ctrl Pts',(-22.4986346900394,38.8652851082734,3.));
#6209=CARTESIAN_POINT('Ctrl Pts',(-22.4986346900394,38.8652851082734,4.));
#6210=CARTESIAN_POINT('Ctrl Pts',(-22.4904323999603,38.9259318280374,3.));
#6211=CARTESIAN_POINT('Ctrl Pts',(-22.4904323999603,38.9259318280374,4.));
#6212=CARTESIAN_POINT('Ctrl Pts',(-22.4897243863674,38.9890032337585,3.));
#6213=CARTESIAN_POINT('Ctrl Pts',(-22.4897243863674,38.9890032337585,4.));
#6214=CARTESIAN_POINT('Ctrl Pts',(-22.5088252994005,39.0261590624338,3.));
#6215=CARTESIAN_POINT('Ctrl Pts',(-22.5088252994005,39.0261590624338,4.));
#6216=CARTESIAN_POINT('Ctrl Pts',(-22.5514275926897,39.0305196860812,3.));
#6217=CARTESIAN_POINT('Ctrl Pts',(-22.5514275926897,39.0305196860812,4.));
#6218=CARTESIAN_POINT('Ctrl Pts',(-22.6120065426337,39.0168947238774,3.));
#6219=CARTESIAN_POINT('Ctrl Pts',(-22.6120065426337,39.0168947238774,4.));
#6220=CARTESIAN_POINT('Ctrl Pts',(-22.6816210741099,39.0034770811179,3.));
#6221=CARTESIAN_POINT('Ctrl Pts',(-22.6816210741099,39.0034770811179,4.));
#6222=CARTESIAN_POINT('Ctrl Pts',(-22.7519722019409,38.9977314404691,3.));
#6223=CARTESIAN_POINT('Ctrl Pts',(-22.7519722019409,38.9977314404691,4.));
#6224=CARTESIAN_POINT('Ctrl Pts',(-22.8170214529627,38.9985082653375,3.));
#6225=CARTESIAN_POINT('Ctrl Pts',(-22.8170214529627,38.9985082653375,4.));
#6226=CARTESIAN_POINT('Ctrl Pts',(-22.8736471541676,39.0011072438322,3.));
#6227=CARTESIAN_POINT('Ctrl Pts',(-22.8736471541676,39.0011072438322,4.));
#6228=CARTESIAN_POINT('Ctrl Pts',(-22.9230747741126,39.0019541806118,3.));
#6229=CARTESIAN_POINT('Ctrl Pts',(-22.9230747741126,39.0019541806118,4.));
#6230=CARTESIAN_POINT('Ctrl Pts',(-22.970619869483,39.0009252545554,3.));
#6231=CARTESIAN_POINT('Ctrl Pts',(-22.970619869483,39.0009252545554,4.));
#6232=CARTESIAN_POINT('Ctrl Pts',(-23.0233366228334,38.9992018510548,3.));
#6233=CARTESIAN_POINT('Ctrl Pts',(-23.0233366228334,38.9992018510548,4.));
#6234=CARTESIAN_POINT('Ctrl Pts',(-23.0878375655109,38.9979984197046,3.));
#6235=CARTESIAN_POINT('Ctrl Pts',(-23.0878375655109,38.9979984197046,4.));
#6236=CARTESIAN_POINT('Ctrl Pts',(-23.1691398409967,38.997736256757,3.));
#6237=CARTESIAN_POINT('Ctrl Pts',(-23.1691398409967,38.997736256757,4.));
#6238=CARTESIAN_POINT('Ctrl Pts',(-23.2710390652092,38.9984653970552,3.));
#6239=CARTESIAN_POINT('Ctrl Pts',(-23.2710390652092,38.9984653970552,4.));
#6240=CARTESIAN_POINT('Ctrl Pts',(-23.3960717624608,38.9999289493999,3.));
#6241=CARTESIAN_POINT('Ctrl Pts',(-23.3960717624608,38.9999289493999,4.));
#6242=CARTESIAN_POINT('Ctrl Pts',(-23.5456457006778,39.0017756391705,3.));
#6243=CARTESIAN_POINT('Ctrl Pts',(-23.5456457006778,39.0017756391705,4.));
#6244=CARTESIAN_POINT('Ctrl Pts',(-23.7200989523095,39.0037066907131,3.));
#6245=CARTESIAN_POINT('Ctrl Pts',(-23.7200989523095,39.0037066907131,4.));
#6246=CARTESIAN_POINT('Ctrl Pts',(-23.9188518240122,39.005479710002,3.));
#6247=CARTESIAN_POINT('Ctrl Pts',(-23.9188518240122,39.005479710002,4.));
#6248=CARTESIAN_POINT('Ctrl Pts',(-24.1405444666072,39.0069032786051,3.));
#6249=CARTESIAN_POINT('Ctrl Pts',(-24.1405444666072,39.0069032786051,4.));
#6250=CARTESIAN_POINT('Ctrl Pts',(-24.383180538348,39.0078356937723,3.));
#6251=CARTESIAN_POINT('Ctrl Pts',(-24.383180538348,39.0078356937723,4.));
#6252=CARTESIAN_POINT('Ctrl Pts',(-24.6442681253801,39.0081819202304,3.));
#6253=CARTESIAN_POINT('Ctrl Pts',(-24.6442681253801,39.0081819202304,4.));
#6254=CARTESIAN_POINT('Ctrl Pts',(-24.9209619344018,39.0078913230196,3.));
#6255=CARTESIAN_POINT('Ctrl Pts',(-24.9209619344018,39.0078913230196,4.));
#6256=CARTESIAN_POINT('Ctrl Pts',(-25.2102045457896,39.0069550557547,3.));
#6257=CARTESIAN_POINT('Ctrl Pts',(-25.2102045457896,39.0069550557547,4.));
#6258=CARTESIAN_POINT('Ctrl Pts',(-25.5088688523572,39.0054036323527,3.));
#6259=CARTESIAN_POINT('Ctrl Pts',(-25.5088688523572,39.0054036323527,4.));
#6260=CARTESIAN_POINT('Ctrl Pts',(-25.8138980955282,39.003304353254,3.));
#6261=CARTESIAN_POINT('Ctrl Pts',(-25.8138980955282,39.003304353254,4.));
#6262=CARTESIAN_POINT('Ctrl Pts',(-26.1224513084562,39.0007589630749,3.));
#6263=CARTESIAN_POINT('Ctrl Pts',(-26.1224513084562,39.0007589630749,4.));
#6264=CARTESIAN_POINT('Ctrl Pts',(-26.4320361851492,38.9979008255143,3.));
#6265=CARTESIAN_POINT('Ctrl Pts',(-26.4320361851492,38.9979008255143,4.));
#6266=CARTESIAN_POINT('Ctrl Pts',(-26.7406739076188,38.9948933089325,3.));
#6267=CARTESIAN_POINT('Ctrl Pts',(-26.7406739076188,38.9948933089325,4.));
#6268=CARTESIAN_POINT('Ctrl Pts',(-27.0468770741913,38.9919211259779,3.));
#6269=CARTESIAN_POINT('Ctrl Pts',(-27.0468770741913,38.9919211259779,4.));
#6270=CARTESIAN_POINT('Ctrl Pts',(-27.349568404845,38.9891794423473,3.));
#6271=CARTESIAN_POINT('Ctrl Pts',(-27.349568404845,38.9891794423473,4.));
#6272=CARTESIAN_POINT('Ctrl Pts',(-27.6480191885375,38.9868637282105,3.));
#6273=CARTESIAN_POINT('Ctrl Pts',(-27.6480191885375,38.9868637282105,4.));
#6274=CARTESIAN_POINT('Ctrl Pts',(-27.9417795223512,38.9851593010746,3.));
#6275=CARTESIAN_POINT('Ctrl Pts',(-27.9417795223512,38.9851593010746,4.));
#6276=CARTESIAN_POINT('Ctrl Pts',(-28.2306120917028,38.9842309966748,3.));
#6277=CARTESIAN_POINT('Ctrl Pts',(-28.2306120917028,38.9842309966748,4.));
#6278=CARTESIAN_POINT('Ctrl Pts',(-28.5144244861924,38.9842127913761,3.));
#6279=CARTESIAN_POINT('Ctrl Pts',(-28.5144244861924,38.9842127913761,4.));
#6280=CARTESIAN_POINT('Ctrl Pts',(-28.7932020832955,38.9851974226838,3.));
#6281=CARTESIAN_POINT('Ctrl Pts',(-28.7932020832955,38.9851974226838,4.));
#6282=CARTESIAN_POINT('Ctrl Pts',(-29.0669408855211,38.9872260523256,3.));
#6283=CARTESIAN_POINT('Ctrl Pts',(-29.0669408855211,38.9872260523256,4.));
#6284=CARTESIAN_POINT('Ctrl Pts',(-29.3355799462923,38.9902777991778,3.));
#6285=CARTESIAN_POINT('Ctrl Pts',(-29.3355799462923,38.9902777991778,4.));
#6286=CARTESIAN_POINT('Ctrl Pts',(-29.5989349792279,38.9942595694224,3.));
#6287=CARTESIAN_POINT('Ctrl Pts',(-29.5989349792279,38.9942595694224,4.));
#6288=CARTESIAN_POINT('Ctrl Pts',(-29.856629098091,38.9989951755408,3.));
#6289=CARTESIAN_POINT('Ctrl Pts',(-29.856629098091,38.9989951755408,4.));
#6290=CARTESIAN_POINT('Ctrl Pts',(-30.1080303018795,39.004216107773,3.));
#6291=CARTESIAN_POINT('Ctrl Pts',(-30.1080303018795,39.004216107773,4.));
#6292=CARTESIAN_POINT('Ctrl Pts',(-30.3521715062307,39.0095480246885,3.));
#6293=CARTESIAN_POINT('Ctrl Pts',(-30.3521715062307,39.0095480246885,4.));
#6294=CARTESIAN_POINT('Ctrl Pts',(-30.5878042800682,39.0145300061784,3.));
#6295=CARTESIAN_POINT('Ctrl Pts',(-30.5878042800682,39.0145300061784,4.));
#6296=CARTESIAN_POINT('Ctrl Pts',(-30.8134794114963,39.0186403728188,3.));
#6297=CARTESIAN_POINT('Ctrl Pts',(-30.8134794114963,39.0186403728188,4.));
#6298=CARTESIAN_POINT('Ctrl Pts',(-31.0276183059854,39.0213202718995,3.));
#6299=CARTESIAN_POINT('Ctrl Pts',(-31.0276183059854,39.0213202718995,4.));
#6300=CARTESIAN_POINT('Ctrl Pts',(-31.2285879251137,39.0219980983391,3.));
#6301=CARTESIAN_POINT('Ctrl Pts',(-31.2285879251137,39.0219980983391,4.));
#6302=CARTESIAN_POINT('Ctrl Pts',(-31.4147748780775,39.0201137827017,3.));
#6303=CARTESIAN_POINT('Ctrl Pts',(-31.4147748780775,39.0201137827017,4.));
#6304=CARTESIAN_POINT('Ctrl Pts',(-31.5846582967516,39.0151426081633,3.));
#6305=CARTESIAN_POINT('Ctrl Pts',(-31.5846582967516,39.0151426081633,4.));
#6306=CARTESIAN_POINT('Ctrl Pts',(-31.7368869177236,39.0066204622772,3.));
#6307=CARTESIAN_POINT('Ctrl Pts',(-31.7368869177236,39.0066204622772,4.));
#6308=CARTESIAN_POINT('Ctrl Pts',(-31.8703457774594,38.9941656038329,3.));
#6309=CARTESIAN_POINT('Ctrl Pts',(-31.8703457774594,38.9941656038329,4.));
#6310=CARTESIAN_POINT('Ctrl Pts',(-31.98424867501,38.9775090511828,3.));
#6311=CARTESIAN_POINT('Ctrl Pts',(-31.98424867501,38.9775090511828,4.));
#6312=CARTESIAN_POINT('Ctrl Pts',(-32.0781343944842,38.9564927877697,3.));
#6313=CARTESIAN_POINT('Ctrl Pts',(-32.0781343944842,38.9564927877697,4.));
#6314=CARTESIAN_POINT('Ctrl Pts',(-32.1370429779132,38.9361281072217,3.));
#6315=CARTESIAN_POINT('Ctrl Pts',(-32.1370429779132,38.9361281072217,4.));
#6316=CARTESIAN_POINT('Ctrl Pts',(-32.172078026557,38.9188450924439,3.));
#6317=CARTESIAN_POINT('Ctrl Pts',(-32.172078026557,38.9188450924439,4.));
#6318=CARTESIAN_POINT('Ctrl Pts',(-32.1913696977422,38.9064299691872,3.));
#6319=CARTESIAN_POINT('Ctrl Pts',(-32.1913696977422,38.9064299691872,4.));
#6320=CARTESIAN_POINT('Ctrl Pts',(-32.1999992802739,38.8999991305172,3.));
#6321=CARTESIAN_POINT('Ctrl Pts',(-32.1999992802739,38.8999991305172,4.));
#6322=CARTESIAN_POINT('',(-32.1999992802739,38.8999991305172,4.));
#6323=CARTESIAN_POINT('',(-32.1999992802739,38.8999991305172,3.));
#6324=CARTESIAN_POINT('',(-28.699999358505,35.2999992109835,4.));
#6325=CARTESIAN_POINT('Ctrl Pts',(-28.699999358505,35.2999992109835,4.));
#6326=CARTESIAN_POINT('Ctrl Pts',(-28.6925022432749,35.3237775884828,4.));
#6327=CARTESIAN_POINT('Ctrl Pts',(-28.6798922112014,35.3705778002385,4.));
#6328=CARTESIAN_POINT('Ctrl Pts',(-28.6681297691151,35.4385084840941,4.));
#6329=CARTESIAN_POINT('Ctrl Pts',(-28.6667519890033,35.5245433831417,4.));
#6330=CARTESIAN_POINT('Ctrl Pts',(-28.6885540775932,35.6246255619711,4.));
#6331=CARTESIAN_POINT('Ctrl Pts',(-28.7329206808746,35.7175604896843,4.));
#6332=CARTESIAN_POINT('Ctrl Pts',(-28.7979325293003,35.8039762793624,4.));
#6333=CARTESIAN_POINT('Ctrl Pts',(-28.8803815463802,35.8849231110086,4.));
#6334=CARTESIAN_POINT('Ctrl Pts',(-28.9754727475243,35.9619697208534,4.));
#6335=CARTESIAN_POINT('Ctrl Pts',(-29.0776869298839,36.0368646317542,4.));
#6336=CARTESIAN_POINT('Ctrl Pts',(-29.1815990218258,36.111214293117,4.));
#6337=CARTESIAN_POINT('Ctrl Pts',(-29.2827384663264,36.1861447702366,4.));
#6338=CARTESIAN_POINT('Ctrl Pts',(-29.3783740463732,36.2619933452104,4.));
#6339=CARTESIAN_POINT('Ctrl Pts',(-29.4684697780951,36.3379321691594,4.));
#6340=CARTESIAN_POINT('Ctrl Pts',(-29.5561386236259,36.4117914115225,4.));
#6341=CARTESIAN_POINT('Ctrl Pts',(-29.6462337254299,36.4806210487583,4.));
#6342=CARTESIAN_POINT('Ctrl Pts',(-29.7442567466437,36.5411280055012,4.));
#6343=CARTESIAN_POINT('Ctrl Pts',(-29.8550918341614,36.5901796781933,4.));
#6344=CARTESIAN_POINT('Ctrl Pts',(-29.981929492026,36.6252386769093,4.));
#6345=CARTESIAN_POINT('Ctrl Pts',(-30.1248158641842,36.6449297374106,4.));
#6346=CARTESIAN_POINT('Ctrl Pts',(-30.2808825608216,36.6490173872749,4.));
#6347=CARTESIAN_POINT('Ctrl Pts',(-30.4453883641371,36.6380986623061,4.));
#6348=CARTESIAN_POINT('Ctrl Pts',(-30.612513788996,36.6133836779732,4.));
#6349=CARTESIAN_POINT('Ctrl Pts',(-30.7762405044898,36.5764435139426,4.));
#6350=CARTESIAN_POINT('Ctrl Pts',(-30.9312349511719,36.5289635893682,4.));
#6351=CARTESIAN_POINT('Ctrl Pts',(-31.0736352392821,36.4725147357012,4.));
#6352=CARTESIAN_POINT('Ctrl Pts',(-31.2021147955979,36.4082670604829,4.));
#6353=CARTESIAN_POINT('Ctrl Pts',(-31.3178902013224,36.3369260143086,4.));
#6354=CARTESIAN_POINT('Ctrl Pts',(-31.4236877553422,36.2588877423434,4.));
#6355=CARTESIAN_POINT('Ctrl Pts',(-31.5230007083261,36.1743340165228,4.));
#6356=CARTESIAN_POINT('Ctrl Pts',(-31.6192139709965,36.0833529597785,4.));
#6357=CARTESIAN_POINT('Ctrl Pts',(-31.7148173233665,35.9860461582243,4.));
#6358=CARTESIAN_POINT('Ctrl Pts',(-31.8105047819118,35.8826477198716,4.));
#6359=CARTESIAN_POINT('Ctrl Pts',(-31.9045471617574,35.7736200857121,4.));
#6360=CARTESIAN_POINT('Ctrl Pts',(-31.9936937139749,35.6596247274587,4.));
#6361=CARTESIAN_POINT('Ctrl Pts',(-32.0739043150617,35.5415079628838,4.));
#6362=CARTESIAN_POINT('Ctrl Pts',(-32.1411304475367,35.4202794464081,4.));
#6363=CARTESIAN_POINT('Ctrl Pts',(-32.1921129266807,35.2970972594723,4.));
#6364=CARTESIAN_POINT('Ctrl Pts',(-32.2250846625916,35.1732420739086,4.));
#6365=CARTESIAN_POINT('Ctrl Pts',(-32.2407381263895,35.0501166567266,4.));
#6366=CARTESIAN_POINT('Ctrl Pts',(-32.2418618289625,34.929122920178,4.));
#6367=CARTESIAN_POINT('Ctrl Pts',(-32.2323863562212,34.8114866840889,4.));
#6368=CARTESIAN_POINT('Ctrl Pts',(-32.2166125908238,34.6980956558412,4.));
#6369=CARTESIAN_POINT('Ctrl Pts',(-32.1983786021935,34.5893395186765,4.));
#6370=CARTESIAN_POINT('Ctrl Pts',(-32.180218792983,34.4849310390442,4.));
#6371=CARTESIAN_POINT('Ctrl Pts',(-32.1626240993414,34.3837866495026,4.));
#6372=CARTESIAN_POINT('Ctrl Pts',(-32.1445877448661,34.2845496298077,4.));
#6373=CARTESIAN_POINT('Ctrl Pts',(-32.1240550663641,34.1860782726234,4.));
#6374=CARTESIAN_POINT('Ctrl Pts',(-32.0984101160634,34.0879234488971,4.));
#6375=CARTESIAN_POINT('Ctrl Pts',(-32.0649459281411,33.9908663996968,4.));
#6376=CARTESIAN_POINT('Ctrl Pts',(-32.0213427468562,33.897270449517,4.));
#6377=CARTESIAN_POINT('Ctrl Pts',(-31.9661113487192,33.8100247397764,4.));
#6378=CARTESIAN_POINT('Ctrl Pts',(-31.8990621545628,33.7315790051499,4.));
#6379=CARTESIAN_POINT('Ctrl Pts',(-31.8217210010512,33.6630298427775,4.));
#6380=CARTESIAN_POINT('Ctrl Pts',(-31.7378698949644,33.6029825181561,4.));
#6381=CARTESIAN_POINT('Ctrl Pts',(-31.6537219276544,33.5471200698101,4.));
#6382=CARTESIAN_POINT('Ctrl Pts',(-31.576678538699,33.4903626544279,4.));
#6383=CARTESIAN_POINT('Ctrl Pts',(-31.5142946600456,33.4288035141899,4.));
#6384=CARTESIAN_POINT('Ctrl Pts',(-31.4731770790889,33.3613783509587,4.));
#6385=CARTESIAN_POINT('Ctrl Pts',(-31.4578734255439,33.2925150684989,4.));
#6386=CARTESIAN_POINT('Ctrl Pts',(-31.4699933074837,33.2306120221954,4.));
#6387=CARTESIAN_POINT('Ctrl Pts',(-31.5077599275914,33.1839030937625,4.));
#6388=CARTESIAN_POINT('Ctrl Pts',(-31.5650333038026,33.1564767145704,4.));
#6389=CARTESIAN_POINT('Ctrl Pts',(-31.6317742935785,33.1461049413768,4.));
#6390=CARTESIAN_POINT('Ctrl Pts',(-31.6983099032489,33.1479217331097,4.));
#6391=CARTESIAN_POINT('Ctrl Pts',(-31.7587440695776,33.1568966706915,4.));
#6392=CARTESIAN_POINT('Ctrl Pts',(-31.8150428509959,33.1709449706757,4.));
#6393=CARTESIAN_POINT('Ctrl Pts',(-31.8732190226916,33.1898625385513,4.));
#6394=CARTESIAN_POINT('Ctrl Pts',(-31.9396098426731,33.2142537651613,4.));
#6395=CARTESIAN_POINT('Ctrl Pts',(-32.0162584118046,33.2442493200137,4.));
#6396=CARTESIAN_POINT('Ctrl Pts',(-32.1006203444372,33.2792647108127,4.));
#6397=CARTESIAN_POINT('Ctrl Pts',(-32.1880404068259,33.3184266522065,4.));
#6398=CARTESIAN_POINT('Ctrl Pts',(-32.2732825100416,33.3607731065301,4.));
#6399=CARTESIAN_POINT('Ctrl Pts',(-32.3526904031118,33.4056000435607,4.));
#6400=CARTESIAN_POINT('Ctrl Pts',(-32.425326226515,33.452578676152,4.));
#6401=CARTESIAN_POINT('Ctrl Pts',(-32.4916161917264,33.5013259324422,4.));
#6402=CARTESIAN_POINT('Ctrl Pts',(-32.5524159649791,33.5510621820982,4.));
#6403=CARTESIAN_POINT('Ctrl Pts',(-32.6079265830471,33.6002471370951,4.));
#6404=CARTESIAN_POINT('Ctrl Pts',(-32.6566462609069,33.6462010528729,4.));
#6405=CARTESIAN_POINT('Ctrl Pts',(-32.6973392343537,33.6866933873743,4.));
#6406=CARTESIAN_POINT('Ctrl Pts',(-32.7305126583482,33.7211695350484,4.));
#6407=CARTESIAN_POINT('Ctrl Pts',(-32.7610352636199,33.7528134556716,4.));
#6408=CARTESIAN_POINT('Ctrl Pts',(-32.7961776527744,33.7872461749444,4.));
#6409=CARTESIAN_POINT('Ctrl Pts',(-32.8412305245243,33.8293779708559,4.));
#6410=CARTESIAN_POINT('Ctrl Pts',(-32.8947632452019,33.8801331082308,4.));
#6411=CARTESIAN_POINT('Ctrl Pts',(-32.9502504116312,33.9371231593825,4.));
#6412=CARTESIAN_POINT('Ctrl Pts',(-33.0003480340264,33.9969943641752,4.));
#6413=CARTESIAN_POINT('Ctrl Pts',(-33.0401771003446,34.0571521654876,4.));
#6414=CARTESIAN_POINT('Ctrl Pts',(-33.0712973468502,34.117903449743,4.));
#6415=CARTESIAN_POINT('Ctrl Pts',(-33.0986235268154,34.1807415600319,4.));
#6416=CARTESIAN_POINT('Ctrl Pts',(-33.127349162876,34.2466967182412,4.));
#6417=CARTESIAN_POINT('Ctrl Pts',(-33.1593425377852,34.3142649822463,4.));
#6418=CARTESIAN_POINT('Ctrl Pts',(-33.1914152887787,34.3787832717226,4.));
#6419=CARTESIAN_POINT('Ctrl Pts',(-33.2187980939076,34.4360591899045,4.));
#6420=CARTESIAN_POINT('Ctrl Pts',(-33.2373262985272,34.4846933320011,4.));
#6421=CARTESIAN_POINT('Ctrl Pts',(-33.2468220560064,34.530063282235,4.));
#6422=CARTESIAN_POINT('Ctrl Pts',(-33.2501580350175,34.5813432015202,4.));
#6423=CARTESIAN_POINT('Ctrl Pts',(-33.2509232942171,34.6463958446261,4.));
#6424=CARTESIAN_POINT('Ctrl Pts',(-33.2511861128424,34.7263335619227,4.));
#6425=CARTESIAN_POINT('Ctrl Pts',(-33.2513770242642,34.8165563333352,4.));
#6426=CARTESIAN_POINT('Ctrl Pts',(-33.2510332967074,34.9102999592441,4.));
#6427=CARTESIAN_POINT('Ctrl Pts',(-33.2492123025401,35.0010621083655,4.));
#6428=CARTESIAN_POINT('Ctrl Pts',(-33.2451302539968,35.0861520367416,4.));
#6429=CARTESIAN_POINT('Ctrl Pts',(-33.2383361653694,35.1669573757088,4.));
#6430=CARTESIAN_POINT('Ctrl Pts',(-33.2285854667546,35.2467253543131,4.));
#6431=CARTESIAN_POINT('Ctrl Pts',(-33.2157940372021,35.3291717891793,4.));
#6432=CARTESIAN_POINT('Ctrl Pts',(-33.1999657611669,35.4164734528132,4.));
#6433=CARTESIAN_POINT('Ctrl Pts',(-33.1811108979276,35.5084594107116,4.));
#6434=CARTESIAN_POINT('Ctrl Pts',(-33.159126391276,35.6036881937697,4.));
#6435=CARTESIAN_POINT('Ctrl Pts',(-33.1336721361954,35.7001492334863,4.));
#6436=CARTESIAN_POINT('Ctrl Pts',(-33.104078333899,35.7960480159482,4.));
#6437=CARTESIAN_POINT('Ctrl Pts',(-33.0691646911051,35.8907236800707,4.));
#6438=CARTESIAN_POINT('Ctrl Pts',(-33.0275569166303,35.9844617604899,4.));
#6439=CARTESIAN_POINT('Ctrl Pts',(-32.9781528168862,36.0779238259589,4.));
#6440=CARTESIAN_POINT('Ctrl Pts',(-32.9205733665212,36.171679103137,4.));
#6441=CARTESIAN_POINT('Ctrl Pts',(-32.8555429806141,36.265751483891,4.));
#6442=CARTESIAN_POINT('Ctrl Pts',(-32.7854957658124,36.3590126683106,4.));
#6443=CARTESIAN_POINT('Ctrl Pts',(-32.7139956013784,36.4494652799577,4.));
#6444=CARTESIAN_POINT('Ctrl Pts',(-32.6446984789912,36.534883804598,4.));
#6445=CARTESIAN_POINT('Ctrl Pts',(-32.5804010099085,36.6133715198474,4.));
#6446=CARTESIAN_POINT('Ctrl Pts',(-32.5221902191028,36.6838815105087,4.));
#6447=CARTESIAN_POINT('Ctrl Pts',(-32.4682136698406,36.7469268403253,4.));
#6448=CARTESIAN_POINT('Ctrl Pts',(-32.4138995385778,36.8045455563025,4.));
#6449=CARTESIAN_POINT('Ctrl Pts',(-32.3539342785215,36.8593649398047,4.));
#6450=CARTESIAN_POINT('Ctrl Pts',(-32.2836828531426,36.9139416174412,4.));
#6451=CARTESIAN_POINT('Ctrl Pts',(-32.2010570230239,36.9698985660981,4.));
#6452=CARTESIAN_POINT('Ctrl Pts',(-32.107501212985,37.0274326899051,4.));
#6453=CARTESIAN_POINT('Ctrl Pts',(-32.0065859924451,37.0858010520003,4.));
#6454=CARTESIAN_POINT('Ctrl Pts',(-31.9030144005678,37.1436394049701,4.));
#6455=CARTESIAN_POINT('Ctrl Pts',(-31.8014611904084,37.1993479639042,4.));
#6456=CARTESIAN_POINT('Ctrl Pts',(-31.7054947624336,37.2514451297728,4.));
#6457=CARTESIAN_POINT('Ctrl Pts',(-31.616432212695,37.2989441470184,4.));
#6458=CARTESIAN_POINT('Ctrl Pts',(-31.5336914480372,37.341289241396,4.));
#6459=CARTESIAN_POINT('Ctrl Pts',(-31.4551777243178,37.3782821792182,4.));
#6460=CARTESIAN_POINT('Ctrl Pts',(-31.3776575270126,37.4100124829082,4.));
#6461=CARTESIAN_POINT('Ctrl Pts',(-31.297138153954,37.4367855679936,4.));
#6462=CARTESIAN_POINT('Ctrl Pts',(-31.2092424735612,37.4590537572245,4.));
#6463=CARTESIAN_POINT('Ctrl Pts',(-31.1095679654631,37.4773544851591,4.));
#6464=CARTESIAN_POINT('Ctrl Pts',(-30.9940590011973,37.4922454134099,4.));
#6465=CARTESIAN_POINT('Ctrl Pts',(-30.8593518491679,37.5042445311205,4.));
#6466=CARTESIAN_POINT('Ctrl Pts',(-30.7031839860071,37.5137591632918,4.));
#6467=CARTESIAN_POINT('Ctrl Pts',(-30.5246019271869,37.5210493741489,4.));
#6468=CARTESIAN_POINT('Ctrl Pts',(-30.323732893305,37.5262656584606,4.));
#6469=CARTESIAN_POINT('Ctrl Pts',(-30.1016462134033,37.5294713672434,4.));
#6470=CARTESIAN_POINT('Ctrl Pts',(-29.8601791046851,37.5306711893239,4.));
#6471=CARTESIAN_POINT('Ctrl Pts',(-29.6017776066662,37.5298370918508,4.));
#6472=CARTESIAN_POINT('Ctrl Pts',(-29.329331416904,37.5269352273227,4.));
#6473=CARTESIAN_POINT('Ctrl Pts',(-29.0460105930897,37.5219527074322,4.));
#6474=CARTESIAN_POINT('Ctrl Pts',(-28.7551033758189,37.5149237753057,4.));
#6475=CARTESIAN_POINT('Ctrl Pts',(-28.4598491592363,37.5059577758064,4.));
#6476=CARTESIAN_POINT('Ctrl Pts',(-28.1632838030921,37.4952627733303,4.));
#6477=CARTESIAN_POINT('Ctrl Pts',(-27.8680543982292,37.4831798730526,4.));
#6478=CARTESIAN_POINT('Ctrl Pts',(-27.5763423217208,37.4701796577984,4.));
#6479=CARTESIAN_POINT('Ctrl Pts',(-27.2899140030691,37.4568139435218,4.));
#6480=CARTESIAN_POINT('Ctrl Pts',(-27.010138658513,37.443679102369,4.));
#6481=CARTESIAN_POINT('Ctrl Pts',(-26.7380194013349,37.4313746559206,4.));
#6482=CARTESIAN_POINT('Ctrl Pts',(-26.4742186242003,37.4204639652795,4.));
#6483=CARTESIAN_POINT('Ctrl Pts',(-26.2190857201384,37.4114338524796,4.));
#6484=CARTESIAN_POINT('Ctrl Pts',(-25.9726839672837,37.4046550552354,4.));
#6485=CARTESIAN_POINT('Ctrl Pts',(-25.7348172643901,37.4003414286382,4.));
#6486=CARTESIAN_POINT('Ctrl Pts',(-25.5050580101694,37.3985117216166,4.));
#6487=CARTESIAN_POINT('Ctrl Pts',(-25.2827718869993,37.3989454579069,4.));
#6488=CARTESIAN_POINT('Ctrl Pts',(-25.0671499891393,37.4011524949501,4.));
#6489=CARTESIAN_POINT('Ctrl Pts',(-24.8572225930575,37.40430859004,4.));
#6490=CARTESIAN_POINT('Ctrl Pts',(-24.6519519150327,37.4073371911111,4.));
#6491=CARTESIAN_POINT('Ctrl Pts',(-24.4503733798919,37.4090813002096,4.));
#6492=CARTESIAN_POINT('Ctrl Pts',(-24.2517228730685,37.4084488273208,4.));
#6493=CARTESIAN_POINT('Ctrl Pts',(-24.055568386484,37.4045672966332,4.));
#6494=CARTESIAN_POINT('Ctrl Pts',(-23.8619430794642,37.3969382707453,4.));
#6495=CARTESIAN_POINT('Ctrl Pts',(-23.6714701926764,37.3855833230063,4.));
#6496=CARTESIAN_POINT('Ctrl Pts',(-23.485509153127,37.3712137069709,4.));
#6497=CARTESIAN_POINT('Ctrl Pts',(-23.3062513934052,37.3553430698341,4.));
#6498=CARTESIAN_POINT('Ctrl Pts',(-23.1369407461289,37.3405417884427,4.));
#6499=CARTESIAN_POINT('Ctrl Pts',(-22.9815985983117,37.3301211832513,4.));
#6500=CARTESIAN_POINT('Ctrl Pts',(-22.8443607951011,37.3273409277259,4.));
#6501=CARTESIAN_POINT('Ctrl Pts',(-22.7289286452953,37.3348017884614,4.));
#6502=CARTESIAN_POINT('Ctrl Pts',(-22.6379681819543,37.3536575044917,4.));
#6503=CARTESIAN_POINT('Ctrl Pts',(-22.5725426777588,37.3831458163161,4.));
#6504=CARTESIAN_POINT('Ctrl Pts',(-22.5315012563545,37.419396292114,4.));
#6505=CARTESIAN_POINT('Ctrl Pts',(-22.51104252769,37.456527069567,4.));
#6506=CARTESIAN_POINT('Ctrl Pts',(-22.504994195968,37.4902366779485,4.));
#6507=CARTESIAN_POINT('Ctrl Pts',(-22.5042789511626,37.5220890874905,4.));
#6508=CARTESIAN_POINT('Ctrl Pts',(-22.4998104433043,37.5577116462826,4.));
#6509=CARTESIAN_POINT('Ctrl Pts',(-22.4894030103105,37.5986680950116,4.));
#6510=CARTESIAN_POINT('Ctrl Pts',(-22.4800219331103,37.6399138617941,4.));
#6511=CARTESIAN_POINT('Ctrl Pts',(-22.479529089688,37.677687729542,4.));
#6512=CARTESIAN_POINT('Ctrl Pts',(-22.4880026472086,37.7184979150966,4.));
#6513=CARTESIAN_POINT('Ctrl Pts',(-22.4990466189733,37.7752337491553,4.));
#6514=CARTESIAN_POINT('Ctrl Pts',(-22.5057080850609,37.8578964526164,4.));
#6515=CARTESIAN_POINT('Ctrl Pts',(-22.5058621494414,37.9641575476406,4.));
#6516=CARTESIAN_POINT('Ctrl Pts',(-22.5018571470652,38.0817631906537,4.));
#6517=CARTESIAN_POINT('Ctrl Pts',(-22.4978673808759,38.1951899185352,4.));
#6518=CARTESIAN_POINT('Ctrl Pts',(-22.4979406192983,38.2911441749744,4.));
#6519=CARTESIAN_POINT('Ctrl Pts',(-22.503970104961,38.3638885891823,4.));
#6520=CARTESIAN_POINT('Ctrl Pts',(-22.5131383963461,38.4223463403052,4.));
#6521=CARTESIAN_POINT('Ctrl Pts',(-22.5202339181648,38.4824215366894,4.));
#6522=CARTESIAN_POINT('Ctrl Pts',(-22.5206956692701,38.5572678474426,4.));
#6523=CARTESIAN_POINT('Ctrl Pts',(-22.5139414224525,38.6464296626088,4.));
#6524=CARTESIAN_POINT('Ctrl Pts',(-22.5048898010364,38.7312363510068,4.));
#6525=CARTESIAN_POINT('Ctrl Pts',(-22.4991007221317,38.7920566058232,4.));
#6526=CARTESIAN_POINT('Ctrl Pts',(-22.4997823523027,38.8191401712157,4.));
#6527=CARTESIAN_POINT('Ctrl Pts',(-22.5024373949565,38.8315981104746,4.));
#6528=CARTESIAN_POINT('Ctrl Pts',(-22.4986346900394,38.8652851082734,4.));
#6529=CARTESIAN_POINT('Ctrl Pts',(-22.4904323999603,38.9259318280374,4.));
#6530=CARTESIAN_POINT('Ctrl Pts',(-22.4897243863674,38.9890032337585,4.));
#6531=CARTESIAN_POINT('Ctrl Pts',(-22.5088252994005,39.0261590624338,4.));
#6532=CARTESIAN_POINT('Ctrl Pts',(-22.5514275926897,39.0305196860812,4.));
#6533=CARTESIAN_POINT('Ctrl Pts',(-22.6120065426337,39.0168947238774,4.));
#6534=CARTESIAN_POINT('Ctrl Pts',(-22.6816210741099,39.0034770811179,4.));
#6535=CARTESIAN_POINT('Ctrl Pts',(-22.7519722019409,38.9977314404691,4.));
#6536=CARTESIAN_POINT('Ctrl Pts',(-22.8170214529627,38.9985082653375,4.));
#6537=CARTESIAN_POINT('Ctrl Pts',(-22.8736471541676,39.0011072438322,4.));
#6538=CARTESIAN_POINT('Ctrl Pts',(-22.9230747741126,39.0019541806118,4.));
#6539=CARTESIAN_POINT('Ctrl Pts',(-22.970619869483,39.0009252545554,4.));
#6540=CARTESIAN_POINT('Ctrl Pts',(-23.0233366228334,38.9992018510548,4.));
#6541=CARTESIAN_POINT('Ctrl Pts',(-23.0878375655109,38.9979984197046,4.));
#6542=CARTESIAN_POINT('Ctrl Pts',(-23.1691398409967,38.997736256757,4.));
#6543=CARTESIAN_POINT('Ctrl Pts',(-23.2710390652092,38.9984653970552,4.));
#6544=CARTESIAN_POINT('Ctrl Pts',(-23.3960717624608,38.9999289493999,4.));
#6545=CARTESIAN_POINT('Ctrl Pts',(-23.5456457006778,39.0017756391705,4.));
#6546=CARTESIAN_POINT('Ctrl Pts',(-23.7200989523095,39.0037066907131,4.));
#6547=CARTESIAN_POINT('Ctrl Pts',(-23.9188518240122,39.005479710002,4.));
#6548=CARTESIAN_POINT('Ctrl Pts',(-24.1405444666072,39.0069032786051,4.));
#6549=CARTESIAN_POINT('Ctrl Pts',(-24.383180538348,39.0078356937723,4.));
#6550=CARTESIAN_POINT('Ctrl Pts',(-24.6442681253801,39.0081819202304,4.));
#6551=CARTESIAN_POINT('Ctrl Pts',(-24.9209619344018,39.0078913230196,4.));
#6552=CARTESIAN_POINT('Ctrl Pts',(-25.2102045457896,39.0069550557547,4.));
#6553=CARTESIAN_POINT('Ctrl Pts',(-25.5088688523572,39.0054036323527,4.));
#6554=CARTESIAN_POINT('Ctrl Pts',(-25.8138980955282,39.003304353254,4.));
#6555=CARTESIAN_POINT('Ctrl Pts',(-26.1224513084562,39.0007589630749,4.));
#6556=CARTESIAN_POINT('Ctrl Pts',(-26.4320361851492,38.9979008255143,4.));
#6557=CARTESIAN_POINT('Ctrl Pts',(-26.7406739076188,38.9948933089325,4.));
#6558=CARTESIAN_POINT('Ctrl Pts',(-27.0468770741913,38.9919211259779,4.));
#6559=CARTESIAN_POINT('Ctrl Pts',(-27.349568404845,38.9891794423473,4.));
#6560=CARTESIAN_POINT('Ctrl Pts',(-27.6480191885375,38.9868637282105,4.));
#6561=CARTESIAN_POINT('Ctrl Pts',(-27.9417795223512,38.9851593010746,4.));
#6562=CARTESIAN_POINT('Ctrl Pts',(-28.2306120917028,38.9842309966748,4.));
#6563=CARTESIAN_POINT('Ctrl Pts',(-28.5144244861924,38.9842127913761,4.));
#6564=CARTESIAN_POINT('Ctrl Pts',(-28.7932020832955,38.9851974226838,4.));
#6565=CARTESIAN_POINT('Ctrl Pts',(-29.0669408855211,38.9872260523256,4.));
#6566=CARTESIAN_POINT('Ctrl Pts',(-29.3355799462923,38.9902777991778,4.));
#6567=CARTESIAN_POINT('Ctrl Pts',(-29.5989349792279,38.9942595694224,4.));
#6568=CARTESIAN_POINT('Ctrl Pts',(-29.856629098091,38.9989951755408,4.));
#6569=CARTESIAN_POINT('Ctrl Pts',(-30.1080303018795,39.004216107773,4.));
#6570=CARTESIAN_POINT('Ctrl Pts',(-30.3521715062307,39.0095480246885,4.));
#6571=CARTESIAN_POINT('Ctrl Pts',(-30.5878042800682,39.0145300061784,4.));
#6572=CARTESIAN_POINT('Ctrl Pts',(-30.8134794114963,39.0186403728188,4.));
#6573=CARTESIAN_POINT('Ctrl Pts',(-31.0276183059854,39.0213202718995,4.));
#6574=CARTESIAN_POINT('Ctrl Pts',(-31.2285879251137,39.0219980983391,4.));
#6575=CARTESIAN_POINT('Ctrl Pts',(-31.4147748780775,39.0201137827017,4.));
#6576=CARTESIAN_POINT('Ctrl Pts',(-31.5846582967516,39.0151426081633,4.));
#6577=CARTESIAN_POINT('Ctrl Pts',(-31.7368869177236,39.0066204622772,4.));
#6578=CARTESIAN_POINT('Ctrl Pts',(-31.8703457774594,38.9941656038329,4.));
#6579=CARTESIAN_POINT('Ctrl Pts',(-31.98424867501,38.9775090511828,4.));
#6580=CARTESIAN_POINT('Ctrl Pts',(-32.0781343944842,38.9564927877697,4.));
#6581=CARTESIAN_POINT('Ctrl Pts',(-32.1370429779132,38.9361281072217,4.));
#6582=CARTESIAN_POINT('Ctrl Pts',(-32.172078026557,38.9188450924439,4.));
#6583=CARTESIAN_POINT('Ctrl Pts',(-32.1913696977422,38.9064299691872,4.));
#6584=CARTESIAN_POINT('Ctrl Pts',(-32.1999992802739,38.8999991305172,4.));
#6585=CARTESIAN_POINT('',(-28.699999358505,35.2999992109835,3.));
#6586=CARTESIAN_POINT('Ctrl Pts',(-32.1999992802739,38.8999991305172,3.));
#6587=CARTESIAN_POINT('Ctrl Pts',(-32.1999992802739,38.8999991305172,4.));
#6588=CARTESIAN_POINT('Ctrl Pts',(-32.2255378212193,38.8914297370282,3.));
#6589=CARTESIAN_POINT('Ctrl Pts',(-32.2255378212193,38.8914297370282,4.));
#6590=CARTESIAN_POINT('Ctrl Pts',(-32.2767014701427,38.8731121874678,3.));
#6591=CARTESIAN_POINT('Ctrl Pts',(-32.2767014701427,38.8731121874678,4.));
#6592=CARTESIAN_POINT('Ctrl Pts',(-32.3537066243793,38.842099593467,3.));
#6593=CARTESIAN_POINT('Ctrl Pts',(-32.3537066243793,38.842099593467,4.));
#6594=CARTESIAN_POINT('Ctrl Pts',(-32.4568997317087,38.7936763490869,3.));
#6595=CARTESIAN_POINT('Ctrl Pts',(-32.4568997317087,38.7936763490869,4.));
#6596=CARTESIAN_POINT('Ctrl Pts',(-32.5866777311294,38.7214604073604,3.));
#6597=CARTESIAN_POINT('Ctrl Pts',(-32.5866777311294,38.7214604073604,4.));
#6598=CARTESIAN_POINT('Ctrl Pts',(-32.7170072946193,38.6378638439601,3.));
#6599=CARTESIAN_POINT('Ctrl Pts',(-32.7170072946193,38.6378638439601,4.));
#6600=CARTESIAN_POINT('Ctrl Pts',(-32.8474123016451,38.543507548492,3.));
#6601=CARTESIAN_POINT('Ctrl Pts',(-32.8474123016451,38.543507548492,4.));
#6602=CARTESIAN_POINT('Ctrl Pts',(-32.9771112108824,38.4394183050018,3.));
#6603=CARTESIAN_POINT('Ctrl Pts',(-32.9771112108824,38.4394183050018,4.));
#6604=CARTESIAN_POINT('Ctrl Pts',(-33.1049009909326,38.3271662404439,3.));
#6605=CARTESIAN_POINT('Ctrl Pts',(-33.1049009909326,38.3271662404439,4.));
#6606=CARTESIAN_POINT('Ctrl Pts',(-33.2292575129191,38.2088102897654,3.));
#6607=CARTESIAN_POINT('Ctrl Pts',(-33.2292575129191,38.2088102897654,4.));
#6608=CARTESIAN_POINT('Ctrl Pts',(-33.3485848573333,38.0867159133783,3.));
#6609=CARTESIAN_POINT('Ctrl Pts',(-33.3485848573333,38.0867159133783,4.));
#6610=CARTESIAN_POINT('Ctrl Pts',(-33.4614149200842,37.9634088959246,3.));
#6611=CARTESIAN_POINT('Ctrl Pts',(-33.4614149200842,37.9634088959246,4.));
#6612=CARTESIAN_POINT('Ctrl Pts',(-33.5666393176005,37.8414187067156,3.));
#6613=CARTESIAN_POINT('Ctrl Pts',(-33.5666393176005,37.8414187067156,4.));
#6614=CARTESIAN_POINT('Ctrl Pts',(-33.6637001744564,37.7231161322361,3.));
#6615=CARTESIAN_POINT('Ctrl Pts',(-33.6637001744564,37.7231161322361,4.));
#6616=CARTESIAN_POINT('Ctrl Pts',(-33.7528678226198,37.6105789822261,3.));
#6617=CARTESIAN_POINT('Ctrl Pts',(-33.7528678226198,37.6105789822261,4.));
#6618=CARTESIAN_POINT('Ctrl Pts',(-33.8351367959046,37.5053230306007,3.));
#6619=CARTESIAN_POINT('Ctrl Pts',(-33.8351367959046,37.5053230306007,4.));
#6620=CARTESIAN_POINT('Ctrl Pts',(-33.9119218345873,37.4079764785693,3.));
#6621=CARTESIAN_POINT('Ctrl Pts',(-33.9119218345873,37.4079764785693,4.));
#6622=CARTESIAN_POINT('Ctrl Pts',(-33.9848117194245,37.3179442327934,3.));
#6623=CARTESIAN_POINT('Ctrl Pts',(-33.9848117194245,37.3179442327934,4.));
#6624=CARTESIAN_POINT('Ctrl Pts',(-34.0553086987604,37.2331376277388,3.));
#6625=CARTESIAN_POINT('Ctrl Pts',(-34.0553086987604,37.2331376277388,4.));
#6626=CARTESIAN_POINT('Ctrl Pts',(-34.1245497760032,37.1495160349296,3.));
#6627=CARTESIAN_POINT('Ctrl Pts',(-34.1245497760032,37.1495160349296,4.));
#6628=CARTESIAN_POINT('Ctrl Pts',(-34.1932027535094,37.0619009830476,3.));
#6629=CARTESIAN_POINT('Ctrl Pts',(-34.1932027535094,37.0619009830476,4.));
#6630=CARTESIAN_POINT('Ctrl Pts',(-34.2613992869537,36.9651897028811,3.));
#6631=CARTESIAN_POINT('Ctrl Pts',(-34.2613992869537,36.9651897028811,4.));
#6632=CARTESIAN_POINT('Ctrl Pts',(-34.3286784011019,36.8553297865743,3.));
#6633=CARTESIAN_POINT('Ctrl Pts',(-34.3286784011019,36.8553297865743,4.));
#6634=CARTESIAN_POINT('Ctrl Pts',(-34.3938707623696,36.7306376579312,3.));
#6635=CARTESIAN_POINT('Ctrl Pts',(-34.3938707623696,36.7306376579312,4.));
#6636=CARTESIAN_POINT('Ctrl Pts',(-34.455205938964,36.592091467948,3.));
#6637=CARTESIAN_POINT('Ctrl Pts',(-34.455205938964,36.592091467948,4.));
#6638=CARTESIAN_POINT('Ctrl Pts',(-34.5107380268678,36.4422358680681,3.));
#6639=CARTESIAN_POINT('Ctrl Pts',(-34.5107380268678,36.4422358680681,4.));
#6640=CARTESIAN_POINT('Ctrl Pts',(-34.5586875601716,36.2844343304248,3.));
#6641=CARTESIAN_POINT('Ctrl Pts',(-34.5586875601716,36.2844343304248,4.));
#6642=CARTESIAN_POINT('Ctrl Pts',(-34.5978288081628,36.1219631119588,3.));
#6643=CARTESIAN_POINT('Ctrl Pts',(-34.5978288081628,36.1219631119588,4.));
#6644=CARTESIAN_POINT('Ctrl Pts',(-34.6278310566942,35.957215041833,3.));
#6645=CARTESIAN_POINT('Ctrl Pts',(-34.6278310566942,35.957215041833,4.));
#6646=CARTESIAN_POINT('Ctrl Pts',(-34.6496909795142,35.7907441313666,3.));
#6647=CARTESIAN_POINT('Ctrl Pts',(-34.6496909795142,35.7907441313666,4.));
#6648=CARTESIAN_POINT('Ctrl Pts',(-34.6653131041675,35.6216507690257,3.));
#6649=CARTESIAN_POINT('Ctrl Pts',(-34.6653131041675,35.6216507690257,4.));
#6650=CARTESIAN_POINT('Ctrl Pts',(-34.6769672783698,35.44815205831,3.));
#6651=CARTESIAN_POINT('Ctrl Pts',(-34.6769672783698,35.44815205831,4.));
#6652=CARTESIAN_POINT('Ctrl Pts',(-34.6868006195501,35.2680778715235,3.));
#6653=CARTESIAN_POINT('Ctrl Pts',(-34.6868006195501,35.2680778715235,4.));
#6654=CARTESIAN_POINT('Ctrl Pts',(-34.6963018455598,35.0794182408498,3.));
#6655=CARTESIAN_POINT('Ctrl Pts',(-34.6963018455598,35.0794182408498,4.));
#6656=CARTESIAN_POINT('Ctrl Pts',(-34.7058434816379,34.8808015882105,3.));
#6657=CARTESIAN_POINT('Ctrl Pts',(-34.7058434816379,34.8808015882105,4.));
#6658=CARTESIAN_POINT('Ctrl Pts',(-34.7140457474726,34.6721211804999,3.));
#6659=CARTESIAN_POINT('Ctrl Pts',(-34.7140457474726,34.6721211804999,4.));
#6660=CARTESIAN_POINT('Ctrl Pts',(-34.7178885066206,34.4545482340067,3.));
#6661=CARTESIAN_POINT('Ctrl Pts',(-34.7178885066206,34.4545482340067,4.));
#6662=CARTESIAN_POINT('Ctrl Pts',(-34.7132967686773,34.2301579169608,3.));
#6663=CARTESIAN_POINT('Ctrl Pts',(-34.7132967686773,34.2301579169608,4.));
#6664=CARTESIAN_POINT('Ctrl Pts',(-34.6955826923533,34.001672430228,3.));
#6665=CARTESIAN_POINT('Ctrl Pts',(-34.6955826923533,34.001672430228,4.));
#6666=CARTESIAN_POINT('Ctrl Pts',(-34.6599484321112,33.7721548648512,3.));
#6667=CARTESIAN_POINT('Ctrl Pts',(-34.6599484321112,33.7721548648512,4.));
#6668=CARTESIAN_POINT('Ctrl Pts',(-34.6019588324534,33.5447266607393,3.));
#6669=CARTESIAN_POINT('Ctrl Pts',(-34.6019588324534,33.5447266607393,4.));
#6670=CARTESIAN_POINT('Ctrl Pts',(-34.5180364581327,33.3222694040581,3.));
#6671=CARTESIAN_POINT('Ctrl Pts',(-34.5180364581327,33.3222694040581,4.));
#6672=CARTESIAN_POINT('Ctrl Pts',(-34.4059252688314,33.1071463944308,3.));
#6673=CARTESIAN_POINT('Ctrl Pts',(-34.4059252688314,33.1071463944308,4.));
#6674=CARTESIAN_POINT('Ctrl Pts',(-34.2652267549769,32.9008806385243,3.));
#6675=CARTESIAN_POINT('Ctrl Pts',(-34.2652267549769,32.9008806385243,4.));
#6676=CARTESIAN_POINT('Ctrl Pts',(-34.0971329041906,32.7043115597262,3.));
#6677=CARTESIAN_POINT('Ctrl Pts',(-34.0971329041906,32.7043115597262,4.));
#6678=CARTESIAN_POINT('Ctrl Pts',(-33.9040682165433,32.5178057829401,3.));
#6679=CARTESIAN_POINT('Ctrl Pts',(-33.9040682165433,32.5178057829401,4.));
#6680=CARTESIAN_POINT('Ctrl Pts',(-33.6893638426661,32.3414490304806,3.));
#6681=CARTESIAN_POINT('Ctrl Pts',(-33.6893638426661,32.3414490304806,4.));
#6682=CARTESIAN_POINT('Ctrl Pts',(-33.4569197353229,32.1752448117752,3.));
#6683=CARTESIAN_POINT('Ctrl Pts',(-33.4569197353229,32.1752448117752,4.));
#6684=CARTESIAN_POINT('Ctrl Pts',(-33.2108691388866,32.0193126525011,3.));
#6685=CARTESIAN_POINT('Ctrl Pts',(-33.2108691388866,32.0193126525011,4.));
#6686=CARTESIAN_POINT('Ctrl Pts',(-32.9552491032118,31.8740807362898,3.));
#6687=CARTESIAN_POINT('Ctrl Pts',(-32.9552491032118,31.8740807362898,4.));
#6688=CARTESIAN_POINT('Ctrl Pts',(-32.6936522749257,31.740494490619,3.));
#6689=CARTESIAN_POINT('Ctrl Pts',(-32.6936522749257,31.740494490619,4.));
#6690=CARTESIAN_POINT('Ctrl Pts',(-32.4289244731346,31.6201868394294,3.));
#6691=CARTESIAN_POINT('Ctrl Pts',(-32.4289244731346,31.6201868394294,4.));
#6692=CARTESIAN_POINT('Ctrl Pts',(-32.1627467062718,31.5157450459688,3.));
#6693=CARTESIAN_POINT('Ctrl Pts',(-32.1627467062718,31.5157450459688,4.));
#6694=CARTESIAN_POINT('Ctrl Pts',(-31.8957473619126,31.4305346539668,3.));
#6695=CARTESIAN_POINT('Ctrl Pts',(-31.8957473619126,31.4305346539668,4.));
#6696=CARTESIAN_POINT('Ctrl Pts',(-31.6278939159876,31.3682899231655,3.));
#6697=CARTESIAN_POINT('Ctrl Pts',(-31.6278939159876,31.3682899231655,4.));
#6698=CARTESIAN_POINT('Ctrl Pts',(-31.3587984130722,31.3327762554336,3.));
#6699=CARTESIAN_POINT('Ctrl Pts',(-31.3587984130722,31.3327762554336,4.));
#6700=CARTESIAN_POINT('Ctrl Pts',(-31.0880567140102,31.3274243641417,3.));
#6701=CARTESIAN_POINT('Ctrl Pts',(-31.0880567140102,31.3274243641417,4.));
#6702=CARTESIAN_POINT('Ctrl Pts',(-30.8155775736249,31.3549728708118,3.));
#6703=CARTESIAN_POINT('Ctrl Pts',(-30.8155775736249,31.3549728708118,4.));
#6704=CARTESIAN_POINT('Ctrl Pts',(-30.5419060694856,31.4171155401237,3.));
#6705=CARTESIAN_POINT('Ctrl Pts',(-30.5419060694856,31.4171155401237,4.));
#6706=CARTESIAN_POINT('Ctrl Pts',(-30.2685730248085,31.5141267003297,3.));
#6707=CARTESIAN_POINT('Ctrl Pts',(-30.2685730248085,31.5141267003297,4.));
#6708=CARTESIAN_POINT('Ctrl Pts',(-29.9983788028974,31.6445413808898,3.));
#6709=CARTESIAN_POINT('Ctrl Pts',(-29.9983788028974,31.6445413808898,4.));
#6710=CARTESIAN_POINT('Ctrl Pts',(-29.7358387185744,31.8047002932076,3.));
#6711=CARTESIAN_POINT('Ctrl Pts',(-29.7358387185744,31.8047002932076,4.));
#6712=CARTESIAN_POINT('Ctrl Pts',(-29.4871001228593,31.9887362134502,3.));
#6713=CARTESIAN_POINT('Ctrl Pts',(-29.4871001228593,31.9887362134502,4.));
#6714=CARTESIAN_POINT('Ctrl Pts',(-29.2589509172319,32.1893208665544,3.));
#6715=CARTESIAN_POINT('Ctrl Pts',(-29.2589509172319,32.1893208665544,4.));
#6716=CARTESIAN_POINT('Ctrl Pts',(-29.0580298858472,32.3982410715703,3.));
#6717=CARTESIAN_POINT('Ctrl Pts',(-29.0580298858472,32.3982410715703,4.));
#6718=CARTESIAN_POINT('Ctrl Pts',(-28.8899643452782,32.6070396085362,3.));
#6719=CARTESIAN_POINT('Ctrl Pts',(-28.8899643452782,32.6070396085362,4.));
#6720=CARTESIAN_POINT('Ctrl Pts',(-28.7585193741235,32.8076366325493,3.));
#6721=CARTESIAN_POINT('Ctrl Pts',(-28.7585193741235,32.8076366325493,4.));
#6722=CARTESIAN_POINT('Ctrl Pts',(-28.6647863882111,32.9929401856003,3.));
#6723=CARTESIAN_POINT('Ctrl Pts',(-28.6647863882111,32.9929401856003,4.));
#6724=CARTESIAN_POINT('Ctrl Pts',(-28.6062501280812,33.1575065200917,3.));
#6725=CARTESIAN_POINT('Ctrl Pts',(-28.6062501280812,33.1575065200917,4.));
#6726=CARTESIAN_POINT('Ctrl Pts',(-28.5761511800948,33.2980739875183,3.));
#6727=CARTESIAN_POINT('Ctrl Pts',(-28.5761511800948,33.2980739875183,4.));
#6728=CARTESIAN_POINT('Ctrl Pts',(-28.5620960131429,33.4144212264956,3.));
#6729=CARTESIAN_POINT('Ctrl Pts',(-28.5620960131429,33.4144212264956,4.));
#6730=CARTESIAN_POINT('Ctrl Pts',(-28.5484223410056,33.5086098576609,3.));
#6731=CARTESIAN_POINT('Ctrl Pts',(-28.5484223410056,33.5086098576609,4.));
#6732=CARTESIAN_POINT('Ctrl Pts',(-28.5206185284754,33.5833553497978,3.));
#6733=CARTESIAN_POINT('Ctrl Pts',(-28.5206185284754,33.5833553497978,4.));
#6734=CARTESIAN_POINT('Ctrl Pts',(-28.4685900364746,33.6408703975883,3.));
#6735=CARTESIAN_POINT('Ctrl Pts',(-28.4685900364746,33.6408703975883,4.));
#6736=CARTESIAN_POINT('Ctrl Pts',(-28.3916169191967,33.6810391861427,3.));
#6737=CARTESIAN_POINT('Ctrl Pts',(-28.3916169191967,33.6810391861427,4.));
#6738=CARTESIAN_POINT('Ctrl Pts',(-28.2963143571765,33.7023272900082,3.));
#6739=CARTESIAN_POINT('Ctrl Pts',(-28.2963143571765,33.7023272900082,4.));
#6740=CARTESIAN_POINT('Ctrl Pts',(-28.1914811800252,33.7039056388936,3.));
#6741=CARTESIAN_POINT('Ctrl Pts',(-28.1914811800252,33.7039056388936,4.));
#6742=CARTESIAN_POINT('Ctrl Pts',(-28.0836824080186,33.6874877844441,3.));
#6743=CARTESIAN_POINT('Ctrl Pts',(-28.0836824080186,33.6874877844441,4.));
#6744=CARTESIAN_POINT('Ctrl Pts',(-27.9731821857429,33.659029733256,3.));
#6745=CARTESIAN_POINT('Ctrl Pts',(-27.9731821857429,33.659029733256,4.));
#6746=CARTESIAN_POINT('Ctrl Pts',(-27.8579333150683,33.6270146721146,3.));
#6747=CARTESIAN_POINT('Ctrl Pts',(-27.8579333150683,33.6270146721146,4.));
#6748=CARTESIAN_POINT('Ctrl Pts',(-27.7372510790498,33.6009816283036,3.));
#6749=CARTESIAN_POINT('Ctrl Pts',(-27.7372510790498,33.6009816283036,4.));
#6750=CARTESIAN_POINT('Ctrl Pts',(-27.614953042462,33.5900125436223,3.));
#6751=CARTESIAN_POINT('Ctrl Pts',(-27.614953042462,33.5900125436223,4.));
#6752=CARTESIAN_POINT('Ctrl Pts',(-27.5043634269604,33.6011059923197,3.));
#6753=CARTESIAN_POINT('Ctrl Pts',(-27.5043634269604,33.6011059923197,4.));
#6754=CARTESIAN_POINT('Ctrl Pts',(-27.423545282948,33.6383506679989,3.));
#6755=CARTESIAN_POINT('Ctrl Pts',(-27.423545282948,33.6383506679989,4.));
#6756=CARTESIAN_POINT('Ctrl Pts',(-27.3866841365073,33.702506318625,3.));
#6757=CARTESIAN_POINT('Ctrl Pts',(-27.3866841365073,33.702506318625,4.));
#6758=CARTESIAN_POINT('Ctrl Pts',(-27.3961268307208,33.7903613331951,3.));
#6759=CARTESIAN_POINT('Ctrl Pts',(-27.3961268307208,33.7903613331951,4.));
#6760=CARTESIAN_POINT('Ctrl Pts',(-27.4357695786058,33.8944357642616,3.));
#6761=CARTESIAN_POINT('Ctrl Pts',(-27.4357695786058,33.8944357642616,4.));
#6762=CARTESIAN_POINT('Ctrl Pts',(-27.4813962587973,34.005290980741,3.));
#6763=CARTESIAN_POINT('Ctrl Pts',(-27.4813962587973,34.005290980741,4.));
#6764=CARTESIAN_POINT('Ctrl Pts',(-27.5091665050483,34.1135631204326,3.));
#6765=CARTESIAN_POINT('Ctrl Pts',(-27.5091665050483,34.1135631204326,4.));
#6766=CARTESIAN_POINT('Ctrl Pts',(-27.5053439135856,34.2122058135569,3.));
#6767=CARTESIAN_POINT('Ctrl Pts',(-27.5053439135856,34.2122058135569,4.));
#6768=CARTESIAN_POINT('Ctrl Pts',(-27.4739606594323,34.2983456491122,3.));
#6769=CARTESIAN_POINT('Ctrl Pts',(-27.4739606594323,34.2983456491122,4.));
#6770=CARTESIAN_POINT('Ctrl Pts',(-27.4262336476312,34.371835403053,3.));
#6771=CARTESIAN_POINT('Ctrl Pts',(-27.4262336476312,34.371835403053,4.));
#6772=CARTESIAN_POINT('Ctrl Pts',(-27.3725357531674,34.4341664413194,3.));
#6773=CARTESIAN_POINT('Ctrl Pts',(-27.3725357531674,34.4341664413194,4.));
#6774=CARTESIAN_POINT('Ctrl Pts',(-27.3111850733401,34.4870712289056,3.));
#6775=CARTESIAN_POINT('Ctrl Pts',(-27.3111850733401,34.4870712289056,4.));
#6776=CARTESIAN_POINT('Ctrl Pts',(-27.22744916499,34.5319537297733,3.));
#6777=CARTESIAN_POINT('Ctrl Pts',(-27.22744916499,34.5319537297733,4.));
#6778=CARTESIAN_POINT('Ctrl Pts',(-27.1013564803168,34.5699986548412,3.));
#6779=CARTESIAN_POINT('Ctrl Pts',(-27.1013564803168,34.5699986548412,4.));
#6780=CARTESIAN_POINT('Ctrl Pts',(-26.9130357395054,34.6020945380437,3.));
#6781=CARTESIAN_POINT('Ctrl Pts',(-26.9130357395054,34.6020945380437,4.));
#6782=CARTESIAN_POINT('Ctrl Pts',(-26.6491271865809,34.6288316979537,3.));
#6783=CARTESIAN_POINT('Ctrl Pts',(-26.6491271865809,34.6288316979537,4.));
#6784=CARTESIAN_POINT('Ctrl Pts',(-26.3085698819555,34.6504713512491,3.));
#6785=CARTESIAN_POINT('Ctrl Pts',(-26.3085698819555,34.6504713512491,4.));
#6786=CARTESIAN_POINT('Ctrl Pts',(-25.9002600928245,34.6670948869722,3.));
#6787=CARTESIAN_POINT('Ctrl Pts',(-25.9002600928245,34.6670948869722,4.));
#6788=CARTESIAN_POINT('Ctrl Pts',(-25.4408176078553,34.6787432407585,3.));
#6789=CARTESIAN_POINT('Ctrl Pts',(-25.4408176078553,34.6787432407585,4.));
#6790=CARTESIAN_POINT('Ctrl Pts',(-24.9523178521715,34.6855605052156,3.));
#6791=CARTESIAN_POINT('Ctrl Pts',(-24.9523178521715,34.6855605052156,4.));
#6792=CARTESIAN_POINT('Ctrl Pts',(-24.4600409353042,34.6879352674347,3.));
#6793=CARTESIAN_POINT('Ctrl Pts',(-24.4600409353042,34.6879352674347,4.));
#6794=CARTESIAN_POINT('Ctrl Pts',(-23.9902119373415,34.6866440798589,3.));
#6795=CARTESIAN_POINT('Ctrl Pts',(-23.9902119373415,34.6866440798589,4.));
#6796=CARTESIAN_POINT('Ctrl Pts',(-23.5677511810752,34.6829915425159,3.));
#6797=CARTESIAN_POINT('Ctrl Pts',(-23.5677511810752,34.6829915425159,4.));
#6798=CARTESIAN_POINT('Ctrl Pts',(-23.214006582242,34.6789579145554,3.));
#6799=CARTESIAN_POINT('Ctrl Pts',(-23.214006582242,34.6789579145554,4.));
#6800=CARTESIAN_POINT('Ctrl Pts',(-22.9445242209873,34.67732984005,3.));
#6801=CARTESIAN_POINT('Ctrl Pts',(-22.9445242209873,34.67732984005,4.));
#6802=CARTESIAN_POINT('Ctrl Pts',(-22.7667285238403,34.6818706100817,3.));
#6803=CARTESIAN_POINT('Ctrl Pts',(-22.7667285238403,34.6818706100817,4.));
#6804=CARTESIAN_POINT('Ctrl Pts',(-22.6778083197735,34.6973990711576,3.));
#6805=CARTESIAN_POINT('Ctrl Pts',(-22.6778083197735,34.6973990711576,4.));
#6806=CARTESIAN_POINT('Ctrl Pts',(-22.6621134089742,34.7300833765936,3.));
#6807=CARTESIAN_POINT('Ctrl Pts',(-22.6621134089742,34.7300833765936,4.));
#6808=CARTESIAN_POINT('Ctrl Pts',(-22.6898265728434,34.7871876308658,3.));
#6809=CARTESIAN_POINT('Ctrl Pts',(-22.6898265728434,34.7871876308658,4.));
#6810=CARTESIAN_POINT('Ctrl Pts',(-22.7278543831463,34.8729939764567,3.));
#6811=CARTESIAN_POINT('Ctrl Pts',(-22.7278543831463,34.8729939764567,4.));
#6812=CARTESIAN_POINT('Ctrl Pts',(-22.752049871794,34.9836018152329,3.));
#6813=CARTESIAN_POINT('Ctrl Pts',(-22.752049871794,34.9836018152329,4.));
#6814=CARTESIAN_POINT('Ctrl Pts',(-22.7523637720633,35.1065078795147,3.));
#6815=CARTESIAN_POINT('Ctrl Pts',(-22.7523637720633,35.1065078795147,4.));
#6816=CARTESIAN_POINT('Ctrl Pts',(-22.7290271451805,35.2263550485769,3.));
#6817=CARTESIAN_POINT('Ctrl Pts',(-22.7290271451805,35.2263550485769,4.));
#6818=CARTESIAN_POINT('Ctrl Pts',(-22.6909644393242,35.3287922657376,3.));
#6819=CARTESIAN_POINT('Ctrl Pts',(-22.6909644393242,35.3287922657376,4.));
#6820=CARTESIAN_POINT('Ctrl Pts',(-22.6535032985722,35.4057707783422,3.));
#6821=CARTESIAN_POINT('Ctrl Pts',(-22.6535032985722,35.4057707783422,4.));
#6822=CARTESIAN_POINT('Ctrl Pts',(-22.6357975949048,35.4581866923893,3.));
#6823=CARTESIAN_POINT('Ctrl Pts',(-22.6357975949048,35.4581866923893,4.));
#6824=CARTESIAN_POINT('Ctrl Pts',(-22.6565152843341,35.4913788755168,3.));
#6825=CARTESIAN_POINT('Ctrl Pts',(-22.6565152843341,35.4913788755168,4.));
#6826=CARTESIAN_POINT('Ctrl Pts',(-22.7292029692102,35.5113001169448,3.));
#6827=CARTESIAN_POINT('Ctrl Pts',(-22.7292029692102,35.5113001169448,4.));
#6828=CARTESIAN_POINT('Ctrl Pts',(-22.859775409103,35.5219246765083,3.));
#6829=CARTESIAN_POINT('Ctrl Pts',(-22.859775409103,35.5219246765083,4.));
#6830=CARTESIAN_POINT('Ctrl Pts',(-23.0484019958558,35.5261002651807,3.));
#6831=CARTESIAN_POINT('Ctrl Pts',(-23.0484019958558,35.5261002651807,4.));
#6832=CARTESIAN_POINT('Ctrl Pts',(-23.2904181567089,35.5256061654145,3.));
#6833=CARTESIAN_POINT('Ctrl Pts',(-23.2904181567089,35.5256061654145,4.));
#6834=CARTESIAN_POINT('Ctrl Pts',(-23.5776327116822,35.5215342596399,3.));
#6835=CARTESIAN_POINT('Ctrl Pts',(-23.5776327116822,35.5215342596399,4.));
#6836=CARTESIAN_POINT('Ctrl Pts',(-23.8994518267217,35.5145259335413,3.));
#6837=CARTESIAN_POINT('Ctrl Pts',(-23.8994518267217,35.5145259335413,4.));
#6838=CARTESIAN_POINT('Ctrl Pts',(-24.2441116450352,35.5050843314349,3.));
#6839=CARTESIAN_POINT('Ctrl Pts',(-24.2441116450352,35.5050843314349,4.));
#6840=CARTESIAN_POINT('Ctrl Pts',(-24.5997924110912,35.4938225971735,3.));
#6841=CARTESIAN_POINT('Ctrl Pts',(-24.5997924110912,35.4938225971735,4.));
#6842=CARTESIAN_POINT('Ctrl Pts',(-24.9559614871034,35.4818183356708,3.));
#6843=CARTESIAN_POINT('Ctrl Pts',(-24.9559614871034,35.4818183356708,4.));
#6844=CARTESIAN_POINT('Ctrl Pts',(-25.3038476078782,35.4705819390919,3.));
#6845=CARTESIAN_POINT('Ctrl Pts',(-25.3038476078782,35.4705819390919,4.));
#6846=CARTESIAN_POINT('Ctrl Pts',(-25.6362596167783,35.4617359435709,3.));
#6847=CARTESIAN_POINT('Ctrl Pts',(-25.6362596167783,35.4617359435709,4.));
#6848=CARTESIAN_POINT('Ctrl Pts',(-25.9475950843645,35.4567780480597,3.));
#6849=CARTESIAN_POINT('Ctrl Pts',(-25.9475950843645,35.4567780480597,4.));
#6850=CARTESIAN_POINT('Ctrl Pts',(-26.233771341973,35.4568093002395,3.));
#6851=CARTESIAN_POINT('Ctrl Pts',(-26.233771341973,35.4568093002395,4.));
#6852=CARTESIAN_POINT('Ctrl Pts',(-26.4921898704171,35.4622780666844,3.));
#6853=CARTESIAN_POINT('Ctrl Pts',(-26.4921898704171,35.4622780666844,4.));
#6854=CARTESIAN_POINT('Ctrl Pts',(-26.7216874064459,35.4727148849989,3.));
#6855=CARTESIAN_POINT('Ctrl Pts',(-26.7216874064459,35.4727148849989,4.));
#6856=CARTESIAN_POINT('Ctrl Pts',(-26.9224915580994,35.4864760803043,3.));
#6857=CARTESIAN_POINT('Ctrl Pts',(-26.9224915580994,35.4864760803043,4.));
#6858=CARTESIAN_POINT('Ctrl Pts',(-27.0961785452732,35.5004715550314,3.));
#6859=CARTESIAN_POINT('Ctrl Pts',(-27.0961785452732,35.5004715550314,4.));
#6860=CARTESIAN_POINT('Ctrl Pts',(-27.2456215420075,35.5099270951269,3.));
#6861=CARTESIAN_POINT('Ctrl Pts',(-27.2456215420075,35.5099270951269,4.));
#6862=CARTESIAN_POINT('Ctrl Pts',(-27.3749696795556,35.5080496193807,3.));
#6863=CARTESIAN_POINT('Ctrl Pts',(-27.3749696795556,35.5080496193807,4.));
#6864=CARTESIAN_POINT('Ctrl Pts',(-27.4887425244543,35.4882715335475,3.));
#6865=CARTESIAN_POINT('Ctrl Pts',(-27.4887425244543,35.4882715335475,4.));
#6866=CARTESIAN_POINT('Ctrl Pts',(-27.5907808596058,35.4468734964929,3.));
#6867=CARTESIAN_POINT('Ctrl Pts',(-27.5907808596058,35.4468734964929,4.));
#6868=CARTESIAN_POINT('Ctrl Pts',(-27.6834242139697,35.385038775551,3.));
#6869=CARTESIAN_POINT('Ctrl Pts',(-27.6834242139697,35.385038775551,4.));
#6870=CARTESIAN_POINT('Ctrl Pts',(-27.7661783396989,35.3121706032726,3.));
#6871=CARTESIAN_POINT('Ctrl Pts',(-27.7661783396989,35.3121706032726,4.));
#6872=CARTESIAN_POINT('Ctrl Pts',(-27.8360640230389,35.2450808871779,3.));
#6873=CARTESIAN_POINT('Ctrl Pts',(-27.8360640230389,35.2450808871779,4.));
#6874=CARTESIAN_POINT('Ctrl Pts',(-27.8912059158829,35.1994535618683,3.));
#6875=CARTESIAN_POINT('Ctrl Pts',(-27.8912059158829,35.1994535618683,4.));
#6876=CARTESIAN_POINT('Ctrl Pts',(-27.9332329518345,35.1838945411424,3.));
#6877=CARTESIAN_POINT('Ctrl Pts',(-27.9332329518345,35.1838945411424,4.));
#6878=CARTESIAN_POINT('Ctrl Pts',(-27.9712772327989,35.1908944913336,3.));
#6879=CARTESIAN_POINT('Ctrl Pts',(-27.9712772327989,35.1908944913336,4.));
#6880=CARTESIAN_POINT('Ctrl Pts',(-28.01635923388,35.2049252971853,3.));
#6881=CARTESIAN_POINT('Ctrl Pts',(-28.01635923388,35.2049252971853,4.));
#6882=CARTESIAN_POINT('Ctrl Pts',(-28.0694720103347,35.2209151131929,3.));
#6883=CARTESIAN_POINT('Ctrl Pts',(-28.0694720103347,35.2209151131929,4.));
#6884=CARTESIAN_POINT('Ctrl Pts',(-28.1202341403515,35.2462705783992,3.));
#6885=CARTESIAN_POINT('Ctrl Pts',(-28.1202341403515,35.2462705783992,4.));
#6886=CARTESIAN_POINT('Ctrl Pts',(-28.1588376719283,35.2831594745182,3.));
#6887=CARTESIAN_POINT('Ctrl Pts',(-28.1588376719283,35.2831594745182,4.));
#6888=CARTESIAN_POINT('Ctrl Pts',(-28.1873748342413,35.3107751786273,3.));
#6889=CARTESIAN_POINT('Ctrl Pts',(-28.1873748342413,35.3107751786273,4.));
#6890=CARTESIAN_POINT('Ctrl Pts',(-28.2139568961771,35.2993772091448,3.));
#6891=CARTESIAN_POINT('Ctrl Pts',(-28.2139568961771,35.2993772091448,4.));
#6892=CARTESIAN_POINT('Ctrl Pts',(-28.2351878336955,35.2439975133433,3.));
#6893=CARTESIAN_POINT('Ctrl Pts',(-28.2351878336955,35.2439975133433,4.));
#6894=CARTESIAN_POINT('Ctrl Pts',(-28.2385356379211,35.166177816768,3.));
#6895=CARTESIAN_POINT('Ctrl Pts',(-28.2385356379211,35.166177816768,4.));
#6896=CARTESIAN_POINT('Ctrl Pts',(-28.2185596105468,35.092164119913,3.));
#6897=CARTESIAN_POINT('Ctrl Pts',(-28.2185596105468,35.092164119913,4.));
#6898=CARTESIAN_POINT('Ctrl Pts',(-28.1930339752789,35.0345539295831,3.));
#6899=CARTESIAN_POINT('Ctrl Pts',(-28.1930339752789,35.0345539295831,4.));
#6900=CARTESIAN_POINT('Ctrl Pts',(-28.1908668931176,34.9938780512367,3.));
#6901=CARTESIAN_POINT('Ctrl Pts',(-28.1908668931176,34.9938780512367,4.));
#6902=CARTESIAN_POINT('Ctrl Pts',(-28.2320784685364,34.9663166996975,3.));
#6903=CARTESIAN_POINT('Ctrl Pts',(-28.2320784685364,34.9663166996975,4.));
#6904=CARTESIAN_POINT('Ctrl Pts',(-28.3124777605814,34.9488102144314,3.));
#6905=CARTESIAN_POINT('Ctrl Pts',(-28.3124777605814,34.9488102144314,4.));
#6906=CARTESIAN_POINT('Ctrl Pts',(-28.4148135642231,34.9396453592638,3.));
#6907=CARTESIAN_POINT('Ctrl Pts',(-28.4148135642231,34.9396453592638,4.));
#6908=CARTESIAN_POINT('Ctrl Pts',(-28.5182918046674,34.9389653818409,3.));
#6909=CARTESIAN_POINT('Ctrl Pts',(-28.5182918046674,34.9389653818409,4.));
#6910=CARTESIAN_POINT('Ctrl Pts',(-28.6092876254388,34.9494350670153,3.));
#6911=CARTESIAN_POINT('Ctrl Pts',(-28.6092876254388,34.9494350670153,4.));
#6912=CARTESIAN_POINT('Ctrl Pts',(-28.6800224210829,34.9750729909398,3.));
#6913=CARTESIAN_POINT('Ctrl Pts',(-28.6800224210829,34.9750729909398,4.));
#6914=CARTESIAN_POINT('Ctrl Pts',(-28.726625328451,35.0200852808057,3.));
#6915=CARTESIAN_POINT('Ctrl Pts',(-28.726625328451,35.0200852808057,4.));
#6916=CARTESIAN_POINT('Ctrl Pts',(-28.7471987913466,35.0874551697507,3.));
#6917=CARTESIAN_POINT('Ctrl Pts',(-28.7471987913466,35.0874551697507,4.));
#6918=CARTESIAN_POINT('Ctrl Pts',(-28.7420066781537,35.1603514878219,3.));
#6919=CARTESIAN_POINT('Ctrl Pts',(-28.7420066781537,35.1603514878219,4.));
#6920=CARTESIAN_POINT('Ctrl Pts',(-28.7257945179045,35.2259341674006,3.));
#6921=CARTESIAN_POINT('Ctrl Pts',(-28.7257945179045,35.2259341674006,4.));
#6922=CARTESIAN_POINT('Ctrl Pts',(-28.7095103561416,35.2745029600066,3.));
#6923=CARTESIAN_POINT('Ctrl Pts',(-28.7095103561416,35.2745029600066,4.));
#6924=CARTESIAN_POINT('Ctrl Pts',(-28.699999358505,35.2999992109835,3.));
#6925=CARTESIAN_POINT('Ctrl Pts',(-28.699999358505,35.2999992109835,4.));
#6926=CARTESIAN_POINT('Ctrl Pts',(-32.1999992802739,38.8999991305172,4.));
#6927=CARTESIAN_POINT('Ctrl Pts',(-32.2255378212193,38.8914297370282,4.));
#6928=CARTESIAN_POINT('Ctrl Pts',(-32.2767014701427,38.8731121874678,4.));
#6929=CARTESIAN_POINT('Ctrl Pts',(-32.3537066243793,38.842099593467,4.));
#6930=CARTESIAN_POINT('Ctrl Pts',(-32.4568997317087,38.7936763490869,4.));
#6931=CARTESIAN_POINT('Ctrl Pts',(-32.5866777311294,38.7214604073604,4.));
#6932=CARTESIAN_POINT('Ctrl Pts',(-32.7170072946193,38.6378638439601,4.));
#6933=CARTESIAN_POINT('Ctrl Pts',(-32.8474123016451,38.543507548492,4.));
#6934=CARTESIAN_POINT('Ctrl Pts',(-32.9771112108824,38.4394183050018,4.));
#6935=CARTESIAN_POINT('Ctrl Pts',(-33.1049009909326,38.3271662404439,4.));
#6936=CARTESIAN_POINT('Ctrl Pts',(-33.2292575129191,38.2088102897654,4.));
#6937=CARTESIAN_POINT('Ctrl Pts',(-33.3485848573333,38.0867159133783,4.));
#6938=CARTESIAN_POINT('Ctrl Pts',(-33.4614149200842,37.9634088959246,4.));
#6939=CARTESIAN_POINT('Ctrl Pts',(-33.5666393176005,37.8414187067156,4.));
#6940=CARTESIAN_POINT('Ctrl Pts',(-33.6637001744564,37.7231161322361,4.));
#6941=CARTESIAN_POINT('Ctrl Pts',(-33.7528678226198,37.6105789822261,4.));
#6942=CARTESIAN_POINT('Ctrl Pts',(-33.8351367959046,37.5053230306007,4.));
#6943=CARTESIAN_POINT('Ctrl Pts',(-33.9119218345873,37.4079764785693,4.));
#6944=CARTESIAN_POINT('Ctrl Pts',(-33.9848117194245,37.3179442327934,4.));
#6945=CARTESIAN_POINT('Ctrl Pts',(-34.0553086987604,37.2331376277388,4.));
#6946=CARTESIAN_POINT('Ctrl Pts',(-34.1245497760032,37.1495160349296,4.));
#6947=CARTESIAN_POINT('Ctrl Pts',(-34.1932027535094,37.0619009830476,4.));
#6948=CARTESIAN_POINT('Ctrl Pts',(-34.2613992869537,36.9651897028811,4.));
#6949=CARTESIAN_POINT('Ctrl Pts',(-34.3286784011019,36.8553297865743,4.));
#6950=CARTESIAN_POINT('Ctrl Pts',(-34.3938707623696,36.7306376579312,4.));
#6951=CARTESIAN_POINT('Ctrl Pts',(-34.455205938964,36.592091467948,4.));
#6952=CARTESIAN_POINT('Ctrl Pts',(-34.5107380268678,36.4422358680681,4.));
#6953=CARTESIAN_POINT('Ctrl Pts',(-34.5586875601716,36.2844343304248,4.));
#6954=CARTESIAN_POINT('Ctrl Pts',(-34.5978288081628,36.1219631119588,4.));
#6955=CARTESIAN_POINT('Ctrl Pts',(-34.6278310566942,35.957215041833,4.));
#6956=CARTESIAN_POINT('Ctrl Pts',(-34.6496909795142,35.7907441313666,4.));
#6957=CARTESIAN_POINT('Ctrl Pts',(-34.6653131041675,35.6216507690257,4.));
#6958=CARTESIAN_POINT('Ctrl Pts',(-34.6769672783698,35.44815205831,4.));
#6959=CARTESIAN_POINT('Ctrl Pts',(-34.6868006195501,35.2680778715235,4.));
#6960=CARTESIAN_POINT('Ctrl Pts',(-34.6963018455598,35.0794182408498,4.));
#6961=CARTESIAN_POINT('Ctrl Pts',(-34.7058434816379,34.8808015882105,4.));
#6962=CARTESIAN_POINT('Ctrl Pts',(-34.7140457474726,34.6721211804999,4.));
#6963=CARTESIAN_POINT('Ctrl Pts',(-34.7178885066206,34.4545482340067,4.));
#6964=CARTESIAN_POINT('Ctrl Pts',(-34.7132967686773,34.2301579169608,4.));
#6965=CARTESIAN_POINT('Ctrl Pts',(-34.6955826923533,34.001672430228,4.));
#6966=CARTESIAN_POINT('Ctrl Pts',(-34.6599484321112,33.7721548648512,4.));
#6967=CARTESIAN_POINT('Ctrl Pts',(-34.6019588324534,33.5447266607393,4.));
#6968=CARTESIAN_POINT('Ctrl Pts',(-34.5180364581327,33.3222694040581,4.));
#6969=CARTESIAN_POINT('Ctrl Pts',(-34.4059252688314,33.1071463944308,4.));
#6970=CARTESIAN_POINT('Ctrl Pts',(-34.2652267549769,32.9008806385243,4.));
#6971=CARTESIAN_POINT('Ctrl Pts',(-34.0971329041906,32.7043115597262,4.));
#6972=CARTESIAN_POINT('Ctrl Pts',(-33.9040682165433,32.5178057829401,4.));
#6973=CARTESIAN_POINT('Ctrl Pts',(-33.6893638426661,32.3414490304806,4.));
#6974=CARTESIAN_POINT('Ctrl Pts',(-33.4569197353229,32.1752448117752,4.));
#6975=CARTESIAN_POINT('Ctrl Pts',(-33.2108691388866,32.0193126525011,4.));
#6976=CARTESIAN_POINT('Ctrl Pts',(-32.9552491032118,31.8740807362898,4.));
#6977=CARTESIAN_POINT('Ctrl Pts',(-32.6936522749257,31.740494490619,4.));
#6978=CARTESIAN_POINT('Ctrl Pts',(-32.4289244731346,31.6201868394294,4.));
#6979=CARTESIAN_POINT('Ctrl Pts',(-32.1627467062718,31.5157450459688,4.));
#6980=CARTESIAN_POINT('Ctrl Pts',(-31.8957473619126,31.4305346539668,4.));
#6981=CARTESIAN_POINT('Ctrl Pts',(-31.6278939159876,31.3682899231655,4.));
#6982=CARTESIAN_POINT('Ctrl Pts',(-31.3587984130722,31.3327762554336,4.));
#6983=CARTESIAN_POINT('Ctrl Pts',(-31.0880567140102,31.3274243641417,4.));
#6984=CARTESIAN_POINT('Ctrl Pts',(-30.8155775736249,31.3549728708118,4.));
#6985=CARTESIAN_POINT('Ctrl Pts',(-30.5419060694856,31.4171155401237,4.));
#6986=CARTESIAN_POINT('Ctrl Pts',(-30.2685730248085,31.5141267003297,4.));
#6987=CARTESIAN_POINT('Ctrl Pts',(-29.9983788028974,31.6445413808898,4.));
#6988=CARTESIAN_POINT('Ctrl Pts',(-29.7358387185744,31.8047002932076,4.));
#6989=CARTESIAN_POINT('Ctrl Pts',(-29.4871001228593,31.9887362134502,4.));
#6990=CARTESIAN_POINT('Ctrl Pts',(-29.2589509172319,32.1893208665544,4.));
#6991=CARTESIAN_POINT('Ctrl Pts',(-29.0580298858472,32.3982410715703,4.));
#6992=CARTESIAN_POINT('Ctrl Pts',(-28.8899643452782,32.6070396085362,4.));
#6993=CARTESIAN_POINT('Ctrl Pts',(-28.7585193741235,32.8076366325493,4.));
#6994=CARTESIAN_POINT('Ctrl Pts',(-28.6647863882111,32.9929401856003,4.));
#6995=CARTESIAN_POINT('Ctrl Pts',(-28.6062501280812,33.1575065200917,4.));
#6996=CARTESIAN_POINT('Ctrl Pts',(-28.5761511800948,33.2980739875183,4.));
#6997=CARTESIAN_POINT('Ctrl Pts',(-28.5620960131429,33.4144212264956,4.));
#6998=CARTESIAN_POINT('Ctrl Pts',(-28.5484223410056,33.5086098576609,4.));
#6999=CARTESIAN_POINT('Ctrl Pts',(-28.5206185284754,33.5833553497978,4.));
#7000=CARTESIAN_POINT('Ctrl Pts',(-28.4685900364746,33.6408703975883,4.));
#7001=CARTESIAN_POINT('Ctrl Pts',(-28.3916169191967,33.6810391861427,4.));
#7002=CARTESIAN_POINT('Ctrl Pts',(-28.2963143571765,33.7023272900082,4.));
#7003=CARTESIAN_POINT('Ctrl Pts',(-28.1914811800252,33.7039056388936,4.));
#7004=CARTESIAN_POINT('Ctrl Pts',(-28.0836824080186,33.6874877844441,4.));
#7005=CARTESIAN_POINT('Ctrl Pts',(-27.9731821857429,33.659029733256,4.));
#7006=CARTESIAN_POINT('Ctrl Pts',(-27.8579333150683,33.6270146721146,4.));
#7007=CARTESIAN_POINT('Ctrl Pts',(-27.7372510790498,33.6009816283036,4.));
#7008=CARTESIAN_POINT('Ctrl Pts',(-27.614953042462,33.5900125436223,4.));
#7009=CARTESIAN_POINT('Ctrl Pts',(-27.5043634269604,33.6011059923197,4.));
#7010=CARTESIAN_POINT('Ctrl Pts',(-27.423545282948,33.6383506679989,4.));
#7011=CARTESIAN_POINT('Ctrl Pts',(-27.3866841365073,33.702506318625,4.));
#7012=CARTESIAN_POINT('Ctrl Pts',(-27.3961268307208,33.7903613331951,4.));
#7013=CARTESIAN_POINT('Ctrl Pts',(-27.4357695786058,33.8944357642616,4.));
#7014=CARTESIAN_POINT('Ctrl Pts',(-27.4813962587973,34.005290980741,4.));
#7015=CARTESIAN_POINT('Ctrl Pts',(-27.5091665050483,34.1135631204326,4.));
#7016=CARTESIAN_POINT('Ctrl Pts',(-27.5053439135856,34.2122058135569,4.));
#7017=CARTESIAN_POINT('Ctrl Pts',(-27.4739606594323,34.2983456491122,4.));
#7018=CARTESIAN_POINT('Ctrl Pts',(-27.4262336476312,34.371835403053,4.));
#7019=CARTESIAN_POINT('Ctrl Pts',(-27.3725357531674,34.4341664413194,4.));
#7020=CARTESIAN_POINT('Ctrl Pts',(-27.3111850733401,34.4870712289056,4.));
#7021=CARTESIAN_POINT('Ctrl Pts',(-27.22744916499,34.5319537297733,4.));
#7022=CARTESIAN_POINT('Ctrl Pts',(-27.1013564803168,34.5699986548412,4.));
#7023=CARTESIAN_POINT('Ctrl Pts',(-26.9130357395054,34.6020945380437,4.));
#7024=CARTESIAN_POINT('Ctrl Pts',(-26.6491271865809,34.6288316979537,4.));
#7025=CARTESIAN_POINT('Ctrl Pts',(-26.3085698819555,34.6504713512491,4.));
#7026=CARTESIAN_POINT('Ctrl Pts',(-25.9002600928245,34.6670948869722,4.));
#7027=CARTESIAN_POINT('Ctrl Pts',(-25.4408176078553,34.6787432407585,4.));
#7028=CARTESIAN_POINT('Ctrl Pts',(-24.9523178521715,34.6855605052156,4.));
#7029=CARTESIAN_POINT('Ctrl Pts',(-24.4600409353042,34.6879352674347,4.));
#7030=CARTESIAN_POINT('Ctrl Pts',(-23.9902119373415,34.6866440798589,4.));
#7031=CARTESIAN_POINT('Ctrl Pts',(-23.5677511810752,34.6829915425159,4.));
#7032=CARTESIAN_POINT('Ctrl Pts',(-23.214006582242,34.6789579145554,4.));
#7033=CARTESIAN_POINT('Ctrl Pts',(-22.9445242209873,34.67732984005,4.));
#7034=CARTESIAN_POINT('Ctrl Pts',(-22.7667285238403,34.6818706100817,4.));
#7035=CARTESIAN_POINT('Ctrl Pts',(-22.6778083197735,34.6973990711576,4.));
#7036=CARTESIAN_POINT('Ctrl Pts',(-22.6621134089742,34.7300833765936,4.));
#7037=CARTESIAN_POINT('Ctrl Pts',(-22.6898265728434,34.7871876308658,4.));
#7038=CARTESIAN_POINT('Ctrl Pts',(-22.7278543831463,34.8729939764567,4.));
#7039=CARTESIAN_POINT('Ctrl Pts',(-22.752049871794,34.9836018152329,4.));
#7040=CARTESIAN_POINT('Ctrl Pts',(-22.7523637720633,35.1065078795147,4.));
#7041=CARTESIAN_POINT('Ctrl Pts',(-22.7290271451805,35.2263550485769,4.));
#7042=CARTESIAN_POINT('Ctrl Pts',(-22.6909644393242,35.3287922657376,4.));
#7043=CARTESIAN_POINT('Ctrl Pts',(-22.6535032985722,35.4057707783422,4.));
#7044=CARTESIAN_POINT('Ctrl Pts',(-22.6357975949048,35.4581866923893,4.));
#7045=CARTESIAN_POINT('Ctrl Pts',(-22.6565152843341,35.4913788755168,4.));
#7046=CARTESIAN_POINT('Ctrl Pts',(-22.7292029692102,35.5113001169448,4.));
#7047=CARTESIAN_POINT('Ctrl Pts',(-22.859775409103,35.5219246765083,4.));
#7048=CARTESIAN_POINT('Ctrl Pts',(-23.0484019958558,35.5261002651807,4.));
#7049=CARTESIAN_POINT('Ctrl Pts',(-23.2904181567089,35.5256061654145,4.));
#7050=CARTESIAN_POINT('Ctrl Pts',(-23.5776327116822,35.5215342596399,4.));
#7051=CARTESIAN_POINT('Ctrl Pts',(-23.8994518267217,35.5145259335413,4.));
#7052=CARTESIAN_POINT('Ctrl Pts',(-24.2441116450352,35.5050843314349,4.));
#7053=CARTESIAN_POINT('Ctrl Pts',(-24.5997924110912,35.4938225971735,4.));
#7054=CARTESIAN_POINT('Ctrl Pts',(-24.9559614871034,35.4818183356708,4.));
#7055=CARTESIAN_POINT('Ctrl Pts',(-25.3038476078782,35.4705819390919,4.));
#7056=CARTESIAN_POINT('Ctrl Pts',(-25.6362596167783,35.4617359435709,4.));
#7057=CARTESIAN_POINT('Ctrl Pts',(-25.9475950843645,35.4567780480597,4.));
#7058=CARTESIAN_POINT('Ctrl Pts',(-26.233771341973,35.4568093002395,4.));
#7059=CARTESIAN_POINT('Ctrl Pts',(-26.4921898704171,35.4622780666844,4.));
#7060=CARTESIAN_POINT('Ctrl Pts',(-26.7216874064459,35.4727148849989,4.));
#7061=CARTESIAN_POINT('Ctrl Pts',(-26.9224915580994,35.4864760803043,4.));
#7062=CARTESIAN_POINT('Ctrl Pts',(-27.0961785452732,35.5004715550314,4.));
#7063=CARTESIAN_POINT('Ctrl Pts',(-27.2456215420075,35.5099270951269,4.));
#7064=CARTESIAN_POINT('Ctrl Pts',(-27.3749696795556,35.5080496193807,4.));
#7065=CARTESIAN_POINT('Ctrl Pts',(-27.4887425244543,35.4882715335475,4.));
#7066=CARTESIAN_POINT('Ctrl Pts',(-27.5907808596058,35.4468734964929,4.));
#7067=CARTESIAN_POINT('Ctrl Pts',(-27.6834242139697,35.385038775551,4.));
#7068=CARTESIAN_POINT('Ctrl Pts',(-27.7661783396989,35.3121706032726,4.));
#7069=CARTESIAN_POINT('Ctrl Pts',(-27.8360640230389,35.2450808871779,4.));
#7070=CARTESIAN_POINT('Ctrl Pts',(-27.8912059158829,35.1994535618683,4.));
#7071=CARTESIAN_POINT('Ctrl Pts',(-27.9332329518345,35.1838945411424,4.));
#7072=CARTESIAN_POINT('Ctrl Pts',(-27.9712772327989,35.1908944913336,4.));
#7073=CARTESIAN_POINT('Ctrl Pts',(-28.01635923388,35.2049252971853,4.));
#7074=CARTESIAN_POINT('Ctrl Pts',(-28.0694720103347,35.2209151131929,4.));
#7075=CARTESIAN_POINT('Ctrl Pts',(-28.1202341403515,35.2462705783992,4.));
#7076=CARTESIAN_POINT('Ctrl Pts',(-28.1588376719283,35.2831594745182,4.));
#7077=CARTESIAN_POINT('Ctrl Pts',(-28.1873748342413,35.3107751786273,4.));
#7078=CARTESIAN_POINT('Ctrl Pts',(-28.2139568961771,35.2993772091448,4.));
#7079=CARTESIAN_POINT('Ctrl Pts',(-28.2351878336955,35.2439975133433,4.));
#7080=CARTESIAN_POINT('Ctrl Pts',(-28.2385356379211,35.166177816768,4.));
#7081=CARTESIAN_POINT('Ctrl Pts',(-28.2185596105468,35.092164119913,4.));
#7082=CARTESIAN_POINT('Ctrl Pts',(-28.1930339752789,35.0345539295831,4.));
#7083=CARTESIAN_POINT('Ctrl Pts',(-28.1908668931176,34.9938780512367,4.));
#7084=CARTESIAN_POINT('Ctrl Pts',(-28.2320784685364,34.9663166996975,4.));
#7085=CARTESIAN_POINT('Ctrl Pts',(-28.3124777605814,34.9488102144314,4.));
#7086=CARTESIAN_POINT('Ctrl Pts',(-28.4148135642231,34.9396453592638,4.));
#7087=CARTESIAN_POINT('Ctrl Pts',(-28.5182918046674,34.9389653818409,4.));
#7088=CARTESIAN_POINT('Ctrl Pts',(-28.6092876254388,34.9494350670153,4.));
#7089=CARTESIAN_POINT('Ctrl Pts',(-28.6800224210829,34.9750729909398,4.));
#7090=CARTESIAN_POINT('Ctrl Pts',(-28.726625328451,35.0200852808057,4.));
#7091=CARTESIAN_POINT('Ctrl Pts',(-28.7471987913466,35.0874551697507,4.));
#7092=CARTESIAN_POINT('Ctrl Pts',(-28.7420066781537,35.1603514878219,4.));
#7093=CARTESIAN_POINT('Ctrl Pts',(-28.7257945179045,35.2259341674006,4.));
#7094=CARTESIAN_POINT('Ctrl Pts',(-28.7095103561416,35.2745029600066,4.));
#7095=CARTESIAN_POINT('Ctrl Pts',(-28.699999358505,35.2999992109835,4.));
#7096=CARTESIAN_POINT('Origin',(-28.5987087981543,35.1789720251115,4.));
#7097=CARTESIAN_POINT('Ctrl Pts',(-37.4999991618097,32.0999992825091,3.));
#7098=CARTESIAN_POINT('Ctrl Pts',(-37.4999991618097,32.0999992825091,4.));
#7099=CARTESIAN_POINT('Ctrl Pts',(-37.4867085931345,32.109016639417,3.));
#7100=CARTESIAN_POINT('Ctrl Pts',(-37.4867085931345,32.109016639417,4.));
#7101=CARTESIAN_POINT('Ctrl Pts',(-37.4698464609004,32.1299532286345,3.));
#7102=CARTESIAN_POINT('Ctrl Pts',(-37.4698464609004,32.1299532286345,4.));
#7103=CARTESIAN_POINT('Ctrl Pts',(-37.4740407312175,32.1703649960092,3.));
#7104=CARTESIAN_POINT('Ctrl Pts',(-37.4740407312175,32.1703649960092,4.));
#7105=CARTESIAN_POINT('Ctrl Pts',(-37.5364092449906,32.2425770050608,3.));
#7106=CARTESIAN_POINT('Ctrl Pts',(-37.5364092449906,32.2425770050608,4.));
#7107=CARTESIAN_POINT('Ctrl Pts',(-37.6917284752373,32.3607551591212,3.));
#7108=CARTESIAN_POINT('Ctrl Pts',(-37.6917284752373,32.3607551591212,4.));
#7109=CARTESIAN_POINT('Ctrl Pts',(-37.9011225014591,32.5017906134591,3.));
#7110=CARTESIAN_POINT('Ctrl Pts',(-37.9011225014591,32.5017906134591,4.));
#7111=CARTESIAN_POINT('Ctrl Pts',(-38.1411305906129,32.6592197904969,3.));
#7112=CARTESIAN_POINT('Ctrl Pts',(-38.1411305906129,32.6592197904969,4.));
#7113=CARTESIAN_POINT('Ctrl Pts',(-38.3937165114196,32.8261579051201,3.));
#7114=CARTESIAN_POINT('Ctrl Pts',(-38.3937165114196,32.8261579051201,4.));
#7115=CARTESIAN_POINT('Ctrl Pts',(-38.6456574148304,32.9956657190716,3.));
#7116=CARTESIAN_POINT('Ctrl Pts',(-38.6456574148304,32.9956657190716,4.));
#7117=CARTESIAN_POINT('Ctrl Pts',(-38.8881565874689,33.1611431472754,3.));
#7118=CARTESIAN_POINT('Ctrl Pts',(-38.8881565874689,33.1611431472754,4.));
#7119=CARTESIAN_POINT('Ctrl Pts',(-39.116372733987,33.3167011785794,3.));
#7120=CARTESIAN_POINT('Ctrl Pts',(-39.116372733987,33.3167011785794,4.));
#7121=CARTESIAN_POINT('Ctrl Pts',(-39.3290157748752,33.4575717179246,3.));
#7122=CARTESIAN_POINT('Ctrl Pts',(-39.3290157748752,33.4575717179246,4.));
#7123=CARTESIAN_POINT('Ctrl Pts',(-39.5278723941367,33.5804398173153,3.));
#7124=CARTESIAN_POINT('Ctrl Pts',(-39.5278723941367,33.5804398173153,4.));
#7125=CARTESIAN_POINT('Ctrl Pts',(-39.7174963345599,33.6839734422652,3.));
#7126=CARTESIAN_POINT('Ctrl Pts',(-39.7174963345599,33.6839734422652,4.));
#7127=CARTESIAN_POINT('Ctrl Pts',(-39.9042244860901,33.7684920328154,3.));
#7128=CARTESIAN_POINT('Ctrl Pts',(-39.9042244860901,33.7684920328154,4.));
#7129=CARTESIAN_POINT('Ctrl Pts',(-40.0948518323074,33.8351736588719,3.));
#7130=CARTESIAN_POINT('Ctrl Pts',(-40.0948518323074,33.8351736588719,4.));
#7131=CARTESIAN_POINT('Ctrl Pts',(-40.2953584897808,33.8853745136104,3.));
#7132=CARTESIAN_POINT('Ctrl Pts',(-40.2953584897808,33.8853745136104,4.));
#7133=CARTESIAN_POINT('Ctrl Pts',(-40.5097347922818,33.9199744620605,3.));
#7134=CARTESIAN_POINT('Ctrl Pts',(-40.5097347922818,33.9199744620605,4.));
#7135=CARTESIAN_POINT('Ctrl Pts',(-40.7384635140897,33.938535463394,3.));
#7136=CARTESIAN_POINT('Ctrl Pts',(-40.7384635140897,33.938535463394,4.));
#7137=CARTESIAN_POINT('Ctrl Pts',(-40.9783472377714,33.9392512456802,3.));
#7138=CARTESIAN_POINT('Ctrl Pts',(-40.9783472377714,33.9392512456802,4.));
#7139=CARTESIAN_POINT('Ctrl Pts',(-41.2235832002505,33.9196396318751,3.));
#7140=CARTESIAN_POINT('Ctrl Pts',(-41.2235832002505,33.9196396318751,4.));
#7141=CARTESIAN_POINT('Ctrl Pts',(-41.4664853629668,33.8770262164282,3.));
#7142=CARTESIAN_POINT('Ctrl Pts',(-41.4664853629668,33.8770262164282,4.));
#7143=CARTESIAN_POINT('Ctrl Pts',(-41.6983471274442,33.8091147177563,3.));
#7144=CARTESIAN_POINT('Ctrl Pts',(-41.6983471274442,33.8091147177563,4.));
#7145=CARTESIAN_POINT('Ctrl Pts',(-41.9102384956982,33.7145174868803,3.));
#7146=CARTESIAN_POINT('Ctrl Pts',(-41.9102384956982,33.7145174868803,4.));
#7147=CARTESIAN_POINT('Ctrl Pts',(-42.0938368992618,33.5933151398861,3.));
#7148=CARTESIAN_POINT('Ctrl Pts',(-42.0938368992618,33.5933151398861,4.));
#7149=CARTESIAN_POINT('Ctrl Pts',(-42.2419824786235,33.4472037913448,3.));
#7150=CARTESIAN_POINT('Ctrl Pts',(-42.2419824786235,33.4472037913448,4.));
#7151=CARTESIAN_POINT('Ctrl Pts',(-42.349236890273,33.2796425081089,3.));
#7152=CARTESIAN_POINT('Ctrl Pts',(-42.349236890273,33.2796425081089,4.));
#7153=CARTESIAN_POINT('Ctrl Pts',(-42.4124371499019,33.0959935112885,3.));
#7154=CARTESIAN_POINT('Ctrl Pts',(-42.4124371499019,33.0959935112885,4.));
#7155=CARTESIAN_POINT('Ctrl Pts',(-42.4312743164719,32.9036959328223,3.));
#7156=CARTESIAN_POINT('Ctrl Pts',(-42.4312743164719,32.9036959328223,4.));
#7157=CARTESIAN_POINT('Ctrl Pts',(-42.4088215965653,32.7123619017861,3.));
#7158=CARTESIAN_POINT('Ctrl Pts',(-42.4088215965653,32.7123619017861,4.));
#7159=CARTESIAN_POINT('Ctrl Pts',(-42.3504538448039,32.5320062961889,3.));
#7160=CARTESIAN_POINT('Ctrl Pts',(-42.3504538448039,32.5320062961889,4.));
#7161=CARTESIAN_POINT('Ctrl Pts',(-42.2627867218089,32.3712102119301,3.));
#7162=CARTESIAN_POINT('Ctrl Pts',(-42.2627867218089,32.3712102119301,4.));
#7163=CARTESIAN_POINT('Ctrl Pts',(-42.1526732872485,32.2355455488295,3.));
#7164=CARTESIAN_POINT('Ctrl Pts',(-42.1526732872485,32.2355455488295,4.));
#7165=CARTESIAN_POINT('Ctrl Pts',(-42.0260328153817,32.1253113595915,3.));
#7166=CARTESIAN_POINT('Ctrl Pts',(-42.0260328153817,32.1253113595915,4.));
#7167=CARTESIAN_POINT('Ctrl Pts',(-41.8872902296569,32.035689931268,3.));
#7168=CARTESIAN_POINT('Ctrl Pts',(-41.8872902296569,32.035689931268,4.));
#7169=CARTESIAN_POINT('Ctrl Pts',(-41.7395579890702,31.9599325630561,3.));
#7170=CARTESIAN_POINT('Ctrl Pts',(-41.7395579890702,31.9599325630561,4.));
#7171=CARTESIAN_POINT('Ctrl Pts',(-41.584640476624,31.8916930550571,3.));
#7172=CARTESIAN_POINT('Ctrl Pts',(-41.584640476624,31.8916930550571,4.));
#7173=CARTESIAN_POINT('Ctrl Pts',(-41.4230753354958,31.8278678397395,3.));
#7174=CARTESIAN_POINT('Ctrl Pts',(-41.4230753354958,31.8278678397395,4.));
#7175=CARTESIAN_POINT('Ctrl Pts',(-41.2542457004377,31.7707658321943,3.));
#7176=CARTESIAN_POINT('Ctrl Pts',(-41.2542457004377,31.7707658321943,4.));
#7177=CARTESIAN_POINT('Ctrl Pts',(-41.0772687199436,31.7256892052946,3.));
#7178=CARTESIAN_POINT('Ctrl Pts',(-41.0772687199436,31.7256892052946,4.));
#7179=CARTESIAN_POINT('Ctrl Pts',(-40.8918993334509,31.6987974806135,3.));
#7180=CARTESIAN_POINT('Ctrl Pts',(-40.8918993334509,31.6987974806135,4.));
#7181=CARTESIAN_POINT('Ctrl Pts',(-40.6992527009096,31.6950612771754,3.));
#7182=CARTESIAN_POINT('Ctrl Pts',(-40.6992527009096,31.6950612771754,4.));
#7183=CARTESIAN_POINT('Ctrl Pts',(-40.5030348134499,31.715706384311,3.));
#7184=CARTESIAN_POINT('Ctrl Pts',(-40.5030348134499,31.715706384311,4.));
#7185=CARTESIAN_POINT('Ctrl Pts',(-40.3088293523719,31.7577885155383,3.));
#7186=CARTESIAN_POINT('Ctrl Pts',(-40.3088293523719,31.7577885155383,4.));
#7187=CARTESIAN_POINT('Ctrl Pts',(-40.1217421261616,31.8156986838755,3.));
#7188=CARTESIAN_POINT('Ctrl Pts',(-40.1217421261616,31.8156986838755,4.));
#7189=CARTESIAN_POINT('Ctrl Pts',(-39.9443513518204,31.8821333330109,3.));
#7190=CARTESIAN_POINT('Ctrl Pts',(-39.9443513518204,31.8821333330109,4.));
#7191=CARTESIAN_POINT('Ctrl Pts',(-39.774863820479,31.9492533539224,3.));
#7192=CARTESIAN_POINT('Ctrl Pts',(-39.774863820479,31.9492533539224,4.));
#7193=CARTESIAN_POINT('Ctrl Pts',(-39.604320375206,32.0098260527511,3.));
#7194=CARTESIAN_POINT('Ctrl Pts',(-39.604320375206,32.0098260527511,4.));
#7195=CARTESIAN_POINT('Ctrl Pts',(-39.4194032397975,32.0579500778949,3.));
#7196=CARTESIAN_POINT('Ctrl Pts',(-39.4194032397975,32.0579500778949,4.));
#7197=CARTESIAN_POINT('Ctrl Pts',(-39.2070698757962,32.0895742913575,3.));
#7198=CARTESIAN_POINT('Ctrl Pts',(-39.2070698757962,32.0895742913575,4.));
#7199=CARTESIAN_POINT('Ctrl Pts',(-38.9588399529777,32.103143553211,3.));
#7200=CARTESIAN_POINT('Ctrl Pts',(-38.9588399529777,32.103143553211,4.));
#7201=CARTESIAN_POINT('Ctrl Pts',(-38.6746578516904,32.1000774648282,3.));
#7202=CARTESIAN_POINT('Ctrl Pts',(-38.6746578516904,32.1000774648282,4.));
#7203=CARTESIAN_POINT('Ctrl Pts',(-38.3684044544272,32.0856277392476,3.));
#7204=CARTESIAN_POINT('Ctrl Pts',(-38.3684044544272,32.0856277392476,4.));
#7205=CARTESIAN_POINT('Ctrl Pts',(-38.065595212249,32.0681048537672,3.));
#7206=CARTESIAN_POINT('Ctrl Pts',(-38.065595212249,32.0681048537672,4.));
#7207=CARTESIAN_POINT('Ctrl Pts',(-37.7967130631067,32.0572089111202,3.));
#7208=CARTESIAN_POINT('Ctrl Pts',(-37.7967130631067,32.0572089111202,4.));
#7209=CARTESIAN_POINT('Ctrl Pts',(-37.6328666486736,32.0615541984203,3.));
#7210=CARTESIAN_POINT('Ctrl Pts',(-37.6328666486736,32.0615541984203,4.));
#7211=CARTESIAN_POINT('Ctrl Pts',(-37.5495898729516,32.0758490871869,3.));
#7212=CARTESIAN_POINT('Ctrl Pts',(-37.5495898729516,32.0758490871869,4.));
#7213=CARTESIAN_POINT('Ctrl Pts',(-37.5132897304849,32.0909819256011,3.));
#7214=CARTESIAN_POINT('Ctrl Pts',(-37.5132897304849,32.0909819256011,4.));
#7215=CARTESIAN_POINT('Ctrl Pts',(-37.4999991618097,32.0999992825091,3.));
#7216=CARTESIAN_POINT('Ctrl Pts',(-37.4999991618097,32.0999992825091,4.));
#7217=CARTESIAN_POINT('',(-37.4999991618097,32.0999992825091,3.));
#7218=CARTESIAN_POINT('Ctrl Pts',(-37.4999991618097,32.0999992825091,3.));
#7219=CARTESIAN_POINT('Ctrl Pts',(-37.5132897304849,32.0909819256011,3.));
#7220=CARTESIAN_POINT('Ctrl Pts',(-37.5495898729516,32.0758490871869,3.));
#7221=CARTESIAN_POINT('Ctrl Pts',(-37.6328666486736,32.0615541984203,3.));
#7222=CARTESIAN_POINT('Ctrl Pts',(-37.7960215358217,32.0572272507631,3.));
#7223=CARTESIAN_POINT('Ctrl Pts',(-38.0100039527137,32.0658523183589,3.));
#7224=CARTESIAN_POINT('Ctrl Pts',(-38.1854353566698,32.0752849246536,3.));
#7225=CARTESIAN_POINT('Ctrl Pts',(-38.3048014301202,32.0816085054304,3.));
#7226=CARTESIAN_POINT('Ctrl Pts',(-38.3642057131067,32.0846134148843,3.));
#7227=CARTESIAN_POINT('',(-37.4999991618097,32.0999992825091,4.));
#7228=CARTESIAN_POINT('',(-37.4999991618097,32.0999992825091,3.));
#7229=CARTESIAN_POINT('Ctrl Pts',(-37.4999991618097,32.0999992825091,4.));
#7230=CARTESIAN_POINT('Ctrl Pts',(-37.4867085931345,32.109016639417,4.));
#7231=CARTESIAN_POINT('Ctrl Pts',(-37.4698464609004,32.1299532286345,4.));
#7232=CARTESIAN_POINT('Ctrl Pts',(-37.4740407312175,32.1703649960092,4.));
#7233=CARTESIAN_POINT('Ctrl Pts',(-37.5364092449906,32.2425770050608,4.));
#7234=CARTESIAN_POINT('Ctrl Pts',(-37.6917284752373,32.3607551591212,4.));
#7235=CARTESIAN_POINT('Ctrl Pts',(-37.9011225014591,32.5017906134591,4.));
#7236=CARTESIAN_POINT('Ctrl Pts',(-38.1411305906129,32.6592197904969,4.));
#7237=CARTESIAN_POINT('Ctrl Pts',(-38.3937165114196,32.8261579051201,4.));
#7238=CARTESIAN_POINT('Ctrl Pts',(-38.6456574148304,32.9956657190716,4.));
#7239=CARTESIAN_POINT('Ctrl Pts',(-38.8881565874689,33.1611431472754,4.));
#7240=CARTESIAN_POINT('Ctrl Pts',(-39.116372733987,33.3167011785794,4.));
#7241=CARTESIAN_POINT('Ctrl Pts',(-39.3290157748752,33.4575717179246,4.));
#7242=CARTESIAN_POINT('Ctrl Pts',(-39.5278723941367,33.5804398173153,4.));
#7243=CARTESIAN_POINT('Ctrl Pts',(-39.7174963345599,33.6839734422652,4.));
#7244=CARTESIAN_POINT('Ctrl Pts',(-39.9042244860901,33.7684920328154,4.));
#7245=CARTESIAN_POINT('Ctrl Pts',(-40.0948518323074,33.8351736588719,4.));
#7246=CARTESIAN_POINT('Ctrl Pts',(-40.2953584897808,33.8853745136104,4.));
#7247=CARTESIAN_POINT('Ctrl Pts',(-40.5097347922818,33.9199744620605,4.));
#7248=CARTESIAN_POINT('Ctrl Pts',(-40.7384635140897,33.938535463394,4.));
#7249=CARTESIAN_POINT('Ctrl Pts',(-40.9783472377714,33.9392512456802,4.));
#7250=CARTESIAN_POINT('Ctrl Pts',(-41.2235832002505,33.9196396318751,4.));
#7251=CARTESIAN_POINT('Ctrl Pts',(-41.4664853629668,33.8770262164282,4.));
#7252=CARTESIAN_POINT('Ctrl Pts',(-41.6983471274442,33.8091147177563,4.));
#7253=CARTESIAN_POINT('Ctrl Pts',(-41.9102384956982,33.7145174868803,4.));
#7254=CARTESIAN_POINT('Ctrl Pts',(-42.0938368992618,33.5933151398861,4.));
#7255=CARTESIAN_POINT('Ctrl Pts',(-42.2419824786235,33.4472037913448,4.));
#7256=CARTESIAN_POINT('Ctrl Pts',(-42.349236890273,33.2796425081089,4.));
#7257=CARTESIAN_POINT('Ctrl Pts',(-42.4124371499019,33.0959935112885,4.));
#7258=CARTESIAN_POINT('Ctrl Pts',(-42.4312743164719,32.9036959328223,4.));
#7259=CARTESIAN_POINT('Ctrl Pts',(-42.4088215965653,32.7123619017861,4.));
#7260=CARTESIAN_POINT('Ctrl Pts',(-42.3504538448039,32.5320062961889,4.));
#7261=CARTESIAN_POINT('Ctrl Pts',(-42.2627867218089,32.3712102119301,4.));
#7262=CARTESIAN_POINT('Ctrl Pts',(-42.1526732872485,32.2355455488295,4.));
#7263=CARTESIAN_POINT('Ctrl Pts',(-42.0260328153817,32.1253113595915,4.));
#7264=CARTESIAN_POINT('Ctrl Pts',(-41.8872902296569,32.035689931268,4.));
#7265=CARTESIAN_POINT('Ctrl Pts',(-41.7395579890702,31.9599325630561,4.));
#7266=CARTESIAN_POINT('Ctrl Pts',(-41.584640476624,31.8916930550571,4.));
#7267=CARTESIAN_POINT('Ctrl Pts',(-41.4230753354958,31.8278678397395,4.));
#7268=CARTESIAN_POINT('Ctrl Pts',(-41.2542457004377,31.7707658321943,4.));
#7269=CARTESIAN_POINT('Ctrl Pts',(-41.0772687199436,31.7256892052946,4.));
#7270=CARTESIAN_POINT('Ctrl Pts',(-40.8918993334509,31.6987974806135,4.));
#7271=CARTESIAN_POINT('Ctrl Pts',(-40.6992527009096,31.6950612771754,4.));
#7272=CARTESIAN_POINT('Ctrl Pts',(-40.5030348134499,31.715706384311,4.));
#7273=CARTESIAN_POINT('Ctrl Pts',(-40.3088293523719,31.7577885155383,4.));
#7274=CARTESIAN_POINT('Ctrl Pts',(-40.1217421261616,31.8156986838755,4.));
#7275=CARTESIAN_POINT('Ctrl Pts',(-39.9443513518204,31.8821333330109,4.));
#7276=CARTESIAN_POINT('Ctrl Pts',(-39.774863820479,31.9492533539224,4.));
#7277=CARTESIAN_POINT('Ctrl Pts',(-39.604320375206,32.0098260527511,4.));
#7278=CARTESIAN_POINT('Ctrl Pts',(-39.4194032397975,32.0579500778949,4.));
#7279=CARTESIAN_POINT('Ctrl Pts',(-39.2070698757962,32.0895742913575,4.));
#7280=CARTESIAN_POINT('Ctrl Pts',(-38.9588399529777,32.103143553211,4.));
#7281=CARTESIAN_POINT('Ctrl Pts',(-38.6746578516904,32.1000774648282,4.));
#7282=CARTESIAN_POINT('Ctrl Pts',(-38.3684044544272,32.0856277392476,4.));
#7283=CARTESIAN_POINT('Ctrl Pts',(-38.065595212249,32.0681048537672,4.));
#7284=CARTESIAN_POINT('Ctrl Pts',(-37.7967130631067,32.0572089111202,4.));
#7285=CARTESIAN_POINT('Ctrl Pts',(-37.6328666486736,32.0615541984203,4.));
#7286=CARTESIAN_POINT('Ctrl Pts',(-37.5495898729516,32.0758490871869,4.));
#7287=CARTESIAN_POINT('Ctrl Pts',(-37.5132897304849,32.0909819256011,4.));
#7288=CARTESIAN_POINT('Ctrl Pts',(-37.4999991618097,32.0999992825091,4.));
#7289=CARTESIAN_POINT('Ctrl Pts',(-38.3642057131045,32.8072184695944,3.));
#7290=CARTESIAN_POINT('Ctrl Pts',(-38.3198299489343,32.7776700185848,3.));
#7291=CARTESIAN_POINT('Ctrl Pts',(-38.2253197233696,32.7149448473195,3.));
#7292=CARTESIAN_POINT('Ctrl Pts',(-38.0819241858741,32.6203818472764,3.));
#7293=CARTESIAN_POINT('Ctrl Pts',(-37.8962255876762,32.4984923414278,3.));
#7294=CARTESIAN_POINT('Ctrl Pts',(-37.6917284752373,32.3607551591212,3.));
#7295=CARTESIAN_POINT('Ctrl Pts',(-37.5364092449906,32.2425770050608,3.));
#7296=CARTESIAN_POINT('Ctrl Pts',(-37.4740407312175,32.1703649960092,3.));
#7297=CARTESIAN_POINT('Ctrl Pts',(-37.4698464609004,32.1299532286345,3.));
#7298=CARTESIAN_POINT('Ctrl Pts',(-37.4867085931345,32.109016639417,3.));
#7299=CARTESIAN_POINT('Ctrl Pts',(-37.4999991618097,32.0999992825091,3.));
#7300=CARTESIAN_POINT('Origin',(-39.9505603886861,32.8171562614278,4.));
#7301=CARTESIAN_POINT('Origin',(-39.9505603886861,32.8171562614278,3.));
#7302=CARTESIAN_POINT('',(-38.3642057132962,-38.0478349928499,3.));
#7303=CARTESIAN_POINT('Ctrl Pts',(-39.1999991238117,34.7999992221594,3.));
#7304=CARTESIAN_POINT('Ctrl Pts',(-39.1999991238117,34.7999992221594,4.));
#7305=CARTESIAN_POINT('Ctrl Pts',(-39.1609851074575,34.7758461517147,3.));
#7306=CARTESIAN_POINT('Ctrl Pts',(-39.1609851074575,34.7758461517147,4.));
#7307=CARTESIAN_POINT('Ctrl Pts',(-39.0817203727527,34.7272350221755,3.));
#7308=CARTESIAN_POINT('Ctrl Pts',(-39.0817203727527,34.7272350221755,4.));
#7309=CARTESIAN_POINT('Ctrl Pts',(-38.9590959581592,34.6533812535474,3.));
#7310=CARTESIAN_POINT('Ctrl Pts',(-38.9590959581592,34.6533812535474,4.));
#7311=CARTESIAN_POINT('Ctrl Pts',(-38.7885374679641,34.5528324989372,3.));
#7312=CARTESIAN_POINT('Ctrl Pts',(-38.7885374679641,34.5528324989372,4.));
#7313=CARTESIAN_POINT('Ctrl Pts',(-38.5663493299399,34.4228355608926,3.));
#7314=CARTESIAN_POINT('Ctrl Pts',(-38.5663493299399,34.4228355608926,4.));
#7315=CARTESIAN_POINT('Ctrl Pts',(-38.3391993776483,34.2875670294548,3.));
#7316=CARTESIAN_POINT('Ctrl Pts',(-38.3391993776483,34.2875670294548,4.));
#7317=CARTESIAN_POINT('Ctrl Pts',(-38.1118337821883,34.1461863542767,3.));
#7318=CARTESIAN_POINT('Ctrl Pts',(-38.1118337821883,34.1461863542767,4.));
#7319=CARTESIAN_POINT('Ctrl Pts',(-37.8891845425286,33.9982019265366,3.));
#7320=CARTESIAN_POINT('Ctrl Pts',(-37.8891845425286,33.9982019265366,4.));
#7321=CARTESIAN_POINT('Ctrl Pts',(-37.6758309271689,33.8437061489378,3.));
#7322=CARTESIAN_POINT('Ctrl Pts',(-37.6758309271689,33.8437061489378,4.));
#7323=CARTESIAN_POINT('Ctrl Pts',(-37.4754760529673,33.6835962077542,3.));
#7324=CARTESIAN_POINT('Ctrl Pts',(-37.4754760529673,33.6835962077542,4.));
#7325=CARTESIAN_POINT('Ctrl Pts',(-37.2903872826242,33.5198290489682,3.));
#7326=CARTESIAN_POINT('Ctrl Pts',(-37.2903872826242,33.5198290489682,4.));
#7327=CARTESIAN_POINT('Ctrl Pts',(-37.12093752216,33.3555812051707,3.));
#7328=CARTESIAN_POINT('Ctrl Pts',(-37.12093752216,33.3555812051707,4.));
#7329=CARTESIAN_POINT('Ctrl Pts',(-36.966054439153,33.1945673596246,3.));
#7330=CARTESIAN_POINT('Ctrl Pts',(-36.966054439153,33.1945673596246,4.));
#7331=CARTESIAN_POINT('Ctrl Pts',(-36.8235947015866,33.0404215494791,3.));
#7332=CARTESIAN_POINT('Ctrl Pts',(-36.8235947015866,33.0404215494791,4.));
#7333=CARTESIAN_POINT('Ctrl Pts',(-36.690741593602,32.8960727075429,3.));
#7334=CARTESIAN_POINT('Ctrl Pts',(-36.690741593602,32.8960727075429,4.));
#7335=CARTESIAN_POINT('Ctrl Pts',(-36.5644040517421,32.7630810590186,3.));
#7336=CARTESIAN_POINT('Ctrl Pts',(-36.5644040517421,32.7630810590186,4.));
#7337=CARTESIAN_POINT('Ctrl Pts',(-36.4415882254281,32.6410877772698,3.));
#7338=CARTESIAN_POINT('Ctrl Pts',(-36.4415882254281,32.6410877772698,4.));
#7339=CARTESIAN_POINT('Ctrl Pts',(-36.3198468613918,32.5269775196633,3.));
#7340=CARTESIAN_POINT('Ctrl Pts',(-36.3198468613918,32.5269775196633,4.));
#7341=CARTESIAN_POINT('Ctrl Pts',(-36.1974424831896,32.4150768825875,3.));
#7342=CARTESIAN_POINT('Ctrl Pts',(-36.1974424831896,32.4150768825875,4.));
#7343=CARTESIAN_POINT('Ctrl Pts',(-36.0731885042954,32.298521122015,3.));
#7344=CARTESIAN_POINT('Ctrl Pts',(-36.0731885042954,32.298521122015,4.));
#7345=CARTESIAN_POINT('Ctrl Pts',(-35.9463755988191,32.1703027159552,3.));
#7346=CARTESIAN_POINT('Ctrl Pts',(-35.9463755988191,32.1703027159552,4.));
#7347=CARTESIAN_POINT('Ctrl Pts',(-35.8166622149864,32.0244737110702,3.));
#7348=CARTESIAN_POINT('Ctrl Pts',(-35.8166622149864,32.0244737110702,4.));
#7349=CARTESIAN_POINT('Ctrl Pts',(-35.6839833285035,31.8572257972838,3.));
#7350=CARTESIAN_POINT('Ctrl Pts',(-35.6839833285035,31.8572257972838,4.));
#7351=CARTESIAN_POINT('Ctrl Pts',(-35.5484438917667,31.6681739892037,3.));
#7352=CARTESIAN_POINT('Ctrl Pts',(-35.5484438917667,31.6681739892037,4.));
#7353=CARTESIAN_POINT('Ctrl Pts',(-35.4103098779024,31.4597276260027,3.));
#7354=CARTESIAN_POINT('Ctrl Pts',(-35.4103098779024,31.4597276260027,4.));
#7355=CARTESIAN_POINT('Ctrl Pts',(-35.2700102700472,31.2362230692744,3.));
#7356=CARTESIAN_POINT('Ctrl Pts',(-35.2700102700472,31.2362230692744,4.));
#7357=CARTESIAN_POINT('Ctrl Pts',(-35.1281352767971,31.0031411890978,3.));
#7358=CARTESIAN_POINT('Ctrl Pts',(-35.1281352767971,31.0031411890978,4.));
#7359=CARTESIAN_POINT('Ctrl Pts',(-34.9854361817021,30.7662888259067,3.));
#7360=CARTESIAN_POINT('Ctrl Pts',(-34.9854361817021,30.7662888259067,4.));
#7361=CARTESIAN_POINT('Ctrl Pts',(-34.8428244723472,30.5309971150442,3.));
#7362=CARTESIAN_POINT('Ctrl Pts',(-34.8428244723472,30.5309971150442,4.));
#7363=CARTESIAN_POINT('Ctrl Pts',(-34.7013714167562,30.3013095230591,3.));
#7364=CARTESIAN_POINT('Ctrl Pts',(-34.7013714167562,30.3013095230591,4.));
#7365=CARTESIAN_POINT('Ctrl Pts',(-34.5623072166762,30.079181199938,3.));
#7366=CARTESIAN_POINT('Ctrl Pts',(-34.5623072166762,30.079181199938,4.));
#7367=CARTESIAN_POINT('Ctrl Pts',(-34.4270210906901,29.8636537722193,3.));
#7368=CARTESIAN_POINT('Ctrl Pts',(-34.4270210906901,29.8636537722193,4.));
#7369=CARTESIAN_POINT('Ctrl Pts',(-34.2969891468943,29.6518135063541,3.));
#7370=CARTESIAN_POINT('Ctrl Pts',(-34.2969891468943,29.6518135063541,4.));
#7371=CARTESIAN_POINT('Ctrl Pts',(-34.1737011049441,29.4397670562527,3.));
#7372=CARTESIAN_POINT('Ctrl Pts',(-34.1737011049441,29.4397670562527,4.));
#7373=CARTESIAN_POINT('Ctrl Pts',(-34.0585879147819,29.223620097778,3.));
#7374=CARTESIAN_POINT('Ctrl Pts',(-34.0585879147819,29.223620097778,4.));
#7375=CARTESIAN_POINT('Ctrl Pts',(-33.9529479326117,29.0004330826406,3.));
#7376=CARTESIAN_POINT('Ctrl Pts',(-33.9529479326117,29.0004330826406,4.));
#7377=CARTESIAN_POINT('Ctrl Pts',(-33.8578761420942,28.7692369748161,3.));
#7378=CARTESIAN_POINT('Ctrl Pts',(-33.8578761420942,28.7692369748161,4.));
#7379=CARTESIAN_POINT('Ctrl Pts',(-33.7741863299096,28.5319068302905,3.));
#7380=CARTESIAN_POINT('Ctrl Pts',(-33.7741863299096,28.5319068302905,4.));
#7381=CARTESIAN_POINT('Ctrl Pts',(-33.7023500694173,28.294378825606,3.));
#7382=CARTESIAN_POINT('Ctrl Pts',(-33.7023500694173,28.294378825606,4.));
#7383=CARTESIAN_POINT('Ctrl Pts',(-33.6423825441544,28.0668053588148,3.));
#7384=CARTESIAN_POINT('Ctrl Pts',(-33.6423825441544,28.0668053588148,4.));
#7385=CARTESIAN_POINT('Ctrl Pts',(-33.5935706350501,27.8608658605265,3.));
#7386=CARTESIAN_POINT('Ctrl Pts',(-33.5935706350501,27.8608658605265,4.));
#7387=CARTESIAN_POINT('Ctrl Pts',(-33.5542513676441,27.6877157295762,3.));
#7388=CARTESIAN_POINT('Ctrl Pts',(-33.5542513676441,27.6877157295762,4.));
#7389=CARTESIAN_POINT('Ctrl Pts',(-33.5215270108588,27.5554735080633,3.));
#7390=CARTESIAN_POINT('Ctrl Pts',(-33.5215270108588,27.5554735080633,4.));
#7391=CARTESIAN_POINT('Ctrl Pts',(-33.4911062184595,27.467383730424,3.));
#7392=CARTESIAN_POINT('Ctrl Pts',(-33.4911062184595,27.467383730424,4.));
#7393=CARTESIAN_POINT('Ctrl Pts',(-33.4568517009646,27.4185363970082,3.));
#7394=CARTESIAN_POINT('Ctrl Pts',(-33.4568517009646,27.4185363970082,4.));
#7395=CARTESIAN_POINT('Ctrl Pts',(-33.4112246021497,27.3968741310982,3.));
#7396=CARTESIAN_POINT('Ctrl Pts',(-33.4112246021497,27.3968741310982,4.));
#7397=CARTESIAN_POINT('Ctrl Pts',(-33.3477238173961,27.3930279885482,3.));
#7398=CARTESIAN_POINT('Ctrl Pts',(-33.3477238173961,27.3930279885482,4.));
#7399=CARTESIAN_POINT('Ctrl Pts',(-33.2630961178047,27.4099732268044,3.));
#7400=CARTESIAN_POINT('Ctrl Pts',(-33.2630961178047,27.4099732268044,4.));
#7401=CARTESIAN_POINT('Ctrl Pts',(-33.1576367073777,27.4568828844717,3.));
#7402=CARTESIAN_POINT('Ctrl Pts',(-33.1576367073777,27.4568828844717,4.));
#7403=CARTESIAN_POINT('Ctrl Pts',(-33.0350153811941,27.5414342804535,3.));
#7404=CARTESIAN_POINT('Ctrl Pts',(-33.0350153811941,27.5414342804535,4.));
#7405=CARTESIAN_POINT('Ctrl Pts',(-32.9025599248301,27.660936975155,3.));
#7406=CARTESIAN_POINT('Ctrl Pts',(-32.9025599248301,27.660936975155,4.));
#7407=CARTESIAN_POINT('Ctrl Pts',(-32.7702039250936,27.8010713487021,3.));
#7408=CARTESIAN_POINT('Ctrl Pts',(-32.7702039250936,27.8010713487021,4.));
#7409=CARTESIAN_POINT('Ctrl Pts',(-32.6484268811249,27.941423219546,3.));
#7410=CARTESIAN_POINT('Ctrl Pts',(-32.6484268811249,27.941423219546,4.));
#7411=CARTESIAN_POINT('Ctrl Pts',(-32.5464275710546,28.059032049302,3.));
#7412=CARTESIAN_POINT('Ctrl Pts',(-32.5464275710546,28.059032049302,4.));
#7413=CARTESIAN_POINT('Ctrl Pts',(-32.4703106691065,28.1328243087247,3.));
#7414=CARTESIAN_POINT('Ctrl Pts',(-32.4703106691065,28.1328243087247,4.));
#7415=CARTESIAN_POINT('Ctrl Pts',(-32.42101040605,28.1474816547163,3.));
#7416=CARTESIAN_POINT('Ctrl Pts',(-32.42101040605,28.1474816547163,4.));
#7417=CARTESIAN_POINT('Ctrl Pts',(-32.3930702210157,28.0986606458355,3.));
#7418=CARTESIAN_POINT('Ctrl Pts',(-32.3930702210157,28.0986606458355,4.));
#7419=CARTESIAN_POINT('Ctrl Pts',(-32.3737423758375,28.0063524587853,3.));
#7420=CARTESIAN_POINT('Ctrl Pts',(-32.3737423758375,28.0063524587853,4.));
#7421=CARTESIAN_POINT('Ctrl Pts',(-32.3440292133224,27.9182686227459,3.));
#7422=CARTESIAN_POINT('Ctrl Pts',(-32.3440292133224,27.9182686227459,4.));
#7423=CARTESIAN_POINT('Ctrl Pts',(-32.2874903566712,27.8799812177676,3.));
#7424=CARTESIAN_POINT('Ctrl Pts',(-32.2874903566712,27.8799812177676,4.));
#7425=CARTESIAN_POINT('Ctrl Pts',(-32.1997861053154,27.9037118007629,3.));
#7426=CARTESIAN_POINT('Ctrl Pts',(-32.1997861053154,27.9037118007629,4.));
#7427=CARTESIAN_POINT('Ctrl Pts',(-32.0926692506984,27.954306573298,3.));
#7428=CARTESIAN_POINT('Ctrl Pts',(-32.0926692506984,27.954306573298,4.));
#7429=CARTESIAN_POINT('Ctrl Pts',(-31.9825972363589,27.9839146394624,3.));
#7430=CARTESIAN_POINT('Ctrl Pts',(-31.9825972363589,27.9839146394624,4.));
#7431=CARTESIAN_POINT('Ctrl Pts',(-31.882861927634,27.9555788295291,3.));
#7432=CARTESIAN_POINT('Ctrl Pts',(-31.882861927634,27.9555788295291,4.));
#7433=CARTESIAN_POINT('Ctrl Pts',(-31.793157125061,27.8747088481163,3.));
#7434=CARTESIAN_POINT('Ctrl Pts',(-31.793157125061,27.8747088481163,4.));
#7435=CARTESIAN_POINT('Ctrl Pts',(-31.7048387667798,27.7736739546767,3.));
#7436=CARTESIAN_POINT('Ctrl Pts',(-31.7048387667798,27.7736739546767,4.));
#7437=CARTESIAN_POINT('Ctrl Pts',(-31.6079068698662,27.691329988594,3.));
#7438=CARTESIAN_POINT('Ctrl Pts',(-31.6079068698662,27.691329988594,4.));
#7439=CARTESIAN_POINT('Ctrl Pts',(-31.4971945418266,27.6548419026745,3.));
#7440=CARTESIAN_POINT('Ctrl Pts',(-31.4971945418266,27.6548419026745,4.));
#7441=CARTESIAN_POINT('Ctrl Pts',(-31.379393402639,27.6591469244608,3.));
#7442=CARTESIAN_POINT('Ctrl Pts',(-31.379393402639,27.6591469244608,4.));
#7443=CARTESIAN_POINT('Ctrl Pts',(-31.2668714729696,27.6832882436482,3.));
#7444=CARTESIAN_POINT('Ctrl Pts',(-31.2668714729696,27.6832882436482,4.));
#7445=CARTESIAN_POINT('Ctrl Pts',(-31.1716474309074,27.7063707450986,3.));
#7446=CARTESIAN_POINT('Ctrl Pts',(-31.1716474309074,27.7063707450986,4.));
#7447=CARTESIAN_POINT('Ctrl Pts',(-31.0979955781421,27.7271878945615,3.));
#7448=CARTESIAN_POINT('Ctrl Pts',(-31.0979955781421,27.7271878945615,4.));
#7449=CARTESIAN_POINT('Ctrl Pts',(-31.0395796372446,27.7716470405219,3.));
#7450=CARTESIAN_POINT('Ctrl Pts',(-31.0395796372446,27.7716470405219,4.));
#7451=CARTESIAN_POINT('Ctrl Pts',(-30.9886360207317,27.8674333407363,3.));
#7452=CARTESIAN_POINT('Ctrl Pts',(-30.9886360207317,27.8674333407363,4.));
#7453=CARTESIAN_POINT('Ctrl Pts',(-30.9443898632941,28.0210643404797,3.));
#7454=CARTESIAN_POINT('Ctrl Pts',(-30.9443898632941,28.0210643404797,4.));
#7455=CARTESIAN_POINT('Ctrl Pts',(-30.9179447066386,28.2036094916244,3.));
#7456=CARTESIAN_POINT('Ctrl Pts',(-30.9179447066386,28.2036094916244,4.));
#7457=CARTESIAN_POINT('Ctrl Pts',(-30.9229580309385,28.372930254246,3.));
#7458=CARTESIAN_POINT('Ctrl Pts',(-30.9229580309385,28.372930254246,4.));
#7459=CARTESIAN_POINT('Ctrl Pts',(-30.9678579795701,28.4911892199329,3.));
#7460=CARTESIAN_POINT('Ctrl Pts',(-30.9678579795701,28.4911892199329,4.));
#7461=CARTESIAN_POINT('Ctrl Pts',(-31.049343758129,28.5409466106353,3.));
#7462=CARTESIAN_POINT('Ctrl Pts',(-31.049343758129,28.5409466106353,4.));
#7463=CARTESIAN_POINT('Ctrl Pts',(-31.1406518628972,28.550000279295,3.));
#7464=CARTESIAN_POINT('Ctrl Pts',(-31.1406518628972,28.550000279295,4.));
#7465=CARTESIAN_POINT('Ctrl Pts',(-31.2048315837368,28.5725349501025,3.));
#7466=CARTESIAN_POINT('Ctrl Pts',(-31.2048315837368,28.5725349501025,4.));
#7467=CARTESIAN_POINT('Ctrl Pts',(-31.2176916343829,28.6520453148233,3.));
#7468=CARTESIAN_POINT('Ctrl Pts',(-31.2176916343829,28.6520453148233,4.));
#7469=CARTESIAN_POINT('Ctrl Pts',(-31.1936894589963,28.7817259069331,3.));
#7470=CARTESIAN_POINT('Ctrl Pts',(-31.1936894589963,28.7817259069331,4.));
#7471=CARTESIAN_POINT('Ctrl Pts',(-31.1719229847711,28.9194552949944,3.));
#7472=CARTESIAN_POINT('Ctrl Pts',(-31.1719229847711,28.9194552949944,4.));
#7473=CARTESIAN_POINT('Ctrl Pts',(-31.1902070889878,29.0197132902633,3.));
#7474=CARTESIAN_POINT('Ctrl Pts',(-31.1902070889878,29.0197132902633,4.));
#7475=CARTESIAN_POINT('Ctrl Pts',(-31.261846571553,29.0612872816822,3.));
#7476=CARTESIAN_POINT('Ctrl Pts',(-31.261846571553,29.0612872816822,4.));
#7477=CARTESIAN_POINT('Ctrl Pts',(-31.3549233287861,29.0725129614441,3.));
#7478=CARTESIAN_POINT('Ctrl Pts',(-31.3549233287861,29.0725129614441,4.));
#7479=CARTESIAN_POINT('Ctrl Pts',(-31.4221423651785,29.0979606902336,3.));
#7480=CARTESIAN_POINT('Ctrl Pts',(-31.4221423651785,29.0979606902336,4.));
#7481=CARTESIAN_POINT('Ctrl Pts',(-31.4302365677712,29.1655770094992,3.));
#7482=CARTESIAN_POINT('Ctrl Pts',(-31.4302365677712,29.1655770094992,4.));
#7483=CARTESIAN_POINT('Ctrl Pts',(-31.381908142075,29.2628135266299,3.));
#7484=CARTESIAN_POINT('Ctrl Pts',(-31.381908142075,29.2628135266299,4.));
#7485=CARTESIAN_POINT('Ctrl Pts',(-31.29662394949,29.3620116479546,3.));
#7486=CARTESIAN_POINT('Ctrl Pts',(-31.29662394949,29.3620116479546,4.));
#7487=CARTESIAN_POINT('Ctrl Pts',(-31.1967745712785,29.4394830138707,3.));
#7488=CARTESIAN_POINT('Ctrl Pts',(-31.1967745712785,29.4394830138707,4.));
#7489=CARTESIAN_POINT('Ctrl Pts',(-31.0927070759386,29.4956074969025,3.));
#7490=CARTESIAN_POINT('Ctrl Pts',(-31.0927070759386,29.4956074969025,4.));
#7491=CARTESIAN_POINT('Ctrl Pts',(-30.9888367280264,29.5437525127126,3.));
#7492=CARTESIAN_POINT('Ctrl Pts',(-30.9888367280264,29.5437525127126,4.));
#7493=CARTESIAN_POINT('Ctrl Pts',(-30.8882080770379,29.6013843503396,3.));
#7494=CARTESIAN_POINT('Ctrl Pts',(-30.8882080770379,29.6013843503396,4.));
#7495=CARTESIAN_POINT('Ctrl Pts',(-30.7979414393042,29.6799145831295,3.));
#7496=CARTESIAN_POINT('Ctrl Pts',(-30.7979414393042,29.6799145831295,4.));
#7497=CARTESIAN_POINT('Ctrl Pts',(-30.7334881778592,29.776265450885,3.));
#7498=CARTESIAN_POINT('Ctrl Pts',(-30.7334881778592,29.776265450885,4.));
#7499=CARTESIAN_POINT('Ctrl Pts',(-30.711333517023,29.8797326317563,3.));
#7500=CARTESIAN_POINT('Ctrl Pts',(-30.711333517023,29.8797326317563,4.));
#7501=CARTESIAN_POINT('Ctrl Pts',(-30.7433431572461,29.9772025754522,3.));
#7502=CARTESIAN_POINT('Ctrl Pts',(-30.7433431572461,29.9772025754522,4.));
#7503=CARTESIAN_POINT('Ctrl Pts',(-30.8287885846362,30.0600973512873,3.));
#7504=CARTESIAN_POINT('Ctrl Pts',(-30.8287885846362,30.0600973512873,4.));
#7505=CARTESIAN_POINT('Ctrl Pts',(-30.9545214134123,30.1259347630976,3.));
#7506=CARTESIAN_POINT('Ctrl Pts',(-30.9545214134123,30.1259347630976,4.));
#7507=CARTESIAN_POINT('Ctrl Pts',(-31.1014960050783,30.1758595992026,3.));
#7508=CARTESIAN_POINT('Ctrl Pts',(-31.1014960050783,30.1758595992026,4.));
#7509=CARTESIAN_POINT('Ctrl Pts',(-31.24921857933,30.2134058718343,3.));
#7510=CARTESIAN_POINT('Ctrl Pts',(-31.24921857933,30.2134058718343,4.));
#7511=CARTESIAN_POINT('Ctrl Pts',(-31.3816158030512,30.2425726925926,3.));
#7512=CARTESIAN_POINT('Ctrl Pts',(-31.3816158030512,30.2425726925926,4.));
#7513=CARTESIAN_POINT('Ctrl Pts',(-31.4904583583553,30.2667939200569,3.));
#7514=CARTESIAN_POINT('Ctrl Pts',(-31.4904583583553,30.2667939200569,4.));
#7515=CARTESIAN_POINT('Ctrl Pts',(-31.5745863513443,30.289403187488,3.));
#7516=CARTESIAN_POINT('Ctrl Pts',(-31.5745863513443,30.289403187488,4.));
#7517=CARTESIAN_POINT('Ctrl Pts',(-31.6396226118019,30.3137346692741,3.));
#7518=CARTESIAN_POINT('Ctrl Pts',(-31.6396226118019,30.3137346692741,4.));
#7519=CARTESIAN_POINT('Ctrl Pts',(-31.6982689986622,30.3435422039633,3.));
#7520=CARTESIAN_POINT('Ctrl Pts',(-31.6982689986622,30.3435422039633,4.));
#7521=CARTESIAN_POINT('Ctrl Pts',(-31.767105444327,30.3825486835737,3.));
#7522=CARTESIAN_POINT('Ctrl Pts',(-31.767105444327,30.3825486835737,4.));
#7523=CARTESIAN_POINT('Ctrl Pts',(-31.8613305833091,30.4335534999417,3.));
#7524=CARTESIAN_POINT('Ctrl Pts',(-31.8613305833091,30.4335534999417,4.));
#7525=CARTESIAN_POINT('Ctrl Pts',(-31.9891097693803,30.4974595549573,3.));
#7526=CARTESIAN_POINT('Ctrl Pts',(-31.9891097693803,30.4974595549573,4.));
#7527=CARTESIAN_POINT('Ctrl Pts',(-32.1513611740327,30.573422756013,3.));
#7528=CARTESIAN_POINT('Ctrl Pts',(-32.1513611740327,30.573422756013,4.));
#7529=CARTESIAN_POINT('Ctrl Pts',(-32.3441484529228,30.6595424065835,3.));
#7530=CARTESIAN_POINT('Ctrl Pts',(-32.3441484529228,30.6595424065835,4.));
#7531=CARTESIAN_POINT('Ctrl Pts',(-32.5601954834929,30.7533644426914,3.));
#7532=CARTESIAN_POINT('Ctrl Pts',(-32.5601954834929,30.7533644426914,4.));
#7533=CARTESIAN_POINT('Ctrl Pts',(-32.7908245289316,30.8524856385584,3.));
#7534=CARTESIAN_POINT('Ctrl Pts',(-32.7908245289316,30.8524856385584,4.));
#7535=CARTESIAN_POINT('Ctrl Pts',(-33.0275780427839,30.9550609869591,3.));
#7536=CARTESIAN_POINT('Ctrl Pts',(-33.0275780427839,30.9550609869591,4.));
#7537=CARTESIAN_POINT('Ctrl Pts',(-33.2643103193325,31.060485711703,3.));
#7538=CARTESIAN_POINT('Ctrl Pts',(-33.2643103193325,31.060485711703,4.));
#7539=CARTESIAN_POINT('Ctrl Pts',(-33.4976819847117,31.1694466182837,3.));
#7540=CARTESIAN_POINT('Ctrl Pts',(-33.4976819847117,31.1694466182837,4.));
#7541=CARTESIAN_POINT('Ctrl Pts',(-33.7263434129691,31.2834484341837,3.));
#7542=CARTESIAN_POINT('Ctrl Pts',(-33.7263434129691,31.2834484341837,4.));
#7543=CARTESIAN_POINT('Ctrl Pts',(-33.9504899539233,31.4044902221423,3.));
#7544=CARTESIAN_POINT('Ctrl Pts',(-33.9504899539233,31.4044902221423,4.));
#7545=CARTESIAN_POINT('Ctrl Pts',(-34.1712604407896,31.5346767084222,3.));
#7546=CARTESIAN_POINT('Ctrl Pts',(-34.1712604407896,31.5346767084222,4.));
#7547=CARTESIAN_POINT('Ctrl Pts',(-34.3902133601296,31.6758658244511,3.));
#7548=CARTESIAN_POINT('Ctrl Pts',(-34.3902133601296,31.6758658244511,4.));
#7549=CARTESIAN_POINT('Ctrl Pts',(-34.6087457353627,31.8292813902273,3.));
#7550=CARTESIAN_POINT('Ctrl Pts',(-34.6087457353627,31.8292813902273,4.));
#7551=CARTESIAN_POINT('Ctrl Pts',(-34.8275927667828,31.9951857636942,3.));
#7552=CARTESIAN_POINT('Ctrl Pts',(-34.8275927667828,31.9951857636942,4.));
#7553=CARTESIAN_POINT('Ctrl Pts',(-35.0461522009486,32.1724137440797,3.));
#7554=CARTESIAN_POINT('Ctrl Pts',(-35.0461522009486,32.1724137440797,4.));
#7555=CARTESIAN_POINT('Ctrl Pts',(-35.2625107111196,32.3584694004598,3.));
#7556=CARTESIAN_POINT('Ctrl Pts',(-35.2625107111196,32.3584694004598,4.));
#7557=CARTESIAN_POINT('Ctrl Pts',(-35.4739624875787,32.5500187008883,3.));
#7558=CARTESIAN_POINT('Ctrl Pts',(-35.4739624875787,32.5500187008883,4.));
#7559=CARTESIAN_POINT('Ctrl Pts',(-35.6773809551099,32.7432637954878,3.));
#7560=CARTESIAN_POINT('Ctrl Pts',(-35.6773809551099,32.7432637954878,4.));
#7561=CARTESIAN_POINT('Ctrl Pts',(-35.8696547760153,32.9343694045715,3.));
#7562=CARTESIAN_POINT('Ctrl Pts',(-35.8696547760153,32.9343694045715,4.));
#7563=CARTESIAN_POINT('Ctrl Pts',(-36.0480874579574,33.1198589786999,3.));
#7564=CARTESIAN_POINT('Ctrl Pts',(-36.0480874579574,33.1198589786999,4.));
#7565=CARTESIAN_POINT('Ctrl Pts',(-36.2108331520515,33.2970421653417,3.));
#7566=CARTESIAN_POINT('Ctrl Pts',(-36.2108331520515,33.2970421653417,4.));
#7567=CARTESIAN_POINT('Ctrl Pts',(-36.3572692166319,33.4643863103959,3.));
#7568=CARTESIAN_POINT('Ctrl Pts',(-36.3572692166319,33.4643863103959,4.));
#7569=CARTESIAN_POINT('Ctrl Pts',(-36.4885126017918,33.6220160160708,3.));
#7570=CARTESIAN_POINT('Ctrl Pts',(-36.4885126017918,33.6220160160708,4.));
#7571=CARTESIAN_POINT('Ctrl Pts',(-36.607470362083,33.7717976044898,3.));
#7572=CARTESIAN_POINT('Ctrl Pts',(-36.607470362083,33.7717976044898,4.));
#7573=CARTESIAN_POINT('Ctrl Pts',(-36.7180948136276,33.9167164450319,3.));
#7574=CARTESIAN_POINT('Ctrl Pts',(-36.7180948136276,33.9167164450319,4.));
#7575=CARTESIAN_POINT('Ctrl Pts',(-36.8248298102012,34.060422200857,3.));
#7576=CARTESIAN_POINT('Ctrl Pts',(-36.8248298102012,34.060422200857,4.));
#7577=CARTESIAN_POINT('Ctrl Pts',(-36.931959437293,34.2066924928072,3.));
#7578=CARTESIAN_POINT('Ctrl Pts',(-36.931959437293,34.2066924928072,4.));
#7579=CARTESIAN_POINT('Ctrl Pts',(-37.043046431312,34.3589641838037,3.));
#7580=CARTESIAN_POINT('Ctrl Pts',(-37.043046431312,34.3589641838037,4.));
#7581=CARTESIAN_POINT('Ctrl Pts',(-37.1602149581074,34.5197558857794,3.));
#7582=CARTESIAN_POINT('Ctrl Pts',(-37.1602149581074,34.5197558857794,4.));
#7583=CARTESIAN_POINT('Ctrl Pts',(-37.2839115519491,34.6904174432118,3.));
#7584=CARTESIAN_POINT('Ctrl Pts',(-37.2839115519491,34.6904174432118,4.));
#7585=CARTESIAN_POINT('Ctrl Pts',(-37.4134043812731,34.8713827626328,3.));
#7586=CARTESIAN_POINT('Ctrl Pts',(-37.4134043812731,34.8713827626328,4.));
#7587=CARTESIAN_POINT('Ctrl Pts',(-37.5471123803478,35.0623056874336,3.));
#7588=CARTESIAN_POINT('Ctrl Pts',(-37.5471123803478,35.0623056874336,4.));
#7589=CARTESIAN_POINT('Ctrl Pts',(-37.682997177631,35.262241286758,3.));
#7590=CARTESIAN_POINT('Ctrl Pts',(-37.682997177631,35.262241286758,4.));
#7591=CARTESIAN_POINT('Ctrl Pts',(-37.8189409122571,35.4698112033773,3.));
#7592=CARTESIAN_POINT('Ctrl Pts',(-37.8189409122571,35.4698112033773,4.));
#7593=CARTESIAN_POINT('Ctrl Pts',(-37.9531001532281,35.6833673981827,3.));
#7594=CARTESIAN_POINT('Ctrl Pts',(-37.9531001532281,35.6833673981827,4.));
#7595=CARTESIAN_POINT('Ctrl Pts',(-38.0843431700706,35.9011769649795,3.));
#7596=CARTESIAN_POINT('Ctrl Pts',(-38.0843431700706,35.9011769649795,4.));
#7597=CARTESIAN_POINT('Ctrl Pts',(-38.2123943000604,36.1215259241139,3.));
#7598=CARTESIAN_POINT('Ctrl Pts',(-38.2123943000604,36.1215259241139,4.));
#7599=CARTESIAN_POINT('Ctrl Pts',(-38.3375105963842,36.34269195914,3.));
#7600=CARTESIAN_POINT('Ctrl Pts',(-38.3375105963842,36.34269195914,4.));
#7601=CARTESIAN_POINT('Ctrl Pts',(-38.4602699900687,36.5629481774437,3.));
#7602=CARTESIAN_POINT('Ctrl Pts',(-38.4602699900687,36.5629481774437,4.));
#7603=CARTESIAN_POINT('Ctrl Pts',(-38.5813109510453,36.7805539378377,3.));
#7604=CARTESIAN_POINT('Ctrl Pts',(-38.5813109510453,36.7805539378377,4.));
#7605=CARTESIAN_POINT('Ctrl Pts',(-38.701101176752,36.9937521654447,3.));
#7606=CARTESIAN_POINT('Ctrl Pts',(-38.701101176752,36.9937521654447,4.));
#7607=CARTESIAN_POINT('Ctrl Pts',(-38.8196745915512,37.2007616482358,3.));
#7608=CARTESIAN_POINT('Ctrl Pts',(-38.8196745915512,37.2007616482358,4.));
#7609=CARTESIAN_POINT('Ctrl Pts',(-38.9364269578366,37.3997767122634,3.));
#7610=CARTESIAN_POINT('Ctrl Pts',(-38.9364269578366,37.3997767122634,4.));
#7611=CARTESIAN_POINT('Ctrl Pts',(-39.0497702680043,37.5889502932765,3.));
#7612=CARTESIAN_POINT('Ctrl Pts',(-39.0497702680043,37.5889502932765,4.));
#7613=CARTESIAN_POINT('Ctrl Pts',(-39.157556356531,37.7664657294103,3.));
#7614=CARTESIAN_POINT('Ctrl Pts',(-39.157556356531,37.7664657294103,4.));
#7615=CARTESIAN_POINT('Ctrl Pts',(-39.2577944314839,37.9306413626502,3.));
#7616=CARTESIAN_POINT('Ctrl Pts',(-39.2577944314839,37.9306413626502,4.));
#7617=CARTESIAN_POINT('Ctrl Pts',(-39.3492466056869,38.0800232015025,3.));
#7618=CARTESIAN_POINT('Ctrl Pts',(-39.3492466056869,38.0800232015025,4.));
#7619=CARTESIAN_POINT('Ctrl Pts',(-39.4321315543717,38.2134853006157,3.));
#7620=CARTESIAN_POINT('Ctrl Pts',(-39.4321315543717,38.2134853006157,4.));
#7621=CARTESIAN_POINT('Ctrl Pts',(-39.5086487937438,38.3303206016025,3.));
#7622=CARTESIAN_POINT('Ctrl Pts',(-39.5086487937438,38.3303206016025,4.));
#7623=CARTESIAN_POINT('Ctrl Pts',(-39.5839214097443,38.4303517092899,3.));
#7624=CARTESIAN_POINT('Ctrl Pts',(-39.5839214097443,38.4303517092899,4.));
#7625=CARTESIAN_POINT('Ctrl Pts',(-39.6648425687955,38.5139547115164,3.));
#7626=CARTESIAN_POINT('Ctrl Pts',(-39.6648425687955,38.5139547115164,4.));
#7627=CARTESIAN_POINT('Ctrl Pts',(-39.7578593455987,38.5820639608879,3.));
#7628=CARTESIAN_POINT('Ctrl Pts',(-39.7578593455987,38.5820639608879,4.));
#7629=CARTESIAN_POINT('Ctrl Pts',(-39.8673283647545,38.6361505485649,3.));
#7630=CARTESIAN_POINT('Ctrl Pts',(-39.8673283647545,38.6361505485649,4.));
#7631=CARTESIAN_POINT('Ctrl Pts',(-39.9930739697914,38.6782900021548,3.));
#7632=CARTESIAN_POINT('Ctrl Pts',(-39.9930739697914,38.6782900021548,4.));
#7633=CARTESIAN_POINT('Ctrl Pts',(-40.131024097098,38.7108061065127,3.));
#7634=CARTESIAN_POINT('Ctrl Pts',(-40.131024097098,38.7108061065127,4.));
#7635=CARTESIAN_POINT('Ctrl Pts',(-40.2755564103318,38.7356594851893,3.));
#7636=CARTESIAN_POINT('Ctrl Pts',(-40.2755564103318,38.7356594851893,4.));
#7637=CARTESIAN_POINT('Ctrl Pts',(-40.4212501282621,38.7539413131904,3.));
#7638=CARTESIAN_POINT('Ctrl Pts',(-40.4212501282621,38.7539413131904,4.));
#7639=CARTESIAN_POINT('Ctrl Pts',(-40.5650423825933,38.7652635688849,3.));
#7640=CARTESIAN_POINT('Ctrl Pts',(-40.5650423825933,38.7652635688849,4.));
#7641=CARTESIAN_POINT('Ctrl Pts',(-40.7077496180721,38.7673673566709,3.));
#7642=CARTESIAN_POINT('Ctrl Pts',(-40.7077496180721,38.7673673566709,4.));
#7643=CARTESIAN_POINT('Ctrl Pts',(-40.8522458495688,38.756991876799,3.));
#7644=CARTESIAN_POINT('Ctrl Pts',(-40.8522458495688,38.756991876799,4.));
#7645=CARTESIAN_POINT('Ctrl Pts',(-41.0019339844744,38.7306344929758,3.));
#7646=CARTESIAN_POINT('Ctrl Pts',(-41.0019339844744,38.7306344929758,4.));
#7647=CARTESIAN_POINT('Ctrl Pts',(-41.1592306519355,38.6852959476372,3.));
#7648=CARTESIAN_POINT('Ctrl Pts',(-41.1592306519355,38.6852959476372,4.));
#7649=CARTESIAN_POINT('Ctrl Pts',(-41.3237456270567,38.619367099218,3.));
#7650=CARTESIAN_POINT('Ctrl Pts',(-41.3237456270567,38.619367099218,4.));
#7651=CARTESIAN_POINT('Ctrl Pts',(-41.4916346704091,38.5329847038758,3.));
#7652=CARTESIAN_POINT('Ctrl Pts',(-41.4916346704091,38.5329847038758,4.));
#7653=CARTESIAN_POINT('Ctrl Pts',(-41.6569565831819,38.4274843908021,3.));
#7654=CARTESIAN_POINT('Ctrl Pts',(-41.6569565831819,38.4274843908021,4.));
#7655=CARTESIAN_POINT('Ctrl Pts',(-41.8125494908416,38.3050693011068,3.));
#7656=CARTESIAN_POINT('Ctrl Pts',(-41.8125494908416,38.3050693011068,4.));
#7657=CARTESIAN_POINT('Ctrl Pts',(-41.9511370178303,38.1683773099667,3.));
#7658=CARTESIAN_POINT('Ctrl Pts',(-41.9511370178303,38.1683773099667,4.));
#7659=CARTESIAN_POINT('Ctrl Pts',(-42.0662518025798,38.0201257219214,3.));
#7660=CARTESIAN_POINT('Ctrl Pts',(-42.0662518025798,38.0201257219214,4.));
#7661=CARTESIAN_POINT('Ctrl Pts',(-42.1534472000822,37.8626381450206,3.));
#7662=CARTESIAN_POINT('Ctrl Pts',(-42.1534472000822,37.8626381450206,4.));
#7663=CARTESIAN_POINT('Ctrl Pts',(-42.2105011914917,37.6977783778453,3.));
#7664=CARTESIAN_POINT('Ctrl Pts',(-42.2105011914917,37.6977783778453,4.));
#7665=CARTESIAN_POINT('Ctrl Pts',(-42.2368175767292,37.5272061541494,3.));
#7666=CARTESIAN_POINT('Ctrl Pts',(-42.2368175767292,37.5272061541494,4.));
#7667=CARTESIAN_POINT('Ctrl Pts',(-42.2330510405067,37.3525454988314,3.));
#7668=CARTESIAN_POINT('Ctrl Pts',(-42.2330510405067,37.3525454988314,4.));
#7669=CARTESIAN_POINT('Ctrl Pts',(-42.2006500857844,37.1755801833412,3.));
#7670=CARTESIAN_POINT('Ctrl Pts',(-42.2006500857844,37.1755801833412,4.));
#7671=CARTESIAN_POINT('Ctrl Pts',(-42.1414127612061,36.9984583017934,3.));
#7672=CARTESIAN_POINT('Ctrl Pts',(-42.1414127612061,36.9984583017934,4.));
#7673=CARTESIAN_POINT('Ctrl Pts',(-42.057103305344,36.8238320865415,3.));
#7674=CARTESIAN_POINT('Ctrl Pts',(-42.057103305344,36.8238320865415,4.));
#7675=CARTESIAN_POINT('Ctrl Pts',(-41.9496002043412,36.6545142074321,3.));
#7676=CARTESIAN_POINT('Ctrl Pts',(-41.9496002043412,36.6545142074321,4.));
#7677=CARTESIAN_POINT('Ctrl Pts',(-41.8209859348005,36.4931857278497,3.));
#7678=CARTESIAN_POINT('Ctrl Pts',(-41.8209859348005,36.4931857278497,4.));
#7679=CARTESIAN_POINT('Ctrl Pts',(-41.6736583058527,36.3420854783792,3.));
#7680=CARTESIAN_POINT('Ctrl Pts',(-41.6736583058527,36.3420854783792,4.));
#7681=CARTESIAN_POINT('Ctrl Pts',(-41.5104349790291,36.2027041731977,3.));
#7682=CARTESIAN_POINT('Ctrl Pts',(-41.5104349790291,36.2027041731977,4.));
#7683=CARTESIAN_POINT('Ctrl Pts',(-41.3346555084691,36.0754836957487,3.));
#7684=CARTESIAN_POINT('Ctrl Pts',(-41.3346555084691,36.0754836957487,4.));
#7685=CARTESIAN_POINT('Ctrl Pts',(-41.1502996474437,35.9594939119825,3.));
#7686=CARTESIAN_POINT('Ctrl Pts',(-41.1502996474437,35.9594939119825,4.));
#7687=CARTESIAN_POINT('Ctrl Pts',(-40.9615949718353,35.8527708638228,3.));
#7688=CARTESIAN_POINT('Ctrl Pts',(-40.9615949718353,35.8527708638228,4.));
#7689=CARTESIAN_POINT('Ctrl Pts',(-40.7725981386496,35.7526850626617,3.));
#7690=CARTESIAN_POINT('Ctrl Pts',(-40.7725981386496,35.7526850626617,4.));
#7691=CARTESIAN_POINT('Ctrl Pts',(-40.5867956397734,35.6562932114723,3.));
#7692=CARTESIAN_POINT('Ctrl Pts',(-40.5867956397734,35.6562932114723,4.));
#7693=CARTESIAN_POINT('Ctrl Pts',(-40.4066740188812,35.5607090983054,3.));
#7694=CARTESIAN_POINT('Ctrl Pts',(-40.4066740188812,35.5607090983054,4.));
#7695=CARTESIAN_POINT('Ctrl Pts',(-40.2333547156828,35.4634377860886,3.));
#7696=CARTESIAN_POINT('Ctrl Pts',(-40.2333547156828,35.4634377860886,4.));
#7697=CARTESIAN_POINT('Ctrl Pts',(-40.0660750749461,35.362794946715,3.));
#7698=CARTESIAN_POINT('Ctrl Pts',(-40.0660750749461,35.362794946715,4.));
#7699=CARTESIAN_POINT('Ctrl Pts',(-39.9021723277694,35.258048913823,3.));
#7700=CARTESIAN_POINT('Ctrl Pts',(-39.9021723277694,35.258048913823,4.));
#7701=CARTESIAN_POINT('Ctrl Pts',(-39.737908832687,35.1490994040553,3.));
#7702=CARTESIAN_POINT('Ctrl Pts',(-39.737908832687,35.1490994040553,4.));
#7703=CARTESIAN_POINT('Ctrl Pts',(-39.5691045699348,35.0362623798526,3.));
#7704=CARTESIAN_POINT('Ctrl Pts',(-39.5691045699348,35.0362623798526,4.));
#7705=CARTESIAN_POINT('Ctrl Pts',(-39.4272985673964,34.9432623155259,3.));
#7706=CARTESIAN_POINT('Ctrl Pts',(-39.4272985673964,34.9432623155259,4.));
#7707=CARTESIAN_POINT('Ctrl Pts',(-39.3158044708781,34.8721534448434,3.));
#7708=CARTESIAN_POINT('Ctrl Pts',(-39.3158044708781,34.8721534448434,4.));
#7709=CARTESIAN_POINT('Ctrl Pts',(-39.239013140166,34.824152292604,3.));
#7710=CARTESIAN_POINT('Ctrl Pts',(-39.239013140166,34.824152292604,4.));
#7711=CARTESIAN_POINT('Ctrl Pts',(-39.1999991238117,34.7999992221594,3.));
#7712=CARTESIAN_POINT('Ctrl Pts',(-39.1999991238117,34.7999992221594,4.));
#7713=CARTESIAN_POINT('Ctrl Pts',(-38.3642057131004,34.3012921409911,3.));
#7714=CARTESIAN_POINT('Ctrl Pts',(-38.3591946331171,34.2982494201538,3.));
#7715=CARTESIAN_POINT('Ctrl Pts',(-38.3088182224964,34.2676269377812,3.));
#7716=CARTESIAN_POINT('Ctrl Pts',(-38.2130135619334,34.2087247617555,3.));
#7717=CARTESIAN_POINT('Ctrl Pts',(-38.072223203908,34.1198590747934,3.));
#7718=CARTESIAN_POINT('Ctrl Pts',(-37.8891845425286,33.9982019265366,3.));
#7719=CARTESIAN_POINT('Ctrl Pts',(-37.6758309271689,33.8437061489378,3.));
#7720=CARTESIAN_POINT('Ctrl Pts',(-37.4754760529673,33.6835962077542,3.));
#7721=CARTESIAN_POINT('Ctrl Pts',(-37.2903872826242,33.5198290489682,3.));
#7722=CARTESIAN_POINT('Ctrl Pts',(-37.12093752216,33.3555812051707,3.));
#7723=CARTESIAN_POINT('Ctrl Pts',(-36.966054439153,33.1945673596246,3.));
#7724=CARTESIAN_POINT('Ctrl Pts',(-36.8235947015866,33.0404215494791,3.));
#7725=CARTESIAN_POINT('Ctrl Pts',(-36.690741593602,32.8960727075429,3.));
#7726=CARTESIAN_POINT('Ctrl Pts',(-36.5644040517421,32.7630810590186,3.));
#7727=CARTESIAN_POINT('Ctrl Pts',(-36.4415882254281,32.6410877772698,3.));
#7728=CARTESIAN_POINT('Ctrl Pts',(-36.3198468613918,32.5269775196633,3.));
#7729=CARTESIAN_POINT('Ctrl Pts',(-36.1974424831896,32.4150768825875,3.));
#7730=CARTESIAN_POINT('Ctrl Pts',(-36.0731885042954,32.298521122015,3.));
#7731=CARTESIAN_POINT('Ctrl Pts',(-35.9463755988191,32.1703027159552,3.));
#7732=CARTESIAN_POINT('Ctrl Pts',(-35.8166622149864,32.0244737110702,3.));
#7733=CARTESIAN_POINT('Ctrl Pts',(-35.6839833285035,31.8572257972838,3.));
#7734=CARTESIAN_POINT('Ctrl Pts',(-35.5484438917667,31.6681739892037,3.));
#7735=CARTESIAN_POINT('Ctrl Pts',(-35.4103098779024,31.4597276260027,3.));
#7736=CARTESIAN_POINT('Ctrl Pts',(-35.2700102700472,31.2362230692744,3.));
#7737=CARTESIAN_POINT('Ctrl Pts',(-35.1281352767971,31.0031411890978,3.));
#7738=CARTESIAN_POINT('Ctrl Pts',(-34.9854361817021,30.7662888259067,3.));
#7739=CARTESIAN_POINT('Ctrl Pts',(-34.8428244723472,30.5309971150442,3.));
#7740=CARTESIAN_POINT('Ctrl Pts',(-34.7013714167562,30.3013095230591,3.));
#7741=CARTESIAN_POINT('Ctrl Pts',(-34.5623072166762,30.079181199938,3.));
#7742=CARTESIAN_POINT('Ctrl Pts',(-34.4270210906901,29.8636537722193,3.));
#7743=CARTESIAN_POINT('Ctrl Pts',(-34.2969891468943,29.6518135063541,3.));
#7744=CARTESIAN_POINT('Ctrl Pts',(-34.1737011049441,29.4397670562527,3.));
#7745=CARTESIAN_POINT('Ctrl Pts',(-34.0585879147819,29.223620097778,3.));
#7746=CARTESIAN_POINT('Ctrl Pts',(-33.9529479326117,29.0004330826406,3.));
#7747=CARTESIAN_POINT('Ctrl Pts',(-33.8578761420942,28.7692369748161,3.));
#7748=CARTESIAN_POINT('Ctrl Pts',(-33.7741863299096,28.5319068302905,3.));
#7749=CARTESIAN_POINT('Ctrl Pts',(-33.7023500694173,28.294378825606,3.));
#7750=CARTESIAN_POINT('Ctrl Pts',(-33.6423825441544,28.0668053588148,3.));
#7751=CARTESIAN_POINT('Ctrl Pts',(-33.5935706350501,27.8608658605265,3.));
#7752=CARTESIAN_POINT('Ctrl Pts',(-33.5542513676441,27.6877157295762,3.));
#7753=CARTESIAN_POINT('Ctrl Pts',(-33.5215270108588,27.5554735080633,3.));
#7754=CARTESIAN_POINT('Ctrl Pts',(-33.4911062184595,27.467383730424,3.));
#7755=CARTESIAN_POINT('Ctrl Pts',(-33.4568517009646,27.4185363970082,3.));
#7756=CARTESIAN_POINT('Ctrl Pts',(-33.4112246021497,27.3968741310982,3.));
#7757=CARTESIAN_POINT('Ctrl Pts',(-33.3477238173961,27.3930279885482,3.));
#7758=CARTESIAN_POINT('Ctrl Pts',(-33.2630961178047,27.4099732268044,3.));
#7759=CARTESIAN_POINT('Ctrl Pts',(-33.1576367073777,27.4568828844717,3.));
#7760=CARTESIAN_POINT('Ctrl Pts',(-33.0350153811941,27.5414342804535,3.));
#7761=CARTESIAN_POINT('Ctrl Pts',(-32.9025599248301,27.660936975155,3.));
#7762=CARTESIAN_POINT('Ctrl Pts',(-32.7702039250936,27.8010713487021,3.));
#7763=CARTESIAN_POINT('Ctrl Pts',(-32.6484268811249,27.941423219546,3.));
#7764=CARTESIAN_POINT('Ctrl Pts',(-32.5464275710546,28.059032049302,3.));
#7765=CARTESIAN_POINT('Ctrl Pts',(-32.4703106691065,28.1328243087247,3.));
#7766=CARTESIAN_POINT('Ctrl Pts',(-32.42101040605,28.1474816547163,3.));
#7767=CARTESIAN_POINT('Ctrl Pts',(-32.3930702210157,28.0986606458355,3.));
#7768=CARTESIAN_POINT('Ctrl Pts',(-32.3737423758375,28.0063524587853,3.));
#7769=CARTESIAN_POINT('Ctrl Pts',(-32.3440292133224,27.9182686227459,3.));
#7770=CARTESIAN_POINT('Ctrl Pts',(-32.2874903566712,27.8799812177676,3.));
#7771=CARTESIAN_POINT('Ctrl Pts',(-32.1997861053154,27.9037118007629,3.));
#7772=CARTESIAN_POINT('Ctrl Pts',(-32.0926692506984,27.954306573298,3.));
#7773=CARTESIAN_POINT('Ctrl Pts',(-31.9825972363589,27.9839146394624,3.));
#7774=CARTESIAN_POINT('Ctrl Pts',(-31.882861927634,27.9555788295291,3.));
#7775=CARTESIAN_POINT('Ctrl Pts',(-31.793157125061,27.8747088481163,3.));
#7776=CARTESIAN_POINT('Ctrl Pts',(-31.7048387667798,27.7736739546767,3.));
#7777=CARTESIAN_POINT('Ctrl Pts',(-31.6079068698662,27.691329988594,3.));
#7778=CARTESIAN_POINT('Ctrl Pts',(-31.4971945418266,27.6548419026745,3.));
#7779=CARTESIAN_POINT('Ctrl Pts',(-31.379393402639,27.6591469244608,3.));
#7780=CARTESIAN_POINT('Ctrl Pts',(-31.2668714729696,27.6832882436482,3.));
#7781=CARTESIAN_POINT('Ctrl Pts',(-31.1716474309074,27.7063707450986,3.));
#7782=CARTESIAN_POINT('Ctrl Pts',(-31.0979955781421,27.7271878945615,3.));
#7783=CARTESIAN_POINT('Ctrl Pts',(-31.0395796372446,27.7716470405219,3.));
#7784=CARTESIAN_POINT('Ctrl Pts',(-30.9886360207317,27.8674333407363,3.));
#7785=CARTESIAN_POINT('Ctrl Pts',(-30.9443898632941,28.0210643404797,3.));
#7786=CARTESIAN_POINT('Ctrl Pts',(-30.9179447066386,28.2036094916244,3.));
#7787=CARTESIAN_POINT('Ctrl Pts',(-30.9229580309385,28.372930254246,3.));
#7788=CARTESIAN_POINT('Ctrl Pts',(-30.9678579795701,28.4911892199329,3.));
#7789=CARTESIAN_POINT('Ctrl Pts',(-31.049343758129,28.5409466106353,3.));
#7790=CARTESIAN_POINT('Ctrl Pts',(-31.1406518628972,28.550000279295,3.));
#7791=CARTESIAN_POINT('Ctrl Pts',(-31.2048315837368,28.5725349501025,3.));
#7792=CARTESIAN_POINT('Ctrl Pts',(-31.2176916343829,28.6520453148233,3.));
#7793=CARTESIAN_POINT('Ctrl Pts',(-31.1936894589963,28.7817259069331,3.));
#7794=CARTESIAN_POINT('Ctrl Pts',(-31.1719229847711,28.9194552949944,3.));
#7795=CARTESIAN_POINT('Ctrl Pts',(-31.1902070889878,29.0197132902633,3.));
#7796=CARTESIAN_POINT('Ctrl Pts',(-31.261846571553,29.0612872816822,3.));
#7797=CARTESIAN_POINT('Ctrl Pts',(-31.3549233287861,29.0725129614441,3.));
#7798=CARTESIAN_POINT('Ctrl Pts',(-31.4221423651785,29.0979606902336,3.));
#7799=CARTESIAN_POINT('Ctrl Pts',(-31.4302365677712,29.1655770094992,3.));
#7800=CARTESIAN_POINT('Ctrl Pts',(-31.381908142075,29.2628135266299,3.));
#7801=CARTESIAN_POINT('Ctrl Pts',(-31.29662394949,29.3620116479546,3.));
#7802=CARTESIAN_POINT('Ctrl Pts',(-31.1967745712785,29.4394830138707,3.));
#7803=CARTESIAN_POINT('Ctrl Pts',(-31.0927070759386,29.4956074969025,3.));
#7804=CARTESIAN_POINT('Ctrl Pts',(-30.9888367280264,29.5437525127126,3.));
#7805=CARTESIAN_POINT('Ctrl Pts',(-30.8882080770379,29.6013843503396,3.));
#7806=CARTESIAN_POINT('Ctrl Pts',(-30.7979414393042,29.6799145831295,3.));
#7807=CARTESIAN_POINT('Ctrl Pts',(-30.7334881778592,29.776265450885,3.));
#7808=CARTESIAN_POINT('Ctrl Pts',(-30.711333517023,29.8797326317563,3.));
#7809=CARTESIAN_POINT('Ctrl Pts',(-30.7433431572461,29.9772025754522,3.));
#7810=CARTESIAN_POINT('Ctrl Pts',(-30.8287885846362,30.0600973512873,3.));
#7811=CARTESIAN_POINT('Ctrl Pts',(-30.9545214134123,30.1259347630976,3.));
#7812=CARTESIAN_POINT('Ctrl Pts',(-31.1014960050783,30.1758595992026,3.));
#7813=CARTESIAN_POINT('Ctrl Pts',(-31.24921857933,30.2134058718343,3.));
#7814=CARTESIAN_POINT('Ctrl Pts',(-31.3816158030512,30.2425726925926,3.));
#7815=CARTESIAN_POINT('Ctrl Pts',(-31.4904583583553,30.2667939200569,3.));
#7816=CARTESIAN_POINT('Ctrl Pts',(-31.5745863513443,30.289403187488,3.));
#7817=CARTESIAN_POINT('Ctrl Pts',(-31.6396226118019,30.3137346692741,3.));
#7818=CARTESIAN_POINT('Ctrl Pts',(-31.6982689986622,30.3435422039633,3.));
#7819=CARTESIAN_POINT('Ctrl Pts',(-31.767105444327,30.3825486835737,3.));
#7820=CARTESIAN_POINT('Ctrl Pts',(-31.8613305833091,30.4335534999417,3.));
#7821=CARTESIAN_POINT('Ctrl Pts',(-31.9891097693803,30.4974595549573,3.));
#7822=CARTESIAN_POINT('Ctrl Pts',(-32.1513611740327,30.573422756013,3.));
#7823=CARTESIAN_POINT('Ctrl Pts',(-32.3441484529228,30.6595424065835,3.));
#7824=CARTESIAN_POINT('Ctrl Pts',(-32.5601954834929,30.7533644426914,3.));
#7825=CARTESIAN_POINT('Ctrl Pts',(-32.7908245289316,30.8524856385584,3.));
#7826=CARTESIAN_POINT('Ctrl Pts',(-33.0275780427839,30.9550609869591,3.));
#7827=CARTESIAN_POINT('Ctrl Pts',(-33.2643103193325,31.060485711703,3.));
#7828=CARTESIAN_POINT('Ctrl Pts',(-33.4976819847117,31.1694466182837,3.));
#7829=CARTESIAN_POINT('Ctrl Pts',(-33.7263434129691,31.2834484341837,3.));
#7830=CARTESIAN_POINT('Ctrl Pts',(-33.9504899539233,31.4044902221423,3.));
#7831=CARTESIAN_POINT('Ctrl Pts',(-34.1712604407896,31.5346767084222,3.));
#7832=CARTESIAN_POINT('Ctrl Pts',(-34.3902133601296,31.6758658244511,3.));
#7833=CARTESIAN_POINT('Ctrl Pts',(-34.6087457353627,31.8292813902273,3.));
#7834=CARTESIAN_POINT('Ctrl Pts',(-34.8275927667828,31.9951857636942,3.));
#7835=CARTESIAN_POINT('Ctrl Pts',(-35.0461522009486,32.1724137440797,3.));
#7836=CARTESIAN_POINT('Ctrl Pts',(-35.2625107111196,32.3584694004598,3.));
#7837=CARTESIAN_POINT('Ctrl Pts',(-35.4739624875787,32.5500187008883,3.));
#7838=CARTESIAN_POINT('Ctrl Pts',(-35.6773809551099,32.7432637954878,3.));
#7839=CARTESIAN_POINT('Ctrl Pts',(-35.8696547760153,32.9343694045715,3.));
#7840=CARTESIAN_POINT('Ctrl Pts',(-36.0480874579574,33.1198589786999,3.));
#7841=CARTESIAN_POINT('Ctrl Pts',(-36.2108331520515,33.2970421653417,3.));
#7842=CARTESIAN_POINT('Ctrl Pts',(-36.3572692166319,33.4643863103959,3.));
#7843=CARTESIAN_POINT('Ctrl Pts',(-36.4885126017918,33.6220160160708,3.));
#7844=CARTESIAN_POINT('Ctrl Pts',(-36.607470362083,33.7717976044898,3.));
#7845=CARTESIAN_POINT('Ctrl Pts',(-36.7180948136276,33.9167164450319,3.));
#7846=CARTESIAN_POINT('Ctrl Pts',(-36.8248298102012,34.060422200857,3.));
#7847=CARTESIAN_POINT('Ctrl Pts',(-36.931959437293,34.2066924928072,3.));
#7848=CARTESIAN_POINT('Ctrl Pts',(-37.043046431312,34.3589641838037,3.));
#7849=CARTESIAN_POINT('Ctrl Pts',(-37.1602149581074,34.5197558857794,3.));
#7850=CARTESIAN_POINT('Ctrl Pts',(-37.2839115519491,34.6904174432118,3.));
#7851=CARTESIAN_POINT('Ctrl Pts',(-37.4134043812731,34.8713827626328,3.));
#7852=CARTESIAN_POINT('Ctrl Pts',(-37.5471123803478,35.0623056874336,3.));
#7853=CARTESIAN_POINT('Ctrl Pts',(-37.682997177631,35.262241286758,3.));
#7854=CARTESIAN_POINT('Ctrl Pts',(-37.792153952208,35.4289107008335,3.));
#7855=CARTESIAN_POINT('Ctrl Pts',(-37.8733110270218,35.5567865611423,3.));
#7856=CARTESIAN_POINT('Ctrl Pts',(-37.9270318880941,35.6432248731395,3.));
#7857=CARTESIAN_POINT('Ctrl Pts',(-37.9539461688957,35.6869793153096,3.));
#7858=CARTESIAN_POINT('Ctrl Pts',(-37.9543380774473,35.6876165351407,3.));
#7859=CARTESIAN_POINT('',(-39.1999991238117,34.7999992221594,4.));
#7860=CARTESIAN_POINT('',(-39.1999991238117,34.7999992221594,3.));
#7861=CARTESIAN_POINT('Ctrl Pts',(-39.1999991238117,34.7999992221594,4.));
#7862=CARTESIAN_POINT('Ctrl Pts',(-39.1609851074575,34.7758461517147,4.));
#7863=CARTESIAN_POINT('Ctrl Pts',(-39.0817203727527,34.7272350221755,4.));
#7864=CARTESIAN_POINT('Ctrl Pts',(-38.9590959581592,34.6533812535474,4.));
#7865=CARTESIAN_POINT('Ctrl Pts',(-38.7885374679641,34.5528324989372,4.));
#7866=CARTESIAN_POINT('Ctrl Pts',(-38.5663493299399,34.4228355608926,4.));
#7867=CARTESIAN_POINT('Ctrl Pts',(-38.3391993776483,34.2875670294548,4.));
#7868=CARTESIAN_POINT('Ctrl Pts',(-38.1118337821883,34.1461863542767,4.));
#7869=CARTESIAN_POINT('Ctrl Pts',(-37.8891845425286,33.9982019265366,4.));
#7870=CARTESIAN_POINT('Ctrl Pts',(-37.6758309271689,33.8437061489378,4.));
#7871=CARTESIAN_POINT('Ctrl Pts',(-37.4754760529673,33.6835962077542,4.));
#7872=CARTESIAN_POINT('Ctrl Pts',(-37.2903872826242,33.5198290489682,4.));
#7873=CARTESIAN_POINT('Ctrl Pts',(-37.12093752216,33.3555812051707,4.));
#7874=CARTESIAN_POINT('Ctrl Pts',(-36.966054439153,33.1945673596246,4.));
#7875=CARTESIAN_POINT('Ctrl Pts',(-36.8235947015866,33.0404215494791,4.));
#7876=CARTESIAN_POINT('Ctrl Pts',(-36.690741593602,32.8960727075429,4.));
#7877=CARTESIAN_POINT('Ctrl Pts',(-36.5644040517421,32.7630810590186,4.));
#7878=CARTESIAN_POINT('Ctrl Pts',(-36.4415882254281,32.6410877772698,4.));
#7879=CARTESIAN_POINT('Ctrl Pts',(-36.3198468613918,32.5269775196633,4.));
#7880=CARTESIAN_POINT('Ctrl Pts',(-36.1974424831896,32.4150768825875,4.));
#7881=CARTESIAN_POINT('Ctrl Pts',(-36.0731885042954,32.298521122015,4.));
#7882=CARTESIAN_POINT('Ctrl Pts',(-35.9463755988191,32.1703027159552,4.));
#7883=CARTESIAN_POINT('Ctrl Pts',(-35.8166622149864,32.0244737110702,4.));
#7884=CARTESIAN_POINT('Ctrl Pts',(-35.6839833285035,31.8572257972838,4.));
#7885=CARTESIAN_POINT('Ctrl Pts',(-35.5484438917667,31.6681739892037,4.));
#7886=CARTESIAN_POINT('Ctrl Pts',(-35.4103098779024,31.4597276260027,4.));
#7887=CARTESIAN_POINT('Ctrl Pts',(-35.2700102700472,31.2362230692744,4.));
#7888=CARTESIAN_POINT('Ctrl Pts',(-35.1281352767971,31.0031411890978,4.));
#7889=CARTESIAN_POINT('Ctrl Pts',(-34.9854361817021,30.7662888259067,4.));
#7890=CARTESIAN_POINT('Ctrl Pts',(-34.8428244723472,30.5309971150442,4.));
#7891=CARTESIAN_POINT('Ctrl Pts',(-34.7013714167562,30.3013095230591,4.));
#7892=CARTESIAN_POINT('Ctrl Pts',(-34.5623072166762,30.079181199938,4.));
#7893=CARTESIAN_POINT('Ctrl Pts',(-34.4270210906901,29.8636537722193,4.));
#7894=CARTESIAN_POINT('Ctrl Pts',(-34.2969891468943,29.6518135063541,4.));
#7895=CARTESIAN_POINT('Ctrl Pts',(-34.1737011049441,29.4397670562527,4.));
#7896=CARTESIAN_POINT('Ctrl Pts',(-34.0585879147819,29.223620097778,4.));
#7897=CARTESIAN_POINT('Ctrl Pts',(-33.9529479326117,29.0004330826406,4.));
#7898=CARTESIAN_POINT('Ctrl Pts',(-33.8578761420942,28.7692369748161,4.));
#7899=CARTESIAN_POINT('Ctrl Pts',(-33.7741863299096,28.5319068302905,4.));
#7900=CARTESIAN_POINT('Ctrl Pts',(-33.7023500694173,28.294378825606,4.));
#7901=CARTESIAN_POINT('Ctrl Pts',(-33.6423825441544,28.0668053588148,4.));
#7902=CARTESIAN_POINT('Ctrl Pts',(-33.5935706350501,27.8608658605265,4.));
#7903=CARTESIAN_POINT('Ctrl Pts',(-33.5542513676441,27.6877157295762,4.));
#7904=CARTESIAN_POINT('Ctrl Pts',(-33.5215270108588,27.5554735080633,4.));
#7905=CARTESIAN_POINT('Ctrl Pts',(-33.4911062184595,27.467383730424,4.));
#7906=CARTESIAN_POINT('Ctrl Pts',(-33.4568517009646,27.4185363970082,4.));
#7907=CARTESIAN_POINT('Ctrl Pts',(-33.4112246021497,27.3968741310982,4.));
#7908=CARTESIAN_POINT('Ctrl Pts',(-33.3477238173961,27.3930279885482,4.));
#7909=CARTESIAN_POINT('Ctrl Pts',(-33.2630961178047,27.4099732268044,4.));
#7910=CARTESIAN_POINT('Ctrl Pts',(-33.1576367073777,27.4568828844717,4.));
#7911=CARTESIAN_POINT('Ctrl Pts',(-33.0350153811941,27.5414342804535,4.));
#7912=CARTESIAN_POINT('Ctrl Pts',(-32.9025599248301,27.660936975155,4.));
#7913=CARTESIAN_POINT('Ctrl Pts',(-32.7702039250936,27.8010713487021,4.));
#7914=CARTESIAN_POINT('Ctrl Pts',(-32.6484268811249,27.941423219546,4.));
#7915=CARTESIAN_POINT('Ctrl Pts',(-32.5464275710546,28.059032049302,4.));
#7916=CARTESIAN_POINT('Ctrl Pts',(-32.4703106691065,28.1328243087247,4.));
#7917=CARTESIAN_POINT('Ctrl Pts',(-32.42101040605,28.1474816547163,4.));
#7918=CARTESIAN_POINT('Ctrl Pts',(-32.3930702210157,28.0986606458355,4.));
#7919=CARTESIAN_POINT('Ctrl Pts',(-32.3737423758375,28.0063524587853,4.));
#7920=CARTESIAN_POINT('Ctrl Pts',(-32.3440292133224,27.9182686227459,4.));
#7921=CARTESIAN_POINT('Ctrl Pts',(-32.2874903566712,27.8799812177676,4.));
#7922=CARTESIAN_POINT('Ctrl Pts',(-32.1997861053154,27.9037118007629,4.));
#7923=CARTESIAN_POINT('Ctrl Pts',(-32.0926692506984,27.954306573298,4.));
#7924=CARTESIAN_POINT('Ctrl Pts',(-31.9825972363589,27.9839146394624,4.));
#7925=CARTESIAN_POINT('Ctrl Pts',(-31.882861927634,27.9555788295291,4.));
#7926=CARTESIAN_POINT('Ctrl Pts',(-31.793157125061,27.8747088481163,4.));
#7927=CARTESIAN_POINT('Ctrl Pts',(-31.7048387667798,27.7736739546767,4.));
#7928=CARTESIAN_POINT('Ctrl Pts',(-31.6079068698662,27.691329988594,4.));
#7929=CARTESIAN_POINT('Ctrl Pts',(-31.4971945418266,27.6548419026745,4.));
#7930=CARTESIAN_POINT('Ctrl Pts',(-31.379393402639,27.6591469244608,4.));
#7931=CARTESIAN_POINT('Ctrl Pts',(-31.2668714729696,27.6832882436482,4.));
#7932=CARTESIAN_POINT('Ctrl Pts',(-31.1716474309074,27.7063707450986,4.));
#7933=CARTESIAN_POINT('Ctrl Pts',(-31.0979955781421,27.7271878945615,4.));
#7934=CARTESIAN_POINT('Ctrl Pts',(-31.0395796372446,27.7716470405219,4.));
#7935=CARTESIAN_POINT('Ctrl Pts',(-30.9886360207317,27.8674333407363,4.));
#7936=CARTESIAN_POINT('Ctrl Pts',(-30.9443898632941,28.0210643404797,4.));
#7937=CARTESIAN_POINT('Ctrl Pts',(-30.9179447066386,28.2036094916244,4.));
#7938=CARTESIAN_POINT('Ctrl Pts',(-30.9229580309385,28.372930254246,4.));
#7939=CARTESIAN_POINT('Ctrl Pts',(-30.9678579795701,28.4911892199329,4.));
#7940=CARTESIAN_POINT('Ctrl Pts',(-31.049343758129,28.5409466106353,4.));
#7941=CARTESIAN_POINT('Ctrl Pts',(-31.1406518628972,28.550000279295,4.));
#7942=CARTESIAN_POINT('Ctrl Pts',(-31.2048315837368,28.5725349501025,4.));
#7943=CARTESIAN_POINT('Ctrl Pts',(-31.2176916343829,28.6520453148233,4.));
#7944=CARTESIAN_POINT('Ctrl Pts',(-31.1936894589963,28.7817259069331,4.));
#7945=CARTESIAN_POINT('Ctrl Pts',(-31.1719229847711,28.9194552949944,4.));
#7946=CARTESIAN_POINT('Ctrl Pts',(-31.1902070889878,29.0197132902633,4.));
#7947=CARTESIAN_POINT('Ctrl Pts',(-31.261846571553,29.0612872816822,4.));
#7948=CARTESIAN_POINT('Ctrl Pts',(-31.3549233287861,29.0725129614441,4.));
#7949=CARTESIAN_POINT('Ctrl Pts',(-31.4221423651785,29.0979606902336,4.));
#7950=CARTESIAN_POINT('Ctrl Pts',(-31.4302365677712,29.1655770094992,4.));
#7951=CARTESIAN_POINT('Ctrl Pts',(-31.381908142075,29.2628135266299,4.));
#7952=CARTESIAN_POINT('Ctrl Pts',(-31.29662394949,29.3620116479546,4.));
#7953=CARTESIAN_POINT('Ctrl Pts',(-31.1967745712785,29.4394830138707,4.));
#7954=CARTESIAN_POINT('Ctrl Pts',(-31.0927070759386,29.4956074969025,4.));
#7955=CARTESIAN_POINT('Ctrl Pts',(-30.9888367280264,29.5437525127126,4.));
#7956=CARTESIAN_POINT('Ctrl Pts',(-30.8882080770379,29.6013843503396,4.));
#7957=CARTESIAN_POINT('Ctrl Pts',(-30.7979414393042,29.6799145831295,4.));
#7958=CARTESIAN_POINT('Ctrl Pts',(-30.7334881778592,29.776265450885,4.));
#7959=CARTESIAN_POINT('Ctrl Pts',(-30.711333517023,29.8797326317563,4.));
#7960=CARTESIAN_POINT('Ctrl Pts',(-30.7433431572461,29.9772025754522,4.));
#7961=CARTESIAN_POINT('Ctrl Pts',(-30.8287885846362,30.0600973512873,4.));
#7962=CARTESIAN_POINT('Ctrl Pts',(-30.9545214134123,30.1259347630976,4.));
#7963=CARTESIAN_POINT('Ctrl Pts',(-31.1014960050783,30.1758595992026,4.));
#7964=CARTESIAN_POINT('Ctrl Pts',(-31.24921857933,30.2134058718343,4.));
#7965=CARTESIAN_POINT('Ctrl Pts',(-31.3816158030512,30.2425726925926,4.));
#7966=CARTESIAN_POINT('Ctrl Pts',(-31.4904583583553,30.2667939200569,4.));
#7967=CARTESIAN_POINT('Ctrl Pts',(-31.5745863513443,30.289403187488,4.));
#7968=CARTESIAN_POINT('Ctrl Pts',(-31.6396226118019,30.3137346692741,4.));
#7969=CARTESIAN_POINT('Ctrl Pts',(-31.6982689986622,30.3435422039633,4.));
#7970=CARTESIAN_POINT('Ctrl Pts',(-31.767105444327,30.3825486835737,4.));
#7971=CARTESIAN_POINT('Ctrl Pts',(-31.8613305833091,30.4335534999417,4.));
#7972=CARTESIAN_POINT('Ctrl Pts',(-31.9891097693803,30.4974595549573,4.));
#7973=CARTESIAN_POINT('Ctrl Pts',(-32.1513611740327,30.573422756013,4.));
#7974=CARTESIAN_POINT('Ctrl Pts',(-32.3441484529228,30.6595424065835,4.));
#7975=CARTESIAN_POINT('Ctrl Pts',(-32.5601954834929,30.7533644426914,4.));
#7976=CARTESIAN_POINT('Ctrl Pts',(-32.7908245289316,30.8524856385584,4.));
#7977=CARTESIAN_POINT('Ctrl Pts',(-33.0275780427839,30.9550609869591,4.));
#7978=CARTESIAN_POINT('Ctrl Pts',(-33.2643103193325,31.060485711703,4.));
#7979=CARTESIAN_POINT('Ctrl Pts',(-33.4976819847117,31.1694466182837,4.));
#7980=CARTESIAN_POINT('Ctrl Pts',(-33.7263434129691,31.2834484341837,4.));
#7981=CARTESIAN_POINT('Ctrl Pts',(-33.9504899539233,31.4044902221423,4.));
#7982=CARTESIAN_POINT('Ctrl Pts',(-34.1712604407896,31.5346767084222,4.));
#7983=CARTESIAN_POINT('Ctrl Pts',(-34.3902133601296,31.6758658244511,4.));
#7984=CARTESIAN_POINT('Ctrl Pts',(-34.6087457353627,31.8292813902273,4.));
#7985=CARTESIAN_POINT('Ctrl Pts',(-34.8275927667828,31.9951857636942,4.));
#7986=CARTESIAN_POINT('Ctrl Pts',(-35.0461522009486,32.1724137440797,4.));
#7987=CARTESIAN_POINT('Ctrl Pts',(-35.2625107111196,32.3584694004598,4.));
#7988=CARTESIAN_POINT('Ctrl Pts',(-35.4739624875787,32.5500187008883,4.));
#7989=CARTESIAN_POINT('Ctrl Pts',(-35.6773809551099,32.7432637954878,4.));
#7990=CARTESIAN_POINT('Ctrl Pts',(-35.8696547760153,32.9343694045715,4.));
#7991=CARTESIAN_POINT('Ctrl Pts',(-36.0480874579574,33.1198589786999,4.));
#7992=CARTESIAN_POINT('Ctrl Pts',(-36.2108331520515,33.2970421653417,4.));
#7993=CARTESIAN_POINT('Ctrl Pts',(-36.3572692166319,33.4643863103959,4.));
#7994=CARTESIAN_POINT('Ctrl Pts',(-36.4885126017918,33.6220160160708,4.));
#7995=CARTESIAN_POINT('Ctrl Pts',(-36.607470362083,33.7717976044898,4.));
#7996=CARTESIAN_POINT('Ctrl Pts',(-36.7180948136276,33.9167164450319,4.));
#7997=CARTESIAN_POINT('Ctrl Pts',(-36.8248298102012,34.060422200857,4.));
#7998=CARTESIAN_POINT('Ctrl Pts',(-36.931959437293,34.2066924928072,4.));
#7999=CARTESIAN_POINT('Ctrl Pts',(-37.043046431312,34.3589641838037,4.));
#8000=CARTESIAN_POINT('Ctrl Pts',(-37.1602149581074,34.5197558857794,4.));
#8001=CARTESIAN_POINT('Ctrl Pts',(-37.2839115519491,34.6904174432118,4.));
#8002=CARTESIAN_POINT('Ctrl Pts',(-37.4134043812731,34.8713827626328,4.));
#8003=CARTESIAN_POINT('Ctrl Pts',(-37.5471123803478,35.0623056874336,4.));
#8004=CARTESIAN_POINT('Ctrl Pts',(-37.682997177631,35.262241286758,4.));
#8005=CARTESIAN_POINT('Ctrl Pts',(-37.8189409122571,35.4698112033773,4.));
#8006=CARTESIAN_POINT('Ctrl Pts',(-37.9531001532281,35.6833673981827,4.));
#8007=CARTESIAN_POINT('Ctrl Pts',(-38.0843431700706,35.9011769649795,4.));
#8008=CARTESIAN_POINT('Ctrl Pts',(-38.2123943000604,36.1215259241139,4.));
#8009=CARTESIAN_POINT('Ctrl Pts',(-38.3375105963842,36.34269195914,4.));
#8010=CARTESIAN_POINT('Ctrl Pts',(-38.4602699900687,36.5629481774437,4.));
#8011=CARTESIAN_POINT('Ctrl Pts',(-38.5813109510453,36.7805539378377,4.));
#8012=CARTESIAN_POINT('Ctrl Pts',(-38.701101176752,36.9937521654447,4.));
#8013=CARTESIAN_POINT('Ctrl Pts',(-38.8196745915512,37.2007616482358,4.));
#8014=CARTESIAN_POINT('Ctrl Pts',(-38.9364269578366,37.3997767122634,4.));
#8015=CARTESIAN_POINT('Ctrl Pts',(-39.0497702680043,37.5889502932765,4.));
#8016=CARTESIAN_POINT('Ctrl Pts',(-39.157556356531,37.7664657294103,4.));
#8017=CARTESIAN_POINT('Ctrl Pts',(-39.2577944314839,37.9306413626502,4.));
#8018=CARTESIAN_POINT('Ctrl Pts',(-39.3492466056869,38.0800232015025,4.));
#8019=CARTESIAN_POINT('Ctrl Pts',(-39.4321315543717,38.2134853006157,4.));
#8020=CARTESIAN_POINT('Ctrl Pts',(-39.5086487937438,38.3303206016025,4.));
#8021=CARTESIAN_POINT('Ctrl Pts',(-39.5839214097443,38.4303517092899,4.));
#8022=CARTESIAN_POINT('Ctrl Pts',(-39.6648425687955,38.5139547115164,4.));
#8023=CARTESIAN_POINT('Ctrl Pts',(-39.7578593455987,38.5820639608879,4.));
#8024=CARTESIAN_POINT('Ctrl Pts',(-39.8673283647545,38.6361505485649,4.));
#8025=CARTESIAN_POINT('Ctrl Pts',(-39.9930739697914,38.6782900021548,4.));
#8026=CARTESIAN_POINT('Ctrl Pts',(-40.131024097098,38.7108061065127,4.));
#8027=CARTESIAN_POINT('Ctrl Pts',(-40.2755564103318,38.7356594851893,4.));
#8028=CARTESIAN_POINT('Ctrl Pts',(-40.4212501282621,38.7539413131904,4.));
#8029=CARTESIAN_POINT('Ctrl Pts',(-40.5650423825933,38.7652635688849,4.));
#8030=CARTESIAN_POINT('Ctrl Pts',(-40.7077496180721,38.7673673566709,4.));
#8031=CARTESIAN_POINT('Ctrl Pts',(-40.8522458495688,38.756991876799,4.));
#8032=CARTESIAN_POINT('Ctrl Pts',(-41.0019339844744,38.7306344929758,4.));
#8033=CARTESIAN_POINT('Ctrl Pts',(-41.1592306519355,38.6852959476372,4.));
#8034=CARTESIAN_POINT('Ctrl Pts',(-41.3237456270567,38.619367099218,4.));
#8035=CARTESIAN_POINT('Ctrl Pts',(-41.4916346704091,38.5329847038758,4.));
#8036=CARTESIAN_POINT('Ctrl Pts',(-41.6569565831819,38.4274843908021,4.));
#8037=CARTESIAN_POINT('Ctrl Pts',(-41.8125494908416,38.3050693011068,4.));
#8038=CARTESIAN_POINT('Ctrl Pts',(-41.9511370178303,38.1683773099667,4.));
#8039=CARTESIAN_POINT('Ctrl Pts',(-42.0662518025798,38.0201257219214,4.));
#8040=CARTESIAN_POINT('Ctrl Pts',(-42.1534472000822,37.8626381450206,4.));
#8041=CARTESIAN_POINT('Ctrl Pts',(-42.2105011914917,37.6977783778453,4.));
#8042=CARTESIAN_POINT('Ctrl Pts',(-42.2368175767292,37.5272061541494,4.));
#8043=CARTESIAN_POINT('Ctrl Pts',(-42.2330510405067,37.3525454988314,4.));
#8044=CARTESIAN_POINT('Ctrl Pts',(-42.2006500857844,37.1755801833412,4.));
#8045=CARTESIAN_POINT('Ctrl Pts',(-42.1414127612061,36.9984583017934,4.));
#8046=CARTESIAN_POINT('Ctrl Pts',(-42.057103305344,36.8238320865415,4.));
#8047=CARTESIAN_POINT('Ctrl Pts',(-41.9496002043412,36.6545142074321,4.));
#8048=CARTESIAN_POINT('Ctrl Pts',(-41.8209859348005,36.4931857278497,4.));
#8049=CARTESIAN_POINT('Ctrl Pts',(-41.6736583058527,36.3420854783792,4.));
#8050=CARTESIAN_POINT('Ctrl Pts',(-41.5104349790291,36.2027041731977,4.));
#8051=CARTESIAN_POINT('Ctrl Pts',(-41.3346555084691,36.0754836957487,4.));
#8052=CARTESIAN_POINT('Ctrl Pts',(-41.1502996474437,35.9594939119825,4.));
#8053=CARTESIAN_POINT('Ctrl Pts',(-40.9615949718353,35.8527708638228,4.));
#8054=CARTESIAN_POINT('Ctrl Pts',(-40.7725981386496,35.7526850626617,4.));
#8055=CARTESIAN_POINT('Ctrl Pts',(-40.5867956397734,35.6562932114723,4.));
#8056=CARTESIAN_POINT('Ctrl Pts',(-40.4066740188812,35.5607090983054,4.));
#8057=CARTESIAN_POINT('Ctrl Pts',(-40.2333547156828,35.4634377860886,4.));
#8058=CARTESIAN_POINT('Ctrl Pts',(-40.0660750749461,35.362794946715,4.));
#8059=CARTESIAN_POINT('Ctrl Pts',(-39.9021723277694,35.258048913823,4.));
#8060=CARTESIAN_POINT('Ctrl Pts',(-39.737908832687,35.1490994040553,4.));
#8061=CARTESIAN_POINT('Ctrl Pts',(-39.5691045699348,35.0362623798526,4.));
#8062=CARTESIAN_POINT('Ctrl Pts',(-39.4272985673964,34.9432623155259,4.));
#8063=CARTESIAN_POINT('Ctrl Pts',(-39.3158044708781,34.8721534448434,4.));
#8064=CARTESIAN_POINT('Ctrl Pts',(-39.239013140166,34.824152292604,4.));
#8065=CARTESIAN_POINT('Ctrl Pts',(-39.1999991238117,34.7999992221594,4.));
#8066=CARTESIAN_POINT('Origin',(-36.4740755468761,33.0801976726095,4.));
#8067=CARTESIAN_POINT('Origin',(-36.4740755468761,33.0801976726095,3.));
#8068=CARTESIAN_POINT('',(-38.3642057130967,35.6876165351407,3.));
#8069=CARTESIAN_POINT('',(-12.5335745550998,35.6876165351407,3.));
#8070=CARTESIAN_POINT('',(-38.3642057132962,-38.0478349928499,3.));
#8071=CARTESIAN_POINT('Ctrl Pts',(-36.0999991931021,34.7999992221594,3.));
#8072=CARTESIAN_POINT('Ctrl Pts',(-36.0999991931021,34.7999992221594,4.));
#8073=CARTESIAN_POINT('Ctrl Pts',(-36.0867913740108,34.7769234711783,3.));
#8074=CARTESIAN_POINT('Ctrl Pts',(-36.0867913740108,34.7769234711783,4.));
#8075=CARTESIAN_POINT('Ctrl Pts',(-36.0596895625538,34.7302059487223,3.));
#8076=CARTESIAN_POINT('Ctrl Pts',(-36.0596895625538,34.7302059487223,4.));
#8077=CARTESIAN_POINT('Ctrl Pts',(-36.0165081533113,34.6585017963807,3.));
#8078=CARTESIAN_POINT('Ctrl Pts',(-36.0165081533113,34.6585017963807,4.));
#8079=CARTESIAN_POINT('Ctrl Pts',(-35.9523816790027,34.5610880728485,3.));
#8080=CARTESIAN_POINT('Ctrl Pts',(-35.9523816790027,34.5610880728485,4.));
#8081=CARTESIAN_POINT('Ctrl Pts',(-35.8599844183009,34.4437124161947,3.));
#8082=CARTESIAN_POINT('Ctrl Pts',(-35.8599844183009,34.4437124161947,4.));
#8083=CARTESIAN_POINT('Ctrl Pts',(-35.7570344928755,34.3397635701514,3.));
#8084=CARTESIAN_POINT('Ctrl Pts',(-35.7570344928755,34.3397635701514,4.));
#8085=CARTESIAN_POINT('Ctrl Pts',(-35.648542599581,34.2579869925449,3.));
#8086=CARTESIAN_POINT('Ctrl Pts',(-35.648542599581,34.2579869925449,4.));
#8087=CARTESIAN_POINT('Ctrl Pts',(-35.5438562453647,34.2043594304193,3.));
#8088=CARTESIAN_POINT('Ctrl Pts',(-35.5438562453647,34.2043594304193,4.));
#8089=CARTESIAN_POINT('Ctrl Pts',(-35.455179409457,34.1816063991888,3.));
#8090=CARTESIAN_POINT('Ctrl Pts',(-35.455179409457,34.1816063991888,4.));
#8091=CARTESIAN_POINT('Ctrl Pts',(-35.3932592331794,34.1909646830933,3.));
#8092=CARTESIAN_POINT('Ctrl Pts',(-35.3932592331794,34.1909646830933,4.));
#8093=CARTESIAN_POINT('Ctrl Pts',(-35.363898488354,34.2333122593573,3.));
#8094=CARTESIAN_POINT('Ctrl Pts',(-35.363898488354,34.2333122593573,4.));
#8095=CARTESIAN_POINT('Ctrl Pts',(-35.3639243906698,34.3106489975006,3.));
#8096=CARTESIAN_POINT('Ctrl Pts',(-35.3639243906698,34.3106489975006,4.));
#8097=CARTESIAN_POINT('Ctrl Pts',(-35.3846846541862,34.4245076323738,3.));
#8098=CARTESIAN_POINT('Ctrl Pts',(-35.3846846541862,34.4245076323738,4.));
#8099=CARTESIAN_POINT('Ctrl Pts',(-35.4154014741383,34.5745402804861,3.));
#8100=CARTESIAN_POINT('Ctrl Pts',(-35.4154014741383,34.5745402804861,4.));
#8101=CARTESIAN_POINT('Ctrl Pts',(-35.4471613212333,34.7565938343741,3.));
#8102=CARTESIAN_POINT('Ctrl Pts',(-35.4471613212333,34.7565938343741,4.));
#8103=CARTESIAN_POINT('Ctrl Pts',(-35.4743097562399,34.962754051363,3.));
#8104=CARTESIAN_POINT('Ctrl Pts',(-35.4743097562399,34.962754051363,4.));
#8105=CARTESIAN_POINT('Ctrl Pts',(-35.4934861502929,35.1831848313209,3.));
#8106=CARTESIAN_POINT('Ctrl Pts',(-35.4934861502929,35.1831848313209,4.));
#8107=CARTESIAN_POINT('Ctrl Pts',(-35.5033250831489,35.4074320541964,3.));
#8108=CARTESIAN_POINT('Ctrl Pts',(-35.5033250831489,35.4074320541964,4.));
#8109=CARTESIAN_POINT('Ctrl Pts',(-35.5038794933943,35.626012981267,3.));
#8110=CARTESIAN_POINT('Ctrl Pts',(-35.5038794933943,35.626012981267,4.));
#8111=CARTESIAN_POINT('Ctrl Pts',(-35.4961852433703,35.8317265511612,3.));
#8112=CARTESIAN_POINT('Ctrl Pts',(-35.4961852433703,35.8317265511612,4.));
#8113=CARTESIAN_POINT('Ctrl Pts',(-35.4817175631204,36.0214837197789,3.));
#8114=CARTESIAN_POINT('Ctrl Pts',(-35.4817175631204,36.0214837197789,4.));
#8115=CARTESIAN_POINT('Ctrl Pts',(-35.4621359188992,36.1959983628535,3.));
#8116=CARTESIAN_POINT('Ctrl Pts',(-35.4621359188992,36.1959983628535,4.));
#8117=CARTESIAN_POINT('Ctrl Pts',(-35.439176191603,36.3583076215395,3.));
#8118=CARTESIAN_POINT('Ctrl Pts',(-35.439176191603,36.3583076215395,4.));
#8119=CARTESIAN_POINT('Ctrl Pts',(-35.4144911102888,36.5126100049263,3.));
#8120=CARTESIAN_POINT('Ctrl Pts',(-35.4144911102888,36.5126100049263,4.));
#8121=CARTESIAN_POINT('Ctrl Pts',(-35.3895294019393,36.6630739603829,3.));
#8122=CARTESIAN_POINT('Ctrl Pts',(-35.3895294019393,36.6630739603829,4.));
#8123=CARTESIAN_POINT('Ctrl Pts',(-35.3653559260563,36.812418465908,3.));
#8124=CARTESIAN_POINT('Ctrl Pts',(-35.3653559260563,36.812418465908,4.));
#8125=CARTESIAN_POINT('Ctrl Pts',(-35.342648125072,36.9614550443457,3.));
#8126=CARTESIAN_POINT('Ctrl Pts',(-35.342648125072,36.9614550443457,4.));
#8127=CARTESIAN_POINT('Ctrl Pts',(-35.3219344289591,37.1100171912975,3.));
#8128=CARTESIAN_POINT('Ctrl Pts',(-35.3219344289591,37.1100171912975,4.));
#8129=CARTESIAN_POINT('Ctrl Pts',(-35.3037769143123,37.2575860028757,3.));
#8130=CARTESIAN_POINT('Ctrl Pts',(-35.3037769143123,37.2575860028757,4.));
#8131=CARTESIAN_POINT('Ctrl Pts',(-35.2889696894821,37.4039567622916,3.));
#8132=CARTESIAN_POINT('Ctrl Pts',(-35.2889696894821,37.4039567622916,4.));
#8133=CARTESIAN_POINT('Ctrl Pts',(-35.278747880788,37.5500936115752,3.));
#8134=CARTESIAN_POINT('Ctrl Pts',(-35.278747880788,37.5500936115752,4.));
#8135=CARTESIAN_POINT('Ctrl Pts',(-35.2748944771688,37.6977129178555,3.));
#8136=CARTESIAN_POINT('Ctrl Pts',(-35.2748944771688,37.6977129178555,4.));
#8137=CARTESIAN_POINT('Ctrl Pts',(-35.279805528168,37.8483437799543,3.));
#8138=CARTESIAN_POINT('Ctrl Pts',(-35.279805528168,37.8483437799543,4.));
#8139=CARTESIAN_POINT('Ctrl Pts',(-35.2965670071643,38.0025636824654,3.));
#8140=CARTESIAN_POINT('Ctrl Pts',(-35.2965670071643,38.0025636824654,4.));
#8141=CARTESIAN_POINT('Ctrl Pts',(-35.3290343804277,38.1591502982708,3.));
#8142=CARTESIAN_POINT('Ctrl Pts',(-35.3290343804277,38.1591502982708,4.));
#8143=CARTESIAN_POINT('Ctrl Pts',(-35.3818941345884,38.3142931411396,3.));
#8144=CARTESIAN_POINT('Ctrl Pts',(-35.3818941345884,38.3142931411396,4.));
#8145=CARTESIAN_POINT('Ctrl Pts',(-35.4596537325857,38.462442968393,3.));
#8146=CARTESIAN_POINT('Ctrl Pts',(-35.4596537325857,38.462442968393,4.));
#8147=CARTESIAN_POINT('Ctrl Pts',(-35.5656432305304,38.5971385737835,3.));
#8148=CARTESIAN_POINT('Ctrl Pts',(-35.5656432305304,38.5971385737835,4.));
#8149=CARTESIAN_POINT('Ctrl Pts',(-35.7010256281662,38.7118338002811,3.));
#8150=CARTESIAN_POINT('Ctrl Pts',(-35.7010256281662,38.7118338002811,4.));
#8151=CARTESIAN_POINT('Ctrl Pts',(-35.8637659637809,38.8007382350625,3.));
#8152=CARTESIAN_POINT('Ctrl Pts',(-35.8637659637809,38.8007382350625,4.));
#8153=CARTESIAN_POINT('Ctrl Pts',(-36.0477105340272,38.8596130796977,3.));
#8154=CARTESIAN_POINT('Ctrl Pts',(-36.0477105340272,38.8596130796977,4.));
#8155=CARTESIAN_POINT('Ctrl Pts',(-36.2440426116715,38.8856478390631,3.));
#8156=CARTESIAN_POINT('Ctrl Pts',(-36.2440426116715,38.8856478390631,4.));
#8157=CARTESIAN_POINT('Ctrl Pts',(-36.4426007292198,38.8773777732549,3.));
#8158=CARTESIAN_POINT('Ctrl Pts',(-36.4426007292198,38.8773777732549,4.));
#8159=CARTESIAN_POINT('Ctrl Pts',(-36.6333003271695,38.8345935791984,3.));
#8160=CARTESIAN_POINT('Ctrl Pts',(-36.6333003271695,38.8345935791984,4.));
#8161=CARTESIAN_POINT('Ctrl Pts',(-36.8073865415803,38.7582451499745,3.));
#8162=CARTESIAN_POINT('Ctrl Pts',(-36.8073865415803,38.7582451499745,4.));
#8163=CARTESIAN_POINT('Ctrl Pts',(-36.9590725581246,38.6503793749396,3.));
#8164=CARTESIAN_POINT('Ctrl Pts',(-36.9590725581246,38.6503793749396,4.));
#8165=CARTESIAN_POINT('Ctrl Pts',(-37.0855816097568,38.5139315542462,3.));
#8166=CARTESIAN_POINT('Ctrl Pts',(-37.0855816097568,38.5139315542462,4.));
#8167=CARTESIAN_POINT('Ctrl Pts',(-37.1861714578231,38.3524241774147,3.));
#8168=CARTESIAN_POINT('Ctrl Pts',(-37.1861714578231,38.3524241774147,4.));
#8169=CARTESIAN_POINT('Ctrl Pts',(-37.2614561167296,38.1696903627436,3.));
#8170=CARTESIAN_POINT('Ctrl Pts',(-37.2614561167296,38.1696903627436,4.));
#8171=CARTESIAN_POINT('Ctrl Pts',(-37.3126327714663,37.9695977904514,3.));
#8172=CARTESIAN_POINT('Ctrl Pts',(-37.3126327714663,37.9695977904514,4.));
#8173=CARTESIAN_POINT('Ctrl Pts',(-37.3406912595276,37.7557496455436,3.));
#8174=CARTESIAN_POINT('Ctrl Pts',(-37.3406912595276,37.7557496455436,4.));
#8175=CARTESIAN_POINT('Ctrl Pts',(-37.3458090085675,37.5312643282402,3.));
#8176=CARTESIAN_POINT('Ctrl Pts',(-37.3458090085675,37.5312643282402,4.));
#8177=CARTESIAN_POINT('Ctrl Pts',(-37.3278805494944,37.2989902427165,3.));
#8178=CARTESIAN_POINT('Ctrl Pts',(-37.3278805494944,37.2989902427165,4.));
#8179=CARTESIAN_POINT('Ctrl Pts',(-37.2869112360848,37.0616708032397,3.));
#8180=CARTESIAN_POINT('Ctrl Pts',(-37.2869112360848,37.0616708032397,4.));
#8181=CARTESIAN_POINT('Ctrl Pts',(-37.223449688067,36.8221198663431,3.));
#8182=CARTESIAN_POINT('Ctrl Pts',(-37.223449688067,36.8221198663431,4.));
#8183=CARTESIAN_POINT('Ctrl Pts',(-37.1390371298376,36.5834126409656,3.));
#8184=CARTESIAN_POINT('Ctrl Pts',(-37.1390371298376,36.5834126409656,4.));
#8185=CARTESIAN_POINT('Ctrl Pts',(-37.0365751709849,36.349023945555,3.));
#8186=CARTESIAN_POINT('Ctrl Pts',(-37.0365751709849,36.349023945555,4.));
#8187=CARTESIAN_POINT('Ctrl Pts',(-36.9209230093374,36.1231070591085,3.));
#8188=CARTESIAN_POINT('Ctrl Pts',(-36.9209230093374,36.1231070591085,4.));
#8189=CARTESIAN_POINT('Ctrl Pts',(-36.7984430590203,35.9101263926624,3.));
#8190=CARTESIAN_POINT('Ctrl Pts',(-36.7984430590203,35.9101263926624,4.));
#8191=CARTESIAN_POINT('Ctrl Pts',(-36.6759606627353,35.7141223668889,3.));
#8192=CARTESIAN_POINT('Ctrl Pts',(-36.6759606627353,35.7141223668889,4.));
#8193=CARTESIAN_POINT('Ctrl Pts',(-36.5599259932915,35.5381143678593,3.));
#8194=CARTESIAN_POINT('Ctrl Pts',(-36.5599259932915,35.5381143678593,4.));
#8195=CARTESIAN_POINT('Ctrl Pts',(-36.4554485823765,35.3833904181053,3.));
#8196=CARTESIAN_POINT('Ctrl Pts',(-36.4554485823765,35.3833904181053,4.));
#8197=CARTESIAN_POINT('Ctrl Pts',(-36.3654851194955,35.2489689681615,3.));
#8198=CARTESIAN_POINT('Ctrl Pts',(-36.3654851194955,35.2489689681615,4.));
#8199=CARTESIAN_POINT('Ctrl Pts',(-36.2897140670637,35.1306762212401,3.));
#8200=CARTESIAN_POINT('Ctrl Pts',(-36.2897140670637,35.1306762212401,4.));
#8201=CARTESIAN_POINT('Ctrl Pts',(-36.2243742641226,35.0214332114999,3.));
#8202=CARTESIAN_POINT('Ctrl Pts',(-36.2243742641226,35.0214332114999,4.));
#8203=CARTESIAN_POINT('Ctrl Pts',(-36.1759423268025,34.9352704224374,3.));
#8204=CARTESIAN_POINT('Ctrl Pts',(-36.1759423268025,34.9352704224374,4.));
#8205=CARTESIAN_POINT('Ctrl Pts',(-36.1389364771018,34.868660454609,3.));
#8206=CARTESIAN_POINT('Ctrl Pts',(-36.1389364771018,34.868660454609,4.));
#8207=CARTESIAN_POINT('Ctrl Pts',(-36.1132070121934,34.8230749731405,3.));
#8208=CARTESIAN_POINT('Ctrl Pts',(-36.1132070121934,34.8230749731405,4.));
#8209=CARTESIAN_POINT('Ctrl Pts',(-36.0999991931021,34.7999992221594,3.));
#8210=CARTESIAN_POINT('Ctrl Pts',(-36.0999991931021,34.7999992221594,4.));
#8211=CARTESIAN_POINT('',(-36.0999991931021,34.7999992221594,3.));
#8212=CARTESIAN_POINT('Ctrl Pts',(-36.0999991931021,34.7999992221594,3.));
#8213=CARTESIAN_POINT('Ctrl Pts',(-36.1132070121934,34.8230749731405,3.));
#8214=CARTESIAN_POINT('Ctrl Pts',(-36.1389364771018,34.868660454609,3.));
#8215=CARTESIAN_POINT('Ctrl Pts',(-36.1759423268025,34.9352704224374,3.));
#8216=CARTESIAN_POINT('Ctrl Pts',(-36.2243742641226,35.0214332114999,3.));
#8217=CARTESIAN_POINT('Ctrl Pts',(-36.2897140670637,35.1306762212401,3.));
#8218=CARTESIAN_POINT('Ctrl Pts',(-36.3654851194955,35.2489689681615,3.));
#8219=CARTESIAN_POINT('Ctrl Pts',(-36.4523714435346,35.3787926241613,3.));
#8220=CARTESIAN_POINT('Ctrl Pts',(-36.5319045795288,35.4966148144889,3.));
#8221=CARTESIAN_POINT('Ctrl Pts',(-36.5953584962622,35.5921603710829,3.));
#8222=CARTESIAN_POINT('Ctrl Pts',(-36.6378414247614,35.6573710751574,3.));
#8223=CARTESIAN_POINT('Ctrl Pts',(-36.6573438071091,35.6876165351422,3.));
#8224=CARTESIAN_POINT('',(-36.0999991931021,34.7999992221594,4.));
#8225=CARTESIAN_POINT('',(-36.0999991931021,34.7999992221594,3.));
#8226=CARTESIAN_POINT('Ctrl Pts',(-36.0999991931021,34.7999992221594,4.));
#8227=CARTESIAN_POINT('Ctrl Pts',(-36.0867913740108,34.7769234711783,4.));
#8228=CARTESIAN_POINT('Ctrl Pts',(-36.0596895625538,34.7302059487223,4.));
#8229=CARTESIAN_POINT('Ctrl Pts',(-36.0165081533113,34.6585017963807,4.));
#8230=CARTESIAN_POINT('Ctrl Pts',(-35.9523816790027,34.5610880728485,4.));
#8231=CARTESIAN_POINT('Ctrl Pts',(-35.8599844183009,34.4437124161947,4.));
#8232=CARTESIAN_POINT('Ctrl Pts',(-35.7570344928755,34.3397635701514,4.));
#8233=CARTESIAN_POINT('Ctrl Pts',(-35.648542599581,34.2579869925449,4.));
#8234=CARTESIAN_POINT('Ctrl Pts',(-35.5438562453647,34.2043594304193,4.));
#8235=CARTESIAN_POINT('Ctrl Pts',(-35.455179409457,34.1816063991888,4.));
#8236=CARTESIAN_POINT('Ctrl Pts',(-35.3932592331794,34.1909646830933,4.));
#8237=CARTESIAN_POINT('Ctrl Pts',(-35.363898488354,34.2333122593573,4.));
#8238=CARTESIAN_POINT('Ctrl Pts',(-35.3639243906698,34.3106489975006,4.));
#8239=CARTESIAN_POINT('Ctrl Pts',(-35.3846846541862,34.4245076323738,4.));
#8240=CARTESIAN_POINT('Ctrl Pts',(-35.4154014741383,34.5745402804861,4.));
#8241=CARTESIAN_POINT('Ctrl Pts',(-35.4471613212333,34.7565938343741,4.));
#8242=CARTESIAN_POINT('Ctrl Pts',(-35.4743097562399,34.962754051363,4.));
#8243=CARTESIAN_POINT('Ctrl Pts',(-35.4934861502929,35.1831848313209,4.));
#8244=CARTESIAN_POINT('Ctrl Pts',(-35.5033250831489,35.4074320541964,4.));
#8245=CARTESIAN_POINT('Ctrl Pts',(-35.5038794933943,35.626012981267,4.));
#8246=CARTESIAN_POINT('Ctrl Pts',(-35.4961852433703,35.8317265511612,4.));
#8247=CARTESIAN_POINT('Ctrl Pts',(-35.4817175631204,36.0214837197789,4.));
#8248=CARTESIAN_POINT('Ctrl Pts',(-35.4621359188992,36.1959983628535,4.));
#8249=CARTESIAN_POINT('Ctrl Pts',(-35.439176191603,36.3583076215395,4.));
#8250=CARTESIAN_POINT('Ctrl Pts',(-35.4144911102888,36.5126100049263,4.));
#8251=CARTESIAN_POINT('Ctrl Pts',(-35.3895294019393,36.6630739603829,4.));
#8252=CARTESIAN_POINT('Ctrl Pts',(-35.3653559260563,36.812418465908,4.));
#8253=CARTESIAN_POINT('Ctrl Pts',(-35.342648125072,36.9614550443457,4.));
#8254=CARTESIAN_POINT('Ctrl Pts',(-35.3219344289591,37.1100171912975,4.));
#8255=CARTESIAN_POINT('Ctrl Pts',(-35.3037769143123,37.2575860028757,4.));
#8256=CARTESIAN_POINT('Ctrl Pts',(-35.2889696894821,37.4039567622916,4.));
#8257=CARTESIAN_POINT('Ctrl Pts',(-35.278747880788,37.5500936115752,4.));
#8258=CARTESIAN_POINT('Ctrl Pts',(-35.2748944771688,37.6977129178555,4.));
#8259=CARTESIAN_POINT('Ctrl Pts',(-35.279805528168,37.8483437799543,4.));
#8260=CARTESIAN_POINT('Ctrl Pts',(-35.2965670071643,38.0025636824654,4.));
#8261=CARTESIAN_POINT('Ctrl Pts',(-35.3290343804277,38.1591502982708,4.));
#8262=CARTESIAN_POINT('Ctrl Pts',(-35.3818941345884,38.3142931411396,4.));
#8263=CARTESIAN_POINT('Ctrl Pts',(-35.4596537325857,38.462442968393,4.));
#8264=CARTESIAN_POINT('Ctrl Pts',(-35.5656432305304,38.5971385737835,4.));
#8265=CARTESIAN_POINT('Ctrl Pts',(-35.7010256281662,38.7118338002811,4.));
#8266=CARTESIAN_POINT('Ctrl Pts',(-35.8637659637809,38.8007382350625,4.));
#8267=CARTESIAN_POINT('Ctrl Pts',(-36.0477105340272,38.8596130796977,4.));
#8268=CARTESIAN_POINT('Ctrl Pts',(-36.2440426116715,38.8856478390631,4.));
#8269=CARTESIAN_POINT('Ctrl Pts',(-36.4426007292198,38.8773777732549,4.));
#8270=CARTESIAN_POINT('Ctrl Pts',(-36.6333003271695,38.8345935791984,4.));
#8271=CARTESIAN_POINT('Ctrl Pts',(-36.8073865415803,38.7582451499745,4.));
#8272=CARTESIAN_POINT('Ctrl Pts',(-36.9590725581246,38.6503793749396,4.));
#8273=CARTESIAN_POINT('Ctrl Pts',(-37.0855816097568,38.5139315542462,4.));
#8274=CARTESIAN_POINT('Ctrl Pts',(-37.1861714578231,38.3524241774147,4.));
#8275=CARTESIAN_POINT('Ctrl Pts',(-37.2614561167296,38.1696903627436,4.));
#8276=CARTESIAN_POINT('Ctrl Pts',(-37.3126327714663,37.9695977904514,4.));
#8277=CARTESIAN_POINT('Ctrl Pts',(-37.3406912595276,37.7557496455436,4.));
#8278=CARTESIAN_POINT('Ctrl Pts',(-37.3458090085675,37.5312643282402,4.));
#8279=CARTESIAN_POINT('Ctrl Pts',(-37.3278805494944,37.2989902427165,4.));
#8280=CARTESIAN_POINT('Ctrl Pts',(-37.2869112360848,37.0616708032397,4.));
#8281=CARTESIAN_POINT('Ctrl Pts',(-37.223449688067,36.8221198663431,4.));
#8282=CARTESIAN_POINT('Ctrl Pts',(-37.1390371298376,36.5834126409656,4.));
#8283=CARTESIAN_POINT('Ctrl Pts',(-37.0365751709849,36.349023945555,4.));
#8284=CARTESIAN_POINT('Ctrl Pts',(-36.9209230093374,36.1231070591085,4.));
#8285=CARTESIAN_POINT('Ctrl Pts',(-36.7984430590203,35.9101263926624,4.));
#8286=CARTESIAN_POINT('Ctrl Pts',(-36.6759606627353,35.7141223668889,4.));
#8287=CARTESIAN_POINT('Ctrl Pts',(-36.5599259932915,35.5381143678593,4.));
#8288=CARTESIAN_POINT('Ctrl Pts',(-36.4554485823765,35.3833904181053,4.));
#8289=CARTESIAN_POINT('Ctrl Pts',(-36.3654851194955,35.2489689681615,4.));
#8290=CARTESIAN_POINT('Ctrl Pts',(-36.2897140670637,35.1306762212401,4.));
#8291=CARTESIAN_POINT('Ctrl Pts',(-36.2243742641226,35.0214332114999,4.));
#8292=CARTESIAN_POINT('Ctrl Pts',(-36.1759423268025,34.9352704224374,4.));
#8293=CARTESIAN_POINT('Ctrl Pts',(-36.1389364771018,34.868660454609,4.));
#8294=CARTESIAN_POINT('Ctrl Pts',(-36.1132070121934,34.8230749731405,4.));
#8295=CARTESIAN_POINT('Ctrl Pts',(-36.0999991931021,34.7999992221594,4.));
#8296=CARTESIAN_POINT('Ctrl Pts',(-35.5003670942454,35.6876165351421,3.));
#8297=CARTESIAN_POINT('Ctrl Pts',(-35.5007332999811,35.6747846940858,3.));
#8298=CARTESIAN_POINT('Ctrl Pts',(-35.5021281738731,35.6201323061214,3.));
#8299=CARTESIAN_POINT('Ctrl Pts',(-35.5033935903038,35.5217332495698,3.));
#8300=CARTESIAN_POINT('Ctrl Pts',(-35.5019650625391,35.3764347042527,3.));
#8301=CARTESIAN_POINT('Ctrl Pts',(-35.4934861502929,35.1831848313209,3.));
#8302=CARTESIAN_POINT('Ctrl Pts',(-35.4743097562399,34.962754051363,3.));
#8303=CARTESIAN_POINT('Ctrl Pts',(-35.4471613212333,34.7565938343741,3.));
#8304=CARTESIAN_POINT('Ctrl Pts',(-35.4154014741383,34.5745402804861,3.));
#8305=CARTESIAN_POINT('Ctrl Pts',(-35.3846846541862,34.4245076323738,3.));
#8306=CARTESIAN_POINT('Ctrl Pts',(-35.3639243906698,34.3106489975006,3.));
#8307=CARTESIAN_POINT('Ctrl Pts',(-35.363898488354,34.2333122593573,3.));
#8308=CARTESIAN_POINT('Ctrl Pts',(-35.3932592331794,34.1909646830933,3.));
#8309=CARTESIAN_POINT('Ctrl Pts',(-35.455179409457,34.1816063991888,3.));
#8310=CARTESIAN_POINT('Ctrl Pts',(-35.5438562453647,34.2043594304193,3.));
#8311=CARTESIAN_POINT('Ctrl Pts',(-35.648542599581,34.2579869925449,3.));
#8312=CARTESIAN_POINT('Ctrl Pts',(-35.7570344928755,34.3397635701514,3.));
#8313=CARTESIAN_POINT('Ctrl Pts',(-35.8599844183009,34.4437124161947,3.));
#8314=CARTESIAN_POINT('Ctrl Pts',(-35.9523816790027,34.5610880728485,3.));
#8315=CARTESIAN_POINT('Ctrl Pts',(-36.0165081533113,34.6585017963807,3.));
#8316=CARTESIAN_POINT('Ctrl Pts',(-36.0596895625538,34.7302059487223,3.));
#8317=CARTESIAN_POINT('Ctrl Pts',(-36.0867913740108,34.7769234711783,3.));
#8318=CARTESIAN_POINT('Ctrl Pts',(-36.0999991931021,34.7999992221594,3.));
#8319=CARTESIAN_POINT('Origin',(-36.3103517428681,36.5336271191259,4.));
#8320=CARTESIAN_POINT('Origin',(-36.3103517428681,36.5336271191259,3.));
#8321=CARTESIAN_POINT('',(-12.5335745550998,35.6876165351407,3.));
#8322=CARTESIAN_POINT('Origin',(-30.1607273617368,-67.0825418161714,1.13255992463338));
#8323=CARTESIAN_POINT('',(-30.1607273617368,-67.0825418161714,1.13255992463338));
#8324=CARTESIAN_POINT('',(-30.1607273617368,-66.2869985556355,1.92810318516924));
#8325=CARTESIAN_POINT('',(-30.1607273617368,-66.8988217784881,1.31627996231669));
#8326=CARTESIAN_POINT('',(-30.1607273617368,-66.9411204599341,0.991138568396069));
#8327=CARTESIAN_POINT('',(-30.1607273617368,-67.0825418161714,1.13255992463338));
#8328=CARTESIAN_POINT('',(-30.1607273617368,-66.1455771993982,1.78668182893193));
#8329=CARTESIAN_POINT('',(-30.1607273617368,-66.9411204599341,0.991138568396069));
#8330=CARTESIAN_POINT('',(-30.1607273617368,-66.2869985556355,1.92810318516924));
#8331=CARTESIAN_POINT('Ctrl Pts',(-30.4663322964292,-67.5829735810038,0.632128159800942));
#8332=CARTESIAN_POINT('Ctrl Pts',(-30.4663322964292,-67.4415522247665,0.490706803563632));
#8333=CARTESIAN_POINT('Ctrl Pts',(-30.3789476535584,-67.5458025070123,0.669299233792486));
#8334=CARTESIAN_POINT('Ctrl Pts',(-30.3789476535584,-67.404381150775,0.527877877555177));
#8335=CARTESIAN_POINT('Ctrl Pts',(-30.1297221714663,-67.4397886980514,0.775313042753392));
#8336=CARTESIAN_POINT('Ctrl Pts',(-30.1297221714663,-67.2983673418141,0.633891686516082));
#8337=CARTESIAN_POINT('Ctrl Pts',(-30.1485203144712,-67.223193414648,0.991908326156734));
#8338=CARTESIAN_POINT('Ctrl Pts',(-30.1485203144712,-67.0817720584107,0.850486969919425));
#8339=CARTESIAN_POINT('Ctrl Pts',(-30.1607273617368,-67.0825418161714,1.13255992463338));
#8340=CARTESIAN_POINT('Ctrl Pts',(-30.1607273617368,-66.9411204599341,0.991138568396069));
#8341=CARTESIAN_POINT('',(-30.4663322964292,-67.5829735810038,0.632128159800942));
#8342=CARTESIAN_POINT('Ctrl Pts',(-30.4663322964292,-67.5829735810038,0.632128159800942));
#8343=CARTESIAN_POINT('Ctrl Pts',(-30.3789476535584,-67.5458025070123,0.669299233792486));
#8344=CARTESIAN_POINT('Ctrl Pts',(-30.1297221714663,-67.4397886980514,0.775313042753392));
#8345=CARTESIAN_POINT('Ctrl Pts',(-30.1485203144712,-67.223193414648,0.991908326156734));
#8346=CARTESIAN_POINT('Ctrl Pts',(-30.1607273617368,-67.0825418161714,1.13255992463338));
#8347=CARTESIAN_POINT('',(-30.4663322964292,-67.4415522247665,0.490706803563632));
#8348=CARTESIAN_POINT('',(-30.4663322964292,-67.5829735810038,0.632128159800942));
#8349=CARTESIAN_POINT('Ctrl Pts',(-30.4663322964292,-67.4415522247665,0.490706803563632));
#8350=CARTESIAN_POINT('Ctrl Pts',(-30.3789476535584,-67.404381150775,0.527877877555177));
#8351=CARTESIAN_POINT('Ctrl Pts',(-30.1297221714663,-67.2983673418141,0.633891686516082));
#8352=CARTESIAN_POINT('Ctrl Pts',(-30.1485203144712,-67.0817720584107,0.850486969919425));
#8353=CARTESIAN_POINT('Ctrl Pts',(-30.1607273617368,-66.9411204599341,0.991138568396069));
#8354=CARTESIAN_POINT('Ctrl Pts',(-30.5525992909055,-67.4597477863413,0.755353954463454));
#8355=CARTESIAN_POINT('Ctrl Pts',(-30.5525992909055,-67.318326430104,0.613932598226144));
#8356=CARTESIAN_POINT('Ctrl Pts',(-30.5546740164743,-67.4947608225732,0.720340918231548));
#8357=CARTESIAN_POINT('Ctrl Pts',(-30.5546740164743,-67.3533394663359,0.578919561994238));
#8358=CARTESIAN_POINT('Ctrl Pts',(-30.5579703938525,-67.5503904356231,0.664711305181722));
#8359=CARTESIAN_POINT('Ctrl Pts',(-30.5579703938525,-67.4089690793858,0.523289948944413));
#8360=CARTESIAN_POINT('Ctrl Pts',(-30.4911107657305,-67.5741632664048,0.640938474399975));
#8361=CARTESIAN_POINT('Ctrl Pts',(-30.4911107657305,-67.4327419101675,0.499517118162665));
#8362=CARTESIAN_POINT('Ctrl Pts',(-30.4663322964292,-67.5829735810038,0.632128159800942));
#8363=CARTESIAN_POINT('Ctrl Pts',(-30.4663322964292,-67.4415522247665,0.490706803563632));
#8364=CARTESIAN_POINT('',(-30.5525992909055,-67.4597477863413,0.755353954463454));
#8365=CARTESIAN_POINT('Ctrl Pts',(-30.5525992909055,-67.4597477863413,0.755353954463454));
#8366=CARTESIAN_POINT('Ctrl Pts',(-30.5546740164743,-67.4947608225732,0.720340918231548));
#8367=CARTESIAN_POINT('Ctrl Pts',(-30.5579703938525,-67.5503904356231,0.664711305181722));
#8368=CARTESIAN_POINT('Ctrl Pts',(-30.4911107657305,-67.5741632664048,0.640938474399975));
#8369=CARTESIAN_POINT('Ctrl Pts',(-30.4663322964292,-67.5829735810038,0.632128159800942));
#8370=CARTESIAN_POINT('',(-30.5525992909055,-67.318326430104,0.613932598226144));
#8371=CARTESIAN_POINT('',(-30.5525992909055,-67.4597477863413,0.755353954463454));
#8372=CARTESIAN_POINT('Ctrl Pts',(-30.5525992909055,-67.318326430104,0.613932598226144));
#8373=CARTESIAN_POINT('Ctrl Pts',(-30.5546740164743,-67.3533394663359,0.578919561994238));
#8374=CARTESIAN_POINT('Ctrl Pts',(-30.5579703938525,-67.4089690793858,0.523289948944413));
#8375=CARTESIAN_POINT('Ctrl Pts',(-30.4911107657305,-67.4327419101675,0.499517118162665));
#8376=CARTESIAN_POINT('Ctrl Pts',(-30.4663322964292,-67.4415522247665,0.490706803563632));
#8377=CARTESIAN_POINT('Origin',(-30.5525992909055,-66.2459874593249,1.96911428147989));
#8378=CARTESIAN_POINT('',(-30.5525992909055,-66.2459874593249,1.96911428147989));
#8379=CARTESIAN_POINT('',(-30.5525992909055,-66.4805446000648,1.73455714073994));
#8380=CARTESIAN_POINT('',(-30.5525992909055,-66.1045661030876,1.82769292524258));
#8381=CARTESIAN_POINT('',(-30.5525992909055,-66.2459874593249,1.96911428147989));
#8382=CARTESIAN_POINT('',(-30.5525992909055,-66.1045661030876,1.82769292524258));
#8383=CARTESIAN_POINT('Ctrl Pts',(-31.421249369679,-66.2869985556355,1.92810318516924));
#8384=CARTESIAN_POINT('Ctrl Pts',(-31.421249369679,-66.1455771993982,1.78668182893193));
#8385=CARTESIAN_POINT('Ctrl Pts',(-31.2771682613276,-66.2819552100381,1.93314653076663));
#8386=CARTESIAN_POINT('Ctrl Pts',(-31.2771682613276,-66.1405338538008,1.79172517452932));
#8387=CARTESIAN_POINT('Ctrl Pts',(-30.9872858725982,-66.2718083067718,1.94329343403302));
#8388=CARTESIAN_POINT('Ctrl Pts',(-30.9872858725982,-66.1303869505345,1.80187207779571));
#8389=CARTESIAN_POINT('Ctrl Pts',(-30.698066896574,-66.2546283905443,1.96047335026043));
#8390=CARTESIAN_POINT('Ctrl Pts',(-30.698066896574,-66.113207034307,1.81905199402312));
#8391=CARTESIAN_POINT('Ctrl Pts',(-30.5525992909055,-66.2459874593249,1.96911428147989));
#8392=CARTESIAN_POINT('Ctrl Pts',(-30.5525992909055,-66.1045661030876,1.82769292524258));
#8393=CARTESIAN_POINT('',(-31.421249369679,-66.2869985556355,1.92810318516924));
#8394=CARTESIAN_POINT('Ctrl Pts',(-31.421249369679,-66.2869985556355,1.92810318516924));
#8395=CARTESIAN_POINT('Ctrl Pts',(-31.2771682613276,-66.2819552100381,1.93314653076663));
#8396=CARTESIAN_POINT('Ctrl Pts',(-30.9872858725982,-66.2718083067718,1.94329343403302));
#8397=CARTESIAN_POINT('Ctrl Pts',(-30.698066896574,-66.2546283905443,1.96047335026043));
#8398=CARTESIAN_POINT('Ctrl Pts',(-30.5525992909055,-66.2459874593249,1.96911428147989));
#8399=CARTESIAN_POINT('',(-31.421249369679,-66.1455771993982,1.78668182893193));
#8400=CARTESIAN_POINT('',(-31.421249369679,-66.2869985556355,1.92810318516924));
#8401=CARTESIAN_POINT('Ctrl Pts',(-31.421249369679,-66.1455771993982,1.78668182893193));
#8402=CARTESIAN_POINT('Ctrl Pts',(-31.2771682613276,-66.1405338538008,1.79172517452932));
#8403=CARTESIAN_POINT('Ctrl Pts',(-30.9872858725982,-66.1303869505345,1.80187207779571));
#8404=CARTESIAN_POINT('Ctrl Pts',(-30.698066896574,-66.113207034307,1.81905199402312));
#8405=CARTESIAN_POINT('Ctrl Pts',(-30.5525992909055,-66.1045661030876,1.82769292524258));
#8406=CARTESIAN_POINT('Origin',(-31.421249369679,-67.4733380376437,0.741763703161116));
#8407=CARTESIAN_POINT('',(-31.421249369679,-67.4733380376437,0.741763703161116));
#8408=CARTESIAN_POINT('',(-31.421249369679,-67.0942198892242,1.12088185158056));
#8409=CARTESIAN_POINT('',(-31.421249369679,-67.3319166814064,0.600342346923806));
#8410=CARTESIAN_POINT('',(-31.421249369679,-67.4733380376437,0.741763703161116));
#8411=CARTESIAN_POINT('',(-31.421249369679,-67.3319166814064,0.600342346923806));
#8412=CARTESIAN_POINT('Ctrl Pts',(-30.808234075604,-67.8970152283488,0.318086512455964));
#8413=CARTESIAN_POINT('Ctrl Pts',(-30.808234075604,-67.7555938721115,0.176665156218654));
#8414=CARTESIAN_POINT('Ctrl Pts',(-30.9870259738349,-67.8800161569679,0.335085583836916));
#8415=CARTESIAN_POINT('Ctrl Pts',(-30.9870259738349,-67.7385948007306,0.193664227599606));
#8416=CARTESIAN_POINT('Ctrl Pts',(-31.3413720880861,-67.8463258446588,0.368775896145919));
#8417=CARTESIAN_POINT('Ctrl Pts',(-31.3413720880861,-67.7049044884215,0.227354539908609));
#8418=CARTESIAN_POINT('Ctrl Pts',(-31.3947862921023,-67.5969076568816,0.618194083923216));
#8419=CARTESIAN_POINT('Ctrl Pts',(-31.3947862921023,-67.4554863006443,0.476772727685906));
#8420=CARTESIAN_POINT('Ctrl Pts',(-31.421249369679,-67.4733380376437,0.741763703161116));
#8421=CARTESIAN_POINT('Ctrl Pts',(-31.421249369679,-67.3319166814064,0.600342346923806));
#8422=CARTESIAN_POINT('',(-30.808234075604,-67.8970152283488,0.318086512455964));
#8423=CARTESIAN_POINT('Ctrl Pts',(-30.808234075604,-67.8970152283488,0.318086512455964));
#8424=CARTESIAN_POINT('Ctrl Pts',(-30.9870259738349,-67.8800161569679,0.335085583836916));
#8425=CARTESIAN_POINT('Ctrl Pts',(-31.3413720880861,-67.8463258446588,0.368775896145919));
#8426=CARTESIAN_POINT('Ctrl Pts',(-31.3947862921023,-67.5969076568816,0.618194083923216));
#8427=CARTESIAN_POINT('Ctrl Pts',(-31.421249369679,-67.4733380376437,0.741763703161116));
#8428=CARTESIAN_POINT('',(-30.808234075604,-67.7555938721115,0.176665156218654));
#8429=CARTESIAN_POINT('',(-30.808234075604,-67.8970152283488,0.318086512455964));
#8430=CARTESIAN_POINT('Ctrl Pts',(-30.808234075604,-67.7555938721115,0.176665156218654));
#8431=CARTESIAN_POINT('Ctrl Pts',(-30.9870259738349,-67.7385948007306,0.193664227599606));
#8432=CARTESIAN_POINT('Ctrl Pts',(-31.3413720880861,-67.7049044884215,0.227354539908609));
#8433=CARTESIAN_POINT('Ctrl Pts',(-31.3947862921023,-67.4554863006443,0.476772727685906));
#8434=CARTESIAN_POINT('Ctrl Pts',(-31.421249369679,-67.3319166814064,0.600342346923806));
#8435=CARTESIAN_POINT('Ctrl Pts',(-30.1607273617368,-67.6248264552464,0.590275285558413));
#8436=CARTESIAN_POINT('Ctrl Pts',(-30.1607273617368,-67.4834050990091,0.448853929321103));
#8437=CARTESIAN_POINT('Ctrl Pts',(-30.2385725324881,-67.7042130079529,0.510888732851864));
#8438=CARTESIAN_POINT('Ctrl Pts',(-30.2385725324881,-67.5627916517156,0.369467376614555));
#8439=CARTESIAN_POINT('Ctrl Pts',(-30.3956530074587,-67.8644037723262,0.350697968478597));
#8440=CARTESIAN_POINT('Ctrl Pts',(-30.3956530074587,-67.7229824160889,0.209276612241288));
#8441=CARTESIAN_POINT('Ctrl Pts',(-30.669898046746,-67.8860807971067,0.329020943698111));
#8442=CARTESIAN_POINT('Ctrl Pts',(-30.669898046746,-67.7446594408694,0.187599587460801));
#8443=CARTESIAN_POINT('Ctrl Pts',(-30.808234075604,-67.8970152283488,0.318086512455964));
#8444=CARTESIAN_POINT('Ctrl Pts',(-30.808234075604,-67.7555938721115,0.176665156218654));
#8445=CARTESIAN_POINT('',(-30.1607273617368,-67.6248264552464,0.590275285558413));
#8446=CARTESIAN_POINT('Ctrl Pts',(-30.1607273617368,-67.6248264552464,0.590275285558413));
#8447=CARTESIAN_POINT('Ctrl Pts',(-30.2385725324881,-67.7042130079529,0.510888732851864));
#8448=CARTESIAN_POINT('Ctrl Pts',(-30.3956530074587,-67.8644037723262,0.350697968478597));
#8449=CARTESIAN_POINT('Ctrl Pts',(-30.669898046746,-67.8860807971067,0.329020943698111));
#8450=CARTESIAN_POINT('Ctrl Pts',(-30.808234075604,-67.8970152283488,0.318086512455964));
#8451=CARTESIAN_POINT('',(-30.1607273617368,-67.4834050990091,0.448853929321103));
#8452=CARTESIAN_POINT('',(-30.1607273617368,-67.6248264552464,0.590275285558413));
#8453=CARTESIAN_POINT('Ctrl Pts',(-30.1607273617368,-67.4834050990091,0.448853929321103));
#8454=CARTESIAN_POINT('Ctrl Pts',(-30.2385725324881,-67.5627916517156,0.369467376614555));
#8455=CARTESIAN_POINT('Ctrl Pts',(-30.3956530074587,-67.7229824160889,0.209276612241288));
#8456=CARTESIAN_POINT('Ctrl Pts',(-30.669898046746,-67.7446594408694,0.187599587460801));
#8457=CARTESIAN_POINT('Ctrl Pts',(-30.808234075604,-67.7555938721115,0.176665156218654));
#8458=CARTESIAN_POINT('Origin',(-30.1607273617368,-67.8677661584192,0.347335582385555));
#8459=CARTESIAN_POINT('',(-30.1607273617368,-67.8677661584192,0.347335582385555));
#8460=CARTESIAN_POINT('',(-30.1607273617368,-67.291433949612,0.923667791192776));
#8461=CARTESIAN_POINT('',(-30.1607273617368,-67.7263448021819,0.205914226148246));
#8462=CARTESIAN_POINT('',(-30.1607273617368,-67.8677661584192,0.347335582385555));
#8463=CARTESIAN_POINT('',(-30.1607273617368,-67.7263448021819,0.205914226148246));
#8464=CARTESIAN_POINT('Origin',(-29.2920766869169,-67.8677661584192,0.347335582385555));
#8465=CARTESIAN_POINT('',(-29.2920766869169,-67.8677661584192,0.347335582385555));
#8466=CARTESIAN_POINT('',(-22.9128449295133,-67.8677661584192,0.347335582385549));
#8467=CARTESIAN_POINT('',(-29.2920766869169,-67.7263448021819,0.205914226148246));
#8468=CARTESIAN_POINT('',(-29.2920766869169,-67.8677661584192,0.347335582385555));
#8469=CARTESIAN_POINT('',(-29.2920766869169,-67.7263448021819,0.205914226148246));
#8470=CARTESIAN_POINT('Origin',(-29.2920766869169,-66.2459874593249,1.96911428147989));
#8471=CARTESIAN_POINT('',(-29.2920766869169,-66.2459874593249,1.96911428147989));
#8472=CARTESIAN_POINT('',(-29.2920766869169,-66.4805446000648,1.73455714073994));
#8473=CARTESIAN_POINT('',(-29.2920766869169,-66.1045661030876,1.82769292524258));
#8474=CARTESIAN_POINT('',(-29.2920766869169,-66.2459874593249,1.96911428147989));
#8475=CARTESIAN_POINT('',(-29.2920766869169,-66.1045661030876,1.82769292524258));
#8476=CARTESIAN_POINT('Ctrl Pts',(-30.1607273617368,-66.2869985556355,1.92810318516924));
#8477=CARTESIAN_POINT('Ctrl Pts',(-30.1607273617368,-66.1455771993982,1.78668182893193));
#8478=CARTESIAN_POINT('Ctrl Pts',(-30.0170043529159,-66.2819441201512,1.93315762065354));
#8479=CARTESIAN_POINT('Ctrl Pts',(-30.0170043529159,-66.1405227639139,1.79173626441623));
#8480=CARTESIAN_POINT('Ctrl Pts',(-29.7271263778622,-66.2717497223631,1.94335201844167));
#8481=CARTESIAN_POINT('Ctrl Pts',(-29.7271263778622,-66.1303283661258,1.80193066220436));
#8482=CARTESIAN_POINT('Ctrl Pts',(-29.4379020750219,-66.2546227763569,1.96047896444783));
#8483=CARTESIAN_POINT('Ctrl Pts',(-29.4379020750219,-66.1132014201196,1.81905760821052));
#8484=CARTESIAN_POINT('Ctrl Pts',(-29.2920766869169,-66.2459874593249,1.96911428147989));
#8485=CARTESIAN_POINT('Ctrl Pts',(-29.2920766869169,-66.1045661030876,1.82769292524258));
#8486=CARTESIAN_POINT('Ctrl Pts',(-30.1607273617368,-66.2869985556355,1.92810318516924));
#8487=CARTESIAN_POINT('Ctrl Pts',(-30.0170043529159,-66.2819441201512,1.93315762065354));
#8488=CARTESIAN_POINT('Ctrl Pts',(-29.7271263778622,-66.2717497223631,1.94335201844167));
#8489=CARTESIAN_POINT('Ctrl Pts',(-29.4379020750219,-66.2546227763569,1.96047896444783));
#8490=CARTESIAN_POINT('Ctrl Pts',(-29.2920766869169,-66.2459874593249,1.96911428147989));
#8491=CARTESIAN_POINT('Ctrl Pts',(-30.1607273617368,-66.1455771993982,1.78668182893193));
#8492=CARTESIAN_POINT('Ctrl Pts',(-30.0170043529159,-66.1405227639139,1.79173626441623));
#8493=CARTESIAN_POINT('Ctrl Pts',(-29.7271263778622,-66.1303283661258,1.80193066220436));
#8494=CARTESIAN_POINT('Ctrl Pts',(-29.4379020750219,-66.1132014201196,1.81905760821052));
#8495=CARTESIAN_POINT('Ctrl Pts',(-29.2920766869169,-66.1045661030876,1.82769292524258));
#8496=CARTESIAN_POINT('Origin',(-26.1298845806699,-66.6675368368802,1.26472219144998));
#8497=CARTESIAN_POINT('Origin',(-19.0359066525083,-67.0022755666262,1.21282617417859));
#8498=CARTESIAN_POINT('',(-19.0359066525083,-67.0022755666262,1.21282617417859));
#8499=CARTESIAN_POINT('',(-19.0530870953184,-66.7524565494723,1.46264519133251));
#8500=CARTESIAN_POINT('',(-19.0428063657142,-66.901947560486,1.31315418031878));
#8501=CARTESIAN_POINT('',(-19.0359066525083,-66.8608542103889,1.07140481794128));
#8502=CARTESIAN_POINT('',(-19.0359066525083,-67.0022755666262,1.21282617417859));
#8503=CARTESIAN_POINT('',(-19.0530870953184,-66.611035193235,1.3212238350952));
#8504=CARTESIAN_POINT('',(-19.0359066525083,-66.8608542103889,1.07140481794128));
#8505=CARTESIAN_POINT('',(-19.0530870953184,-66.7524565494723,1.46264519133251));
#8506=CARTESIAN_POINT('Origin',(-19.046861986218,-67.371760339516,0.84334140128874));
#8507=CARTESIAN_POINT('',(-19.046861986218,-67.371760339516,0.84334140128874));
#8508=CARTESIAN_POINT('',(-19.0365790701279,-67.0249538417051,1.19014789909964));
#8509=CARTESIAN_POINT('',(-19.046861986218,-67.2303389832787,0.70192004505143));
#8510=CARTESIAN_POINT('',(-19.046861986218,-67.371760339516,0.84334140128874));
#8511=CARTESIAN_POINT('',(-19.046861986218,-67.2303389832787,0.70192004505143));
#8512=CARTESIAN_POINT('Ctrl Pts',(-19.2189167538267,-67.6199195084085,0.595182232396292));
#8513=CARTESIAN_POINT('Ctrl Pts',(-19.2189167538267,-67.4784981521712,0.453760876158982));
#8514=CARTESIAN_POINT('Ctrl Pts',(-19.1695124825507,-67.6021221175814,0.612979623223353));
#8515=CARTESIAN_POINT('Ctrl Pts',(-19.1695124825507,-67.4607007613441,0.471558266986044));
#8516=CARTESIAN_POINT('Ctrl Pts',(-19.0356682612955,-67.5539060857668,0.661195655037963));
#8517=CARTESIAN_POINT('Ctrl Pts',(-19.0356682612955,-67.4124847295295,0.519774298800653));
#8518=CARTESIAN_POINT('Ctrl Pts',(-19.0425318620171,-67.4422206830918,0.772881057712929));
#8519=CARTESIAN_POINT('Ctrl Pts',(-19.0425318620171,-67.3007993268545,0.631459701475619));
#8520=CARTESIAN_POINT('Ctrl Pts',(-19.046861986218,-67.371760339516,0.84334140128874));
#8521=CARTESIAN_POINT('Ctrl Pts',(-19.046861986218,-67.2303389832787,0.70192004505143));
#8522=CARTESIAN_POINT('',(-19.2189167538267,-67.6199195084085,0.595182232396292));
#8523=CARTESIAN_POINT('Ctrl Pts',(-19.2189167538267,-67.6199195084085,0.595182232396292));
#8524=CARTESIAN_POINT('Ctrl Pts',(-19.1695124825507,-67.6021221175814,0.612979623223353));
#8525=CARTESIAN_POINT('Ctrl Pts',(-19.0356682612955,-67.5539060857668,0.661195655037963));
#8526=CARTESIAN_POINT('Ctrl Pts',(-19.0425318620171,-67.4422206830918,0.772881057712929));
#8527=CARTESIAN_POINT('Ctrl Pts',(-19.046861986218,-67.371760339516,0.84334140128874));
#8528=CARTESIAN_POINT('',(-19.2189167538267,-67.4784981521712,0.453760876158982));
#8529=CARTESIAN_POINT('',(-19.2189167538267,-67.6199195084085,0.595182232396292));
#8530=CARTESIAN_POINT('Ctrl Pts',(-19.2189167538267,-67.4784981521712,0.453760876158982));
#8531=CARTESIAN_POINT('Ctrl Pts',(-19.1695124825507,-67.4607007613441,0.471558266986044));
#8532=CARTESIAN_POINT('Ctrl Pts',(-19.0356682612955,-67.4124847295295,0.519774298800653));
#8533=CARTESIAN_POINT('Ctrl Pts',(-19.0425318620171,-67.3007993268545,0.631459701475619));
#8534=CARTESIAN_POINT('Ctrl Pts',(-19.046861986218,-67.2303389832787,0.70192004505143));
#8535=CARTESIAN_POINT('Ctrl Pts',(-19.3951939144712,-67.3920854464762,0.823016294328602));
#8536=CARTESIAN_POINT('Ctrl Pts',(-19.3951939144712,-67.2506640902389,0.681594938091293));
#8537=CARTESIAN_POINT('Ctrl Pts',(-19.3974444753072,-67.4572738804831,0.75782786032172));
#8538=CARTESIAN_POINT('Ctrl Pts',(-19.3974444753072,-67.3158525242457,0.616406504084411));
#8539=CARTESIAN_POINT('Ctrl Pts',(-19.4011134492551,-67.5635472423299,0.651554498474902));
#8540=CARTESIAN_POINT('Ctrl Pts',(-19.4011134492551,-67.4221258860926,0.510133142237593));
#8541=CARTESIAN_POINT('Ctrl Pts',(-19.2697149688458,-67.6042023710222,0.610899369782567));
#8542=CARTESIAN_POINT('Ctrl Pts',(-19.2697149688458,-67.4627810147849,0.469478013545258));
#8543=CARTESIAN_POINT('Ctrl Pts',(-19.2189167538267,-67.6199195084085,0.595182232396292));
#8544=CARTESIAN_POINT('Ctrl Pts',(-19.2189167538267,-67.4784981521712,0.453760876158982));
#8545=CARTESIAN_POINT('',(-19.3951939144712,-67.3920854464762,0.823016294328602));
#8546=CARTESIAN_POINT('Ctrl Pts',(-19.3951939144712,-67.3920854464762,0.823016294328602));
#8547=CARTESIAN_POINT('Ctrl Pts',(-19.3974444753072,-67.4572738804831,0.75782786032172));
#8548=CARTESIAN_POINT('Ctrl Pts',(-19.4011134492551,-67.5635472423299,0.651554498474902));
#8549=CARTESIAN_POINT('Ctrl Pts',(-19.2697149688458,-67.6042023710222,0.610899369782567));
#8550=CARTESIAN_POINT('Ctrl Pts',(-19.2189167538267,-67.6199195084085,0.595182232396292));
#8551=CARTESIAN_POINT('',(-19.3951939144712,-67.2506640902389,0.681594938091292));
#8552=CARTESIAN_POINT('',(-19.3951939144712,-67.3920854464762,0.823016294328602));
#8553=CARTESIAN_POINT('Ctrl Pts',(-19.3951939144712,-67.2506640902389,0.681594938091293));
#8554=CARTESIAN_POINT('Ctrl Pts',(-19.3974444753072,-67.3158525242457,0.616406504084411));
#8555=CARTESIAN_POINT('Ctrl Pts',(-19.4011134492551,-67.4221258860926,0.510133142237593));
#8556=CARTESIAN_POINT('Ctrl Pts',(-19.2697149688458,-67.4627810147849,0.469478013545258));
#8557=CARTESIAN_POINT('Ctrl Pts',(-19.2189167538267,-67.4784981521712,0.453760876158982));
#8558=CARTESIAN_POINT('Origin',(-19.4045136967283,-67.0743396179827,1.14076212282208));
#8559=CARTESIAN_POINT('',(-19.4045136967283,-67.0743396179827,1.14076212282208));
#8560=CARTESIAN_POINT('',(-19.409162626781,-66.9158404073301,1.29926133347465));
#8561=CARTESIAN_POINT('',(-19.4045136967283,-66.9329182617454,0.999340766584771));
#8562=CARTESIAN_POINT('',(-19.4045136967283,-67.0743396179827,1.14076212282208));
#8563=CARTESIAN_POINT('',(-19.4045136967283,-66.9329182617454,0.999340766584771));
#8564=CARTESIAN_POINT('Origin',(-19.3887971439939,-66.7366775069596,1.47842423384514));
#8565=CARTESIAN_POINT('',(-19.3887971439939,-66.7366775069596,1.47842423384514));
#8566=CARTESIAN_POINT('',(-19.3867508285746,-66.6927134649727,1.52238827583206));
#8567=CARTESIAN_POINT('',(-19.3887971439939,-66.5952561507223,1.33700287760783));
#8568=CARTESIAN_POINT('',(-19.3887971439939,-66.7366775069596,1.47842423384514));
#8569=CARTESIAN_POINT('',(-19.3887971439939,-66.5952561507223,1.33700287760783));
#8570=CARTESIAN_POINT('Ctrl Pts',(-19.2381380596738,-66.5253920889938,1.68970965181101));
#8571=CARTESIAN_POINT('Ctrl Pts',(-19.2381380596738,-66.3839707327565,1.5482882955737));
#8572=CARTESIAN_POINT('Ctrl Pts',(-19.281438315188,-66.540407756905,1.67469398389978));
#8573=CARTESIAN_POINT('Ctrl Pts',(-19.281438315188,-66.3989864006677,1.53327262766247));
#8574=CARTESIAN_POINT('Ctrl Pts',(-19.3973815185693,-66.5806145551759,1.63448718562886));
#8575=CARTESIAN_POINT('Ctrl Pts',(-19.3973815185693,-66.4391931989386,1.49306582939155));
#8576=CARTESIAN_POINT('Ctrl Pts',(-19.3921038251612,-66.6765624200598,1.53853932074502));
#8577=CARTESIAN_POINT('Ctrl Pts',(-19.3921038251612,-66.5351410638225,1.39711796450771));
#8578=CARTESIAN_POINT('Ctrl Pts',(-19.3887971439939,-66.7366775069596,1.47842423384514));
#8579=CARTESIAN_POINT('Ctrl Pts',(-19.3887971439939,-66.5952561507223,1.33700287760783));
#8580=CARTESIAN_POINT('',(-19.2381380596738,-66.5253920889938,1.68970965181101));
#8581=CARTESIAN_POINT('Ctrl Pts',(-19.2381380596738,-66.5253920889938,1.68970965181101));
#8582=CARTESIAN_POINT('Ctrl Pts',(-19.281438315188,-66.540407756905,1.67469398389978));
#8583=CARTESIAN_POINT('Ctrl Pts',(-19.3973815185693,-66.5806145551759,1.63448718562886));
#8584=CARTESIAN_POINT('Ctrl Pts',(-19.3921038251612,-66.6765624200598,1.53853932074502));
#8585=CARTESIAN_POINT('Ctrl Pts',(-19.3887971439939,-66.7366775069596,1.47842423384514));
#8586=CARTESIAN_POINT('',(-19.2381380596738,-66.3839707327565,1.5482882955737));
#8587=CARTESIAN_POINT('',(-19.2381380596738,-66.5253920889938,1.68970965181101));
#8588=CARTESIAN_POINT('Ctrl Pts',(-19.2381380596738,-66.3839707327565,1.5482882955737));
#8589=CARTESIAN_POINT('Ctrl Pts',(-19.281438315188,-66.3989864006677,1.53327262766247));
#8590=CARTESIAN_POINT('Ctrl Pts',(-19.3973815185693,-66.4391931989386,1.49306582939155));
#8591=CARTESIAN_POINT('Ctrl Pts',(-19.3921038251612,-66.5351410638225,1.39711796450771));
#8592=CARTESIAN_POINT('Ctrl Pts',(-19.3887971439939,-66.5952561507223,1.33700287760783));
#8593=CARTESIAN_POINT('Ctrl Pts',(-19.0530870953184,-66.7524565494723,1.46264519133251));
#8594=CARTESIAN_POINT('Ctrl Pts',(-19.0530870953184,-66.611035193235,1.3212238350952));
#8595=CARTESIAN_POINT('Ctrl Pts',(-19.0582502643265,-66.6878954625636,1.52720627824116));
#8596=CARTESIAN_POINT('Ctrl Pts',(-19.0582502643265,-66.5464741063263,1.38578492200385));
#8597=CARTESIAN_POINT('Ctrl Pts',(-19.0664721797559,-66.585087323655,1.63001441714974));
#8598=CARTESIAN_POINT('Ctrl Pts',(-19.0664721797559,-66.4436659674177,1.48859306091243));
#8599=CARTESIAN_POINT('Ctrl Pts',(-19.191590933024,-66.5415784252039,1.67352331560083));
#8600=CARTESIAN_POINT('Ctrl Pts',(-19.191590933024,-66.4001570689666,1.53210195936352));
#8601=CARTESIAN_POINT('Ctrl Pts',(-19.2381380596738,-66.5253920889938,1.68970965181101));
#8602=CARTESIAN_POINT('Ctrl Pts',(-19.2381380596738,-66.3839707327565,1.5482882955737));
#8603=CARTESIAN_POINT('Ctrl Pts',(-19.0530870953184,-66.7524565494723,1.46264519133251));
#8604=CARTESIAN_POINT('Ctrl Pts',(-19.0582502643265,-66.6878954625636,1.52720627824116));
#8605=CARTESIAN_POINT('Ctrl Pts',(-19.0664721797559,-66.585087323655,1.63001441714974));
#8606=CARTESIAN_POINT('Ctrl Pts',(-19.191590933024,-66.5415784252039,1.67352331560083));
#8607=CARTESIAN_POINT('Ctrl Pts',(-19.2381380596738,-66.5253920889938,1.68970965181101));
#8608=CARTESIAN_POINT('Ctrl Pts',(-19.0530870953184,-66.611035193235,1.3212238350952));
#8609=CARTESIAN_POINT('Ctrl Pts',(-19.0582502643265,-66.5464741063263,1.38578492200385));
#8610=CARTESIAN_POINT('Ctrl Pts',(-19.0664721797559,-66.4436659674177,1.48859306091243));
#8611=CARTESIAN_POINT('Ctrl Pts',(-19.191590933024,-66.4001570689666,1.53210195936352));
#8612=CARTESIAN_POINT('Ctrl Pts',(-19.2381380596738,-66.3839707327565,1.5482882955737));
#8613=CARTESIAN_POINT('Origin',(-19.0511463680845,-66.4316077646243,1.78349397618048));
#8614=CARTESIAN_POINT('',(-19.0511463680845,-66.4316077646243,1.78349397618048));
#8615=CARTESIAN_POINT('',(-19.0511463680845,-65.7464459413001,2.46865579950465));
#8616=CARTESIAN_POINT('',(-19.0511463680845,-66.5733547527145,1.64174698809024));
#8617=CARTESIAN_POINT('',(-19.0511463680845,-66.290186408387,1.64207261994317));
#8618=CARTESIAN_POINT('',(-19.0511463680845,-66.4316077646243,1.78349397618048));
#8619=CARTESIAN_POINT('',(-19.0511463680845,-65.6050245850628,2.32723444326734));
#8620=CARTESIAN_POINT('',(-19.0511463680845,-66.290186408387,1.64207261994317));
#8621=CARTESIAN_POINT('',(-19.0511463680845,-65.7464459413001,2.46865579950465));
#8622=CARTESIAN_POINT('Ctrl Pts',(-19.4903706112486,-66.2421389252202,1.97296281558454));
#8623=CARTESIAN_POINT('Ctrl Pts',(-19.4903706112486,-66.1007175689829,1.83154145934723));
#8624=CARTESIAN_POINT('Ctrl Pts',(-19.3909018146075,-66.2486980288501,1.96640371195469));
#8625=CARTESIAN_POINT('Ctrl Pts',(-19.3909018146075,-66.1072766726128,1.82498235571738));
#8626=CARTESIAN_POINT('Ctrl Pts',(-19.1995812150618,-66.2613139614975,1.95378777930723));
#8627=CARTESIAN_POINT('Ctrl Pts',(-19.1995812150618,-66.1198926052602,1.81236642306992));
#8628=CARTESIAN_POINT('Ctrl Pts',(-19.099293744703,-66.3763700624141,1.83873167839064));
#8629=CARTESIAN_POINT('Ctrl Pts',(-19.099293744703,-66.2349487061768,1.69731032215333));
#8630=CARTESIAN_POINT('Ctrl Pts',(-19.0511463680845,-66.4316077646243,1.78349397618048));
#8631=CARTESIAN_POINT('Ctrl Pts',(-19.0511463680845,-66.290186408387,1.64207261994317));
#8632=CARTESIAN_POINT('',(-19.4903706112486,-66.2421389252202,1.97296281558454));
#8633=CARTESIAN_POINT('Ctrl Pts',(-19.4903706112486,-66.2421389252202,1.97296281558454));
#8634=CARTESIAN_POINT('Ctrl Pts',(-19.3909018146075,-66.2486980288501,1.96640371195469));
#8635=CARTESIAN_POINT('Ctrl Pts',(-19.1995812150618,-66.2613139614975,1.95378777930723));
#8636=CARTESIAN_POINT('Ctrl Pts',(-19.099293744703,-66.3763700624141,1.83873167839064));
#8637=CARTESIAN_POINT('Ctrl Pts',(-19.0511463680845,-66.4316077646243,1.78349397618048));
#8638=CARTESIAN_POINT('',(-19.4903706112486,-66.1007175689829,1.83154145934723));
#8639=CARTESIAN_POINT('',(-19.4903706112486,-66.2421389252202,1.97296281558454));
#8640=CARTESIAN_POINT('Ctrl Pts',(-19.4903706112486,-66.1007175689829,1.83154145934723));
#8641=CARTESIAN_POINT('Ctrl Pts',(-19.3909018146075,-66.1072766726128,1.82498235571738));
#8642=CARTESIAN_POINT('Ctrl Pts',(-19.1995812150618,-66.1198926052602,1.81236642306992));
#8643=CARTESIAN_POINT('Ctrl Pts',(-19.099293744703,-66.2349487061768,1.69731032215333));
#8644=CARTESIAN_POINT('Ctrl Pts',(-19.0511463680845,-66.290186408387,1.64207261994317));
#8645=CARTESIAN_POINT('Ctrl Pts',(-20.3029631176572,-67.0839850296315,1.13111671117324));
#8646=CARTESIAN_POINT('Ctrl Pts',(-20.3029631176572,-66.9425636733942,0.989695354935934));
#8647=CARTESIAN_POINT('Ctrl Pts',(-20.2945830808508,-66.8402765517685,1.37482518903625));
#8648=CARTESIAN_POINT('Ctrl Pts',(-20.2945830808508,-66.6988551955312,1.23340383279894));
#8649=CARTESIAN_POINT('Ctrl Pts',(-20.2799963113444,-66.4160636902411,1.79903805056372));
#8650=CARTESIAN_POINT('Ctrl Pts',(-20.2799963113444,-66.2746423340038,1.65761669432641));
#8651=CARTESIAN_POINT('Ctrl Pts',(-19.7260690330393,-66.2940543993756,1.92104734142917));
#8652=CARTESIAN_POINT('Ctrl Pts',(-19.7260690330393,-66.1526330431383,1.77962598519186));
#8653=CARTESIAN_POINT('Ctrl Pts',(-19.4903706112486,-66.2421389252202,1.97296281558454));
#8654=CARTESIAN_POINT('Ctrl Pts',(-19.4903706112486,-66.1007175689829,1.83154145934723));
#8655=CARTESIAN_POINT('',(-20.3029631176572,-67.0839850296315,1.13111671117324));
#8656=CARTESIAN_POINT('Ctrl Pts',(-20.3029631176572,-67.0839850296315,1.13111671117324));
#8657=CARTESIAN_POINT('Ctrl Pts',(-20.2945830808508,-66.8402765517685,1.37482518903625));
#8658=CARTESIAN_POINT('Ctrl Pts',(-20.2799963113444,-66.4160636902411,1.79903805056372));
#8659=CARTESIAN_POINT('Ctrl Pts',(-19.7260690330393,-66.2940543993756,1.92104734142917));
#8660=CARTESIAN_POINT('Ctrl Pts',(-19.4903706112486,-66.2421389252202,1.97296281558454));
#8661=CARTESIAN_POINT('',(-20.3029631176572,-66.9425636733942,0.989695354935934));
#8662=CARTESIAN_POINT('',(-20.3029631176572,-67.0839850296315,1.13111671117324));
#8663=CARTESIAN_POINT('Ctrl Pts',(-20.3029631176572,-66.9425636733942,0.989695354935934));
#8664=CARTESIAN_POINT('Ctrl Pts',(-20.2945830808508,-66.6988551955312,1.23340383279894));
#8665=CARTESIAN_POINT('Ctrl Pts',(-20.2799963113444,-66.2746423340038,1.65761669432641));
#8666=CARTESIAN_POINT('Ctrl Pts',(-19.7260690330393,-66.1526330431383,1.77962598519186));
#8667=CARTESIAN_POINT('Ctrl Pts',(-19.4903706112486,-66.1007175689829,1.83154145934723));
#8668=CARTESIAN_POINT('Ctrl Pts',(-19.5330952206236,-67.9031728829163,0.311928857888524));
#8669=CARTESIAN_POINT('Ctrl Pts',(-19.5330952206236,-67.7617515266789,0.170507501651214));
#8670=CARTESIAN_POINT('Ctrl Pts',(-19.7562436961886,-67.8518118113915,0.363289929413226));
#8671=CARTESIAN_POINT('Ctrl Pts',(-19.7562436961886,-67.7103904551542,0.221868573175917));
#8672=CARTESIAN_POINT('Ctrl Pts',(-20.2868199323142,-67.7296914879434,0.485410252861338));
#8673=CARTESIAN_POINT('Ctrl Pts',(-20.2868199323142,-67.5882701317061,0.343988896624028));
#8674=CARTESIAN_POINT('Ctrl Pts',(-20.2970408746394,-67.3208670627046,0.894234678100219));
#8675=CARTESIAN_POINT('Ctrl Pts',(-20.2970408746394,-67.1794457064672,0.752813321862909));
#8676=CARTESIAN_POINT('Ctrl Pts',(-20.3029631176572,-67.0839850296315,1.13111671117324));
#8677=CARTESIAN_POINT('Ctrl Pts',(-20.3029631176572,-66.9425636733942,0.989695354935934));
#8678=CARTESIAN_POINT('',(-19.5330952206236,-67.9031728829163,0.311928857888524));
#8679=CARTESIAN_POINT('Ctrl Pts',(-19.5330952206236,-67.9031728829163,0.311928857888524));
#8680=CARTESIAN_POINT('Ctrl Pts',(-19.7562436961886,-67.8518118113915,0.363289929413226));
#8681=CARTESIAN_POINT('Ctrl Pts',(-20.2868199323142,-67.7296914879434,0.485410252861338));
#8682=CARTESIAN_POINT('Ctrl Pts',(-20.2970408746394,-67.3208670627046,0.894234678100219));
#8683=CARTESIAN_POINT('Ctrl Pts',(-20.3029631176572,-67.0839850296315,1.13111671117324));
#8684=CARTESIAN_POINT('',(-19.5330952206236,-67.7617515266789,0.170507501651214));
#8685=CARTESIAN_POINT('',(-19.5330952206236,-67.9031728829163,0.311928857888524));
#8686=CARTESIAN_POINT('Ctrl Pts',(-19.5330952206236,-67.7617515266789,0.170507501651214));
#8687=CARTESIAN_POINT('Ctrl Pts',(-19.7562436961886,-67.7103904551542,0.221868573175917));
#8688=CARTESIAN_POINT('Ctrl Pts',(-20.2868199323142,-67.5882701317061,0.343988896624028));
#8689=CARTESIAN_POINT('Ctrl Pts',(-20.2970408746394,-67.1794457064672,0.752813321862909));
#8690=CARTESIAN_POINT('Ctrl Pts',(-20.3029631176572,-66.9425636733942,0.989695354935934));
#8691=CARTESIAN_POINT('Ctrl Pts',(-19.0511463680845,-67.7365065422278,0.478595198576972));
#8692=CARTESIAN_POINT('Ctrl Pts',(-19.0511463680845,-67.5950851859905,0.337173842339663));
#8693=CARTESIAN_POINT('Ctrl Pts',(-19.1081183956585,-67.7850336552444,0.430068085560373));
#8694=CARTESIAN_POINT('Ctrl Pts',(-19.1081183956585,-67.6436122990071,0.288646729323064));
#8695=CARTESIAN_POINT('Ctrl Pts',(-19.2320856099753,-67.8906253161994,0.324476424605402));
#8696=CARTESIAN_POINT('Ctrl Pts',(-19.2320856099753,-67.7492039599621,0.183055068368093));
#8697=CARTESIAN_POINT('Ctrl Pts',(-19.4274922591774,-67.8987708301001,0.316330910704683));
#8698=CARTESIAN_POINT('Ctrl Pts',(-19.4274922591774,-67.7573494738628,0.174909554467373));
#8699=CARTESIAN_POINT('Ctrl Pts',(-19.5330952206236,-67.9031728829163,0.311928857888524));
#8700=CARTESIAN_POINT('Ctrl Pts',(-19.5330952206236,-67.7617515266789,0.170507501651214));
#8701=CARTESIAN_POINT('',(-19.0511463680845,-67.7365065422278,0.478595198576972));
#8702=CARTESIAN_POINT('Ctrl Pts',(-19.0511463680845,-67.7365065422278,0.478595198576972));
#8703=CARTESIAN_POINT('Ctrl Pts',(-19.1081183956585,-67.7850336552444,0.430068085560373));
#8704=CARTESIAN_POINT('Ctrl Pts',(-19.2320856099753,-67.8906253161994,0.324476424605402));
#8705=CARTESIAN_POINT('Ctrl Pts',(-19.4274922591774,-67.8987708301001,0.316330910704683));
#8706=CARTESIAN_POINT('Ctrl Pts',(-19.5330952206236,-67.9031728829163,0.311928857888524));
#8707=CARTESIAN_POINT('',(-19.0511463680845,-67.5950851859905,0.337173842339663));
#8708=CARTESIAN_POINT('',(-19.0511463680845,-67.7365065422278,0.478595198576972));
#8709=CARTESIAN_POINT('Ctrl Pts',(-19.0511463680845,-67.5950851859905,0.337173842339663));
#8710=CARTESIAN_POINT('Ctrl Pts',(-19.1081183956585,-67.6436122990071,0.288646729323064));
#8711=CARTESIAN_POINT('Ctrl Pts',(-19.2320856099753,-67.7492039599621,0.183055068368093));
#8712=CARTESIAN_POINT('Ctrl Pts',(-19.4274922591774,-67.7573494738628,0.174909554467373));
#8713=CARTESIAN_POINT('Ctrl Pts',(-19.5330952206236,-67.7617515266789,0.170507501651214));
#8714=CARTESIAN_POINT('Origin',(-19.0511463680845,-67.8677661584192,0.347335582385555));
#8715=CARTESIAN_POINT('',(-19.0511463680845,-67.8677661584192,0.347335582385555));
#8716=CARTESIAN_POINT('',(-19.0511463680845,-67.291433949612,0.923667791192776));
#8717=CARTESIAN_POINT('',(-19.0511463680845,-67.7263448021819,0.205914226148246));
#8718=CARTESIAN_POINT('',(-19.0511463680845,-67.8677661584192,0.347335582385555));
#8719=CARTESIAN_POINT('',(-19.0511463680845,-67.7263448021819,0.205914226148246));
#8720=CARTESIAN_POINT('Origin',(-18.1824968853574,-67.8677661584192,0.347335582385555));
#8721=CARTESIAN_POINT('',(-18.1824968853574,-67.8677661584192,0.347335582385555));
#8722=CARTESIAN_POINT('',(-17.3580550287336,-67.8677661584192,0.347335582385548));
#8723=CARTESIAN_POINT('',(-18.1824968853574,-67.7263448021819,0.205914226148246));
#8724=CARTESIAN_POINT('',(-18.1824968853574,-67.8677661584192,0.347335582385555));
#8725=CARTESIAN_POINT('',(-18.1824968853574,-67.7263448021819,0.205914226148246));
#8726=CARTESIAN_POINT('Origin',(-18.1824968853574,-65.7147435033187,2.50035823748606));
#8727=CARTESIAN_POINT('',(-18.1824968853574,-65.7147435033187,2.50035823748606));
#8728=CARTESIAN_POINT('',(-18.1824968853574,-66.2149226220617,2.00017911874303));
#8729=CARTESIAN_POINT('',(-18.1824968853574,-65.5733221470814,2.35893688124875));
#8730=CARTESIAN_POINT('',(-18.1824968853574,-65.7147435033187,2.50035823748606));
#8731=CARTESIAN_POINT('',(-18.1824968853574,-65.5733221470814,2.35893688124875));
#8732=CARTESIAN_POINT('Ctrl Pts',(-19.0511463680845,-65.7464459413001,2.46865579950465));
#8733=CARTESIAN_POINT('Ctrl Pts',(-19.0511463680845,-65.6050245850628,2.32723444326734));
#8734=CARTESIAN_POINT('Ctrl Pts',(-18.9124157525707,-65.7449095924899,2.47019214831485));
#8735=CARTESIAN_POINT('Ctrl Pts',(-18.9124157525707,-65.6034882362526,2.32877079207754));
#8736=CARTESIAN_POINT('Ctrl Pts',(-18.6223397651232,-65.7416971948765,2.47340454592823));
#8737=CARTESIAN_POINT('Ctrl Pts',(-18.6223397651232,-65.6002758386392,2.33198318969092));
#8738=CARTESIAN_POINT('Ctrl Pts',(-18.3333010610409,-65.7239848243085,2.49111691649623));
#8739=CARTESIAN_POINT('Ctrl Pts',(-18.3333010610409,-65.5825634680712,2.34969556025892));
#8740=CARTESIAN_POINT('Ctrl Pts',(-18.1824968853574,-65.7147435033187,2.50035823748606));
#8741=CARTESIAN_POINT('Ctrl Pts',(-18.1824968853574,-65.5733221470814,2.35893688124875));
#8742=CARTESIAN_POINT('Ctrl Pts',(-19.0511463680845,-65.7464459413001,2.46865579950465));
#8743=CARTESIAN_POINT('Ctrl Pts',(-18.9124157525707,-65.7449095924899,2.47019214831485));
#8744=CARTESIAN_POINT('Ctrl Pts',(-18.6223397651232,-65.7416971948765,2.47340454592823));
#8745=CARTESIAN_POINT('Ctrl Pts',(-18.3333010610409,-65.7239848243085,2.49111691649623));
#8746=CARTESIAN_POINT('Ctrl Pts',(-18.1824968853574,-65.7147435033187,2.50035823748606));
#8747=CARTESIAN_POINT('Ctrl Pts',(-19.0511463680845,-65.6050245850628,2.32723444326734));
#8748=CARTESIAN_POINT('Ctrl Pts',(-18.9124157525707,-65.6034882362526,2.32877079207754));
#8749=CARTESIAN_POINT('Ctrl Pts',(-18.6223397651232,-65.6002758386392,2.33198318969092));
#8750=CARTESIAN_POINT('Ctrl Pts',(-18.3333010610409,-65.5825634680712,2.34969556025892));
#8751=CARTESIAN_POINT('Ctrl Pts',(-18.1824968853574,-65.5733221470814,2.35893688124875));
#8752=CARTESIAN_POINT('Origin',(-26.1298845806699,-66.6675368368802,1.26472219144998));
#8753=CARTESIAN_POINT('Ctrl Pts',(-21.695468286572,-67.627616787352,0.587484953452746));
#8754=CARTESIAN_POINT('Ctrl Pts',(-21.695468286572,-67.4861954311147,0.446063597215436));
#8755=CARTESIAN_POINT('Ctrl Pts',(-21.6380641529446,-67.6087616212414,0.606340119563411));
#8756=CARTESIAN_POINT('Ctrl Pts',(-21.6380641529446,-67.4673402650041,0.464918763326101));
#8757=CARTESIAN_POINT('Ctrl Pts',(-21.4868785714357,-67.5591026668638,0.655999073940952));
#8758=CARTESIAN_POINT('Ctrl Pts',(-21.4868785714357,-67.4176813106265,0.514577717703642));
#8759=CARTESIAN_POINT('Ctrl Pts',(-21.4925051668414,-67.435390620836,0.77971111996876));
#8760=CARTESIAN_POINT('Ctrl Pts',(-21.4925051668414,-67.2939692645987,0.638289763731451));
#8761=CARTESIAN_POINT('Ctrl Pts',(-21.4959953823667,-67.3586511944895,0.856450546315326));
#8762=CARTESIAN_POINT('Ctrl Pts',(-21.4959953823667,-67.2172298382522,0.715029190078016));
#8763=CARTESIAN_POINT('',(-21.695468286572,-67.627616787352,0.587484953452746));
#8764=CARTESIAN_POINT('',(-21.4959953823667,-67.3586511944895,0.856450546315326));
#8765=CARTESIAN_POINT('Ctrl Pts',(-21.695468286572,-67.627616787352,0.587484953452746));
#8766=CARTESIAN_POINT('Ctrl Pts',(-21.6380641529446,-67.6087616212414,0.606340119563411));
#8767=CARTESIAN_POINT('Ctrl Pts',(-21.4868785714357,-67.5591026668638,0.655999073940952));
#8768=CARTESIAN_POINT('Ctrl Pts',(-21.4925051668414,-67.435390620836,0.77971111996876));
#8769=CARTESIAN_POINT('Ctrl Pts',(-21.4959953823667,-67.3586511944895,0.856450546315326));
#8770=CARTESIAN_POINT('',(-21.695468286572,-67.4861954311147,0.446063597215436));
#8771=CARTESIAN_POINT('',(-21.695468286572,-67.627616787352,0.587484953452746));
#8772=CARTESIAN_POINT('',(-21.4959953823667,-67.2172298382522,0.715029190078016));
#8773=CARTESIAN_POINT('Ctrl Pts',(-21.695468286572,-67.4861954311147,0.446063597215436));
#8774=CARTESIAN_POINT('Ctrl Pts',(-21.6380641529446,-67.4673402650041,0.464918763326101));
#8775=CARTESIAN_POINT('Ctrl Pts',(-21.4868785714357,-67.4176813106265,0.514577717703642));
#8776=CARTESIAN_POINT('Ctrl Pts',(-21.4925051668414,-67.2939692645987,0.638289763731451));
#8777=CARTESIAN_POINT('Ctrl Pts',(-21.4959953823667,-67.2172298382522,0.715029190078016));
#8778=CARTESIAN_POINT('',(-21.4959953823667,-67.3586511944895,0.856450546315326));
#8779=CARTESIAN_POINT('Ctrl Pts',(-21.8160234490018,-67.3562218501413,0.858879890663493));
#8780=CARTESIAN_POINT('Ctrl Pts',(-21.8160234490018,-67.214800493904,0.717458534426184));
#8781=CARTESIAN_POINT('Ctrl Pts',(-21.8252542263912,-67.4303222301342,0.784779510670552));
#8782=CARTESIAN_POINT('Ctrl Pts',(-21.8252542263912,-67.2889008738969,0.643358154433243));
#8783=CARTESIAN_POINT('Ctrl Pts',(-21.8386897655245,-67.538176478286,0.676925262518817));
#8784=CARTESIAN_POINT('Ctrl Pts',(-21.8386897655245,-67.3967551220487,0.535503906281508));
#8785=CARTESIAN_POINT('Ctrl Pts',(-21.7296067176452,-67.6062976957706,0.608804045034179));
#8786=CARTESIAN_POINT('Ctrl Pts',(-21.7296067176452,-67.4648763395333,0.46738268879687));
#8787=CARTESIAN_POINT('Ctrl Pts',(-21.695468286572,-67.627616787352,0.587484953452746));
#8788=CARTESIAN_POINT('Ctrl Pts',(-21.695468286572,-67.4861954311147,0.446063597215436));
#8789=CARTESIAN_POINT('',(-21.8160234490018,-67.3562218501413,0.858879890663493));
#8790=CARTESIAN_POINT('Ctrl Pts',(-21.8160234490018,-67.3562218501413,0.858879890663493));
#8791=CARTESIAN_POINT('Ctrl Pts',(-21.8252542263912,-67.4303222301342,0.784779510670552));
#8792=CARTESIAN_POINT('Ctrl Pts',(-21.8386897655245,-67.538176478286,0.676925262518817));
#8793=CARTESIAN_POINT('Ctrl Pts',(-21.7296067176452,-67.6062976957706,0.608804045034179));
#8794=CARTESIAN_POINT('Ctrl Pts',(-21.695468286572,-67.627616787352,0.587484953452746));
#8795=CARTESIAN_POINT('',(-21.8160234490018,-67.214800493904,0.717458534426184));
#8796=CARTESIAN_POINT('',(-21.8160234490018,-67.3562218501413,0.858879890663493));
#8797=CARTESIAN_POINT('Ctrl Pts',(-21.8160234490018,-67.214800493904,0.717458534426184));
#8798=CARTESIAN_POINT('Ctrl Pts',(-21.8252542263912,-67.2889008738969,0.643358154433243));
#8799=CARTESIAN_POINT('Ctrl Pts',(-21.8386897655245,-67.3967551220487,0.535503906281508));
#8800=CARTESIAN_POINT('Ctrl Pts',(-21.7296067176452,-67.4648763395333,0.46738268879687));
#8801=CARTESIAN_POINT('Ctrl Pts',(-21.695468286572,-67.4861954311147,0.446063597215436));
#8802=CARTESIAN_POINT('Ctrl Pts',(-21.5980111160856,-67.0477364218355,1.16736531896928));
#8803=CARTESIAN_POINT('Ctrl Pts',(-21.5980111160856,-66.9063150655982,1.02594396273197));
#8804=CARTESIAN_POINT('Ctrl Pts',(-21.6615343968088,-67.0851621377776,1.12993960302718));
#8805=CARTESIAN_POINT('Ctrl Pts',(-21.6615343968088,-66.9437407815403,0.988518246789867));
#8806=CARTESIAN_POINT('Ctrl Pts',(-21.7968499283413,-67.1648853603195,1.05021638048528));
#8807=CARTESIAN_POINT('Ctrl Pts',(-21.7968499283413,-67.0234640040822,0.908795024247971));
#8808=CARTESIAN_POINT('Ctrl Pts',(-21.8093771019231,-67.2898965913271,0.925205149477679));
#8809=CARTESIAN_POINT('Ctrl Pts',(-21.8093771019231,-67.1484752350898,0.78378379324037));
#8810=CARTESIAN_POINT('Ctrl Pts',(-21.8160234490018,-67.3562218501413,0.858879890663493));
#8811=CARTESIAN_POINT('Ctrl Pts',(-21.8160234490018,-67.214800493904,0.717458534426184));
#8812=CARTESIAN_POINT('',(-21.5980111160856,-67.0477364218355,1.16736531896928));
#8813=CARTESIAN_POINT('Ctrl Pts',(-21.5980111160856,-67.0477364218355,1.16736531896928));
#8814=CARTESIAN_POINT('Ctrl Pts',(-21.6615343968088,-67.0851621377776,1.12993960302718));
#8815=CARTESIAN_POINT('Ctrl Pts',(-21.7968499283413,-67.1648853603195,1.05021638048528));
#8816=CARTESIAN_POINT('Ctrl Pts',(-21.8093771019231,-67.2898965913271,0.925205149477679));
#8817=CARTESIAN_POINT('Ctrl Pts',(-21.8160234490018,-67.3562218501413,0.858879890663493));
#8818=CARTESIAN_POINT('',(-21.5980111160856,-66.9063150655982,1.02594396273197));
#8819=CARTESIAN_POINT('',(-21.5980111160856,-67.0477364218355,1.16736531896928));
#8820=CARTESIAN_POINT('Ctrl Pts',(-21.5980111160856,-66.9063150655982,1.02594396273197));
#8821=CARTESIAN_POINT('Ctrl Pts',(-21.6615343968088,-66.9437407815403,0.988518246789867));
#8822=CARTESIAN_POINT('Ctrl Pts',(-21.7968499283413,-67.0234640040822,0.908795024247971));
#8823=CARTESIAN_POINT('Ctrl Pts',(-21.8093771019231,-67.1484752350898,0.78378379324037));
#8824=CARTESIAN_POINT('Ctrl Pts',(-21.8160234490018,-67.214800493904,0.717458534426184));
#8825=CARTESIAN_POINT('Ctrl Pts',(-21.4959953823667,-66.9533748963757,1.26172684442911));
#8826=CARTESIAN_POINT('Ctrl Pts',(-21.4959953823667,-66.8119535401384,1.1203054881918));
#8827=CARTESIAN_POINT('Ctrl Pts',(-21.5021318739451,-66.9711524331374,1.2439493076674));
#8828=CARTESIAN_POINT('Ctrl Pts',(-21.5021318739451,-66.8297310769001,1.10252795143009));
#8829=CARTESIAN_POINT('Ctrl Pts',(-21.5163896525114,-67.0124574979882,1.20264424281662));
#8830=CARTESIAN_POINT('Ctrl Pts',(-21.5163896525114,-66.8710361417508,1.06122288657931));
#8831=CARTESIAN_POINT('Ctrl Pts',(-21.5683909637851,-67.0349338200247,1.18016792078008));
#8832=CARTESIAN_POINT('Ctrl Pts',(-21.5683909637851,-66.8935124637874,1.03874656454277));
#8833=CARTESIAN_POINT('Ctrl Pts',(-21.5980111160856,-67.0477364218355,1.16736531896928));
#8834=CARTESIAN_POINT('Ctrl Pts',(-21.5980111160856,-66.9063150655982,1.02594396273197));
#8835=CARTESIAN_POINT('',(-21.4959953823667,-66.9533748963757,1.26172684442911));
#8836=CARTESIAN_POINT('Ctrl Pts',(-21.4959953823667,-66.9533748963757,1.26172684442911));
#8837=CARTESIAN_POINT('Ctrl Pts',(-21.5021318739451,-66.9711524331374,1.2439493076674));
#8838=CARTESIAN_POINT('Ctrl Pts',(-21.5163896525114,-67.0124574979882,1.20264424281662));
#8839=CARTESIAN_POINT('Ctrl Pts',(-21.5683909637851,-67.0349338200247,1.18016792078008));
#8840=CARTESIAN_POINT('Ctrl Pts',(-21.5980111160856,-67.0477364218355,1.16736531896928));
#8841=CARTESIAN_POINT('',(-21.4959953823667,-66.8119535401384,1.1203054881918));
#8842=CARTESIAN_POINT('',(-21.4959953823667,-66.9533748963757,1.26172684442911));
#8843=CARTESIAN_POINT('Ctrl Pts',(-21.4959953823667,-66.8119535401384,1.1203054881918));
#8844=CARTESIAN_POINT('Ctrl Pts',(-21.5021318739451,-66.8297310769001,1.10252795143009));
#8845=CARTESIAN_POINT('Ctrl Pts',(-21.5163896525114,-66.8710361417508,1.06122288657931));
#8846=CARTESIAN_POINT('Ctrl Pts',(-21.5683909637851,-66.8935124637874,1.03874656454277));
#8847=CARTESIAN_POINT('Ctrl Pts',(-21.5980111160856,-66.9063150655982,1.02594396273197));
#8848=CARTESIAN_POINT('Origin',(-21.4959953823667,-67.3586511944895,0.856450546315326));
#8849=CARTESIAN_POINT('',(-21.4959953823667,-67.0368764676471,1.17822527315766));
#8850=CARTESIAN_POINT('',(-21.4959953823667,-67.2172298382522,0.715029190078016));
#8851=CARTESIAN_POINT('Ctrl Pts',(-20.5428455868345,-67.6445503374125,0.570551403392283));
#8852=CARTESIAN_POINT('Ctrl Pts',(-20.5428455868345,-67.5031289811752,0.429130047154974));
#8853=CARTESIAN_POINT('Ctrl Pts',(-20.5258554206861,-67.6421884245984,0.572913316206343));
#8854=CARTESIAN_POINT('Ctrl Pts',(-20.5258554206861,-67.5007670683611,0.431491959969033));
#8855=CARTESIAN_POINT('Ctrl Pts',(-20.4765852727269,-67.6353390628677,0.579762677937063));
#8856=CARTESIAN_POINT('Ctrl Pts',(-20.4765852727269,-67.4939177066304,0.438341321699754));
#8857=CARTESIAN_POINT('Ctrl Pts',(-20.4300133734313,-67.6218813319287,0.593220408876118));
#8858=CARTESIAN_POINT('Ctrl Pts',(-20.4300133734313,-67.4804599756913,0.451799052638809));
#8859=CARTESIAN_POINT('Ctrl Pts',(-20.3995011845213,-67.6130643234982,0.602037417306587));
#8860=CARTESIAN_POINT('Ctrl Pts',(-20.3995011845213,-67.4716429672609,0.460616061069277));
#8861=CARTESIAN_POINT('',(-20.5428455868345,-67.6445503374125,0.570551403392283));
#8862=CARTESIAN_POINT('',(-20.3995011845213,-67.6130643234982,0.602037417306587));
#8863=CARTESIAN_POINT('Ctrl Pts',(-20.5428455868345,-67.6445503374125,0.570551403392283));
#8864=CARTESIAN_POINT('Ctrl Pts',(-20.5258554206861,-67.6421884245984,0.572913316206343));
#8865=CARTESIAN_POINT('Ctrl Pts',(-20.4765852727269,-67.6353390628677,0.579762677937063));
#8866=CARTESIAN_POINT('Ctrl Pts',(-20.4300133734313,-67.6218813319287,0.593220408876118));
#8867=CARTESIAN_POINT('Ctrl Pts',(-20.3995011845213,-67.6130643234982,0.602037417306587));
#8868=CARTESIAN_POINT('',(-20.5428455868345,-67.5031289811752,0.429130047154974));
#8869=CARTESIAN_POINT('',(-20.5428455868345,-67.6445503374125,0.570551403392283));
#8870=CARTESIAN_POINT('',(-20.3995011845213,-67.4716429672609,0.460616061069277));
#8871=CARTESIAN_POINT('Ctrl Pts',(-20.5428455868345,-67.5031289811752,0.429130047154974));
#8872=CARTESIAN_POINT('Ctrl Pts',(-20.5258554206861,-67.5007670683611,0.431491959969033));
#8873=CARTESIAN_POINT('Ctrl Pts',(-20.4765852727269,-67.4939177066304,0.438341321699754));
#8874=CARTESIAN_POINT('Ctrl Pts',(-20.4300133734313,-67.4804599756914,0.451799052638809));
#8875=CARTESIAN_POINT('Ctrl Pts',(-20.3995011845213,-67.4716429672609,0.460616061069277));
#8876=CARTESIAN_POINT('',(-20.3995011845213,-67.6130643234982,0.602037417306587));
#8877=CARTESIAN_POINT('Ctrl Pts',(-20.6273458996397,-67.5336881100264,0.681413630778369));
#8878=CARTESIAN_POINT('Ctrl Pts',(-20.6273458996397,-67.3922667537891,0.53999227454106));
#8879=CARTESIAN_POINT('Ctrl Pts',(-20.6285657504909,-67.5653772188308,0.649724521973929));
#8880=CARTESIAN_POINT('Ctrl Pts',(-20.6285657504909,-67.4239558625935,0.508303165736619));
#8881=CARTESIAN_POINT('Ctrl Pts',(-20.6305464683286,-67.6168320200509,0.598269720753932));
#8882=CARTESIAN_POINT('Ctrl Pts',(-20.6305464683286,-67.4754106638135,0.456848364516623));
#8883=CARTESIAN_POINT('Ctrl Pts',(-20.5671850509367,-67.6368577238503,0.578244016954481));
#8884=CARTESIAN_POINT('Ctrl Pts',(-20.5671850509367,-67.495436367613,0.436822660717172));
#8885=CARTESIAN_POINT('Ctrl Pts',(-20.5428455868345,-67.6445503374125,0.570551403392283));
#8886=CARTESIAN_POINT('Ctrl Pts',(-20.5428455868345,-67.5031289811752,0.429130047154974));
#8887=CARTESIAN_POINT('',(-20.6273458996397,-67.5336881100264,0.681413630778369));
#8888=CARTESIAN_POINT('Ctrl Pts',(-20.6273458996397,-67.5336881100264,0.681413630778369));
#8889=CARTESIAN_POINT('Ctrl Pts',(-20.6285657504909,-67.5653772188308,0.649724521973929));
#8890=CARTESIAN_POINT('Ctrl Pts',(-20.6305464683286,-67.6168320200509,0.598269720753932));
#8891=CARTESIAN_POINT('Ctrl Pts',(-20.5671850509367,-67.6368577238503,0.578244016954481));
#8892=CARTESIAN_POINT('Ctrl Pts',(-20.5428455868345,-67.6445503374125,0.570551403392283));
#8893=CARTESIAN_POINT('',(-20.6273458996397,-67.3922667537891,0.53999227454106));
#8894=CARTESIAN_POINT('',(-20.6273458996397,-67.5336881100264,0.681413630778369));
#8895=CARTESIAN_POINT('Ctrl Pts',(-20.6273458996397,-67.3922667537891,0.53999227454106));
#8896=CARTESIAN_POINT('Ctrl Pts',(-20.6285657504909,-67.4239558625935,0.508303165736619));
#8897=CARTESIAN_POINT('Ctrl Pts',(-20.6305464683286,-67.4754106638135,0.456848364516623));
#8898=CARTESIAN_POINT('Ctrl Pts',(-20.5671850509367,-67.495436367613,0.436822660717172));
#8899=CARTESIAN_POINT('Ctrl Pts',(-20.5428455868345,-67.5031289811752,0.429130047154974));
#8900=CARTESIAN_POINT('Origin',(-20.6273458996397,-66.610252661128,1.60484907967675));
#8901=CARTESIAN_POINT('',(-20.6273458996397,-66.610252661128,1.60484907967675));
#8902=CARTESIAN_POINT('',(-20.6273458996397,-66.6626772009664,1.55242453983837));
#8903=CARTESIAN_POINT('',(-20.6273458996397,-66.4688313048907,1.46342772343944));
#8904=CARTESIAN_POINT('',(-20.6273458996397,-66.610252661128,1.60484907967675));
#8905=CARTESIAN_POINT('',(-20.6273458996397,-66.4688313048907,1.46342772343944));
#8906=CARTESIAN_POINT('Ctrl Pts',(-21.5606950321775,-66.2405995115784,1.9745022292264));
#8907=CARTESIAN_POINT('Ctrl Pts',(-21.5606950321775,-66.0991781553411,1.83308087298909));
#8908=CARTESIAN_POINT('Ctrl Pts',(-21.2932427463377,-66.2368362225037,1.97826551830103));
#8909=CARTESIAN_POINT('Ctrl Pts',(-21.2932427463377,-66.0954148662664,1.83684416206372));
#8910=CARTESIAN_POINT('Ctrl Pts',(-20.854430998267,-66.2306617549641,1.98443998584071));
#8911=CARTESIAN_POINT('Ctrl Pts',(-20.854430998267,-66.0892403987268,1.8430186296034));
#8912=CARTESIAN_POINT('Ctrl Pts',(-20.6911200989537,-66.5036489858811,1.71145275492364));
#8913=CARTESIAN_POINT('Ctrl Pts',(-20.6911200989537,-66.3622276296438,1.57003139868633));
#8914=CARTESIAN_POINT('Ctrl Pts',(-20.6273458996397,-66.610252661128,1.60484907967675));
#8915=CARTESIAN_POINT('Ctrl Pts',(-20.6273458996397,-66.4688313048907,1.46342772343944));
#8916=CARTESIAN_POINT('',(-21.5606950321775,-66.2405995115784,1.9745022292264));
#8917=CARTESIAN_POINT('Ctrl Pts',(-21.5606950321775,-66.2405995115784,1.9745022292264));
#8918=CARTESIAN_POINT('Ctrl Pts',(-21.2932427463377,-66.2368362225037,1.97826551830103));
#8919=CARTESIAN_POINT('Ctrl Pts',(-20.854430998267,-66.2306617549641,1.98443998584071));
#8920=CARTESIAN_POINT('Ctrl Pts',(-20.6911200989537,-66.5036489858811,1.71145275492364));
#8921=CARTESIAN_POINT('Ctrl Pts',(-20.6273458996397,-66.610252661128,1.60484907967675));
#8922=CARTESIAN_POINT('',(-21.5606950321775,-66.0991781553411,1.83308087298909));
#8923=CARTESIAN_POINT('',(-21.5606950321775,-66.2405995115784,1.9745022292264));
#8924=CARTESIAN_POINT('Ctrl Pts',(-21.5606950321775,-66.0991781553411,1.83308087298909));
#8925=CARTESIAN_POINT('Ctrl Pts',(-21.2932427463377,-66.0954148662665,1.83684416206372));
#8926=CARTESIAN_POINT('Ctrl Pts',(-20.854430998267,-66.0892403987268,1.8430186296034));
#8927=CARTESIAN_POINT('Ctrl Pts',(-20.6911200989537,-66.3622276296438,1.57003139868633));
#8928=CARTESIAN_POINT('Ctrl Pts',(-20.6273458996397,-66.4688313048907,1.46342772343944));
#8929=CARTESIAN_POINT('Ctrl Pts',(-22.5388108292204,-66.6341617253513,1.58094001545349));
#8930=CARTESIAN_POINT('Ctrl Pts',(-22.5388108292204,-66.492740369114,1.43951865921618));
#8931=CARTESIAN_POINT('Ctrl Pts',(-22.4724243863953,-66.5206062444676,1.69449549633717));
#8932=CARTESIAN_POINT('Ctrl Pts',(-22.4724243863953,-66.3791848882303,1.55307414009986));
#8933=CARTESIAN_POINT('Ctrl Pts',(-22.3035776730509,-66.2317902014092,1.98331153939558));
#8934=CARTESIAN_POINT('Ctrl Pts',(-22.3035776730509,-66.0903688451719,1.84189018315827));
#8935=CARTESIAN_POINT('Ctrl Pts',(-21.8412479146136,-66.2372726370167,1.97782910378808));
#8936=CARTESIAN_POINT('Ctrl Pts',(-21.8412479146136,-66.0958512807794,1.83640774755077));
#8937=CARTESIAN_POINT('Ctrl Pts',(-21.5606950321775,-66.2405995115784,1.9745022292264));
#8938=CARTESIAN_POINT('Ctrl Pts',(-21.5606950321775,-66.0991781553411,1.83308087298909));
#8939=CARTESIAN_POINT('',(-22.5388108292204,-66.6341617253513,1.58094001545349));
#8940=CARTESIAN_POINT('Ctrl Pts',(-22.5388108292204,-66.6341617253513,1.58094001545349));
#8941=CARTESIAN_POINT('Ctrl Pts',(-22.4724243863953,-66.5206062444676,1.69449549633717));
#8942=CARTESIAN_POINT('Ctrl Pts',(-22.3035776730509,-66.2317902014092,1.98331153939558));
#8943=CARTESIAN_POINT('Ctrl Pts',(-21.8412479146136,-66.2372726370167,1.97782910378808));
#8944=CARTESIAN_POINT('Ctrl Pts',(-21.5606950321775,-66.2405995115784,1.9745022292264));
#8945=CARTESIAN_POINT('',(-22.5388108292204,-66.492740369114,1.43951865921618));
#8946=CARTESIAN_POINT('',(-22.5388108292204,-66.6341617253513,1.58094001545349));
#8947=CARTESIAN_POINT('Ctrl Pts',(-22.5388108292204,-66.492740369114,1.43951865921618));
#8948=CARTESIAN_POINT('Ctrl Pts',(-22.4724243863953,-66.3791848882303,1.55307414009986));
#8949=CARTESIAN_POINT('Ctrl Pts',(-22.3035776730509,-66.0903688451719,1.84189018315827));
#8950=CARTESIAN_POINT('Ctrl Pts',(-21.8412479146136,-66.0958512807794,1.83640774755077));
#8951=CARTESIAN_POINT('Ctrl Pts',(-21.5606950321775,-66.0991781553411,1.83308087298909));
#8952=CARTESIAN_POINT('Ctrl Pts',(-22.5205431976896,-66.7933232928268,1.42177844797801));
#8953=CARTESIAN_POINT('Ctrl Pts',(-22.5205431976896,-66.6519019365895,1.2803570917407));
#8954=CARTESIAN_POINT('Ctrl Pts',(-22.5258589009443,-66.7646228436676,1.45047889713721));
#8955=CARTESIAN_POINT('Ctrl Pts',(-22.5258589009443,-66.6232014874303,1.3090575408999));
#8956=CARTESIAN_POINT('Ctrl Pts',(-22.5356472803277,-66.7117736022058,1.50332813859895));
#8957=CARTESIAN_POINT('Ctrl Pts',(-22.5356472803277,-66.5703522459685,1.36190678236164));
#8958=CARTESIAN_POINT('Ctrl Pts',(-22.5378186495319,-66.6585030364568,1.55659870434796));
#8959=CARTESIAN_POINT('Ctrl Pts',(-22.5378186495319,-66.5170816802195,1.41517734811065));
#8960=CARTESIAN_POINT('Ctrl Pts',(-22.5388108292204,-66.6341617253513,1.58094001545349));
#8961=CARTESIAN_POINT('Ctrl Pts',(-22.5388108292204,-66.492740369114,1.43951865921618));
#8962=CARTESIAN_POINT('',(-22.5205431976896,-66.7933232928268,1.42177844797801));
#8963=CARTESIAN_POINT('Ctrl Pts',(-22.5205431976896,-66.7933232928268,1.42177844797801));
#8964=CARTESIAN_POINT('Ctrl Pts',(-22.5258589009443,-66.7646228436676,1.45047889713721));
#8965=CARTESIAN_POINT('Ctrl Pts',(-22.5356472803277,-66.7117736022058,1.50332813859895));
#8966=CARTESIAN_POINT('Ctrl Pts',(-22.5378186495319,-66.6585030364568,1.55659870434796));
#8967=CARTESIAN_POINT('Ctrl Pts',(-22.5388108292204,-66.6341617253513,1.58094001545349));
#8968=CARTESIAN_POINT('',(-22.5205431976896,-66.6519019365895,1.2803570917407));
#8969=CARTESIAN_POINT('',(-22.5205431976896,-66.7933232928268,1.42177844797801));
#8970=CARTESIAN_POINT('Ctrl Pts',(-22.5205431976896,-66.6519019365895,1.2803570917407));
#8971=CARTESIAN_POINT('Ctrl Pts',(-22.5258589009443,-66.6232014874303,1.3090575408999));
#8972=CARTESIAN_POINT('Ctrl Pts',(-22.5356472803277,-66.5703522459685,1.36190678236164));
#8973=CARTESIAN_POINT('Ctrl Pts',(-22.5378186495319,-66.5170816802195,1.41517734811065));
#8974=CARTESIAN_POINT('Ctrl Pts',(-22.5388108292204,-66.492740369114,1.43951865921618));
#8975=CARTESIAN_POINT('Origin',(-22.0492421188932,-66.8507629145856,1.36433882621918));
#8976=CARTESIAN_POINT('',(-22.0492421188932,-66.8507629145856,1.36433882621918));
#8977=CARTESIAN_POINT('',(-19.387046674467,-67.1752168703593,1.03988487044543));
#8978=CARTESIAN_POINT('',(-22.0492421188932,-66.7093415583483,1.22291746998188));
#8979=CARTESIAN_POINT('',(-22.0492421188932,-66.8507629145856,1.36433882621918));
#8980=CARTESIAN_POINT('',(-22.0492421188932,-66.7093415583483,1.22291746998188));
#8981=CARTESIAN_POINT('Ctrl Pts',(-22.1077512302976,-66.6323096874606,1.58279205334418));
#8982=CARTESIAN_POINT('Ctrl Pts',(-22.1077512302976,-66.4908883312233,1.44137069710687));
#8983=CARTESIAN_POINT('Ctrl Pts',(-22.103827306451,-66.661753995915,1.55334774488974));
#8984=CARTESIAN_POINT('Ctrl Pts',(-22.103827306451,-66.5203326396777,1.41192638865243));
#8985=CARTESIAN_POINT('Ctrl Pts',(-22.0939623617473,-66.7357784892775,1.47932325152724));
#8986=CARTESIAN_POINT('Ctrl Pts',(-22.0939623617473,-66.5943571330402,1.33790189528993));
#8987=CARTESIAN_POINT('Ctrl Pts',(-22.0660512087591,-66.8075434816212,1.40755825918359));
#8988=CARTESIAN_POINT('Ctrl Pts',(-22.0660512087591,-66.6661221253839,1.26613690294628));
#8989=CARTESIAN_POINT('Ctrl Pts',(-22.0492421188932,-66.8507629145856,1.36433882621918));
#8990=CARTESIAN_POINT('Ctrl Pts',(-22.0492421188932,-66.7093415583483,1.22291746998188));
#8991=CARTESIAN_POINT('',(-22.1077512302976,-66.6323096874606,1.58279205334418));
#8992=CARTESIAN_POINT('Ctrl Pts',(-22.1077512302976,-66.6323096874606,1.58279205334418));
#8993=CARTESIAN_POINT('Ctrl Pts',(-22.103827306451,-66.661753995915,1.55334774488974));
#8994=CARTESIAN_POINT('Ctrl Pts',(-22.0939623617473,-66.7357784892775,1.47932325152724));
#8995=CARTESIAN_POINT('Ctrl Pts',(-22.0660512087591,-66.8075434816212,1.40755825918359));
#8996=CARTESIAN_POINT('Ctrl Pts',(-22.0492421188932,-66.8507629145856,1.36433882621918));
#8997=CARTESIAN_POINT('',(-22.1077512302976,-66.4908883312233,1.44137069710687));
#8998=CARTESIAN_POINT('',(-22.1077512302976,-66.6323096874606,1.58279205334418));
#8999=CARTESIAN_POINT('Ctrl Pts',(-22.1077512302976,-66.4908883312233,1.44137069710687));
#9000=CARTESIAN_POINT('Ctrl Pts',(-22.103827306451,-66.5203326396777,1.41192638865243));
#9001=CARTESIAN_POINT('Ctrl Pts',(-22.0939623617473,-66.5943571330402,1.33790189528993));
#9002=CARTESIAN_POINT('Ctrl Pts',(-22.0660512087591,-66.6661221253839,1.26613690294628));
#9003=CARTESIAN_POINT('Ctrl Pts',(-22.0492421188932,-66.7093415583483,1.22291746998188));
#9004=CARTESIAN_POINT('Ctrl Pts',(-21.7741154232603,-66.4361057816645,1.77899595914028));
#9005=CARTESIAN_POINT('Ctrl Pts',(-21.7741154232603,-66.2946844254272,1.63757460290297));
#9006=CARTESIAN_POINT('Ctrl Pts',(-21.8712649912814,-66.4415996457324,1.77350209507242));
#9007=CARTESIAN_POINT('Ctrl Pts',(-21.8712649912814,-66.3001782894951,1.63208073883511));
#9008=CARTESIAN_POINT('Ctrl Pts',(-22.052294976496,-66.4518369957405,1.76326474506424));
#9009=CARTESIAN_POINT('Ctrl Pts',(-22.052294976496,-66.3104156395032,1.62184338882693));
#9010=CARTESIAN_POINT('Ctrl Pts',(-22.0901917322085,-66.5751653679627,1.63993637284203));
#9011=CARTESIAN_POINT('Ctrl Pts',(-22.0901917322085,-66.4337440117254,1.49851501660472));
#9012=CARTESIAN_POINT('Ctrl Pts',(-22.1077512302976,-66.6323096874606,1.58279205334418));
#9013=CARTESIAN_POINT('Ctrl Pts',(-22.1077512302976,-66.4908883312233,1.44137069710687));
#9014=CARTESIAN_POINT('',(-21.7741154232603,-66.4361057816645,1.77899595914028));
#9015=CARTESIAN_POINT('Ctrl Pts',(-21.7741154232603,-66.4361057816645,1.77899595914028));
#9016=CARTESIAN_POINT('Ctrl Pts',(-21.8712649912814,-66.4415996457324,1.77350209507242));
#9017=CARTESIAN_POINT('Ctrl Pts',(-22.052294976496,-66.4518369957405,1.76326474506424));
#9018=CARTESIAN_POINT('Ctrl Pts',(-22.0901917322085,-66.5751653679627,1.63993637284203));
#9019=CARTESIAN_POINT('Ctrl Pts',(-22.1077512302976,-66.6323096874606,1.58279205334418));
#9020=CARTESIAN_POINT('',(-21.7741154232603,-66.2946844254272,1.63757460290297));
#9021=CARTESIAN_POINT('',(-21.7741154232603,-66.4361057816645,1.77899595914028));
#9022=CARTESIAN_POINT('Ctrl Pts',(-21.7741154232603,-66.2946844254272,1.63757460290297));
#9023=CARTESIAN_POINT('Ctrl Pts',(-21.8712649912814,-66.3001782894951,1.63208073883511));
#9024=CARTESIAN_POINT('Ctrl Pts',(-22.052294976496,-66.3104156395032,1.62184338882693));
#9025=CARTESIAN_POINT('Ctrl Pts',(-22.0901917322085,-66.4337440117255,1.49851501660472));
#9026=CARTESIAN_POINT('Ctrl Pts',(-22.1077512302976,-66.4908883312233,1.44137069710687));
#9027=CARTESIAN_POINT('Ctrl Pts',(-21.4894639053922,-66.6395016256905,1.57560011511428));
#9028=CARTESIAN_POINT('Ctrl Pts',(-21.4894639053922,-66.4980802694532,1.43417875887697));
#9029=CARTESIAN_POINT('Ctrl Pts',(-21.5011247030126,-66.5801781096477,1.63492363115711));
#9030=CARTESIAN_POINT('Ctrl Pts',(-21.5011247030126,-66.4387567534104,1.4935022749198));
#9031=CARTESIAN_POINT('Ctrl Pts',(-21.524349086955,-66.46202563344,1.75307610736481));
#9032=CARTESIAN_POINT('Ctrl Pts',(-21.524349086955,-66.3206042772026,1.6116547511275));
#9033=CARTESIAN_POINT('Ctrl Pts',(-21.691092626349,-66.4447215888295,1.77038015197524));
#9034=CARTESIAN_POINT('Ctrl Pts',(-21.691092626349,-66.3033002325922,1.62895879573793));
#9035=CARTESIAN_POINT('Ctrl Pts',(-21.7741154232603,-66.4361057816645,1.77899595914028));
#9036=CARTESIAN_POINT('Ctrl Pts',(-21.7741154232603,-66.2946844254272,1.63757460290297));
#9037=CARTESIAN_POINT('',(-21.4894639053922,-66.6395016256905,1.57560011511428));
#9038=CARTESIAN_POINT('Ctrl Pts',(-21.4894639053922,-66.6395016256905,1.57560011511428));
#9039=CARTESIAN_POINT('Ctrl Pts',(-21.5011247030126,-66.5801781096477,1.63492363115711));
#9040=CARTESIAN_POINT('Ctrl Pts',(-21.524349086955,-66.46202563344,1.75307610736481));
#9041=CARTESIAN_POINT('Ctrl Pts',(-21.691092626349,-66.4447215888295,1.77038015197524));
#9042=CARTESIAN_POINT('Ctrl Pts',(-21.7741154232603,-66.4361057816645,1.77899595914028));
#9043=CARTESIAN_POINT('',(-21.4894639053922,-66.4980802694532,1.43417875887697));
#9044=CARTESIAN_POINT('',(-21.4894639053922,-66.6395016256905,1.57560011511428));
#9045=CARTESIAN_POINT('Ctrl Pts',(-21.4894639053922,-66.4980802694532,1.43417875887697));
#9046=CARTESIAN_POINT('Ctrl Pts',(-21.5011247030126,-66.4387567534104,1.4935022749198));
#9047=CARTESIAN_POINT('Ctrl Pts',(-21.524349086955,-66.3206042772027,1.6116547511275));
#9048=CARTESIAN_POINT('Ctrl Pts',(-21.691092626349,-66.3033002325922,1.62895879573793));
#9049=CARTESIAN_POINT('Ctrl Pts',(-21.7741154232603,-66.2946844254272,1.63757460290297));
#9050=CARTESIAN_POINT('Ctrl Pts',(-22.0315192738157,-66.915346427167,1.29975531363776));
#9051=CARTESIAN_POINT('Ctrl Pts',(-22.0315192738157,-66.7739250709297,1.15833395740045));
#9052=CARTESIAN_POINT('Ctrl Pts',(-21.878561368692,-66.8867426391635,1.32835910164133));
#9053=CARTESIAN_POINT('Ctrl Pts',(-21.878561368692,-66.7453212829261,1.18693774540402));
#9054=CARTESIAN_POINT('Ctrl Pts',(-21.6405385027061,-66.8422313365724,1.37287040423241));
#9055=CARTESIAN_POINT('Ctrl Pts',(-21.6405385027061,-66.7008099803351,1.2314490479951));
#9056=CARTESIAN_POINT('Ctrl Pts',(-21.5292399465794,-66.6928778085384,1.52222393226641));
#9057=CARTESIAN_POINT('Ctrl Pts',(-21.5292399465794,-66.5514564523011,1.3808025760291));
#9058=CARTESIAN_POINT('Ctrl Pts',(-21.4894639053922,-66.6395016256905,1.57560011511428));
#9059=CARTESIAN_POINT('Ctrl Pts',(-21.4894639053922,-66.4980802694532,1.43417875887697));
#9060=CARTESIAN_POINT('',(-22.0315192738157,-66.915346427167,1.29975531363776));
#9061=CARTESIAN_POINT('Ctrl Pts',(-22.0315192738157,-66.915346427167,1.29975531363776));
#9062=CARTESIAN_POINT('Ctrl Pts',(-21.878561368692,-66.8867426391635,1.32835910164133));
#9063=CARTESIAN_POINT('Ctrl Pts',(-21.6405385027061,-66.8422313365724,1.37287040423241));
#9064=CARTESIAN_POINT('Ctrl Pts',(-21.5292399465794,-66.6928778085384,1.52222393226641));
#9065=CARTESIAN_POINT('Ctrl Pts',(-21.4894639053922,-66.6395016256905,1.57560011511428));
#9066=CARTESIAN_POINT('',(-22.0315192738157,-66.7739250709297,1.15833395740045));
#9067=CARTESIAN_POINT('',(-22.0315192738157,-66.915346427167,1.29975531363776));
#9068=CARTESIAN_POINT('Ctrl Pts',(-22.0315192738157,-66.7739250709297,1.15833395740045));
#9069=CARTESIAN_POINT('Ctrl Pts',(-21.878561368692,-66.7453212829262,1.18693774540402));
#9070=CARTESIAN_POINT('Ctrl Pts',(-21.6405385027061,-66.7008099803351,1.2314490479951));
#9071=CARTESIAN_POINT('Ctrl Pts',(-21.5292399465794,-66.5514564523011,1.3808025760291));
#9072=CARTESIAN_POINT('Ctrl Pts',(-21.4894639053922,-66.4980802694532,1.43417875887697));
#9073=CARTESIAN_POINT('Ctrl Pts',(-22.6846741238218,-67.4221041178596,0.792997622945202));
#9074=CARTESIAN_POINT('Ctrl Pts',(-22.6846741238218,-67.2806827616223,0.651576266707892));
#9075=CARTESIAN_POINT('Ctrl Pts',(-22.648329361187,-67.3085631867109,0.906538554093914));
#9076=CARTESIAN_POINT('Ctrl Pts',(-22.648329361187,-67.1671418304736,0.765117197856605));
#9077=CARTESIAN_POINT('Ctrl Pts',(-22.567862836678,-67.0571860017543,1.15791573905049));
#9078=CARTESIAN_POINT('Ctrl Pts',(-22.567862836678,-66.915764645517,1.01649438281318));
#9079=CARTESIAN_POINT('Ctrl Pts',(-22.2214602678718,-66.9655775694032,1.24952417140157));
#9080=CARTESIAN_POINT('Ctrl Pts',(-22.2214602678718,-66.8241562131659,1.10810281516427));
#9081=CARTESIAN_POINT('Ctrl Pts',(-22.0315192738157,-66.915346427167,1.29975531363776));
#9082=CARTESIAN_POINT('Ctrl Pts',(-22.0315192738157,-66.7739250709297,1.15833395740045));
#9083=CARTESIAN_POINT('',(-22.6846741238218,-67.4221041178596,0.792997622945202));
#9084=CARTESIAN_POINT('Ctrl Pts',(-22.6846741238218,-67.4221041178596,0.792997622945202));
#9085=CARTESIAN_POINT('Ctrl Pts',(-22.648329361187,-67.3085631867109,0.906538554093914));
#9086=CARTESIAN_POINT('Ctrl Pts',(-22.567862836678,-67.0571860017543,1.15791573905049));
#9087=CARTESIAN_POINT('Ctrl Pts',(-22.2214602678718,-66.9655775694032,1.24952417140157));
#9088=CARTESIAN_POINT('Ctrl Pts',(-22.0315192738157,-66.915346427167,1.29975531363776));
#9089=CARTESIAN_POINT('',(-22.6846741238218,-67.2806827616223,0.651576266707892));
#9090=CARTESIAN_POINT('',(-22.6846741238218,-67.4221041178596,0.792997622945202));
#9091=CARTESIAN_POINT('Ctrl Pts',(-22.6846741238218,-67.2806827616223,0.651576266707892));
#9092=CARTESIAN_POINT('Ctrl Pts',(-22.648329361187,-67.1671418304736,0.765117197856605));
#9093=CARTESIAN_POINT('Ctrl Pts',(-22.567862836678,-66.915764645517,1.01649438281318));
#9094=CARTESIAN_POINT('Ctrl Pts',(-22.2214602678718,-66.8241562131659,1.10810281516427));
#9095=CARTESIAN_POINT('Ctrl Pts',(-22.0315192738157,-66.7739250709297,1.15833395740045));
#9096=CARTESIAN_POINT('Ctrl Pts',(-21.9603227177244,-67.9000940556325,0.315007685172244));
#9097=CARTESIAN_POINT('Ctrl Pts',(-21.9603227177244,-67.7586726993952,0.173586328934934));
#9098=CARTESIAN_POINT('Ctrl Pts',(-22.1715442114705,-67.8824720597916,0.332629681013223));
#9099=CARTESIAN_POINT('Ctrl Pts',(-22.1715442114705,-67.7410507035543,0.191208324775914));
#9100=CARTESIAN_POINT('Ctrl Pts',(-22.5826322130663,-67.8481754031118,0.366926337692988));
#9101=CARTESIAN_POINT('Ctrl Pts',(-22.5826322130663,-67.7067540468745,0.225504981455678));
#9102=CARTESIAN_POINT('Ctrl Pts',(-22.6512923252726,-67.5614882758645,0.653613464940284));
#9103=CARTESIAN_POINT('Ctrl Pts',(-22.6512923252726,-67.4200669196272,0.512192108702974));
#9104=CARTESIAN_POINT('Ctrl Pts',(-22.6846741238218,-67.4221041178596,0.792997622945202));
#9105=CARTESIAN_POINT('Ctrl Pts',(-22.6846741238218,-67.2806827616223,0.651576266707892));
#9106=CARTESIAN_POINT('',(-21.9603227177244,-67.9000940556325,0.315007685172244));
#9107=CARTESIAN_POINT('Ctrl Pts',(-21.9603227177244,-67.9000940556325,0.315007685172244));
#9108=CARTESIAN_POINT('Ctrl Pts',(-22.1715442114705,-67.8824720597916,0.332629681013223));
#9109=CARTESIAN_POINT('Ctrl Pts',(-22.5826322130663,-67.8481754031118,0.366926337692988));
#9110=CARTESIAN_POINT('Ctrl Pts',(-22.6512923252726,-67.5614882758645,0.653613464940284));
#9111=CARTESIAN_POINT('Ctrl Pts',(-22.6846741238218,-67.4221041178596,0.792997622945202));
#9112=CARTESIAN_POINT('',(-21.9603227177244,-67.7586726993952,0.173586328934934));
#9113=CARTESIAN_POINT('',(-21.9603227177244,-67.9000940556325,0.315007685172244));
#9114=CARTESIAN_POINT('Ctrl Pts',(-21.9603227177244,-67.7586726993952,0.173586328934934));
#9115=CARTESIAN_POINT('Ctrl Pts',(-22.1715442114705,-67.7410507035543,0.191208324775914));
#9116=CARTESIAN_POINT('Ctrl Pts',(-22.5826322130663,-67.7067540468745,0.225504981455678));
#9117=CARTESIAN_POINT('Ctrl Pts',(-22.6512923252726,-67.4200669196272,0.512192108702974));
#9118=CARTESIAN_POINT('Ctrl Pts',(-22.6846741238218,-67.2806827616223,0.651576266707892));
#9119=CARTESIAN_POINT('Ctrl Pts',(-21.4133678475004,-67.7153635756723,0.499738165132464));
#9120=CARTESIAN_POINT('Ctrl Pts',(-21.4133678475004,-67.573942219435,0.358316808895154));
#9121=CARTESIAN_POINT('Ctrl Pts',(-21.4799031943964,-67.7691667526032,0.44593498820154));
#9122=CARTESIAN_POINT('Ctrl Pts',(-21.4799031943964,-67.6277453963659,0.30451363196423));
#9123=CARTESIAN_POINT('Ctrl Pts',(-21.6234600533716,-67.8852526444398,0.32984909636494));
#9124=CARTESIAN_POINT('Ctrl Pts',(-21.6234600533716,-67.7438312882025,0.188427740127631));
#9125=CARTESIAN_POINT('Ctrl Pts',(-21.8426970790571,-67.8949117346009,0.320190006203926));
#9126=CARTESIAN_POINT('Ctrl Pts',(-21.8426970790571,-67.7534903783636,0.178768649966617));
#9127=CARTESIAN_POINT('Ctrl Pts',(-21.9603227177244,-67.9000940556325,0.315007685172244));
#9128=CARTESIAN_POINT('Ctrl Pts',(-21.9603227177244,-67.7586726993952,0.173586328934934));
#9129=CARTESIAN_POINT('',(-21.4133678475004,-67.7153635756723,0.499738165132464));
#9130=CARTESIAN_POINT('Ctrl Pts',(-21.4133678475004,-67.7153635756723,0.499738165132464));
#9131=CARTESIAN_POINT('Ctrl Pts',(-21.4799031943964,-67.7691667526032,0.44593498820154));
#9132=CARTESIAN_POINT('Ctrl Pts',(-21.6234600533716,-67.8852526444398,0.32984909636494));
#9133=CARTESIAN_POINT('Ctrl Pts',(-21.8426970790571,-67.8949117346009,0.320190006203926));
#9134=CARTESIAN_POINT('Ctrl Pts',(-21.9603227177244,-67.9000940556325,0.315007685172244));
#9135=CARTESIAN_POINT('',(-21.4133678475004,-67.573942219435,0.358316808895154));
#9136=CARTESIAN_POINT('',(-21.4133678475004,-67.7153635756723,0.499738165132464));
#9137=CARTESIAN_POINT('Ctrl Pts',(-21.4133678475004,-67.573942219435,0.358316808895154));
#9138=CARTESIAN_POINT('Ctrl Pts',(-21.4799031943964,-67.6277453963659,0.30451363196423));
#9139=CARTESIAN_POINT('Ctrl Pts',(-21.6234600533716,-67.7438312882025,0.188427740127631));
#9140=CARTESIAN_POINT('Ctrl Pts',(-21.8426970790571,-67.7534903783636,0.178768649966617));
#9141=CARTESIAN_POINT('Ctrl Pts',(-21.9603227177244,-67.7586726993952,0.173586328934934));
#9142=CARTESIAN_POINT('Ctrl Pts',(-20.9058736363035,-67.892396776689,0.32270496411579));
#9143=CARTESIAN_POINT('Ctrl Pts',(-20.9058736363035,-67.7509754204517,0.18128360787848));
#9144=CARTESIAN_POINT('Ctrl Pts',(-21.0310783603623,-67.8913218156324,0.323779925172349));
#9145=CARTESIAN_POINT('Ctrl Pts',(-21.0310783603623,-67.7499004593951,0.18235856893504));
#9146=CARTESIAN_POINT('Ctrl Pts',(-21.2460598396395,-67.8894760648443,0.325625675960453));
#9147=CARTESIAN_POINT('Ctrl Pts',(-21.2460598396395,-67.748054708607,0.184204319723143));
#9148=CARTESIAN_POINT('Ctrl Pts',(-21.3640816646589,-67.7666542466093,0.448447494195459));
#9149=CARTESIAN_POINT('Ctrl Pts',(-21.3640816646589,-67.625232890372,0.307026137958149));
#9150=CARTESIAN_POINT('Ctrl Pts',(-21.4133678475004,-67.7153635756723,0.499738165132464));
#9151=CARTESIAN_POINT('Ctrl Pts',(-21.4133678475004,-67.573942219435,0.358316808895154));
#9152=CARTESIAN_POINT('',(-20.9058736363035,-67.892396776689,0.32270496411579));
#9153=CARTESIAN_POINT('Ctrl Pts',(-20.9058736363035,-67.892396776689,0.32270496411579));
#9154=CARTESIAN_POINT('Ctrl Pts',(-21.0310783603623,-67.8913218156324,0.323779925172349));
#9155=CARTESIAN_POINT('Ctrl Pts',(-21.2460598396395,-67.8894760648443,0.325625675960453));
#9156=CARTESIAN_POINT('Ctrl Pts',(-21.3640816646589,-67.7666542466093,0.448447494195459));
#9157=CARTESIAN_POINT('Ctrl Pts',(-21.4133678475004,-67.7153635756723,0.499738165132464));
#9158=CARTESIAN_POINT('',(-20.9058736363035,-67.7509754204517,0.18128360787848));
#9159=CARTESIAN_POINT('',(-20.9058736363035,-67.892396776689,0.32270496411579));
#9160=CARTESIAN_POINT('Ctrl Pts',(-20.9058736363035,-67.7509754204517,0.18128360787848));
#9161=CARTESIAN_POINT('Ctrl Pts',(-21.0310783603623,-67.7499004593951,0.18235856893504));
#9162=CARTESIAN_POINT('Ctrl Pts',(-21.2460598396395,-67.748054708607,0.184204319723143));
#9163=CARTESIAN_POINT('Ctrl Pts',(-21.3640816646589,-67.625232890372,0.307026137958149));
#9164=CARTESIAN_POINT('Ctrl Pts',(-21.4133678475004,-67.573942219435,0.358316808895154));
#9165=CARTESIAN_POINT('Ctrl Pts',(-20.3028939762693,-67.8002481715102,0.414853569294551));
#9166=CARTESIAN_POINT('Ctrl Pts',(-20.3028939762693,-67.6588268152729,0.273432213057241));
#9167=CARTESIAN_POINT('Ctrl Pts',(-20.405735292041,-67.8271004176534,0.388001323151368));
#9168=CARTESIAN_POINT('Ctrl Pts',(-20.405735292041,-67.6856790614161,0.246579966914058));
#9169=CARTESIAN_POINT('Ctrl Pts',(-20.6007144393176,-67.8780101907944,0.337091550010409));
#9170=CARTESIAN_POINT('Ctrl Pts',(-20.6007144393176,-67.7365888345571,0.195670193773099));
#9171=CARTESIAN_POINT('Ctrl Pts',(-20.8079459317373,-67.8877800214113,0.327321719393425));
#9172=CARTESIAN_POINT('Ctrl Pts',(-20.8079459317373,-67.746358665174,0.185900363156116));
#9173=CARTESIAN_POINT('Ctrl Pts',(-20.9058736363035,-67.892396776689,0.32270496411579));
#9174=CARTESIAN_POINT('Ctrl Pts',(-20.9058736363035,-67.7509754204517,0.18128360787848));
#9175=CARTESIAN_POINT('',(-20.3028939762693,-67.8002481715102,0.414853569294551));
#9176=CARTESIAN_POINT('Ctrl Pts',(-20.3028939762693,-67.8002481715102,0.414853569294551));
#9177=CARTESIAN_POINT('Ctrl Pts',(-20.405735292041,-67.8271004176534,0.388001323151368));
#9178=CARTESIAN_POINT('Ctrl Pts',(-20.6007144393176,-67.8780101907944,0.337091550010409));
#9179=CARTESIAN_POINT('Ctrl Pts',(-20.8079459317373,-67.8877800214113,0.327321719393425));
#9180=CARTESIAN_POINT('Ctrl Pts',(-20.9058736363035,-67.892396776689,0.32270496411579));
#9181=CARTESIAN_POINT('',(-20.3028939762693,-67.6588268152729,0.273432213057241));
#9182=CARTESIAN_POINT('',(-20.3028939762693,-67.8002481715102,0.414853569294551));
#9183=CARTESIAN_POINT('Ctrl Pts',(-20.3028939762693,-67.6588268152729,0.273432213057241));
#9184=CARTESIAN_POINT('Ctrl Pts',(-20.405735292041,-67.6856790614161,0.246579966914058));
#9185=CARTESIAN_POINT('Ctrl Pts',(-20.6007144393176,-67.7365888345571,0.195670193773099));
#9186=CARTESIAN_POINT('Ctrl Pts',(-20.8079459317373,-67.7463586651741,0.185900363156116));
#9187=CARTESIAN_POINT('Ctrl Pts',(-20.9058736363035,-67.7509754204517,0.18128360787848));
#9188=CARTESIAN_POINT('Origin',(-20.3995011845213,-67.6130643234982,0.602037417306587));
#9189=CARTESIAN_POINT('',(-20.3768091649241,-67.6570318454276,0.55806989537712));
#9190=CARTESIAN_POINT('',(-20.3995011845213,-67.4716429672609,0.460616061069277));
#9191=CARTESIAN_POINT('Origin',(-26.1298845806699,-66.6675368368802,1.26472219144998));
#9192=CARTESIAN_POINT('Origin',(-24.1122530499082,-65.9989106215022,2.21619111930258));
#9193=CARTESIAN_POINT('',(-24.1122530499082,-65.9989106215022,2.21619111930258));
#9194=CARTESIAN_POINT('',(-24.2565177479368,-65.9989106215022,2.21619111930258));
#9195=CARTESIAN_POINT('',(-20.322933111009,-65.9989106215022,2.21619111930256));
#9196=CARTESIAN_POINT('',(-24.1122530499082,-65.8574892652649,2.07476976306527));
#9197=CARTESIAN_POINT('',(-24.1122530499082,-65.9989106215022,2.21619111930258));
#9198=CARTESIAN_POINT('',(-24.2565177479368,-65.8574892652649,2.07476976306527));
#9199=CARTESIAN_POINT('',(-24.1122530499082,-65.8574892652649,2.07476976306527));
#9200=CARTESIAN_POINT('',(-24.2565177479368,-65.9989106215022,2.21619111930258));
#9201=CARTESIAN_POINT('Ctrl Pts',(-23.6948333778959,-66.3717387985173,1.84336294228748));
#9202=CARTESIAN_POINT('Ctrl Pts',(-23.6948333778959,-66.23031744228,1.70194158605017));
#9203=CARTESIAN_POINT('Ctrl Pts',(-23.7048008792244,-66.2632906047469,1.95181113605793));
#9204=CARTESIAN_POINT('Ctrl Pts',(-23.7048008792244,-66.1218692485095,1.81038977982062));
#9205=CARTESIAN_POINT('Ctrl Pts',(-23.7230469842045,-66.0647697254196,2.15033201538521));
#9206=CARTESIAN_POINT('Ctrl Pts',(-23.7230469842045,-65.9233483691823,2.0089106591479));
#9207=CARTESIAN_POINT('Ctrl Pts',(-23.9907782845682,-66.0194658489224,2.19563589188236));
#9208=CARTESIAN_POINT('Ctrl Pts',(-23.9907782845682,-65.8780444926851,2.05421453564505));
#9209=CARTESIAN_POINT('Ctrl Pts',(-24.1122530499082,-65.9989106215022,2.21619111930258));
#9210=CARTESIAN_POINT('Ctrl Pts',(-24.1122530499082,-65.8574892652649,2.07476976306527));
#9211=CARTESIAN_POINT('',(-23.6948333778959,-66.3717387985173,1.84336294228748));
#9212=CARTESIAN_POINT('Ctrl Pts',(-23.6948333778959,-66.3717387985173,1.84336294228748));
#9213=CARTESIAN_POINT('Ctrl Pts',(-23.7048008792244,-66.2632906047469,1.95181113605793));
#9214=CARTESIAN_POINT('Ctrl Pts',(-23.7230469842045,-66.0647697254196,2.15033201538521));
#9215=CARTESIAN_POINT('Ctrl Pts',(-23.9907782845682,-66.0194658489224,2.19563589188236));
#9216=CARTESIAN_POINT('Ctrl Pts',(-24.1122530499082,-65.9989106215022,2.21619111930258));
#9217=CARTESIAN_POINT('',(-23.6948333778959,-66.23031744228,1.70194158605017));
#9218=CARTESIAN_POINT('',(-23.6948333778959,-66.3717387985173,1.84336294228748));
#9219=CARTESIAN_POINT('Ctrl Pts',(-23.6948333778959,-66.23031744228,1.70194158605017));
#9220=CARTESIAN_POINT('Ctrl Pts',(-23.7048008792244,-66.1218692485095,1.81038977982062));
#9221=CARTESIAN_POINT('Ctrl Pts',(-23.7230469842045,-65.9233483691823,2.0089106591479));
#9222=CARTESIAN_POINT('Ctrl Pts',(-23.9907782845682,-65.8780444926851,2.05421453564505));
#9223=CARTESIAN_POINT('Ctrl Pts',(-24.1122530499082,-65.8574892652649,2.07476976306527));
#9224=CARTESIAN_POINT('Ctrl Pts',(-24.1122530499082,-66.7716993253626,1.44340241544214));
#9225=CARTESIAN_POINT('Ctrl Pts',(-24.1122530499082,-66.6302779691253,1.30198105920483));
#9226=CARTESIAN_POINT('Ctrl Pts',(-23.9909500567926,-66.748338372084,1.46676336872076));
#9227=CARTESIAN_POINT('Ctrl Pts',(-23.9909500567926,-66.6069170158467,1.32534201248345));
#9228=CARTESIAN_POINT('Ctrl Pts',(-23.7153808133112,-66.695268286535,1.51983345426975));
#9229=CARTESIAN_POINT('Ctrl Pts',(-23.7153808133112,-66.5538469302977,1.37841209803244));
#9230=CARTESIAN_POINT('Ctrl Pts',(-23.7022077708009,-66.4878522459028,1.72724949490197));
#9231=CARTESIAN_POINT('Ctrl Pts',(-23.7022077708009,-66.3464308896655,1.58582813866466));
#9232=CARTESIAN_POINT('Ctrl Pts',(-23.6948333778959,-66.3717387985173,1.84336294228748));
#9233=CARTESIAN_POINT('Ctrl Pts',(-23.6948333778959,-66.23031744228,1.70194158605017));
#9234=CARTESIAN_POINT('',(-24.1122530499082,-66.7716993253626,1.44340241544214));
#9235=CARTESIAN_POINT('Ctrl Pts',(-24.1122530499082,-66.7716993253626,1.44340241544214));
#9236=CARTESIAN_POINT('Ctrl Pts',(-23.9909500567926,-66.748338372084,1.46676336872076));
#9237=CARTESIAN_POINT('Ctrl Pts',(-23.7153808133112,-66.695268286535,1.51983345426975));
#9238=CARTESIAN_POINT('Ctrl Pts',(-23.7022077708009,-66.4878522459028,1.72724949490197));
#9239=CARTESIAN_POINT('Ctrl Pts',(-23.6948333778959,-66.3717387985173,1.84336294228748));
#9240=CARTESIAN_POINT('',(-24.1122530499082,-66.6302779691253,1.30198105920483));
#9241=CARTESIAN_POINT('',(-24.1122530499082,-66.7716993253626,1.44340241544214));
#9242=CARTESIAN_POINT('Ctrl Pts',(-24.1122530499082,-66.6302779691253,1.30198105920483));
#9243=CARTESIAN_POINT('Ctrl Pts',(-23.9909500567926,-66.6069170158467,1.32534201248345));
#9244=CARTESIAN_POINT('Ctrl Pts',(-23.7153808133112,-66.5538469302977,1.37841209803244));
#9245=CARTESIAN_POINT('Ctrl Pts',(-23.7022077708009,-66.3464308896655,1.58582813866466));
#9246=CARTESIAN_POINT('Ctrl Pts',(-23.6948333778959,-66.23031744228,1.70194158605017));
#9247=CARTESIAN_POINT('Origin',(-24.2565177479368,-66.7716993253626,1.44340241544214));
#9248=CARTESIAN_POINT('',(-24.2565177479368,-66.7716993253626,1.44340241544214));
#9249=CARTESIAN_POINT('',(-20.3950654600233,-66.7716993253626,1.44340241544213));
#9250=CARTESIAN_POINT('',(-24.2565177479368,-66.6302779691253,1.30198105920483));
#9251=CARTESIAN_POINT('',(-24.2565177479368,-66.7716993253626,1.44340241544214));
#9252=CARTESIAN_POINT('',(-24.2565177479368,-66.6302779691253,1.30198105920483));
#9253=CARTESIAN_POINT('Origin',(-24.2565177479368,-65.9989106215022,2.21619111930258));
#9254=CARTESIAN_POINT('',(-24.2565177479368,-66.3570061811535,1.85809555965128));
#9255=CARTESIAN_POINT('',(-24.2565177479368,-65.8574892652649,2.07476976306527));
#9256=CARTESIAN_POINT('Origin',(-24.2565177479368,-67.0241641109318,1.19093762987294));
#9257=CARTESIAN_POINT('',(-24.2565177479368,-67.0241641109318,1.19093762987294));
#9258=CARTESIAN_POINT('',(-24.2565177479368,-67.8677661584192,0.347335582385555));
#9259=CARTESIAN_POINT('',(-24.2565177479368,-66.8696329258683,1.34546881493646));
#9260=CARTESIAN_POINT('',(-24.2565177479368,-66.8827427546945,1.04951627363563));
#9261=CARTESIAN_POINT('',(-24.2565177479368,-67.0241641109318,1.19093762987294));
#9262=CARTESIAN_POINT('',(-24.2565177479368,-67.7263448021819,0.205914226148246));
#9263=CARTESIAN_POINT('',(-24.2565177479368,-66.8827427546945,1.04951627363563));
#9264=CARTESIAN_POINT('',(-24.2565177479368,-67.8677661584192,0.347335582385555));
#9265=CARTESIAN_POINT('Origin',(-24.0097938576322,-67.0241641109318,1.19093762987294));
#9266=CARTESIAN_POINT('',(-24.0097938576322,-67.0241641109318,1.19093762987294));
#9267=CARTESIAN_POINT('',(-20.271703514871,-67.0241641109318,1.19093762987293));
#9268=CARTESIAN_POINT('',(-24.0097938576322,-66.8827427546945,1.04951627363563));
#9269=CARTESIAN_POINT('',(-24.0097938576322,-67.0241641109318,1.19093762987294));
#9270=CARTESIAN_POINT('',(-24.0097938576322,-66.8827427546945,1.04951627363563));
#9271=CARTESIAN_POINT('Ctrl Pts',(-22.7761112251859,-66.3822982699432,1.83280347086156));
#9272=CARTESIAN_POINT('Ctrl Pts',(-22.7761112251859,-66.2408769137059,1.69138211462425));
#9273=CARTESIAN_POINT('Ctrl Pts',(-22.8483296027882,-66.5688133187611,1.64628842204366));
#9274=CARTESIAN_POINT('Ctrl Pts',(-22.8483296027882,-66.4273919625238,1.50486706580635));
#9275=CARTESIAN_POINT('Ctrl Pts',(-23.0126016503233,-66.9930711044202,1.22203063638457));
#9276=CARTESIAN_POINT('Ctrl Pts',(-23.0126016503233,-66.8516497481829,1.08060928014726));
#9277=CARTESIAN_POINT('Ctrl Pts',(-23.6516744959935,-67.0129977504631,1.20210399034162));
#9278=CARTESIAN_POINT('Ctrl Pts',(-23.6516744959935,-66.8715763942258,1.06068263410431));
#9279=CARTESIAN_POINT('Ctrl Pts',(-24.0097938576322,-67.0241641109318,1.19093762987294));
#9280=CARTESIAN_POINT('Ctrl Pts',(-24.0097938576322,-66.8827427546945,1.04951627363563));
#9281=CARTESIAN_POINT('',(-22.7761112251859,-66.3822982699432,1.83280347086156));
#9282=CARTESIAN_POINT('Ctrl Pts',(-22.7761112251859,-66.3822982699432,1.83280347086156));
#9283=CARTESIAN_POINT('Ctrl Pts',(-22.8483296027882,-66.5688133187611,1.64628842204366));
#9284=CARTESIAN_POINT('Ctrl Pts',(-23.0126016503233,-66.9930711044202,1.22203063638457));
#9285=CARTESIAN_POINT('Ctrl Pts',(-23.6516744959935,-67.0129977504631,1.20210399034162));
#9286=CARTESIAN_POINT('Ctrl Pts',(-24.0097938576322,-67.0241641109318,1.19093762987294));
#9287=CARTESIAN_POINT('',(-22.7761112251859,-66.2408769137059,1.69138211462425));
#9288=CARTESIAN_POINT('',(-22.7761112251859,-66.3822982699432,1.83280347086156));
#9289=CARTESIAN_POINT('Ctrl Pts',(-22.7761112251859,-66.2408769137059,1.69138211462425));
#9290=CARTESIAN_POINT('Ctrl Pts',(-22.8483296027882,-66.4273919625238,1.50486706580635));
#9291=CARTESIAN_POINT('Ctrl Pts',(-23.0126016503233,-66.8516497481829,1.08060928014726));
#9292=CARTESIAN_POINT('Ctrl Pts',(-23.6516744959935,-66.8715763942258,1.06068263410431));
#9293=CARTESIAN_POINT('Ctrl Pts',(-24.0097938576322,-66.8827427546945,1.04951627363563));
#9294=CARTESIAN_POINT('Ctrl Pts',(-23.890259126721,-65.7464457305659,2.46865601023889));
#9295=CARTESIAN_POINT('Ctrl Pts',(-23.890259126721,-65.6050243743286,2.32723465400158));
#9296=CARTESIAN_POINT('Ctrl Pts',(-23.5660333963103,-65.7626704964591,2.45243124434563));
#9297=CARTESIAN_POINT('Ctrl Pts',(-23.5660333963103,-65.6212491402218,2.31100988810832));
#9298=CARTESIAN_POINT('Ctrl Pts',(-22.9684063913269,-65.7925766924759,2.42252504832884));
#9299=CARTESIAN_POINT('Ctrl Pts',(-22.9684063913269,-65.6511553362386,2.28110369209153));
#9300=CARTESIAN_POINT('Ctrl Pts',(-22.8364694761763,-66.1971944854774,2.01790725532743));
#9301=CARTESIAN_POINT('Ctrl Pts',(-22.8364694761763,-66.05577312924,1.87648589909012));
#9302=CARTESIAN_POINT('Ctrl Pts',(-22.7761112251859,-66.3822982699432,1.83280347086156));
#9303=CARTESIAN_POINT('Ctrl Pts',(-22.7761112251859,-66.2408769137059,1.69138211462425));
#9304=CARTESIAN_POINT('',(-23.890259126721,-65.7464457305659,2.46865601023889));
#9305=CARTESIAN_POINT('Ctrl Pts',(-23.890259126721,-65.7464457305659,2.46865601023889));
#9306=CARTESIAN_POINT('Ctrl Pts',(-23.5660333963103,-65.7626704964591,2.45243124434563));
#9307=CARTESIAN_POINT('Ctrl Pts',(-22.9684063913269,-65.7925766924759,2.42252504832884));
#9308=CARTESIAN_POINT('Ctrl Pts',(-22.8364694761763,-66.1971944854774,2.01790725532743));
#9309=CARTESIAN_POINT('Ctrl Pts',(-22.7761112251859,-66.3822982699432,1.83280347086156));
#9310=CARTESIAN_POINT('',(-23.890259126721,-65.6050243743286,2.32723465400159));
#9311=CARTESIAN_POINT('',(-23.890259126721,-65.7464457305659,2.46865601023889));
#9312=CARTESIAN_POINT('Ctrl Pts',(-23.890259126721,-65.6050243743286,2.32723465400158));
#9313=CARTESIAN_POINT('Ctrl Pts',(-23.5660333963103,-65.6212491402218,2.31100988810832));
#9314=CARTESIAN_POINT('Ctrl Pts',(-22.9684063913269,-65.6511553362386,2.28110369209153));
#9315=CARTESIAN_POINT('Ctrl Pts',(-22.8364694761763,-66.05577312924,1.87648589909012));
#9316=CARTESIAN_POINT('Ctrl Pts',(-22.7761112251859,-66.2408769137059,1.69138211462425));
#9317=CARTESIAN_POINT('Origin',(-25.1904796162229,-65.7464457305659,2.46865601023889));
#9318=CARTESIAN_POINT('',(-25.1904796162229,-65.7464457305659,2.46865601023889));
#9319=CARTESIAN_POINT('',(-20.8620463941663,-65.7464457305659,2.46865601023889));
#9320=CARTESIAN_POINT('',(-25.1904796162229,-65.6050243743286,2.32723465400159));
#9321=CARTESIAN_POINT('',(-25.1904796162229,-65.7464457305659,2.46865601023889));
#9322=CARTESIAN_POINT('',(-25.1904796162229,-65.6050243743286,2.32723465400158));
#9323=CARTESIAN_POINT('Origin',(-25.1904796162229,-67.8677661584192,0.347335582385555));
#9324=CARTESIAN_POINT('',(-25.1904796162229,-67.8677661584192,0.347335582385555));
#9325=CARTESIAN_POINT('',(-25.1904796162229,-67.291433949612,0.923667791192776));
#9326=CARTESIAN_POINT('',(-25.1904796162229,-67.7263448021819,0.205914226148246));
#9327=CARTESIAN_POINT('',(-25.1904796162229,-67.8677661584192,0.347335582385555));
#9328=CARTESIAN_POINT('',(-25.1904796162229,-67.7263448021819,0.205914226148246));
#9329=CARTESIAN_POINT('Origin',(-24.2565177479368,-67.8677661584192,0.347335582385555));
#9330=CARTESIAN_POINT('',(-20.3950654600233,-67.8677661584192,0.347335582385549));
#9331=CARTESIAN_POINT('',(-24.2565177479368,-67.7263448021819,0.205914226148246));
#9332=CARTESIAN_POINT('Origin',(-26.1298845806699,-66.6675368368802,1.26472219144998));
#9333=CARTESIAN_POINT('Ctrl Pts',(-26.2333296337705,-66.2405995115784,1.9745022292264));
#9334=CARTESIAN_POINT('Ctrl Pts',(-26.2333296337705,-66.0991781553411,1.83308087298909));
#9335=CARTESIAN_POINT('Ctrl Pts',(-26.0631457296173,-66.2582073299421,1.95689441086263));
#9336=CARTESIAN_POINT('Ctrl Pts',(-26.0631457296173,-66.1167859737048,1.81547305462532));
#9337=CARTESIAN_POINT('Ctrl Pts',(-25.721509635802,-66.2935541878976,1.92154755290717));
#9338=CARTESIAN_POINT('Ctrl Pts',(-25.721509635802,-66.1521328316603,1.78012619666986));
#9339=CARTESIAN_POINT('Ctrl Pts',(-25.6737893923285,-66.5355763101979,1.67952543060692));
#9340=CARTESIAN_POINT('Ctrl Pts',(-25.6737893923285,-66.3941549539606,1.53810407436961));
#9341=CARTESIAN_POINT('Ctrl Pts',(-25.6498406925779,-66.6570366112792,1.55806512952557));
#9342=CARTESIAN_POINT('Ctrl Pts',(-25.6498406925779,-66.5156152550419,1.41664377328826));
#9343=CARTESIAN_POINT('',(-26.2333296337705,-66.2405995115784,1.9745022292264));
#9344=CARTESIAN_POINT('',(-25.6498406925779,-66.6570366112792,1.55806512952557));
#9345=CARTESIAN_POINT('Ctrl Pts',(-26.2333296337705,-66.2405995115784,1.9745022292264));
#9346=CARTESIAN_POINT('Ctrl Pts',(-26.0631457296173,-66.2582073299421,1.95689441086263));
#9347=CARTESIAN_POINT('Ctrl Pts',(-25.721509635802,-66.2935541878976,1.92154755290717));
#9348=CARTESIAN_POINT('Ctrl Pts',(-25.6737893923285,-66.5355763101979,1.67952543060692));
#9349=CARTESIAN_POINT('Ctrl Pts',(-25.6498406925779,-66.6570366112792,1.55806512952557));
#9350=CARTESIAN_POINT('',(-26.2333296337705,-66.0991781553411,1.83308087298909));
#9351=CARTESIAN_POINT('',(-26.2333296337705,-66.2405995115784,1.9745022292264));
#9352=CARTESIAN_POINT('',(-25.6498406925779,-66.5156152550419,1.41664377328826));
#9353=CARTESIAN_POINT('Ctrl Pts',(-26.2333296337705,-66.0991781553411,1.83308087298909));
#9354=CARTESIAN_POINT('Ctrl Pts',(-26.0631457296173,-66.1167859737048,1.81547305462532));
#9355=CARTESIAN_POINT('Ctrl Pts',(-25.721509635802,-66.1521328316603,1.78012619666986));
#9356=CARTESIAN_POINT('Ctrl Pts',(-25.6737893923285,-66.3941549539606,1.53810407436961));
#9357=CARTESIAN_POINT('Ctrl Pts',(-25.6498406925779,-66.5156152550419,1.41664377328826));
#9358=CARTESIAN_POINT('',(-25.6498406925779,-66.6570366112792,1.55806512952557));
#9359=CARTESIAN_POINT('Ctrl Pts',(-26.8751226463895,-66.490442552436,1.72465918836882));
#9360=CARTESIAN_POINT('Ctrl Pts',(-26.8751226463895,-66.3490211961986,1.58323783213151));
#9361=CARTESIAN_POINT('Ctrl Pts',(-26.7914759716885,-66.4175725451738,1.79752919563098));
#9362=CARTESIAN_POINT('Ctrl Pts',(-26.7914759716885,-66.2761511889365,1.65610783939367));
#9363=CARTESIAN_POINT('Ctrl Pts',(-26.6252514733434,-66.2727636756657,1.94233806513903));
#9364=CARTESIAN_POINT('Ctrl Pts',(-26.6252514733434,-66.1313423194284,1.80091670890172));
#9365=CARTESIAN_POINT('Ctrl Pts',(-26.3634090168396,-66.2512748406847,1.96382690012002));
#9366=CARTESIAN_POINT('Ctrl Pts',(-26.3634090168396,-66.1098534844474,1.82240554388271));
#9367=CARTESIAN_POINT('Ctrl Pts',(-26.2333296337705,-66.2405995115784,1.9745022292264));
#9368=CARTESIAN_POINT('Ctrl Pts',(-26.2333296337705,-66.0991781553411,1.83308087298909));
#9369=CARTESIAN_POINT('',(-26.8751226463895,-66.490442552436,1.72465918836882));
#9370=CARTESIAN_POINT('Ctrl Pts',(-26.8751226463895,-66.490442552436,1.72465918836882));
#9371=CARTESIAN_POINT('Ctrl Pts',(-26.7914759716885,-66.4175725451738,1.79752919563098));
#9372=CARTESIAN_POINT('Ctrl Pts',(-26.6252514733434,-66.2727636756657,1.94233806513903));
#9373=CARTESIAN_POINT('Ctrl Pts',(-26.3634090168396,-66.2512748406847,1.96382690012002));
#9374=CARTESIAN_POINT('Ctrl Pts',(-26.2333296337705,-66.2405995115784,1.9745022292264));
#9375=CARTESIAN_POINT('',(-26.8751226463895,-66.3490211961986,1.58323783213151));
#9376=CARTESIAN_POINT('',(-26.8751226463895,-66.490442552436,1.72465918836882));
#9377=CARTESIAN_POINT('Ctrl Pts',(-26.8751226463895,-66.3490211961986,1.58323783213151));
#9378=CARTESIAN_POINT('Ctrl Pts',(-26.7914759716885,-66.2761511889365,1.65610783939367));
#9379=CARTESIAN_POINT('Ctrl Pts',(-26.6252514733434,-66.1313423194284,1.80091670890172));
#9380=CARTESIAN_POINT('Ctrl Pts',(-26.3634090168396,-66.1098534844474,1.82240554388271));
#9381=CARTESIAN_POINT('Ctrl Pts',(-26.2333296337705,-66.0991781553411,1.83308087298909));
#9382=CARTESIAN_POINT('Ctrl Pts',(-27.385679344235,-66.2436783388621,1.97142340194268));
#9383=CARTESIAN_POINT('Ctrl Pts',(-27.385679344235,-66.1022569826248,1.83000204570537));
#9384=CARTESIAN_POINT('Ctrl Pts',(-27.2726616372707,-66.2543749306661,1.96072681013864));
#9385=CARTESIAN_POINT('Ctrl Pts',(-27.2726616372707,-66.1129535744288,1.81930545390133));
#9386=CARTESIAN_POINT('Ctrl Pts',(-27.0442877003445,-66.2759894444233,1.93911229638152));
#9387=CARTESIAN_POINT('Ctrl Pts',(-27.0442877003445,-66.134568088186,1.79769094014421));
#9388=CARTESIAN_POINT('Ctrl Pts',(-26.9318946284422,-66.4184718485902,1.79662989221458));
#9389=CARTESIAN_POINT('Ctrl Pts',(-26.9318946284422,-66.2770504923529,1.65520853597727));
#9390=CARTESIAN_POINT('Ctrl Pts',(-26.8751226463895,-66.490442552436,1.72465918836882));
#9391=CARTESIAN_POINT('Ctrl Pts',(-26.8751226463895,-66.3490211961986,1.58323783213151));
#9392=CARTESIAN_POINT('',(-27.385679344235,-66.2436783388621,1.97142340194268));
#9393=CARTESIAN_POINT('Ctrl Pts',(-27.385679344235,-66.2436783388621,1.97142340194268));
#9394=CARTESIAN_POINT('Ctrl Pts',(-27.2726616372707,-66.2543749306661,1.96072681013864));
#9395=CARTESIAN_POINT('Ctrl Pts',(-27.0442877003445,-66.2759894444233,1.93911229638152));
#9396=CARTESIAN_POINT('Ctrl Pts',(-26.9318946284422,-66.4184718485902,1.79662989221458));
#9397=CARTESIAN_POINT('Ctrl Pts',(-26.8751226463895,-66.490442552436,1.72465918836882));
#9398=CARTESIAN_POINT('',(-27.385679344235,-66.1022569826248,1.83000204570537));
#9399=CARTESIAN_POINT('',(-27.385679344235,-66.2436783388621,1.97142340194268));
#9400=CARTESIAN_POINT('Ctrl Pts',(-27.385679344235,-66.1022569826248,1.83000204570537));
#9401=CARTESIAN_POINT('Ctrl Pts',(-27.2726616372707,-66.1129535744288,1.81930545390133));
#9402=CARTESIAN_POINT('Ctrl Pts',(-27.0442877003445,-66.134568088186,1.79769094014421));
#9403=CARTESIAN_POINT('Ctrl Pts',(-26.9318946284422,-66.2770504923529,1.65520853597727));
#9404=CARTESIAN_POINT('Ctrl Pts',(-26.8751226463895,-66.3490211961986,1.58323783213151));
#9405=CARTESIAN_POINT('Ctrl Pts',(-28.0184911289793,-66.5055240646057,1.70957767619905));
#9406=CARTESIAN_POINT('Ctrl Pts',(-28.0184911289793,-66.3641027083684,1.56815631996174));
#9407=CARTESIAN_POINT('Ctrl Pts',(-27.9402349931107,-66.4291524081033,1.78594933270143));
#9408=CARTESIAN_POINT('Ctrl Pts',(-27.9402349931107,-66.287731051866,1.64452797646412));
#9409=CARTESIAN_POINT('Ctrl Pts',(-27.7835994406042,-66.2762887830429,1.93881295776182));
#9410=CARTESIAN_POINT('Ctrl Pts',(-27.7835994406042,-66.1348674268056,1.79739160152451));
#9411=CARTESIAN_POINT('Ctrl Pts',(-27.5183889547567,-66.2545541890282,1.9605475517766));
#9412=CARTESIAN_POINT('Ctrl Pts',(-27.5183889547567,-66.1131328327909,1.81912619553929));
#9413=CARTESIAN_POINT('Ctrl Pts',(-27.385679344235,-66.2436783388621,1.97142340194268));
#9414=CARTESIAN_POINT('Ctrl Pts',(-27.385679344235,-66.1022569826248,1.83000204570537));
#9415=CARTESIAN_POINT('',(-28.0184911289793,-66.5055240646057,1.70957767619905));
#9416=CARTESIAN_POINT('Ctrl Pts',(-28.0184911289793,-66.5055240646057,1.70957767619905));
#9417=CARTESIAN_POINT('Ctrl Pts',(-27.9402349931107,-66.4291524081033,1.78594933270143));
#9418=CARTESIAN_POINT('Ctrl Pts',(-27.7835994406042,-66.2762887830429,1.93881295776182));
#9419=CARTESIAN_POINT('Ctrl Pts',(-27.5183889547567,-66.2545541890282,1.9605475517766));
#9420=CARTESIAN_POINT('Ctrl Pts',(-27.385679344235,-66.2436783388621,1.97142340194268));
#9421=CARTESIAN_POINT('',(-28.0184911289793,-66.3641027083684,1.56815631996174));
#9422=CARTESIAN_POINT('',(-28.0184911289793,-66.5055240646057,1.70957767619905));
#9423=CARTESIAN_POINT('Ctrl Pts',(-28.0184911289793,-66.3641027083684,1.56815631996174));
#9424=CARTESIAN_POINT('Ctrl Pts',(-27.9402349931107,-66.287731051866,1.64452797646412));
#9425=CARTESIAN_POINT('Ctrl Pts',(-27.7835994406042,-66.1348674268056,1.79739160152451));
#9426=CARTESIAN_POINT('Ctrl Pts',(-27.5183889547567,-66.1131328327909,1.81912619553929));
#9427=CARTESIAN_POINT('Ctrl Pts',(-27.385679344235,-66.1022569826248,1.83000204570537));
#9428=CARTESIAN_POINT('Origin',(-28.0184911289793,-66.2429808085192,1.97212093228553));
#9429=CARTESIAN_POINT('',(-28.0184911289793,-66.2429808085192,1.97212093228553));
#9430=CARTESIAN_POINT('',(-28.0184911289793,-66.479041274662,1.73606046614276));
#9431=CARTESIAN_POINT('',(-28.0184911289793,-66.1015594522819,1.83069957604822));
#9432=CARTESIAN_POINT('',(-28.0184911289793,-66.2429808085192,1.97212093228553));
#9433=CARTESIAN_POINT('',(-28.0184911289793,-66.1015594522819,1.83069957604822));
#9434=CARTESIAN_POINT('Ctrl Pts',(-28.8871418037992,-66.2807206771827,1.93438106362206));
#9435=CARTESIAN_POINT('Ctrl Pts',(-28.8871418037992,-66.1392993209454,1.79295970738475));
#9436=CARTESIAN_POINT('Ctrl Pts',(-28.7417242190389,-66.279158207173,1.93594353363175));
#9437=CARTESIAN_POINT('Ctrl Pts',(-28.7417242190389,-66.1377368509357,1.79452217739444));
#9438=CARTESIAN_POINT('Ctrl Pts',(-28.4513513280758,-66.2760382342034,1.93906350660135));
#9439=CARTESIAN_POINT('Ctrl Pts',(-28.4513513280758,-66.1346168779661,1.79764215036404));
#9440=CARTESIAN_POINT('Ctrl Pts',(-28.1626246427547,-66.2539882490975,1.96111349170732));
#9441=CARTESIAN_POINT('Ctrl Pts',(-28.1626246427547,-66.1125668928601,1.81969213547001));
#9442=CARTESIAN_POINT('Ctrl Pts',(-28.0184911289793,-66.2429808085192,1.97212093228553));
#9443=CARTESIAN_POINT('Ctrl Pts',(-28.0184911289793,-66.1015594522819,1.83069957604822));
#9444=CARTESIAN_POINT('',(-28.8871418037992,-66.2807206771827,1.93438106362206));
#9445=CARTESIAN_POINT('Ctrl Pts',(-28.8871418037992,-66.2807206771827,1.93438106362206));
#9446=CARTESIAN_POINT('Ctrl Pts',(-28.7417242190389,-66.279158207173,1.93594353363175));
#9447=CARTESIAN_POINT('Ctrl Pts',(-28.4513513280758,-66.2760382342034,1.93906350660135));
#9448=CARTESIAN_POINT('Ctrl Pts',(-28.1626246427547,-66.2539882490975,1.96111349170732));
#9449=CARTESIAN_POINT('Ctrl Pts',(-28.0184911289793,-66.2429808085192,1.97212093228553));
#9450=CARTESIAN_POINT('',(-28.8871418037992,-66.1392993209454,1.79295970738475));
#9451=CARTESIAN_POINT('',(-28.8871418037992,-66.2807206771827,1.93438106362206));
#9452=CARTESIAN_POINT('Ctrl Pts',(-28.8871418037992,-66.1392993209454,1.79295970738475));
#9453=CARTESIAN_POINT('Ctrl Pts',(-28.7417242190389,-66.1377368509357,1.79452217739444));
#9454=CARTESIAN_POINT('Ctrl Pts',(-28.4513513280758,-66.1346168779661,1.79764215036404));
#9455=CARTESIAN_POINT('Ctrl Pts',(-28.1626246427547,-66.1125668928601,1.81969213547001));
#9456=CARTESIAN_POINT('Ctrl Pts',(-28.0184911289793,-66.1015594522819,1.83069957604822));
#9457=CARTESIAN_POINT('Origin',(-28.8871418037992,-67.8677661584192,0.347335582385555));
#9458=CARTESIAN_POINT('',(-28.8871418037992,-67.8677661584192,0.347335582385555));
#9459=CARTESIAN_POINT('',(-28.8871418037992,-67.291433949612,0.923667791192776));
#9460=CARTESIAN_POINT('',(-28.8871418037992,-67.7263448021819,0.205914226148246));
#9461=CARTESIAN_POINT('',(-28.8871418037992,-67.8677661584192,0.347335582385555));
#9462=CARTESIAN_POINT('',(-28.8871418037992,-67.7263448021819,0.205914226148246));
#9463=CARTESIAN_POINT('Origin',(-28.0184911289793,-67.8677661584192,0.347335582385555));
#9464=CARTESIAN_POINT('',(-28.0184911289793,-67.8677661584192,0.347335582385555));
#9465=CARTESIAN_POINT('',(-22.2760521505445,-67.8677661584192,0.347335582385549));
#9466=CARTESIAN_POINT('',(-28.0184911289793,-67.7263448021819,0.205914226148246));
#9467=CARTESIAN_POINT('',(-28.0184911289793,-67.8677661584192,0.347335582385555));
#9468=CARTESIAN_POINT('',(-28.0184911289793,-67.7263448021819,0.205914226148246));
#9469=CARTESIAN_POINT('Origin',(-28.0184911289793,-66.976899159872,1.23820258093275));
#9470=CARTESIAN_POINT('',(-28.0184911289793,-66.976899159872,1.23820258093275));
#9471=CARTESIAN_POINT('',(-28.0184911289793,-66.8460004503384,1.36910129046637));
#9472=CARTESIAN_POINT('',(-28.0184911289793,-66.8354778036347,1.09678122469544));
#9473=CARTESIAN_POINT('',(-28.0184911289793,-66.976899159872,1.23820258093275));
#9474=CARTESIAN_POINT('',(-28.0184911289793,-66.8354778036347,1.09678122469544));
#9475=CARTESIAN_POINT('Ctrl Pts',(-27.774422029553,-66.5777324689184,1.63736927188639));
#9476=CARTESIAN_POINT('Ctrl Pts',(-27.774422029553,-66.4363111126811,1.49594791564908));
#9477=CARTESIAN_POINT('Ctrl Pts',(-27.8442134628101,-66.6073729165454,1.60772882425941));
#9478=CARTESIAN_POINT('Ctrl Pts',(-27.8442134628101,-66.4659515603081,1.4663074680221));
#9479=CARTESIAN_POINT('Ctrl Pts',(-28.0431646876505,-66.6918675756317,1.52323416517305));
#9480=CARTESIAN_POINT('Ctrl Pts',(-28.0431646876505,-66.5504462193944,1.38181280893574));
#9481=CARTESIAN_POINT('Ctrl Pts',(-28.0282037918771,-66.8646974410258,1.35040429977902));
#9482=CARTESIAN_POINT('Ctrl Pts',(-28.0282037918771,-66.7232760847884,1.20898294354171));
#9483=CARTESIAN_POINT('Ctrl Pts',(-28.0184911289793,-66.976899159872,1.23820258093275));
#9484=CARTESIAN_POINT('Ctrl Pts',(-28.0184911289793,-66.8354778036347,1.09678122469544));
#9485=CARTESIAN_POINT('',(-27.774422029553,-66.5777324689184,1.63736927188639));
#9486=CARTESIAN_POINT('Ctrl Pts',(-27.774422029553,-66.5777324689184,1.63736927188639));
#9487=CARTESIAN_POINT('Ctrl Pts',(-27.8442134628101,-66.6073729165454,1.60772882425941));
#9488=CARTESIAN_POINT('Ctrl Pts',(-28.0431646876505,-66.6918675756317,1.52323416517305));
#9489=CARTESIAN_POINT('Ctrl Pts',(-28.0282037918771,-66.8646974410258,1.35040429977902));
#9490=CARTESIAN_POINT('Ctrl Pts',(-28.0184911289793,-66.976899159872,1.23820258093275));
#9491=CARTESIAN_POINT('',(-27.774422029553,-66.4363111126811,1.49594791564908));
#9492=CARTESIAN_POINT('',(-27.774422029553,-66.5777324689184,1.63736927188639));
#9493=CARTESIAN_POINT('Ctrl Pts',(-27.774422029553,-66.4363111126811,1.49594791564908));
#9494=CARTESIAN_POINT('Ctrl Pts',(-27.8442134628101,-66.4659515603081,1.4663074680221));
#9495=CARTESIAN_POINT('Ctrl Pts',(-28.0431646876505,-66.5504462193944,1.38181280893574));
#9496=CARTESIAN_POINT('Ctrl Pts',(-28.0282037918771,-66.7232760847884,1.20898294354171));
#9497=CARTESIAN_POINT('Ctrl Pts',(-28.0184911289793,-66.8354778036347,1.09678122469544));
#9498=CARTESIAN_POINT('Ctrl Pts',(-27.7071713009458,-66.7189020736002,1.49619966720461));
#9499=CARTESIAN_POINT('Ctrl Pts',(-27.7071713009458,-66.5774807173629,1.3547783109673));
#9500=CARTESIAN_POINT('Ctrl Pts',(-27.7025456529484,-66.6801043705634,1.5349973702414));
#9501=CARTESIAN_POINT('Ctrl Pts',(-27.7025456529484,-66.5386830143261,1.39357601400409));
#9502=CARTESIAN_POINT('Ctrl Pts',(-27.6957416135562,-66.6230353718127,1.59206636899211));
#9503=CARTESIAN_POINT('Ctrl Pts',(-27.6957416135562,-66.4816140155754,1.4506450127548));
#9504=CARTESIAN_POINT('Ctrl Pts',(-27.7553406978727,-66.5887191891239,1.62638255168093));
#9505=CARTESIAN_POINT('Ctrl Pts',(-27.7553406978727,-66.4472978328865,1.48496119544362));
#9506=CARTESIAN_POINT('Ctrl Pts',(-27.774422029553,-66.5777324689184,1.63736927188639));
#9507=CARTESIAN_POINT('Ctrl Pts',(-27.774422029553,-66.4363111126811,1.49594791564908));
#9508=CARTESIAN_POINT('',(-27.7071713009458,-66.7189020736002,1.49619966720461));
#9509=CARTESIAN_POINT('Ctrl Pts',(-27.7071713009458,-66.7189020736002,1.49619966720461));
#9510=CARTESIAN_POINT('Ctrl Pts',(-27.7025456529484,-66.6801043705634,1.5349973702414));
#9511=CARTESIAN_POINT('Ctrl Pts',(-27.6957416135562,-66.6230353718127,1.59206636899211));
#9512=CARTESIAN_POINT('Ctrl Pts',(-27.7553406978727,-66.5887191891239,1.62638255168093));
#9513=CARTESIAN_POINT('Ctrl Pts',(-27.774422029553,-66.5777324689184,1.63736927188639));
#9514=CARTESIAN_POINT('',(-27.7071713009458,-66.5774807173629,1.3547783109673));
#9515=CARTESIAN_POINT('',(-27.7071713009458,-66.7189020736002,1.49619966720461));
#9516=CARTESIAN_POINT('Ctrl Pts',(-27.7071713009458,-66.5774807173629,1.3547783109673));
#9517=CARTESIAN_POINT('Ctrl Pts',(-27.7025456529484,-66.5386830143261,1.39357601400409));
#9518=CARTESIAN_POINT('Ctrl Pts',(-27.6957416135562,-66.4816140155754,1.4506450127548));
#9519=CARTESIAN_POINT('Ctrl Pts',(-27.7553406978727,-66.4472978328865,1.48496119544362));
#9520=CARTESIAN_POINT('Ctrl Pts',(-27.774422029553,-66.4363111126811,1.49594791564908));
#9521=CARTESIAN_POINT('Origin',(-27.7071713009458,-67.8677661584192,0.347335582385555));
#9522=CARTESIAN_POINT('',(-27.7071713009458,-67.8677661584192,0.347335582385555));
#9523=CARTESIAN_POINT('',(-27.7071713009458,-67.291433949612,0.923667791192776));
#9524=CARTESIAN_POINT('',(-27.7071713009458,-67.7263448021819,0.205914226148246));
#9525=CARTESIAN_POINT('',(-27.7071713009458,-67.8677661584192,0.347335582385555));
#9526=CARTESIAN_POINT('',(-27.7071713009458,-67.7263448021819,0.205914226148246));
#9527=CARTESIAN_POINT('Origin',(-26.8385206261259,-67.8677661584192,0.347335582385555));
#9528=CARTESIAN_POINT('',(-26.8385206261259,-67.8677661584192,0.347335582385555));
#9529=CARTESIAN_POINT('',(-21.6860668991178,-67.8677661584192,0.347335582385549));
#9530=CARTESIAN_POINT('',(-26.8385206261259,-67.7263448021819,0.205914226148246));
#9531=CARTESIAN_POINT('',(-26.8385206261259,-67.8677661584192,0.347335582385555));
#9532=CARTESIAN_POINT('',(-26.8385206261259,-67.7263448021819,0.205914226148246));
#9533=CARTESIAN_POINT('Origin',(-26.8385206261259,-66.9754078990046,1.23969384180019));
#9534=CARTESIAN_POINT('',(-26.8385206261259,-66.9754078990046,1.23969384180019));
#9535=CARTESIAN_POINT('',(-26.8385206261259,-66.8452548199047,1.36984692090009));
#9536=CARTESIAN_POINT('',(-26.8385206261259,-66.8339865427673,1.09827248556288));
#9537=CARTESIAN_POINT('',(-26.8385206261259,-66.9754078990046,1.23969384180019));
#9538=CARTESIAN_POINT('',(-26.8385206261259,-66.8339865427673,1.09827248556288));
#9539=CARTESIAN_POINT('Ctrl Pts',(-26.5986012020689,-66.5746536416347,1.64044809917012));
#9540=CARTESIAN_POINT('Ctrl Pts',(-26.5986012020689,-66.4332322853974,1.49902674293281));
#9541=CARTESIAN_POINT('Ctrl Pts',(-26.6671596019069,-66.6045608626769,1.61054087812784));
#9542=CARTESIAN_POINT('Ctrl Pts',(-26.6671596019069,-66.4631395064396,1.46911952189053));
#9543=CARTESIAN_POINT('Ctrl Pts',(-26.8642190516732,-66.6905240785126,1.52457766229217));
#9544=CARTESIAN_POINT('Ctrl Pts',(-26.8642190516732,-66.5491027222753,1.38315630605486));
#9545=CARTESIAN_POINT('Ctrl Pts',(-26.848663977876,-66.8629622243139,1.35213951649085));
#9546=CARTESIAN_POINT('Ctrl Pts',(-26.848663977876,-66.7215408680766,1.21071816025354));
#9547=CARTESIAN_POINT('Ctrl Pts',(-26.8385206261259,-66.9754078990046,1.23969384180019));
#9548=CARTESIAN_POINT('Ctrl Pts',(-26.8385206261259,-66.8339865427673,1.09827248556288));
#9549=CARTESIAN_POINT('',(-26.5986012020689,-66.5746536416347,1.64044809917012));
#9550=CARTESIAN_POINT('Ctrl Pts',(-26.5986012020689,-66.5746536416347,1.64044809917012));
#9551=CARTESIAN_POINT('Ctrl Pts',(-26.6671596019069,-66.6045608626769,1.61054087812784));
#9552=CARTESIAN_POINT('Ctrl Pts',(-26.8642190516732,-66.6905240785126,1.52457766229217));
#9553=CARTESIAN_POINT('Ctrl Pts',(-26.848663977876,-66.8629622243139,1.35213951649085));
#9554=CARTESIAN_POINT('Ctrl Pts',(-26.8385206261259,-66.9754078990046,1.23969384180019));
#9555=CARTESIAN_POINT('',(-26.5986012020689,-66.4332322853974,1.49902674293281));
#9556=CARTESIAN_POINT('',(-26.5986012020689,-66.5746536416347,1.64044809917012));
#9557=CARTESIAN_POINT('Ctrl Pts',(-26.5986012020689,-66.4332322853974,1.49902674293281));
#9558=CARTESIAN_POINT('Ctrl Pts',(-26.6671596019069,-66.4631395064396,1.46911952189053));
#9559=CARTESIAN_POINT('Ctrl Pts',(-26.8642190516732,-66.5491027222753,1.38315630605486));
#9560=CARTESIAN_POINT('Ctrl Pts',(-26.848663977876,-66.7215408680766,1.21071816025354));
#9561=CARTESIAN_POINT('Ctrl Pts',(-26.8385206261259,-66.8339865427673,1.09827248556288));
#9562=CARTESIAN_POINT('Ctrl Pts',(-26.5184913673978,-66.6947523508719,1.52034938993287));
#9563=CARTESIAN_POINT('Ctrl Pts',(-26.5184913673978,-66.5533309946346,1.37892803369556));
#9564=CARTESIAN_POINT('Ctrl Pts',(-26.5161173787135,-66.6607534489306,1.55434829187415));
#9565=CARTESIAN_POINT('Ctrl Pts',(-26.5161173787135,-66.5193320926933,1.41292693563684));
#9566=CARTESIAN_POINT('Ctrl Pts',(-26.5123888978065,-66.6073562876109,1.60774545319391));
#9567=CARTESIAN_POINT('Ctrl Pts',(-26.5123888978065,-66.4659349313736,1.4663240969566));
#9568=CARTESIAN_POINT('Ctrl Pts',(-26.5756276602766,-66.583368123987,1.63173361681773));
#9569=CARTESIAN_POINT('Ctrl Pts',(-26.5756276602766,-66.4419467677497,1.49031226058042));
#9570=CARTESIAN_POINT('Ctrl Pts',(-26.5986012020689,-66.5746536416347,1.64044809917012));
#9571=CARTESIAN_POINT('Ctrl Pts',(-26.5986012020689,-66.4332322853974,1.49902674293281));
#9572=CARTESIAN_POINT('',(-26.5184913673978,-66.6947523508719,1.52034938993287));
#9573=CARTESIAN_POINT('Ctrl Pts',(-26.5184913673978,-66.6947523508719,1.52034938993287));
#9574=CARTESIAN_POINT('Ctrl Pts',(-26.5161173787135,-66.6607534489306,1.55434829187415));
#9575=CARTESIAN_POINT('Ctrl Pts',(-26.5123888978065,-66.6073562876109,1.60774545319391));
#9576=CARTESIAN_POINT('Ctrl Pts',(-26.5756276602766,-66.583368123987,1.63173361681773));
#9577=CARTESIAN_POINT('Ctrl Pts',(-26.5986012020689,-66.5746536416347,1.64044809917012));
#9578=CARTESIAN_POINT('',(-26.5184913673978,-66.5533309946346,1.37892803369556));
#9579=CARTESIAN_POINT('',(-26.5184913673978,-66.6947523508719,1.52034938993287));
#9580=CARTESIAN_POINT('Ctrl Pts',(-26.5184913673978,-66.5533309946346,1.37892803369556));
#9581=CARTESIAN_POINT('Ctrl Pts',(-26.5161173787135,-66.5193320926933,1.41292693563684));
#9582=CARTESIAN_POINT('Ctrl Pts',(-26.5123888978065,-66.4659349313736,1.4663240969566));
#9583=CARTESIAN_POINT('Ctrl Pts',(-26.5756276602766,-66.4419467677497,1.49031226058042));
#9584=CARTESIAN_POINT('Ctrl Pts',(-26.5986012020689,-66.4332322853974,1.49902674293281));
#9585=CARTESIAN_POINT('Origin',(-26.5184913673978,-67.8677661584192,0.347335582385555));
#9586=CARTESIAN_POINT('',(-26.5184913673978,-67.8677661584192,0.347335582385555));
#9587=CARTESIAN_POINT('',(-26.5184913673978,-67.291433949612,0.923667791192776));
#9588=CARTESIAN_POINT('',(-26.5184913673978,-67.7263448021819,0.205914226148246));
#9589=CARTESIAN_POINT('',(-26.5184913673978,-67.8677661584192,0.347335582385555));
#9590=CARTESIAN_POINT('',(-26.5184913673978,-67.7263448021819,0.205914226148246));
#9591=CARTESIAN_POINT('Origin',(-25.6498406925779,-67.8677661584192,0.347335582385555));
#9592=CARTESIAN_POINT('',(-25.6498406925779,-67.8677661584192,0.347335582385555));
#9593=CARTESIAN_POINT('',(-21.0917269323438,-67.8677661584192,0.347335582385548));
#9594=CARTESIAN_POINT('',(-25.6498406925779,-67.7263448021819,0.205914226148246));
#9595=CARTESIAN_POINT('',(-25.6498406925779,-67.8677661584192,0.347335582385555));
#9596=CARTESIAN_POINT('',(-25.6498406925779,-67.7263448021819,0.205914226148246));
#9597=CARTESIAN_POINT('Origin',(-25.6498406925779,-66.6570366112792,1.55806512952557));
#9598=CARTESIAN_POINT('',(-25.6498406925779,-66.686069176042,1.52903256476278));
#9599=CARTESIAN_POINT('',(-25.6498406925779,-66.5156152550419,1.41664377328826));
#9600=CARTESIAN_POINT('Origin',(-26.1298845806699,-66.6675368368802,1.26472219144998));
#9601=CARTESIAN_POINT('Origin',(-32.2137020626646,-67.1543654197571,1.06073632104763));
#9602=CARTESIAN_POINT('',(-32.2137020626646,-67.1543654197571,1.06073632104763));
#9603=CARTESIAN_POINT('',(-32.2137020626646,-65.7464457305659,2.46865601023889));
#9604=CARTESIAN_POINT('',(-32.2137020626646,-66.9347335802809,1.28036816052381));
#9605=CARTESIAN_POINT('',(-32.2137020626646,-67.0129440635198,0.919314964810317));
#9606=CARTESIAN_POINT('',(-32.2137020626646,-67.1543654197571,1.06073632104763));
#9607=CARTESIAN_POINT('',(-32.2137020626646,-65.6050243743286,2.32723465400158));
#9608=CARTESIAN_POINT('',(-32.2137020626646,-67.0129440635198,0.919314964810312));
#9609=CARTESIAN_POINT('',(-32.2137020626646,-65.7464457305659,2.46865601023889));
#9610=CARTESIAN_POINT('Origin',(-33.4739862480741,-65.7464457305659,2.46865601023889));
#9611=CARTESIAN_POINT('',(-33.4739862480741,-65.7464457305659,2.46865601023889));
#9612=CARTESIAN_POINT('',(-30.7416494837065,-68.7988610291076,-0.583759288302826));
#9613=CARTESIAN_POINT('',(-33.4739862480741,-65.6050243743286,2.32723465400158));
#9614=CARTESIAN_POINT('',(-33.4739862480741,-65.7464457305659,2.46865601023889));
#9615=CARTESIAN_POINT('',(-33.4739862480741,-65.6050243743286,2.32723465400158));
#9616=CARTESIAN_POINT('Origin',(-34.0772722759824,-65.7464457305659,2.46865601023889));
#9617=CARTESIAN_POINT('',(-34.0772722759824,-65.7464457305659,2.46865601023889));
#9618=CARTESIAN_POINT('',(-25.3054427240461,-65.7464457305659,2.46865601023889));
#9619=CARTESIAN_POINT('',(-34.0772722759824,-65.6050243743286,2.32723465400158));
#9620=CARTESIAN_POINT('',(-34.0772722759824,-65.7464457305659,2.46865601023889));
#9621=CARTESIAN_POINT('',(-34.0772722759824,-65.6050243743286,2.32723465400158));
#9622=CARTESIAN_POINT('Origin',(-34.0772722759824,-67.8677661584192,0.347335582385555));
#9623=CARTESIAN_POINT('',(-34.0772722759824,-67.8677661584192,0.347335582385555));
#9624=CARTESIAN_POINT('',(-34.0772722759824,-67.291433949612,0.923667791192776));
#9625=CARTESIAN_POINT('',(-34.0772722759824,-67.7263448021819,0.205914226148246));
#9626=CARTESIAN_POINT('',(-34.0772722759824,-67.8677661584192,0.347335582385555));
#9627=CARTESIAN_POINT('',(-34.0772722759824,-67.7263448021819,0.205914226148241));
#9628=CARTESIAN_POINT('Origin',(-33.7049935856443,-67.8677661584192,0.347335582385555));
#9629=CARTESIAN_POINT('',(-33.7049935856443,-67.8677661584192,0.347335582385555));
#9630=CARTESIAN_POINT('',(-25.119303378877,-67.8677661584192,0.347335582385549));
#9631=CARTESIAN_POINT('',(-33.7049935856443,-67.7263448021819,0.205914226148246));
#9632=CARTESIAN_POINT('',(-33.7049935856443,-67.8677661584192,0.347335582385555));
#9633=CARTESIAN_POINT('',(-33.7049935856443,-67.7263448021819,0.205914226148241));
#9634=CARTESIAN_POINT('Origin',(-33.7049935856443,-66.5640941702087,1.65100757059604));
#9635=CARTESIAN_POINT('',(-33.7049935856443,-66.5640941702087,1.65100757059604));
#9636=CARTESIAN_POINT('',(-33.7049935856443,-66.6395979555067,1.57550378529802));
#9637=CARTESIAN_POINT('',(-33.7049935856443,-66.4226728139714,1.50958621435873));
#9638=CARTESIAN_POINT('',(-33.7049935856443,-66.5640941702087,1.65100757059604));
#9639=CARTESIAN_POINT('',(-33.7049935856443,-66.4226728139714,1.50958621435872));
#9640=CARTESIAN_POINT('Origin',(-32.5574068823438,-67.8677661584192,0.347335582385555));
#9641=CARTESIAN_POINT('',(-32.5574068823438,-67.8677661584192,0.347335582385555));
#9642=CARTESIAN_POINT('',(-30.6857588796044,-69.9939802962651,-1.77887855546038));
#9643=CARTESIAN_POINT('',(-32.5574068823438,-67.7263448021819,0.205914226148246));
#9644=CARTESIAN_POINT('',(-32.5574068823438,-67.8677661584192,0.347335582385555));
#9645=CARTESIAN_POINT('',(-32.5574068823438,-67.7263448021819,0.205914226148241));
#9646=CARTESIAN_POINT('Origin',(-31.8414233723264,-67.8677661584192,0.347335582385555));
#9647=CARTESIAN_POINT('',(-31.8414233723264,-67.8677661584192,0.347335582385555));
#9648=CARTESIAN_POINT('',(-24.1875182722181,-67.8677661584192,0.347335582385549));
#9649=CARTESIAN_POINT('',(-31.8414233723264,-67.7263448021819,0.205914226148246));
#9650=CARTESIAN_POINT('',(-31.8414233723264,-67.8677661584192,0.347335582385555));
#9651=CARTESIAN_POINT('',(-31.8414233723264,-67.7263448021819,0.205914226148241));
#9652=CARTESIAN_POINT('Origin',(-31.8414233723264,-65.7464457305659,2.46865601023889));
#9653=CARTESIAN_POINT('',(-31.8414233723264,-65.7464457305659,2.46865601023889));
#9654=CARTESIAN_POINT('',(-31.8414233723264,-66.2307737356853,1.98432800511944));
#9655=CARTESIAN_POINT('',(-31.8414233723264,-65.6050243743286,2.32723465400158));
#9656=CARTESIAN_POINT('',(-31.8414233723264,-65.7464457305659,2.46865601023889));
#9657=CARTESIAN_POINT('',(-31.8414233723264,-65.6050243743286,2.32723465400158));
#9658=CARTESIAN_POINT('Origin',(-32.2137020626646,-65.7464457305659,2.46865601023889));
#9659=CARTESIAN_POINT('',(-24.3736576173871,-65.7464457305659,2.46865601023889));
#9660=CARTESIAN_POINT('',(-32.2137020626646,-65.6050243743286,2.32723465400158));
#9661=CARTESIAN_POINT('Origin',(-26.1298845806699,-66.6675368368802,1.26472219145));
#9662=CARTESIAN_POINT('Origin',(-16.5336131721097,-66.7151017408048,1.5));
#9663=CARTESIAN_POINT('Origin',(-16.5336131721097,-66.7151017408048,1.5));
#9664=CARTESIAN_POINT('Origin',(-16.5336131721097,-66.7151017408048,1.5));
#9665=CARTESIAN_POINT('Origin',(-44.3642829471192,13.9841482591953,2.));
#9666=CARTESIAN_POINT('',(-45.2302021824974,40.8836574434977,2.50018384400336));
#9667=CARTESIAN_POINT('Origin',(-44.3642829471192,41.383473689624,2.));
#9668=CARTESIAN_POINT('',(-45.3642829471192,40.3834735994944,2.));
#9669=CARTESIAN_POINT('Origin',(-44.3642829471192,40.3834735994944,2.));
#9670=CARTESIAN_POINT('',(-45.3642829471192,-64.8008881784317,1.99999999999999));
#9671=CARTESIAN_POINT('',(-45.3642829471192,13.9841482591953,2.));
#9672=CARTESIAN_POINT('Origin',(-44.3642829471192,-64.8008881784317,2.));
#9673=CARTESIAN_POINT('Origin',(-44.3642829471192,-39.3582449596182,27.4426432188135));
#9674=CARTESIAN_POINT('',(-45.3642829471192,-66.8008881784317,0.));
#9675=CARTESIAN_POINT('',(-45.3642829471192,-39.3582449596182,27.4426432188135));
#9676=CARTESIAN_POINT('',(-44.3642829471192,-68.2151017408048,0.));
#9677=CARTESIAN_POINT('Origin',(-44.3642829471192,-66.8008881784316,0.));
#9678=CARTESIAN_POINT('',(-44.3642829471192,-40.0653517408048,28.14975));
#9679=CARTESIAN_POINT('Origin',(26.9099443796959,40.8532127764232,2.5));
#9680=CARTESIAN_POINT('',(41.500000923872,41.3470180440364,2.));
#9681=CARTESIAN_POINT('',(41.500000923872,34.6011052351105,8.74591248431961));
#9682=CARTESIAN_POINT('',(-44.3638583775863,41.3834735093647,2.));
#9683=CARTESIAN_POINT('',(26.9101566644624,41.3532127313584,2.));
#9684=CARTESIAN_POINT('Origin',(-44.3642829471192,40.3834735994944,3.00000000000001));
#9685=CARTESIAN_POINT('Origin',(-16.5336131721097,-66.7151017408048,1.5));
#9686=CARTESIAN_POINT('',(45.4357170528789,-68.2151017408047,0.));
#9687=CARTESIAN_POINT('',(-45.3642829471192,-68.2151017408048,0.));
#9688=CARTESIAN_POINT('',(45.4357170528769,-67.4651017407635,0.750000000041228));
#9689=CARTESIAN_POINT('Origin',(12.2970566028997,-13.4156017408047,0.));
#9690=CARTESIAN_POINT('',(-45.3642829471192,40.3834735994944,0.));
#9691=CARTESIAN_POINT('',(-45.3642829471192,41.3838982591953,0.));
#9692=CARTESIAN_POINT('',(-44.3638583775863,41.3834735093647,0.));
#9693=CARTESIAN_POINT('Origin',(-44.3642829471192,40.3834735994944,0.));
#9694=CARTESIAN_POINT('',(41.500000923872,41.3470180440364,0.));
#9695=CARTESIAN_POINT('',(69.9583961529187,41.3349357587765,0.));
#9696=CARTESIAN_POINT('',(41.500000923872,13.3571740763664,0.));
#9697=CARTESIAN_POINT('',(41.500000923872,13.3571740763664,0.));
#9698=CARTESIAN_POINT('',(62.000000923872,13.3571740763664,0.));
#9699=CARTESIAN_POINT('',(62.000000923872,13.3571740763664,0.));
#9700=CARTESIAN_POINT('',(62.000000923872,41.3383146512266,0.));
#9701=CARTESIAN_POINT('',(62.000000923872,41.3470180440364,0.));
#9702=CARTESIAN_POINT('',(68.9588207146262,41.3353601480918,0.));
#9703=CARTESIAN_POINT('',(69.9583961529187,41.3349357587765,0.));
#9704=CARTESIAN_POINT('',(69.9583961450932,40.3353602303927,0.));
#9705=CARTESIAN_POINT('Origin',(68.9583961450932,40.3353602382214,0.));
#9706=CARTESIAN_POINT('',(69.958395510202,-40.762217499024,0.));
#9707=CARTESIAN_POINT('',(69.9583955046994,-41.4650874202137,0.));
#9708=CARTESIAN_POINT('',(69.2970601788031,-41.7031246291431,0.));
#9709=CARTESIAN_POINT('Origin',(68.958395510202,-40.7622174911952,0.));
#9710=CARTESIAN_POINT('',(47.0970523842322,-49.6936669254709,0.));
#9711=CARTESIAN_POINT('',(46.4357170528314,-49.9317041363815,0.));
#9712=CARTESIAN_POINT('',(46.4357170528333,-50.6345740634215,0.));
#9713=CARTESIAN_POINT('Origin',(47.4357170528333,-50.6345740634188,0.));
#9714=CARTESIAN_POINT('',(46.435717052877,-66.8008881784289,0.));
#9715=CARTESIAN_POINT('',(46.4357170528808,-68.2151017408047,0.));
#9716=CARTESIAN_POINT('Origin',(45.435717052877,-66.8008881784317,0.));
#9717=CARTESIAN_POINT('',(43.5883961529186,-38.7867438391587,0.));
#9718=CARTESIAN_POINT('',(43.5883961529186,5.06120745786465,0.));
#9719=CARTESIAN_POINT('',(43.5883961529186,5.06120745786465,0.));
#9720=CARTESIAN_POINT('',(58.9574828197204,-38.7867438391587,0.));
#9721=CARTESIAN_POINT('',(43.5883961529186,-38.7867438391587,0.));
#9722=CARTESIAN_POINT('',(58.9574828197204,5.06120745786465,0.));
#9723=CARTESIAN_POINT('',(58.9574828197204,-38.7867438391587,0.));
#9724=CARTESIAN_POINT('',(58.9574828197204,5.06120745786465,0.));
#9725=CARTESIAN_POINT('',(-37.3642057133628,-62.6800682450349,0.));
#9726=CARTESIAN_POINT('',(-37.3642057130994,34.6876165351407,0.));
#9727=CARTESIAN_POINT('',(-37.3642057130994,34.6876165351407,0.));
#9728=CARTESIAN_POINT('',(39.7357476096313,-62.6800682450349,0.));
#9729=CARTESIAN_POINT('',(-37.3642057133628,-62.6800682450349,0.));
#9730=CARTESIAN_POINT('',(39.7357476096313,34.6876165351407,0.));
#9731=CARTESIAN_POINT('',(39.7357476096313,-62.6800682450349,0.));
#9732=CARTESIAN_POINT('',(39.7357476096313,34.6876165351407,0.));
#9733=CARTESIAN_POINT('Origin',(35.6272697113101,-39.7867438391587,2.));
#9734=CARTESIAN_POINT('',(58.9574828197204,-38.7867438391587,2.));
#9735=CARTESIAN_POINT('Origin',(59.9574828197204,-39.7867438391587,2.));
#9736=CARTESIAN_POINT('',(43.5883961529186,-38.7867438391587,2.));
#9737=CARTESIAN_POINT('',(35.6272697113101,-38.7867438391587,2.));
#9738=CARTESIAN_POINT('Origin',(42.5883961529187,-39.7867438391587,2.));
#9739=CARTESIAN_POINT('Origin',(59.9574828197204,-4.17719714147005,2.));
#9740=CARTESIAN_POINT('',(58.9574828197204,5.06120745786465,2.));
#9741=CARTESIAN_POINT('Origin',(59.9574828197204,6.06120745786465,2.));
#9742=CARTESIAN_POINT('',(58.9574828197204,-4.17719714147005,2.));
#9743=CARTESIAN_POINT('Origin',(27.9427263779092,6.06120745786464,2.));
#9744=CARTESIAN_POINT('',(43.5883961529186,5.06120745786465,2.));
#9745=CARTESIAN_POINT('Origin',(42.5883961529187,6.06120745786464,2.));
#9746=CARTESIAN_POINT('',(27.9427263779092,5.06120745786464,2.));
#9747=CARTESIAN_POINT('Origin',(42.5883961529187,-26.1011727899817,2.));
#9748=CARTESIAN_POINT('',(43.5883961529186,-26.1011727899817,2.));
#9749=CARTESIAN_POINT('Origin',(43.5883961529186,-38.7867438391587,0.));
#9750=CARTESIAN_POINT('',(43.5883961529186,-38.7867438391587,0.));
#9751=CARTESIAN_POINT('',(43.5883961529186,5.06120745786465,0.));
#9752=CARTESIAN_POINT('Origin',(58.9574828197204,-38.7867438391587,0.));
#9753=CARTESIAN_POINT('',(58.9574828197204,-38.7867438391587,0.));
#9754=CARTESIAN_POINT('Origin',(26.0164021062655,-63.6800682450349,2.));
#9755=CARTESIAN_POINT('',(39.7357476096313,-62.6800682450349,2.));
#9756=CARTESIAN_POINT('Origin',(40.7357476096313,-63.6800682450349,2.));
#9757=CARTESIAN_POINT('',(-37.3642057133628,-62.6800682450349,2.));
#9758=CARTESIAN_POINT('',(26.0164021062655,-62.6800682450349,2.));
#9759=CARTESIAN_POINT('Origin',(-38.3642057133655,-63.6800682450349,2.));
#9760=CARTESIAN_POINT('Origin',(40.7357476096313,10.636007397168,2.));
#9761=CARTESIAN_POINT('',(39.7357476096313,34.6876165351407,2.));
#9762=CARTESIAN_POINT('Origin',(40.7357476096313,35.6876165351407,2.));
#9763=CARTESIAN_POINT('',(39.7357476096313,10.636007397168,2.));
#9764=CARTESIAN_POINT('Origin',(-12.5335745550998,35.6876165351407,2.));
#9765=CARTESIAN_POINT('',(-37.3642057130994,34.6876165351407,2.));
#9766=CARTESIAN_POINT('Origin',(-38.3642057130967,35.6876165351407,2.));
#9767=CARTESIAN_POINT('',(-12.5335745550998,34.6876165351407,2.));
#9768=CARTESIAN_POINT('Origin',(-38.3642057132962,-38.0478349928499,2.));
#9769=CARTESIAN_POINT('',(-37.3642057132962,-38.0478349928526,2.));
#9770=CARTESIAN_POINT('Origin',(-37.3642057133628,-62.6800682450349,0.));
#9771=CARTESIAN_POINT('',(-37.3642057133628,-62.6800682450349,0.));
#9772=CARTESIAN_POINT('',(-37.3642057130994,34.6876165351407,0.));
#9773=CARTESIAN_POINT('Origin',(39.7357476096313,-62.6800682450349,0.));
#9774=CARTESIAN_POINT('',(39.7357476096313,-62.6800682450349,0.));
#9775=CARTESIAN_POINT('Origin',(-44.3642829471192,40.3834735994944,0.));
#9776=CARTESIAN_POINT('',(-44.3638583775863,41.3834735093647,0.));
#9777=CARTESIAN_POINT('',(-45.3642829471192,40.3834735994944,0.));
#9778=CARTESIAN_POINT('Origin',(41.5000009239923,41.3470183274368,0.));
#9779=CARTESIAN_POINT('',(41.500000923872,41.3470180440364,0.));
#9780=CARTESIAN_POINT('Origin',(68.9583961450932,40.3353602382214,0.));
#9781=CARTESIAN_POINT('',(69.8245276672042,40.8351763908273,2.49981615938657));
#9782=CARTESIAN_POINT('',(69.9583961450932,40.3353602303927,2.));
#9783=CARTESIAN_POINT('Origin',(68.9583961450932,40.3353602382214,2.));
#9784=CARTESIAN_POINT('',(69.9583961450932,40.3353602303927,0.));
#9785=CARTESIAN_POINT('',(68.9588207146262,41.3353601480918,2.));
#9786=CARTESIAN_POINT('',(68.9588207146262,41.3353601480918,0.));
#9787=CARTESIAN_POINT('Origin',(68.9583961450932,40.3353602382214,3.00000000000001));
#9788=CARTESIAN_POINT('Origin',(41.1391419941591,40.8471714920931,2.5));
#9789=CARTESIAN_POINT('',(62.000000923872,41.3383146512266,2.));
#9790=CARTESIAN_POINT('',(41.1393542789255,41.3471714470283,2.));
#9791=CARTESIAN_POINT('',(62.000000923872,41.5905288503766,1.747785823582));
#9792=CARTESIAN_POINT('Origin',(68.958396152922,41.3353603283478,2.));
#9793=CARTESIAN_POINT('Origin',(69.9583961529187,41.3349357587765,0.));
#9794=CARTESIAN_POINT('',(62.000000923872,41.3383146512266,0.));
#9795=CARTESIAN_POINT('Origin',(47.4357170528333,-50.6345740634188,2.00000000000001));
#9796=CARTESIAN_POINT('',(46.4357170528333,-50.6345740634215,2.));
#9797=CARTESIAN_POINT('Origin',(45.4357170528333,-50.6345740634242,2.));
#9798=CARTESIAN_POINT('',(47.0970523842322,-49.6936669254709,2.));
#9799=CARTESIAN_POINT('Origin',(47.4357170528333,-50.6345740634188,2.));
#9800=CARTESIAN_POINT('Origin',(46.7583877156311,-48.752759787523,2.));
#9801=CARTESIAN_POINT('Origin',(47.4357170528333,-50.6345740634188,0.));
#9802=CARTESIAN_POINT('',(47.0970523842322,-49.6936669254709,0.));
#9803=CARTESIAN_POINT('',(46.4357170528333,-50.6345740634215,0.));
#9804=CARTESIAN_POINT('Origin',(68.958395510202,-40.7622174911952,2.));
#9805=CARTESIAN_POINT('',(69.2970601788031,-41.7031246291431,2.));
#9806=CARTESIAN_POINT('Origin',(68.958395510202,-40.7622174911952,2.));
#9807=CARTESIAN_POINT('',(69.958395510202,-40.762217499024,2.));
#9808=CARTESIAN_POINT('Origin',(68.958395510202,-40.7622174911952,2.));
#9809=CARTESIAN_POINT('Origin',(68.958395510202,-40.7622174911952,2.));
#9810=CARTESIAN_POINT('Origin',(68.958395510202,-40.7622174911952,0.));
#9811=CARTESIAN_POINT('',(69.958395510202,-40.762217499024,0.));
#9812=CARTESIAN_POINT('',(69.2970601788031,-41.7031246291431,0.));
#9813=CARTESIAN_POINT('Origin',(68.9583956144954,-27.4403447983881,2.));
#9814=CARTESIAN_POINT('',(69.9583956144954,-27.4403448062168,2.));
#9815=CARTESIAN_POINT('Origin',(36.8034323895493,-52.3358887813138,2.));
#9816=CARTESIAN_POINT('',(37.1420970581504,-53.2767959192617,2.));
#9817=CARTESIAN_POINT('Origin',(45.4357170528067,-40.8153517407613,2.));
#9818=CARTESIAN_POINT('',(46.4357170528716,-64.8008881784289,2.));
#9819=CARTESIAN_POINT('',(46.4357170528067,-40.8153517407586,2.));
#9820=CARTESIAN_POINT('Origin',(45.4357170528716,-64.8008881784317,2.));
#9821=CARTESIAN_POINT('Origin',(45.4357170528769,-66.757994959577,0.0428932188546808));
#9822=CARTESIAN_POINT('',(46.4357170528769,-66.7579949595743,0.0428932188546808));
#9823=CARTESIAN_POINT('Origin',(46.4357170528808,-68.2151017408047,0.));
#9824=CARTESIAN_POINT('Origin',(69.9583955046994,-41.4650874202137,0.));
#9825=CARTESIAN_POINT('Origin',(41.500000923872,13.3571740763664,0.));
#9826=CARTESIAN_POINT('',(41.500000923872,13.3571740763664,0.));
#9827=CARTESIAN_POINT('Origin',(58.9574828197204,5.06120745786465,0.));
#9828=CARTESIAN_POINT('',(58.9574828197204,5.06120745786465,0.));
#9829=CARTESIAN_POINT('Origin',(43.5883961529186,5.06120745786465,0.));
#9830=CARTESIAN_POINT('Origin',(39.7357476096313,34.6876165351407,0.));
#9831=CARTESIAN_POINT('',(39.7357476096313,34.6876165351407,0.));
#9832=CARTESIAN_POINT('Origin',(-37.3642057130994,34.6876165351407,0.));
#9833=CARTESIAN_POINT('Origin',(62.000000923872,41.3383146512266,0.));
#9834=CARTESIAN_POINT('',(62.000000923872,13.3571740763664,0.));
#9835=CARTESIAN_POINT('Origin',(46.4357170528314,-49.9317041363815,0.));
#9836=CARTESIAN_POINT('Origin',(-45.3642829471192,41.3838982591953,0.));
#9837=CARTESIAN_POINT('Origin',(62.000000923872,13.3571740763664,0.));
#9838=UNCERTAINTY_MEASURE_WITH_UNIT(LENGTH_MEASURE(0.01),#9842,
'DISTANCE_ACCURACY_VALUE',
'Maximum model space distance between geometric entities at asserted c
onnectivities');
#9839=UNCERTAINTY_MEASURE_WITH_UNIT(LENGTH_MEASURE(0.01),#9842,
'DISTANCE_ACCURACY_VALUE',
'Maximum model space distance between geometric entities at asserted c
onnectivities');
#9840=(
GEOMETRIC_REPRESENTATION_CONTEXT(3)
GLOBAL_UNCERTAINTY_ASSIGNED_CONTEXT((#9838))
GLOBAL_UNIT_ASSIGNED_CONTEXT((#9842,#9844,#9845))
REPRESENTATION_CONTEXT('','3D')
);
#9841=(
GEOMETRIC_REPRESENTATION_CONTEXT(3)
GLOBAL_UNCERTAINTY_ASSIGNED_CONTEXT((#9839))
GLOBAL_UNIT_ASSIGNED_CONTEXT((#9842,#9844,#9845))
REPRESENTATION_CONTEXT('','3D')
);
#9842=(
LENGTH_UNIT()
NAMED_UNIT(*)
SI_UNIT(.MILLI.,.METRE.)
);
#9843=(
LENGTH_UNIT()
NAMED_UNIT(*)
SI_UNIT($,.METRE.)
);
#9844=(
NAMED_UNIT(*)
PLANE_ANGLE_UNIT()
SI_UNIT($,.RADIAN.)
);
#9845=(
NAMED_UNIT(*)
SI_UNIT($,.STERADIAN.)
SOLID_ANGLE_UNIT()
);
#9846=SHAPE_DEFINITION_REPRESENTATION(#9847,#9848);
#9847=PRODUCT_DEFINITION_SHAPE('',$,#9850);
#9848=SHAPE_REPRESENTATION('',(#2973),#9840);
#9849=PRODUCT_DEFINITION_CONTEXT('part definition',#9854,'design');
#9850=PRODUCT_DEFINITION('2026-06-12-15-10-45-847','top',#9851,#9849);
#9851=PRODUCT_DEFINITION_FORMATION('',$,#9856);
#9852=PRODUCT_RELATED_PRODUCT_CATEGORY('top','top',(#9856));
#9853=APPLICATION_PROTOCOL_DEFINITION('international standard',
'automotive_design',2009,#9854);
#9854=APPLICATION_CONTEXT(
'Core Data for Automotive Mechanical Design Process');
#9855=PRODUCT_CONTEXT('part definition',#9854,'mechanical');
#9856=PRODUCT('2026-06-12-15-10-45-847','top',$,(#9855));
#9857=PRESENTATION_STYLE_ASSIGNMENT((#9858));
#9858=SURFACE_STYLE_USAGE(.BOTH.,#9859);
#9859=SURFACE_SIDE_STYLE('',(#9860));
#9860=SURFACE_STYLE_FILL_AREA(#9861);
#9861=FILL_AREA_STYLE('Steel - Satin',(#9862));
#9862=FILL_AREA_STYLE_COLOUR('Steel - Satin',#9863);
#9863=COLOUR_RGB('Steel - Satin',0.627450980392157,0.627450980392157,0.627450980392157);
ENDSEC;
END-ISO-10303-21;
