ISO-10303-21;
HEADER;
/* Generated by software containing ST-Developer
 * from STEP Tools, Inc. (www.steptools.com) 
 */

FILE_DESCRIPTION(
/* description */ ('KiCad electronic assembly'),
/* implementation_level */ '2;1');

FILE_NAME(
/* name */ 'bottom.step',
/* time_stamp */ '2026-06-14T06:46:45+05:30',
/* author */ (''),
/* organization */ (''),
/* preprocessor_version */ 'ST-DEVELOPER v20.1',
/* originating_system */ 'Autodesk Translation Framework v15.8.0.0',
/* authorisation */ '');

FILE_SCHEMA (('AUTOMOTIVE_DESIGN { 1 0 10303 214 3 1 1 }'));
ENDSEC;

DATA;
#10=MECHANICAL_DESIGN_GEOMETRIC_PRESENTATION_REPRESENTATION('',(#13),#8730);
#11=SHAPE_REPRESENTATION_RELATIONSHIP('SRR','None',#8737,#12);
#12=ADVANCED_BREP_SHAPE_REPRESENTATION('',(#14),#8729);
#13=STYLED_ITEM('',(#8746),#14);
#14=MANIFOLD_SOLID_BREP('Body1',#1121);
#15=SPHERICAL_SURFACE('',#1190,1.20000000000001);
#16=ELLIPSE('',#1184,1.27539080194254,1.2);
#17=ELLIPSE('',#1186,1.27539080194254,1.2);
#18=ELLIPSE('',#1196,1.27536496600202,1.2);
#19=TOROIDAL_SURFACE('',#1172,2.40000000000006,1.20000000000001);
#20=TOROIDAL_SURFACE('',#1180,2.4,1.2);
#21=B_SPLINE_CURVE_WITH_KNOTS('',3,(#8405,#8406,#8407,#8408,#8409,#8410,
#8411,#8412,#8413,#8414,#8415,#8416,#8417,#8418,#8419,#8420,#8421,#8422,
#8423,#8424,#8425,#8426),.UNSPECIFIED.,.F.,.F.,(4,2,2,2,2,2,2,2,2,2,4),
(0.728250788355163,0.729220737215438,0.730190686075712,0.732130583796261,
0.736010379237358,0.743769970119554,0.759289151883944,0.790327515412725,
0.852404242470287,0.894900582254797,0.900983858907762),.UNSPECIFIED.);
#22=B_SPLINE_CURVE_WITH_KNOTS('',3,(#8533,#8534,#8535,#8536,#8537,#8538,
#8539,#8540,#8541,#8542,#8543,#8544,#8545,#8546,#8547,#8548,#8549,#8550,
#8551,#8552,#8553,#8554,#8555,#8556),.UNSPECIFIED.,.F.,.F.,(4,2,2,2,2,2,
2,2,2,2,2,4),(0.525231136207696,0.57001393415435,0.614796732101004,0.676697911323538,
0.707648500934805,0.723123795740438,0.730861443143255,0.734730266844663,
0.736664678695367,0.737631884620719,0.738115487583395,0.738599090546071),
 .UNSPECIFIED.);
#23=B_SPLINE_CURVE_WITH_KNOTS('',3,(#8564,#8565,#8566,#8567,#8568,#8569),
 .UNSPECIFIED.,.F.,.F.,(4,2,4),(0.60663868804621,0.698394559921414,0.839469942880905),
 .UNSPECIFIED.);
#24=CIRCLE('',#1142,1.);
#25=CIRCLE('',#1143,1.);
#26=CIRCLE('',#1145,1.);
#27=CIRCLE('',#1146,1.);
#28=CIRCLE('',#1147,1.);
#29=CIRCLE('',#1148,1.);
#30=CIRCLE('',#1149,1.);
#31=CIRCLE('',#1150,1.);
#32=CIRCLE('',#1151,1.);
#33=CIRCLE('',#1152,1.);
#34=CIRCLE('',#1153,1.);
#35=CIRCLE('',#1154,1.);
#36=CIRCLE('',#1157,1.);
#37=CIRCLE('',#1158,1.);
#38=CIRCLE('',#1159,1.);
#39=CIRCLE('',#1160,1.2);
#40=CIRCLE('',#1161,1.2);
#41=CIRCLE('',#1162,1.2);
#42=CIRCLE('',#1165,1.20000000000016);
#43=CIRCLE('',#1171,1.20000000001535);
#44=CIRCLE('',#1173,1.20000000000001);
#45=CIRCLE('',#1174,1.19999999999999);
#46=CIRCLE('',#1175,1.2);
#47=CIRCLE('',#1176,2.39999999999998);
#48=CIRCLE('',#1179,1.19999999999999);
#49=CIRCLE('',#1181,2.4);
#50=CIRCLE('',#1182,1.2);
#51=CIRCLE('',#1191,1.19999999999999);
#52=CIRCLE('',#1192,1.20000000000001);
#53=CIRCLE('',#1193,1.2);
#54=CIRCLE('',#1203,1.);
#55=CIRCLE('',#1206,1.);
#56=CIRCLE('',#1208,1.);
#57=CIRCLE('',#1209,1.);
#58=CIRCLE('',#1210,1.);
#59=CIRCLE('',#1211,1.);
#60=CYLINDRICAL_SURFACE('',#1141,1.);
#61=CYLINDRICAL_SURFACE('',#1163,1.);
#62=CYLINDRICAL_SURFACE('',#1166,1.);
#63=CYLINDRICAL_SURFACE('',#1168,1.);
#64=CYLINDRICAL_SURFACE('',#1169,1.);
#65=CYLINDRICAL_SURFACE('',#1177,1.2);
#66=CYLINDRICAL_SURFACE('',#1178,1.2);
#67=CYLINDRICAL_SURFACE('',#1183,1.2);
#68=CYLINDRICAL_SURFACE('',#1188,1.2);
#69=CYLINDRICAL_SURFACE('',#1194,1.2);
#70=CYLINDRICAL_SURFACE('',#1195,1.2);
#71=CYLINDRICAL_SURFACE('',#1197,1.2);
#72=CYLINDRICAL_SURFACE('',#1202,1.);
#73=CYLINDRICAL_SURFACE('',#1205,1.);
#74=CYLINDRICAL_SURFACE('',#1213,1.);
#75=CYLINDRICAL_SURFACE('',#1215,1.);
#76=CYLINDRICAL_SURFACE('',#1216,1.);
#77=CYLINDRICAL_SURFACE('',#1218,1.);
#78=FACE_BOUND('',#184,.T.);
#79=FACE_BOUND('',#185,.T.);
#80=FACE_BOUND('',#186,.T.);
#81=FACE_BOUND('',#193,.T.);
#82=FACE_BOUND('',#195,.T.);
#83=FACE_BOUND('',#200,.T.);
#84=PLANE('',#1135);
#85=PLANE('',#1136);
#86=PLANE('',#1137);
#87=PLANE('',#1138);
#88=PLANE('',#1139);
#89=PLANE('',#1140);
#90=PLANE('',#1144);
#91=PLANE('',#1155);
#92=PLANE('',#1156);
#93=PLANE('',#1164);
#94=PLANE('',#1167);
#95=PLANE('',#1170);
#96=PLANE('',#1185);
#97=PLANE('',#1187);
#98=PLANE('',#1189);
#99=PLANE('',#1198);
#100=PLANE('',#1199);
#101=PLANE('',#1200);
#102=PLANE('',#1201);
#103=PLANE('',#1204);
#104=PLANE('',#1207);
#105=PLANE('',#1212);
#106=PLANE('',#1214);
#107=PLANE('',#1217);
#108=PLANE('',#1219);
#109=PLANE('',#1220);
#110=PLANE('',#1221);
#111=PLANE('',#1222);
#112=PLANE('',#1223);
#113=PLANE('',#1224);
#114=PLANE('',#1225);
#115=PLANE('',#1226);
#116=PLANE('',#1227);
#117=PLANE('',#1228);
#118=FACE_OUTER_BOUND('',#179,.T.);
#119=FACE_OUTER_BOUND('',#180,.T.);
#120=FACE_OUTER_BOUND('',#181,.T.);
#121=FACE_OUTER_BOUND('',#182,.T.);
#122=FACE_OUTER_BOUND('',#183,.T.);
#123=FACE_OUTER_BOUND('',#187,.T.);
#124=FACE_OUTER_BOUND('',#188,.T.);
#125=FACE_OUTER_BOUND('',#189,.T.);
#126=FACE_OUTER_BOUND('',#190,.T.);
#127=FACE_OUTER_BOUND('',#191,.T.);
#128=FACE_OUTER_BOUND('',#192,.T.);
#129=FACE_OUTER_BOUND('',#194,.T.);
#130=FACE_OUTER_BOUND('',#196,.T.);
#131=FACE_OUTER_BOUND('',#197,.T.);
#132=FACE_OUTER_BOUND('',#198,.T.);
#133=FACE_OUTER_BOUND('',#199,.T.);
#134=FACE_OUTER_BOUND('',#201,.T.);
#135=FACE_OUTER_BOUND('',#202,.T.);
#136=FACE_OUTER_BOUND('',#203,.T.);
#137=FACE_OUTER_BOUND('',#204,.T.);
#138=FACE_OUTER_BOUND('',#205,.T.);
#139=FACE_OUTER_BOUND('',#206,.T.);
#140=FACE_OUTER_BOUND('',#207,.T.);
#141=FACE_OUTER_BOUND('',#208,.T.);
#142=FACE_OUTER_BOUND('',#209,.T.);
#143=FACE_OUTER_BOUND('',#210,.T.);
#144=FACE_OUTER_BOUND('',#211,.T.);
#145=FACE_OUTER_BOUND('',#212,.T.);
#146=FACE_OUTER_BOUND('',#213,.T.);
#147=FACE_OUTER_BOUND('',#214,.T.);
#148=FACE_OUTER_BOUND('',#215,.T.);
#149=FACE_OUTER_BOUND('',#216,.T.);
#150=FACE_OUTER_BOUND('',#217,.T.);
#151=FACE_OUTER_BOUND('',#218,.T.);
#152=FACE_OUTER_BOUND('',#219,.T.);
#153=FACE_OUTER_BOUND('',#220,.T.);
#154=FACE_OUTER_BOUND('',#221,.T.);
#155=FACE_OUTER_BOUND('',#222,.T.);
#156=FACE_OUTER_BOUND('',#223,.T.);
#157=FACE_OUTER_BOUND('',#224,.T.);
#158=FACE_OUTER_BOUND('',#225,.T.);
#159=FACE_OUTER_BOUND('',#226,.T.);
#160=FACE_OUTER_BOUND('',#227,.T.);
#161=FACE_OUTER_BOUND('',#228,.T.);
#162=FACE_OUTER_BOUND('',#229,.T.);
#163=FACE_OUTER_BOUND('',#230,.T.);
#164=FACE_OUTER_BOUND('',#231,.T.);
#165=FACE_OUTER_BOUND('',#232,.T.);
#166=FACE_OUTER_BOUND('',#233,.T.);
#167=FACE_OUTER_BOUND('',#234,.T.);
#168=FACE_OUTER_BOUND('',#235,.T.);
#169=FACE_OUTER_BOUND('',#236,.T.);
#170=FACE_OUTER_BOUND('',#237,.T.);
#171=FACE_OUTER_BOUND('',#238,.T.);
#172=FACE_OUTER_BOUND('',#239,.T.);
#173=FACE_OUTER_BOUND('',#240,.T.);
#174=FACE_OUTER_BOUND('',#241,.T.);
#175=FACE_OUTER_BOUND('',#242,.T.);
#176=FACE_OUTER_BOUND('',#243,.T.);
#177=FACE_OUTER_BOUND('',#244,.T.);
#178=FACE_OUTER_BOUND('',#245,.T.);
#179=EDGE_LOOP('',(#734,#735,#736,#737));
#180=EDGE_LOOP('',(#738,#739,#740,#741));
#181=EDGE_LOOP('',(#742,#743,#744,#745));
#182=EDGE_LOOP('',(#746,#747,#748,#749,#750,#751));
#183=EDGE_LOOP('',(#752));
#184=EDGE_LOOP('',(#753));
#185=EDGE_LOOP('',(#754));
#186=EDGE_LOOP('',(#755));
#187=EDGE_LOOP('',(#756,#757,#758,#759));
#188=EDGE_LOOP('',(#760));
#189=EDGE_LOOP('',(#761,#762,#763,#764));
#190=EDGE_LOOP('',(#765));
#191=EDGE_LOOP('',(#766));
#192=EDGE_LOOP('',(#767));
#193=EDGE_LOOP('',(#768));
#194=EDGE_LOOP('',(#769));
#195=EDGE_LOOP('',(#770));
#196=EDGE_LOOP('',(#771,#772,#773,#774,#775,#776));
#197=EDGE_LOOP('',(#777,#778,#779,#780,#781,#782,#783,#784,#785,#786,#787,
#788,#789,#790,#791,#792,#793,#794,#795,#796,#797,#798,#799,#800,#801,#802,
#803));
#198=EDGE_LOOP('',(#804,#805,#806,#807));
#199=EDGE_LOOP('',(#808,#809,#810,#811,#812,#813,#814,#815,#816,#817,#818));
#200=EDGE_LOOP('',(#819,#820,#821,#822,#823,#824,#825,#826,#827,#828,#829,
#830,#831));
#201=EDGE_LOOP('',(#832,#833,#834,#835));
#202=EDGE_LOOP('',(#836,#837,#838,#839,#840,#841,#842,#843,#844));
#203=EDGE_LOOP('',(#845,#846,#847,#848));
#204=EDGE_LOOP('',(#849,#850,#851,#852,#853,#854,#855,#856));
#205=EDGE_LOOP('',(#857,#858,#859,#860));
#206=EDGE_LOOP('',(#861,#862,#863,#864));
#207=EDGE_LOOP('',(#865,#866,#867,#868,#869,#870,#871));
#208=EDGE_LOOP('',(#872,#873,#874,#875));
#209=EDGE_LOOP('',(#876,#877,#878,#879));
#210=EDGE_LOOP('',(#880,#881,#882,#883));
#211=EDGE_LOOP('',(#884,#885,#886,#887));
#212=EDGE_LOOP('',(#888,#889,#890,#891));
#213=EDGE_LOOP('',(#892,#893,#894,#895,#896,#897));
#214=EDGE_LOOP('',(#898,#899,#900,#901,#902,#903,#904,#905));
#215=EDGE_LOOP('',(#906,#907,#908,#909));
#216=EDGE_LOOP('',(#910,#911,#912,#913));
#217=EDGE_LOOP('',(#914,#915,#916));
#218=EDGE_LOOP('',(#917,#918,#919,#920));
#219=EDGE_LOOP('',(#921,#922,#923,#924,#925,#926));
#220=EDGE_LOOP('',(#927,#928,#929,#930,#931,#932,#933));
#221=EDGE_LOOP('',(#934,#935,#936,#937));
#222=EDGE_LOOP('',(#938,#939,#940,#941));
#223=EDGE_LOOP('',(#942,#943,#944,#945));
#224=EDGE_LOOP('',(#946,#947,#948,#949,#950,#951,#952,#953));
#225=EDGE_LOOP('',(#954,#955,#956,#957));
#226=EDGE_LOOP('',(#958,#959,#960,#961));
#227=EDGE_LOOP('',(#962,#963,#964,#965));
#228=EDGE_LOOP('',(#966,#967,#968,#969,#970,#971,#972,#973,#974,#975,#976,
#977));
#229=EDGE_LOOP('',(#978,#979,#980,#981));
#230=EDGE_LOOP('',(#982,#983,#984,#985));
#231=EDGE_LOOP('',(#986,#987,#988,#989));
#232=EDGE_LOOP('',(#990,#991,#992,#993));
#233=EDGE_LOOP('',(#994,#995,#996,#997));
#234=EDGE_LOOP('',(#998,#999,#1000,#1001,#1002,#1003,#1004,#1005));
#235=EDGE_LOOP('',(#1006,#1007,#1008,#1009));
#236=EDGE_LOOP('',(#1010,#1011,#1012,#1013));
#237=EDGE_LOOP('',(#1014,#1015,#1016,#1017));
#238=EDGE_LOOP('',(#1018,#1019,#1020,#1021));
#239=EDGE_LOOP('',(#1022,#1023,#1024,#1025,#1026,#1027,#1028,#1029,#1030));
#240=EDGE_LOOP('',(#1031,#1032,#1033));
#241=EDGE_LOOP('',(#1034,#1035,#1036,#1037));
#242=EDGE_LOOP('',(#1038,#1039,#1040,#1041));
#243=EDGE_LOOP('',(#1042,#1043,#1044,#1045));
#244=EDGE_LOOP('',(#1046,#1047,#1048,#1049));
#245=EDGE_LOOP('',(#1050,#1051,#1052,#1053));
#246=LINE('',#1797,#351);
#247=LINE('',#2160,#352);
#248=LINE('',#2373,#353);
#249=LINE('',#6496,#354);
#250=LINE('',#7865,#355);
#251=LINE('',#8079,#356);
#252=LINE('',#8333,#357);
#253=LINE('',#8403,#358);
#254=LINE('',#8428,#359);
#255=LINE('',#8431,#360);
#256=LINE('',#8434,#361);
#257=LINE('',#8438,#362);
#258=LINE('',#8440,#363);
#259=LINE('',#8442,#364);
#260=LINE('',#8446,#365);
#261=LINE('',#8450,#366);
#262=LINE('',#8454,#367);
#263=LINE('',#8458,#368);
#264=LINE('',#8462,#369);
#265=LINE('',#8466,#370);
#266=LINE('',#8468,#371);
#267=LINE('',#8470,#372);
#268=LINE('',#8474,#373);
#269=LINE('',#8478,#374);
#270=LINE('',#8482,#375);
#271=LINE('',#8483,#376);
#272=LINE('',#8486,#377);
#273=LINE('',#8487,#378);
#274=LINE('',#8491,#379);
#275=LINE('',#8495,#380);
#276=LINE('',#8499,#381);
#277=LINE('',#8502,#382);
#278=LINE('',#8505,#383);
#279=LINE('',#8508,#384);
#280=LINE('',#8510,#385);
#281=LINE('',#8512,#386);
#282=LINE('',#8514,#387);
#283=LINE('',#8515,#388);
#284=LINE('',#8517,#389);
#285=LINE('',#8519,#390);
#286=LINE('',#8523,#391);
#287=LINE('',#8527,#392);
#288=LINE('',#8528,#393);
#289=LINE('',#8531,#394);
#290=LINE('',#8557,#395);
#291=LINE('',#8562,#396);
#292=LINE('',#8570,#397);
#293=LINE('',#8572,#398);
#294=LINE('',#8573,#399);
#295=LINE('',#8575,#400);
#296=LINE('',#8576,#401);
#297=LINE('',#8579,#402);
#298=LINE('',#8581,#403);
#299=LINE('',#8582,#404);
#300=LINE('',#8583,#405);
#301=LINE('',#8586,#406);
#302=LINE('',#8587,#407);
#303=LINE('',#8590,#408);
#304=LINE('',#8593,#409);
#305=LINE('',#8604,#410);
#306=LINE('',#8605,#411);
#307=LINE('',#8610,#412);
#308=LINE('',#8611,#413);
#309=LINE('',#8619,#414);
#310=LINE('',#8620,#415);
#311=LINE('',#8623,#416);
#312=LINE('',#8626,#417);
#313=LINE('',#8627,#418);
#314=LINE('',#8630,#419);
#315=LINE('',#8631,#420);
#316=LINE('',#8633,#421);
#317=LINE('',#8642,#422);
#318=LINE('',#8643,#423);
#319=LINE('',#8645,#424);
#320=LINE('',#8648,#425);
#321=LINE('',#8654,#426);
#322=LINE('',#8655,#427);
#323=LINE('',#8660,#428);
#324=LINE('',#8661,#429);
#325=LINE('',#8664,#430);
#326=LINE('',#8665,#431);
#327=LINE('',#8670,#432);
#328=LINE('',#8671,#433);
#329=LINE('',#8673,#434);
#330=LINE('',#8675,#435);
#331=LINE('',#8679,#436);
#332=LINE('',#8683,#437);
#333=LINE('',#8687,#438);
#334=LINE('',#8690,#439);
#335=LINE('',#8692,#440);
#336=LINE('',#8693,#441);
#337=LINE('',#8695,#442);
#338=LINE('',#8698,#443);
#339=LINE('',#8699,#444);
#340=LINE('',#8702,#445);
#341=LINE('',#8704,#446);
#342=LINE('',#8705,#447);
#343=LINE('',#8706,#448);
#344=LINE('',#8709,#449);
#345=LINE('',#8711,#450);
#346=LINE('',#8715,#451);
#347=LINE('',#8717,#452);
#348=LINE('',#8718,#453);
#349=LINE('',#8720,#454);
#350=LINE('',#8722,#455);
#351=VECTOR('',#1231,10.);
#352=VECTOR('',#1232,10.);
#353=VECTOR('',#1233,10.);
#354=VECTOR('',#1234,10.);
#355=VECTOR('',#1235,10.);
#356=VECTOR('',#1238,10.);
#357=VECTOR('',#1241,10.);
#358=VECTOR('',#1254,10.);
#359=VECTOR('',#1255,10.);
#360=VECTOR('',#1258,10.);
#361=VECTOR('',#1261,10.);
#362=VECTOR('',#1264,10.);
#363=VECTOR('',#1265,10.);
#364=VECTOR('',#1266,10.);
#365=VECTOR('',#1269,10.);
#366=VECTOR('',#1272,10.);
#367=VECTOR('',#1275,10.);
#368=VECTOR('',#1278,10.);
#369=VECTOR('',#1281,10.);
#370=VECTOR('',#1284,10.);
#371=VECTOR('',#1285,10.);
#372=VECTOR('',#1286,10.);
#373=VECTOR('',#1289,10.);
#374=VECTOR('',#1292,10.);
#375=VECTOR('',#1295,10.);
#376=VECTOR('',#1296,10.);
#377=VECTOR('',#1299,10.);
#378=VECTOR('',#1300,10.);
#379=VECTOR('',#1303,10.);
#380=VECTOR('',#1306,10.);
#381=VECTOR('',#1309,10.);
#382=VECTOR('',#1312,10.);
#383=VECTOR('',#1315,10.);
#384=VECTOR('',#1316,10.);
#385=VECTOR('',#1317,10.);
#386=VECTOR('',#1318,10.);
#387=VECTOR('',#1319,10.);
#388=VECTOR('',#1320,10.);
#389=VECTOR('',#1321,10.);
#390=VECTOR('',#1322,10.);
#391=VECTOR('',#1325,10.);
#392=VECTOR('',#1328,10.);
#393=VECTOR('',#1329,10.);
#394=VECTOR('',#1332,10.);
#395=VECTOR('',#1333,10.);
#396=VECTOR('',#1338,10.);
#397=VECTOR('',#1339,10.);
#398=VECTOR('',#1340,10.);
#399=VECTOR('',#1341,10.);
#400=VECTOR('',#1344,10.);
#401=VECTOR('',#1345,10.);
#402=VECTOR('',#1348,10.);
#403=VECTOR('',#1349,10.);
#404=VECTOR('',#1350,10.);
#405=VECTOR('',#1351,10.);
#406=VECTOR('',#1356,10.);
#407=VECTOR('',#1357,10.);
#408=VECTOR('',#1360,10.);
#409=VECTOR('',#1363,10.);
#410=VECTOR('',#1376,10.);
#411=VECTOR('',#1377,10.);
#412=VECTOR('',#1382,10.);
#413=VECTOR('',#1383,10.);
#414=VECTOR('',#1394,10.);
#415=VECTOR('',#1395,10.);
#416=VECTOR('',#1398,10.);
#417=VECTOR('',#1401,10.);
#418=VECTOR('',#1402,10.);
#419=VECTOR('',#1405,10.);
#420=VECTOR('',#1406,10.);
#421=VECTOR('',#1409,10.);
#422=VECTOR('',#1422,10.);
#423=VECTOR('',#1423,10.);
#424=VECTOR('',#1426,10.);
#425=VECTOR('',#1431,10.);
#426=VECTOR('',#1440,10.);
#427=VECTOR('',#1441,10.);
#428=VECTOR('',#1446,10.);
#429=VECTOR('',#1447,10.);
#430=VECTOR('',#1450,10.);
#431=VECTOR('',#1451,10.);
#432=VECTOR('',#1456,10.);
#433=VECTOR('',#1457,10.);
#434=VECTOR('',#1460,10.);
#435=VECTOR('',#1461,10.);
#436=VECTOR('',#1464,10.);
#437=VECTOR('',#1467,10.);
#438=VECTOR('',#1470,10.);
#439=VECTOR('',#1475,10.);
#440=VECTOR('',#1478,10.);
#441=VECTOR('',#1479,10.);
#442=VECTOR('',#1482,10.);
#443=VECTOR('',#1487,10.);
#444=VECTOR('',#1488,10.);
#445=VECTOR('',#1491,10.);
#446=VECTOR('',#1492,10.);
#447=VECTOR('',#1493,10.);
#448=VECTOR('',#1494,10.);
#449=VECTOR('',#1499,10.);
#450=VECTOR('',#1502,10.);
#451=VECTOR('',#1507,10.);
#452=VECTOR('',#1508,10.);
#453=VECTOR('',#1509,10.);
#454=VECTOR('',#1512,10.);
#455=VECTOR('',#1515,10.);
#456=(
BOUNDED_CURVE()
B_SPLINE_CURVE(5,(#1706,#1707,#1708,#1709,#1710,#1711,#1712,#1713,#1714,
#1715,#1716,#1717,#1718,#1719,#1720,#1721,#1722,#1723,#1724,#1725,#1726,
#1727,#1728,#1729,#1730,#1731,#1732,#1733,#1734,#1735,#1736,#1737,#1738,
#1739,#1740,#1741,#1742,#1743,#1744,#1745,#1746,#1747,#1748,#1749,#1750,
#1751,#1752,#1753,#1754,#1755,#1756,#1757,#1758,#1759,#1760,#1761,#1762,
#1763,#1764,#1765,#1766,#1767,#1768,#1769,#1770,#1771,#1772,#1773,#1774,
#1775,#1776,#1777,#1778,#1779,#1780,#1781,#1782,#1783,#1784,#1785,#1786,
#1787,#1788,#1789,#1790,#1791,#1792,#1793,#1794,#1795),.UNSPECIFIED.,.T.,
 .F.)
B_SPLINE_CURVE_WITH_KNOTS((6,1,1,1,1,1,1,1,1,1,1,1,1,1,1,1,1,1,1,1,1,1,
1,1,1,1,1,1,1,1,1,1,1,1,1,1,1,1,1,1,1,1,1,1,1,1,1,1,1,1,1,1,1,1,1,1,1,1,
1,1,1,1,1,1,1,1,1,1,1,1,1,1,1,1,1,1,1,1,1,1,1,1,1,1,1,6),(0.,0.0117647058823529,
0.0235294117647059,0.0352941176470588,0.0470588235294118,0.0588235294117647,
0.0705882352941176,0.0823529411764706,0.0941176470588235,0.105882352941176,
0.117647058823529,0.129411764705882,0.141176470588235,0.152941176470588,
0.164705882352941,0.176470588235294,0.188235294117647,0.2,0.211764705882353,
0.223529411764706,0.235294117647059,0.247058823529412,0.258823529411765,
0.270588235294118,0.282352941176471,0.294117647058824,0.305882352941177,
0.31764705882353,0.329411764705883,0.341176470588236,0.352941176470588,
0.364705882352941,0.376470588235294,0.388235294117647,0.4,0.411764705882353,
0.423529411764706,0.435294117647059,0.447058823529412,0.458823529411765,
0.470588235294118,0.482352941176471,0.494117647058824,0.505882352941177,
0.51764705882353,0.529411764705883,0.541176470588236,0.552941176470588,
0.564705882352941,0.576470588235294,0.588235294117647,0.6,0.611764705882353,
0.623529411764706,0.635294117647059,0.647058823529412,0.658823529411765,
0.670588235294117,0.68235294117647,0.694117647058823,0.705882352941176,
0.717647058823529,0.729411764705882,0.741176470588235,0.752941176470588,
0.764705882352941,0.776470588235294,0.788235294117646,0.799999999999999,
0.811764705882352,0.823529411764705,0.835294117647058,0.847058823529411,
0.858823529411764,0.870588235294117,0.88235294117647,0.894117647058823,
0.905882352941175,0.917647058823528,0.929411764705881,0.941176470588234,
0.952941176470587,0.96470588235294,0.976470588235293,0.988235294117646,
1.),.UNSPECIFIED.)
CURVE()
GEOMETRIC_REPRESENTATION_ITEM()
RATIONAL_B_SPLINE_CURVE((1.,1.,1.,1.,1.,1.,1.,1.,1.,1.,1.,1.,1.,1.,1.,1.,
1.,1.,1.,1.,1.,1.,1.,1.,1.,1.,1.,1.,1.,1.,1.,1.,1.,1.,1.,1.,1.,1.,1.,1.,
1.,1.,1.,1.,1.,1.,1.,1.,1.,1.,1.,1.,1.,1.,1.,1.,1.,1.,1.,1.,1.,1.,1.,1.,
1.,1.,1.,1.,1.,1.,1.,1.,1.,1.,1.,1.,1.,1.,1.,1.,1.,1.,1.,1.,1.,1.,1.,1.,
1.,1.))
REPRESENTATION_ITEM('')
);
#457=(
BOUNDED_CURVE()
B_SPLINE_CURVE(5,(#1798,#1799,#1800,#1801,#1802,#1803,#1804,#1805,#1806,
#1807,#1808,#1809,#1810,#1811,#1812,#1813,#1814,#1815,#1816,#1817,#1818,
#1819,#1820,#1821,#1822,#1823,#1824,#1825,#1826,#1827,#1828,#1829,#1830,
#1831,#1832,#1833,#1834,#1835,#1836,#1837,#1838,#1839,#1840,#1841,#1842,
#1843,#1844,#1845,#1846,#1847,#1848,#1849,#1850,#1851,#1852,#1853,#1854,
#1855,#1856,#1857,#1858,#1859,#1860,#1861,#1862,#1863,#1864,#1865,#1866,
#1867,#1868,#1869,#1870,#1871,#1872,#1873,#1874,#1875,#1876,#1877,#1878,
#1879,#1880,#1881,#1882,#1883,#1884,#1885,#1886,#1887),.UNSPECIFIED.,.T.,
 .F.)
B_SPLINE_CURVE_WITH_KNOTS((6,1,1,1,1,1,1,1,1,1,1,1,1,1,1,1,1,1,1,1,1,1,
1,1,1,1,1,1,1,1,1,1,1,1,1,1,1,1,1,1,1,1,1,1,1,1,1,1,1,1,1,1,1,1,1,1,1,1,
1,1,1,1,1,1,1,1,1,1,1,1,1,1,1,1,1,1,1,1,1,1,1,1,1,1,1,6),(0.,0.0117647058823529,
0.0235294117647059,0.0352941176470588,0.0470588235294118,0.0588235294117647,
0.0705882352941176,0.0823529411764706,0.0941176470588235,0.105882352941176,
0.117647058823529,0.129411764705882,0.141176470588235,0.152941176470588,
0.164705882352941,0.176470588235294,0.188235294117647,0.2,0.211764705882353,
0.223529411764706,0.235294117647059,0.247058823529412,0.258823529411765,
0.270588235294118,0.282352941176471,0.294117647058824,0.305882352941177,
0.31764705882353,0.329411764705883,0.341176470588236,0.352941176470588,
0.364705882352941,0.376470588235294,0.388235294117647,0.4,0.411764705882353,
0.423529411764706,0.435294117647059,0.447058823529412,0.458823529411765,
0.470588235294118,0.482352941176471,0.494117647058824,0.505882352941177,
0.51764705882353,0.529411764705883,0.541176470588236,0.552941176470588,
0.564705882352941,0.576470588235294,0.588235294117647,0.6,0.611764705882353,
0.623529411764706,0.635294117647059,0.647058823529412,0.658823529411765,
0.670588235294117,0.68235294117647,0.694117647058823,0.705882352941176,
0.717647058823529,0.729411764705882,0.741176470588235,0.752941176470588,
0.764705882352941,0.776470588235294,0.788235294117646,0.799999999999999,
0.811764705882352,0.823529411764705,0.835294117647058,0.847058823529411,
0.858823529411764,0.870588235294117,0.88235294117647,0.894117647058823,
0.905882352941175,0.917647058823528,0.929411764705881,0.941176470588234,
0.952941176470587,0.96470588235294,0.976470588235293,0.988235294117646,
1.),.UNSPECIFIED.)
CURVE()
GEOMETRIC_REPRESENTATION_ITEM()
RATIONAL_B_SPLINE_CURVE((1.,1.,1.,1.,1.,1.,1.,1.,1.,1.,1.,1.,1.,1.,1.,1.,
1.,1.,1.,1.,1.,1.,1.,1.,1.,1.,1.,1.,1.,1.,1.,1.,1.,1.,1.,1.,1.,1.,1.,1.,
1.,1.,1.,1.,1.,1.,1.,1.,1.,1.,1.,1.,1.,1.,1.,1.,1.,1.,1.,1.,1.,1.,1.,1.,
1.,1.,1.,1.,1.,1.,1.,1.,1.,1.,1.,1.,1.,1.,1.,1.,1.,1.,1.,1.,1.,1.,1.,1.,
1.,1.))
REPRESENTATION_ITEM('')
);
#458=(
BOUNDED_CURVE()
B_SPLINE_CURVE(5,(#2069,#2070,#2071,#2072,#2073,#2074,#2075,#2076,#2077,
#2078,#2079,#2080,#2081,#2082,#2083,#2084,#2085,#2086,#2087,#2088,#2089,
#2090,#2091,#2092,#2093,#2094,#2095,#2096,#2097,#2098,#2099,#2100,#2101,
#2102,#2103,#2104,#2105,#2106,#2107,#2108,#2109,#2110,#2111,#2112,#2113,
#2114,#2115,#2116,#2117,#2118,#2119,#2120,#2121,#2122,#2123,#2124,#2125,
#2126,#2127,#2128,#2129,#2130,#2131,#2132,#2133,#2134,#2135,#2136,#2137,
#2138,#2139,#2140,#2141,#2142,#2143,#2144,#2145,#2146,#2147,#2148,#2149,
#2150,#2151,#2152,#2153,#2154,#2155,#2156,#2157,#2158),.UNSPECIFIED.,.T.,
 .F.)
B_SPLINE_CURVE_WITH_KNOTS((6,1,1,1,1,1,1,1,1,1,1,1,1,1,1,1,1,1,1,1,1,1,
1,1,1,1,1,1,1,1,1,1,1,1,1,1,1,1,1,1,1,1,1,1,1,1,1,1,1,1,1,1,1,1,1,1,1,1,
1,1,1,1,1,1,1,1,1,1,1,1,1,1,1,1,1,1,1,1,1,1,1,1,1,1,1,6),(0.,0.0117647058823529,
0.0235294117647059,0.0352941176470588,0.0470588235294118,0.0588235294117647,
0.0705882352941176,0.0823529411764706,0.0941176470588235,0.105882352941176,
0.117647058823529,0.129411764705882,0.141176470588235,0.152941176470588,
0.164705882352941,0.176470588235294,0.188235294117647,0.2,0.211764705882353,
0.223529411764706,0.235294117647059,0.247058823529412,0.258823529411765,
0.270588235294118,0.282352941176471,0.294117647058824,0.305882352941177,
0.31764705882353,0.329411764705883,0.341176470588236,0.352941176470588,
0.364705882352941,0.376470588235294,0.388235294117647,0.4,0.411764705882353,
0.423529411764706,0.435294117647059,0.447058823529412,0.458823529411765,
0.470588235294118,0.482352941176471,0.494117647058824,0.505882352941177,
0.51764705882353,0.529411764705883,0.541176470588236,0.552941176470588,
0.564705882352941,0.576470588235294,0.588235294117647,0.6,0.611764705882353,
0.623529411764706,0.635294117647059,0.647058823529412,0.658823529411765,
0.670588235294117,0.68235294117647,0.694117647058823,0.705882352941176,
0.717647058823529,0.729411764705882,0.741176470588235,0.752941176470588,
0.764705882352941,0.776470588235294,0.788235294117646,0.799999999999999,
0.811764705882352,0.823529411764705,0.835294117647058,0.847058823529411,
0.858823529411764,0.870588235294117,0.88235294117647,0.894117647058823,
0.905882352941175,0.917647058823528,0.929411764705881,0.941176470588234,
0.952941176470587,0.96470588235294,0.976470588235293,0.988235294117646,
1.),.UNSPECIFIED.)
CURVE()
GEOMETRIC_REPRESENTATION_ITEM()
RATIONAL_B_SPLINE_CURVE((1.,1.,1.,1.,1.,1.,1.,1.,1.,1.,1.,1.,1.,1.,1.,1.,
1.,1.,1.,1.,1.,1.,1.,1.,1.,1.,1.,1.,1.,1.,1.,1.,1.,1.,1.,1.,1.,1.,1.,1.,
1.,1.,1.,1.,1.,1.,1.,1.,1.,1.,1.,1.,1.,1.,1.,1.,1.,1.,1.,1.,1.,1.,1.,1.,
1.,1.,1.,1.,1.,1.,1.,1.,1.,1.,1.,1.,1.,1.,1.,1.,1.,1.,1.,1.,1.,1.,1.,1.,
1.,1.))
REPRESENTATION_ITEM('')
);
#459=(
BOUNDED_CURVE()
B_SPLINE_CURVE(5,(#2161,#2162,#2163,#2164,#2165,#2166,#2167,#2168,#2169,
#2170,#2171,#2172,#2173,#2174,#2175,#2176,#2177,#2178,#2179,#2180,#2181,
#2182,#2183,#2184,#2185,#2186,#2187,#2188,#2189,#2190,#2191,#2192,#2193,
#2194,#2195,#2196,#2197,#2198,#2199,#2200,#2201,#2202,#2203,#2204,#2205,
#2206,#2207,#2208,#2209,#2210,#2211,#2212,#2213,#2214,#2215,#2216,#2217,
#2218,#2219,#2220,#2221,#2222,#2223,#2224,#2225,#2226,#2227,#2228,#2229,
#2230,#2231,#2232,#2233,#2234,#2235,#2236,#2237,#2238,#2239,#2240,#2241,
#2242,#2243,#2244,#2245,#2246,#2247,#2248,#2249,#2250),.UNSPECIFIED.,.T.,
 .F.)
B_SPLINE_CURVE_WITH_KNOTS((6,1,1,1,1,1,1,1,1,1,1,1,1,1,1,1,1,1,1,1,1,1,
1,1,1,1,1,1,1,1,1,1,1,1,1,1,1,1,1,1,1,1,1,1,1,1,1,1,1,1,1,1,1,1,1,1,1,1,
1,1,1,1,1,1,1,1,1,1,1,1,1,1,1,1,1,1,1,1,1,1,1,1,1,1,1,6),(0.,0.0117647058823529,
0.0235294117647059,0.0352941176470588,0.0470588235294118,0.0588235294117647,
0.0705882352941176,0.0823529411764706,0.0941176470588235,0.105882352941176,
0.117647058823529,0.129411764705882,0.141176470588235,0.152941176470588,
0.164705882352941,0.176470588235294,0.188235294117647,0.2,0.211764705882353,
0.223529411764706,0.235294117647059,0.247058823529412,0.258823529411765,
0.270588235294118,0.282352941176471,0.294117647058824,0.305882352941177,
0.31764705882353,0.329411764705883,0.341176470588236,0.352941176470588,
0.364705882352941,0.376470588235294,0.388235294117647,0.4,0.411764705882353,
0.423529411764706,0.435294117647059,0.447058823529412,0.458823529411765,
0.470588235294118,0.482352941176471,0.494117647058824,0.505882352941177,
0.51764705882353,0.529411764705883,0.541176470588236,0.552941176470588,
0.564705882352941,0.576470588235294,0.588235294117647,0.6,0.611764705882353,
0.623529411764706,0.635294117647059,0.647058823529412,0.658823529411765,
0.670588235294117,0.68235294117647,0.694117647058823,0.705882352941176,
0.717647058823529,0.729411764705882,0.741176470588235,0.752941176470588,
0.764705882352941,0.776470588235294,0.788235294117646,0.799999999999999,
0.811764705882352,0.823529411764705,0.835294117647058,0.847058823529411,
0.858823529411764,0.870588235294117,0.88235294117647,0.894117647058823,
0.905882352941175,0.917647058823528,0.929411764705881,0.941176470588234,
0.952941176470587,0.96470588235294,0.976470588235293,0.988235294117646,
1.),.UNSPECIFIED.)
CURVE()
GEOMETRIC_REPRESENTATION_ITEM()
RATIONAL_B_SPLINE_CURVE((1.,1.,1.,1.,1.,1.,1.,1.,1.,1.,1.,1.,1.,1.,1.,1.,
1.,1.,1.,1.,1.,1.,1.,1.,1.,1.,1.,1.,1.,1.,1.,1.,1.,1.,1.,1.,1.,1.,1.,1.,
1.,1.,1.,1.,1.,1.,1.,1.,1.,1.,1.,1.,1.,1.,1.,1.,1.,1.,1.,1.,1.,1.,1.,1.,
1.,1.,1.,1.,1.,1.,1.,1.,1.,1.,1.,1.,1.,1.,1.,1.,1.,1.,1.,1.,1.,1.,1.,1.,
1.,1.))
REPRESENTATION_ITEM('')
);
#460=(
BOUNDED_CURVE()
B_SPLINE_CURVE(5,(#2332,#2333,#2334,#2335,#2336,#2337,#2338,#2339,#2340,
#2341,#2342,#2343,#2344,#2345,#2346,#2347,#2348,#2349,#2350,#2351,#2352,
#2353,#2354,#2355,#2356,#2357,#2358,#2359,#2360,#2361,#2362,#2363,#2364,
#2365,#2366,#2367,#2368,#2369,#2370,#2371),.UNSPECIFIED.,.T.,.F.)
B_SPLINE_CURVE_WITH_KNOTS((6,1,1,1,1,1,1,1,1,1,1,1,1,1,1,1,1,1,1,1,1,1,
1,1,1,1,1,1,1,1,1,1,1,1,1,6),(-1.,-0.971428571428572,-0.942857142857143,
-0.914285714285714,-0.885714285714286,-0.857142857142857,-0.828571428571429,
-0.8,-0.771428571428572,-0.742857142857143,-0.714285714285714,-0.685714285714286,
-0.657142857142857,-0.628571428571429,-0.6,-0.571428571428572,-0.542857142857143,
-0.514285714285714,-0.485714285714286,-0.457142857142857,-0.428571428571429,
-0.4,-0.371428571428571,-0.342857142857143,-0.314285714285714,-0.285714285714286,
-0.257142857142857,-0.228571428571429,-0.2,-0.171428571428571,-0.142857142857143,
-0.114285714285714,-0.0857142857142857,-0.0571428571428571,-0.0285714285714286,
0.),.UNSPECIFIED.)
CURVE()
GEOMETRIC_REPRESENTATION_ITEM()
RATIONAL_B_SPLINE_CURVE((1.,1.,1.,1.,1.,1.,1.,1.,1.,1.,1.,1.,1.,1.,1.,1.,
1.,1.,1.,1.,1.,1.,1.,1.,1.,1.,1.,1.,1.,1.,1.,1.,1.,1.,1.,1.,1.,1.,1.,1.))
REPRESENTATION_ITEM('')
);
#461=(
BOUNDED_CURVE()
B_SPLINE_CURVE(5,(#2374,#2375,#2376,#2377,#2378,#2379,#2380,#2381,#2382,
#2383,#2384,#2385,#2386,#2387,#2388,#2389,#2390,#2391,#2392,#2393,#2394,
#2395,#2396,#2397,#2398,#2399,#2400,#2401,#2402,#2403,#2404,#2405,#2406,
#2407,#2408,#2409,#2410,#2411,#2412,#2413),.UNSPECIFIED.,.T.,.F.)
B_SPLINE_CURVE_WITH_KNOTS((6,1,1,1,1,1,1,1,1,1,1,1,1,1,1,1,1,1,1,1,1,1,
1,1,1,1,1,1,1,1,1,1,1,1,1,6),(-1.,-0.971428571428572,-0.942857142857143,
-0.914285714285714,-0.885714285714286,-0.857142857142857,-0.828571428571429,
-0.8,-0.771428571428572,-0.742857142857143,-0.714285714285714,-0.685714285714286,
-0.657142857142857,-0.628571428571429,-0.6,-0.571428571428572,-0.542857142857143,
-0.514285714285714,-0.485714285714286,-0.457142857142857,-0.428571428571429,
-0.4,-0.371428571428571,-0.342857142857143,-0.314285714285714,-0.285714285714286,
-0.257142857142857,-0.228571428571429,-0.2,-0.171428571428571,-0.142857142857143,
-0.114285714285714,-0.0857142857142857,-0.0571428571428571,-0.0285714285714286,
0.),.UNSPECIFIED.)
CURVE()
GEOMETRIC_REPRESENTATION_ITEM()
RATIONAL_B_SPLINE_CURVE((1.,1.,1.,1.,1.,1.,1.,1.,1.,1.,1.,1.,1.,1.,1.,1.,
1.,1.,1.,1.,1.,1.,1.,1.,1.,1.,1.,1.,1.,1.,1.,1.,1.,1.,1.,1.,1.,1.,1.,1.))
REPRESENTATION_ITEM('')
);
#462=(
BOUNDED_CURVE()
B_SPLINE_CURVE(5,(#5136,#5137,#5138,#5139,#5140,#5141,#5142,#5143,#5144,
#5145,#5146,#5147,#5148,#5149,#5150,#5151,#5152,#5153,#5154,#5155,#5156,
#5157,#5158,#5159,#5160,#5161,#5162,#5163,#5164,#5165,#5166,#5167,#5168,
#5169,#5170,#5171,#5172,#5173,#5174,#5175,#5176,#5177,#5178,#5179,#5180,
#5181,#5182,#5183,#5184,#5185,#5186,#5187,#5188,#5189,#5190,#5191,#5192,
#5193,#5194,#5195,#5196,#5197,#5198,#5199,#5200,#5201,#5202,#5203,#5204,
#5205,#5206,#5207,#5208,#5209,#5210,#5211,#5212,#5213,#5214,#5215,#5216,
#5217,#5218,#5219,#5220,#5221,#5222,#5223,#5224,#5225,#5226,#5227,#5228,
#5229,#5230,#5231,#5232,#5233,#5234,#5235,#5236,#5237,#5238,#5239,#5240,
#5241,#5242,#5243,#5244,#5245,#5246,#5247,#5248,#5249,#5250,#5251,#5252,
#5253,#5254,#5255,#5256,#5257,#5258,#5259,#5260,#5261,#5262,#5263,#5264,
#5265,#5266,#5267,#5268,#5269,#5270,#5271,#5272,#5273,#5274,#5275,#5276,
#5277,#5278,#5279,#5280,#5281,#5282,#5283,#5284,#5285,#5286,#5287,#5288,
#5289,#5290,#5291,#5292,#5293,#5294,#5295,#5296,#5297,#5298,#5299,#5300,
#5301,#5302,#5303,#5304,#5305,#5306,#5307,#5308,#5309,#5310,#5311,#5312,
#5313,#5314,#5315,#5316,#5317,#5318,#5319,#5320,#5321,#5322,#5323,#5324,
#5325,#5326,#5327,#5328,#5329,#5330,#5331,#5332,#5333,#5334,#5335,#5336,
#5337,#5338,#5339,#5340,#5341,#5342,#5343,#5344,#5345,#5346,#5347,#5348,
#5349,#5350,#5351,#5352,#5353,#5354,#5355,#5356,#5357,#5358,#5359,#5360,
#5361,#5362,#5363,#5364,#5365,#5366,#5367,#5368,#5369,#5370,#5371,#5372,
#5373,#5374,#5375,#5376,#5377,#5378,#5379,#5380,#5381,#5382,#5383,#5384,
#5385,#5386,#5387,#5388,#5389,#5390,#5391,#5392,#5393,#5394,#5395,#5396,
#5397,#5398,#5399,#5400,#5401,#5402,#5403,#5404,#5405,#5406,#5407,#5408,
#5409,#5410,#5411,#5412,#5413,#5414,#5415,#5416,#5417,#5418,#5419,#5420,
#5421,#5422,#5423,#5424,#5425,#5426,#5427,#5428,#5429,#5430,#5431,#5432,
#5433,#5434,#5435,#5436,#5437,#5438,#5439,#5440,#5441,#5442,#5443,#5444,
#5445,#5446,#5447,#5448,#5449,#5450,#5451,#5452,#5453,#5454,#5455,#5456,
#5457,#5458,#5459,#5460,#5461,#5462,#5463,#5464,#5465,#5466,#5467,#5468,
#5469,#5470,#5471,#5472,#5473,#5474,#5475,#5476,#5477,#5478,#5479,#5480,
#5481,#5482,#5483,#5484,#5485,#5486,#5487,#5488,#5489,#5490,#5491,#5492,
#5493,#5494,#5495,#5496,#5497,#5498,#5499,#5500,#5501,#5502,#5503,#5504,
#5505,#5506,#5507,#5508,#5509,#5510,#5511,#5512,#5513,#5514,#5515,#5516,
#5517,#5518,#5519,#5520,#5521,#5522,#5523,#5524,#5525,#5526,#5527,#5528,
#5529,#5530,#5531,#5532,#5533,#5534,#5535,#5536,#5537,#5538,#5539,#5540,
#5541,#5542,#5543,#5544,#5545,#5546,#5547,#5548,#5549,#5550,#5551,#5552,
#5553,#5554,#5555,#5556,#5557,#5558,#5559,#5560,#5561,#5562,#5563,#5564,
#5565,#5566,#5567,#5568,#5569,#5570,#5571,#5572,#5573,#5574,#5575,#5576,
#5577,#5578,#5579,#5580,#5581,#5582,#5583,#5584,#5585,#5586,#5587,#5588,
#5589,#5590,#5591,#5592,#5593,#5594,#5595,#5596,#5597,#5598,#5599,#5600,
#5601,#5602,#5603,#5604,#5605,#5606,#5607,#5608,#5609,#5610,#5611,#5612,
#5613,#5614,#5615,#5616,#5617,#5618,#5619,#5620,#5621,#5622,#5623,#5624,
#5625,#5626,#5627,#5628,#5629,#5630,#5631,#5632,#5633,#5634,#5635,#5636,
#5637,#5638,#5639,#5640,#5641,#5642,#5643,#5644,#5645,#5646,#5647,#5648,
#5649,#5650,#5651,#5652,#5653,#5654,#5655,#5656,#5657,#5658,#5659,#5660,
#5661,#5662,#5663,#5664,#5665,#5666,#5667,#5668,#5669,#5670,#5671,#5672,
#5673,#5674,#5675,#5676,#5677,#5678,#5679,#5680,#5681,#5682,#5683,#5684,
#5685,#5686,#5687,#5688,#5689,#5690,#5691,#5692,#5693,#5694,#5695,#5696,
#5697,#5698,#5699,#5700,#5701,#5702,#5703,#5704,#5705,#5706,#5707,#5708,
#5709,#5710,#5711,#5712,#5713,#5714,#5715,#5716,#5717,#5718,#5719,#5720,
#5721,#5722,#5723,#5724,#5725,#5726,#5727,#5728,#5729,#5730,#5731,#5732,
#5733,#5734,#5735,#5736,#5737,#5738,#5739,#5740,#5741,#5742,#5743,#5744,
#5745,#5746,#5747,#5748,#5749,#5750,#5751,#5752,#5753,#5754,#5755,#5756,
#5757,#5758,#5759,#5760,#5761,#5762,#5763,#5764,#5765,#5766,#5767,#5768,
#5769,#5770,#5771,#5772,#5773,#5774,#5775,#5776,#5777,#5778,#5779,#5780,
#5781,#5782,#5783,#5784,#5785,#5786,#5787,#5788,#5789,#5790,#5791,#5792,
#5793,#5794,#5795,#5796,#5797,#5798,#5799,#5800,#5801,#5802,#5803,#5804,
#5805,#5806,#5807,#5808,#5809,#5810,#5811,#5812,#5813,#5814,#5815,#5816,
#5817,#5818,#5819,#5820,#5821,#5822,#5823,#5824,#5825,#5826,#5827,#5828,
#5829,#5830,#5831,#5832,#5833,#5834,#5835,#5836,#5837,#5838,#5839,#5840,
#5841,#5842,#5843,#5844,#5845,#5846,#5847,#5848,#5849,#5850,#5851,#5852,
#5853,#5854,#5855,#5856,#5857,#5858,#5859,#5860,#5861,#5862,#5863,#5864,
#5865,#5866,#5867,#5868,#5869,#5870,#5871,#5872,#5873,#5874,#5875,#5876,
#5877,#5878,#5879,#5880,#5881,#5882,#5883,#5884,#5885,#5886,#5887,#5888,
#5889,#5890,#5891,#5892,#5893,#5894,#5895,#5896,#5897,#5898,#5899,#5900,
#5901,#5902,#5903,#5904,#5905,#5906,#5907,#5908,#5909,#5910,#5911,#5912,
#5913,#5914,#5915,#5916,#5917,#5918,#5919,#5920,#5921,#5922,#5923,#5924,
#5925,#5926,#5927,#5928,#5929,#5930,#5931,#5932,#5933,#5934,#5935,#5936,
#5937,#5938,#5939,#5940,#5941,#5942,#5943,#5944,#5945,#5946,#5947,#5948,
#5949,#5950,#5951,#5952,#5953,#5954,#5955,#5956,#5957,#5958,#5959,#5960,
#5961,#5962,#5963,#5964,#5965,#5966,#5967,#5968,#5969,#5970,#5971,#5972,
#5973,#5974,#5975,#5976,#5977,#5978,#5979,#5980,#5981,#5982,#5983,#5984,
#5985,#5986,#5987,#5988,#5989,#5990,#5991,#5992,#5993,#5994,#5995,#5996,
#5997,#5998,#5999,#6000,#6001,#6002,#6003,#6004,#6005,#6006,#6007,#6008,
#6009,#6010,#6011,#6012,#6013,#6014,#6015,#6016,#6017,#6018,#6019,#6020,
#6021,#6022,#6023,#6024,#6025,#6026,#6027,#6028,#6029,#6030,#6031,#6032,
#6033,#6034,#6035,#6036,#6037,#6038,#6039,#6040,#6041,#6042,#6043,#6044,
#6045,#6046,#6047,#6048,#6049,#6050,#6051,#6052,#6053,#6054,#6055,#6056,
#6057,#6058,#6059,#6060,#6061,#6062,#6063,#6064,#6065,#6066,#6067,#6068,
#6069,#6070,#6071,#6072,#6073,#6074,#6075,#6076,#6077,#6078,#6079,#6080,
#6081,#6082,#6083,#6084,#6085,#6086,#6087,#6088,#6089,#6090,#6091,#6092,
#6093,#6094,#6095,#6096,#6097,#6098,#6099,#6100,#6101,#6102,#6103,#6104,
#6105,#6106,#6107,#6108,#6109,#6110,#6111,#6112,#6113,#6114,#6115,#6116,
#6117,#6118,#6119,#6120,#6121,#6122,#6123,#6124,#6125,#6126,#6127,#6128,
#6129,#6130,#6131,#6132,#6133,#6134,#6135,#6136,#6137,#6138,#6139,#6140,
#6141,#6142,#6143,#6144,#6145,#6146,#6147,#6148,#6149,#6150,#6151,#6152,
#6153,#6154,#6155,#6156,#6157,#6158,#6159,#6160,#6161,#6162,#6163,#6164,
#6165,#6166,#6167,#6168,#6169,#6170,#6171,#6172,#6173,#6174,#6175,#6176,
#6177,#6178,#6179,#6180,#6181,#6182,#6183,#6184,#6185,#6186,#6187,#6188,
#6189,#6190,#6191,#6192,#6193,#6194,#6195,#6196,#6197,#6198,#6199,#6200,
#6201,#6202,#6203,#6204,#6205,#6206,#6207,#6208,#6209,#6210,#6211,#6212,
#6213,#6214,#6215,#6216,#6217,#6218,#6219,#6220,#6221,#6222,#6223,#6224,
#6225,#6226,#6227,#6228,#6229,#6230,#6231,#6232,#6233,#6234,#6235,#6236,
#6237,#6238,#6239,#6240,#6241,#6242,#6243,#6244,#6245,#6246,#6247,#6248,
#6249,#6250,#6251,#6252,#6253,#6254,#6255,#6256,#6257,#6258,#6259,#6260,
#6261,#6262,#6263,#6264,#6265,#6266,#6267,#6268,#6269,#6270,#6271,#6272,
#6273,#6274,#6275,#6276,#6277,#6278,#6279,#6280,#6281,#6282,#6283,#6284,
#6285,#6286,#6287,#6288,#6289,#6290,#6291,#6292,#6293,#6294,#6295,#6296,
#6297,#6298,#6299,#6300,#6301,#6302,#6303,#6304,#6305,#6306,#6307,#6308,
#6309,#6310,#6311,#6312,#6313,#6314,#6315,#6316,#6317,#6318,#6319,#6320,
#6321,#6322,#6323,#6324,#6325,#6326,#6327,#6328,#6329,#6330,#6331,#6332,
#6333,#6334,#6335,#6336,#6337,#6338,#6339,#6340,#6341,#6342,#6343,#6344,
#6345,#6346,#6347,#6348,#6349,#6350,#6351,#6352,#6353,#6354,#6355,#6356,
#6357,#6358,#6359,#6360,#6361,#6362,#6363,#6364,#6365,#6366,#6367,#6368,
#6369,#6370,#6371,#6372,#6373,#6374,#6375,#6376,#6377,#6378,#6379,#6380,
#6381,#6382,#6383,#6384,#6385,#6386,#6387,#6388,#6389,#6390,#6391,#6392,
#6393,#6394,#6395,#6396,#6397,#6398,#6399,#6400,#6401,#6402,#6403,#6404,
#6405,#6406,#6407,#6408,#6409,#6410,#6411,#6412,#6413,#6414,#6415,#6416,
#6417,#6418,#6419,#6420,#6421,#6422,#6423,#6424,#6425,#6426,#6427,#6428,
#6429,#6430,#6431,#6432,#6433,#6434,#6435,#6436,#6437,#6438,#6439,#6440,
#6441,#6442,#6443,#6444,#6445,#6446,#6447,#6448,#6449,#6450,#6451,#6452,
#6453,#6454,#6455,#6456,#6457,#6458,#6459,#6460,#6461,#6462,#6463,#6464,
#6465,#6466,#6467,#6468,#6469,#6470,#6471,#6472,#6473,#6474,#6475,#6476,
#6477,#6478,#6479,#6480,#6481,#6482,#6483,#6484,#6485,#6486,#6487,#6488,
#6489,#6490,#6491,#6492,#6493,#6494),.UNSPECIFIED.,.F.,.F.)
B_SPLINE_CURVE_WITH_KNOTS((6,1,1,1,1,1,1,1,1,1,1,1,1,1,1,1,1,1,1,1,1,1,
1,1,1,1,1,1,1,1,1,1,1,1,1,1,1,1,1,1,1,1,1,1,1,1,1,1,1,1,1,1,1,1,1,1,1,1,
1,1,1,1,1,1,1,1,1,1,1,1,1,1,1,1,1,1,1,1,1,1,1,1,1,1,1,1,1,1,1,1,1,1,1,1,
1,1,1,1,1,1,1,1,1,1,1,1,1,1,1,1,1,1,1,1,1,1,1,1,1,1,1,1,1,1,1,1,1,1,1,1,
1,1,1,1,1,1,1,1,1,1,1,1,1,1,1,1,1,1,1,1,1,1,1,1,1,1,1,1,1,1,1,1,1,1,1,1,
1,1,1,1,1,1,1,1,1,1,1,1,1,1,1,1,1,1,1,1,1,1,1,1,1,1,1,1,1,1,1,1,1,1,1,1,
1,1,1,1,1,1,1,1,1,1,1,1,1,1,1,1,1,1,1,1,1,1,1,1,1,1,1,1,1,1,1,1,1,1,1,1,
1,1,1,1,1,1,1,1,1,1,1,1,1,1,1,1,1,1,1,1,1,1,1,1,1,1,1,1,1,1,1,1,1,1,1,1,
1,1,1,1,1,1,1,1,1,1,1,1,1,1,1,1,1,1,1,1,1,1,1,1,1,1,1,1,1,1,1,1,1,1,1,1,
1,1,1,1,1,1,1,1,1,1,1,1,1,1,1,1,1,1,1,1,1,1,1,1,1,1,1,1,1,1,1,1,1,1,1,1,
1,1,1,1,1,1,1,1,1,1,1,1,1,1,1,1,1,1,1,1,1,1,1,1,1,1,1,1,1,1,1,1,1,1,1,1,
1,1,1,1,1,1,1,1,1,1,1,1,1,1,1,1,1,1,1,1,1,1,1,1,1,1,1,1,1,1,1,1,1,1,1,1,
1,1,1,1,1,1,1,1,1,1,1,1,1,1,1,1,1,1,1,1,1,1,1,1,1,1,1,1,1,1,1,1,1,1,1,1,
1,1,1,1,1,1,1,1,1,1,1,1,1,1,1,1,1,1,1,1,1,1,1,1,1,1,1,1,1,1,1,1,1,1,1,1,
1,1,1,1,1,1,1,1,1,1,1,1,1,1,1,1,1,1,1,1,1,1,1,1,1,1,1,1,1,1,1,1,1,1,1,1,
1,1,1,1,1,1,1,1,1,1,1,1,1,1,1,1,1,1,1,1,1,1,1,1,1,1,1,1,1,1,1,1,1,1,1,1,
1,1,1,1,1,1,1,1,1,1,1,1,1,1,1,1,1,1,1,1,1,1,1,1,1,1,1,1,1,1,1,1,1,1,1,1,
1,1,1,1,1,1,1,1,1,1,1,1,1,1,1,1,1,1,1,1,1,1,1,1,1,1,1,1,1,1,1,1,1,1,1,1,
1,1,1,1,1,1,1,1,1,1,1,1,1,1,1,1,1,1,1,1,1,1,1,1,1,1,1,1,1,1,1,1,1,1,1,1,
1,1,1,1,1,1,1,1,1,1,1,1,1,1,1,1,1,1,1,1,1,1,1,1,1,1,1,1,1,1,1,1,1,1,1,1,
1,1,1,1,1,1,1,1,1,1,1,1,1,1,1,1,1,1,1,1,1,1,1,1,1,1,1,1,1,1,1,1,1,1,1,1,
1,1,1,1,1,1,1,1,1,1,1,1,1,1,1,1,1,1,1,1,1,1,1,1,1,1,1,1,1,1,1,1,1,1,1,1,
1,1,1,1,1,1,1,1,1,1,1,1,1,1,1,1,1,1,1,1,1,1,1,1,1,1,1,1,1,1,1,1,1,1,1,1,
1,1,1,1,1,1,1,1,1,1,1,1,1,1,1,1,1,1,1,1,1,1,1,1,1,1,1,1,1,1,1,1,1,1,1,1,
1,1,1,1,1,1,1,1,1,1,1,1,1,1,1,1,1,1,1,1,1,1,1,1,1,1,1,1,1,1,1,1,1,1,1,1,
1,1,1,1,1,1,1,1,1,1,1,1,1,1,1,1,1,1,1,1,1,1,1,1,1,1,1,1,1,1,1,1,1,1,1,1,
1,1,1,1,1,1,1,1,1,1,1,1,1,1,1,1,1,1,1,1,1,1,1,1,1,1,1,1,1,1,1,1,1,1,1,1,
1,1,1,1,1,1,1,1,1,1,1,1,1,1,1,1,1,1,1,1,1,1,1,1,1,1,1,1,1,1,1,1,1,1,1,1,
1,1,1,1,1,1,1,1,1,1,1,1,1,1,1,1,1,1,1,1,1,1,1,1,1,1,1,1,1,1,1,1,1,1,1,1,
1,1,1,1,1,1,1,1,1,1,1,1,1,1,1,1,1,1,1,1,1,1,1,1,1,1,1,1,1,1,1,1,1,1,1,1,
1,1,1,1,1,1,1,1,1,1,1,1,1,1,1,1,1,1,1,1,1,1,1,1,1,1,1,1,1,1,1,1,1,1,1,1,
1,1,1,1,1,1,1,1,1,1,1,1,1,1,1,1,1,1,1,1,1,1,1,1,1,1,1,1,1,1,1,1,1,1,1,1,
1,1,1,1,1,1,1,1,1,1,1,1,1,1,1,1,1,1,1,1,1,1,1,1,1,1,1,1,1,1,1,1,1,1,1,1,
1,1,1,1,1,1,1,1,1,1,1,1,1,1,1,1,1,1,1,1,1,1,1,1,1,1,1,1,1,1,1,1,1,1,1,1,
1,1,1,1,1,1,1,1,1,1,1,1,1,1,1,1,1,1,1,1,1,1,1,1,1,1,1,1,1,1,1,1,1,1,1,1,
1,1,1,1,1,1,1,1,1,1,1,1,1,1,1,1,1,1,1,1,1,1,1,1,1,1,1,1,1,1,1,1,1,1,1,1,
1,1,1,1,1,1,1,1,1,1,1,1,1,1,1,1,1,1,1,1,1,1,1,1,1,1,1,1,1,1,1,1,1,1,1,1,
1,1,1,1,1,1,1,1,1,1,1,1,1,1,1,1,1,1,1,1,1,1,1,1,1,1,1,1,1,1,1,1,1,1,1,1,
6),(1.,1.00073800738007,1.00147601476015,1.00221402214022,1.0029520295203,
1.00369003690037,1.00442804428044,1.00516605166052,1.00590405904059,1.00664206642066,
1.00738007380074,1.00811808118081,1.00885608856089,1.00959409594096,1.01033210332103,
1.01107011070111,1.01180811808118,1.01254612546125,1.01328413284133,1.0140221402214,
1.01476014760148,1.01549815498155,1.01623616236162,1.0169741697417,1.01771217712177,
1.01845018450184,1.01918819188192,1.01992619926199,1.02066420664207,1.02140221402214,
1.02214022140221,1.02287822878229,1.02361623616236,1.02435424354244,1.02509225092251,
1.02583025830258,1.02656826568266,1.02730627306273,1.0280442804428,1.02878228782288,
1.02952029520295,1.03025830258303,1.0309963099631,1.03173431734317,1.03247232472325,
1.03321033210332,1.03394833948339,1.03468634686347,1.03542435424354,1.03616236162362,
1.03690036900369,1.03763837638376,1.03837638376384,1.03911439114391,1.03985239852399,
1.04059040590406,1.04132841328413,1.04206642066421,1.04280442804428,1.04354243542435,
1.04428044280443,1.0450184501845,1.04575645756458,1.04649446494465,1.04723247232472,
1.0479704797048,1.04870848708487,1.04944649446494,1.05018450184502,1.05092250922509,
1.05166051660517,1.05239852398524,1.05313653136531,1.05387453874539,1.05461254612546,
1.05535055350553,1.05608856088561,1.05682656826568,1.05756457564576,1.05830258302583,
1.0590405904059,1.05977859778598,1.06051660516605,1.06125461254613,1.0619926199262,
1.06273062730627,1.06346863468635,1.06420664206642,1.06494464944649,1.06568265682657,
1.06642066420664,1.06715867158672,1.06789667896679,1.06863468634686,1.06937269372694,
1.07011070110701,1.07084870848708,1.07158671586716,1.07232472324723,1.07306273062731,
1.07380073800738,1.07453874538745,1.07527675276753,1.0760147601476,1.07675276752768,
1.07749077490775,1.07822878228782,1.0789667896679,1.07970479704797,1.08044280442804,
1.08118081180812,1.08191881918819,1.08265682656827,1.08339483394834,1.08413284132841,
1.08487084870849,1.08560885608856,1.08634686346863,1.08708487084871,1.08782287822878,
1.08856088560886,1.08929889298893,1.090036900369,1.09077490774908,1.09151291512915,
1.09225092250923,1.0929889298893,1.09372693726937,1.09446494464945,1.09520295202952,
1.09594095940959,1.09667896678967,1.09741697416974,1.09815498154982,1.09889298892989,
1.09963099630996,1.10036900369004,1.10110701107011,1.10184501845018,1.10258302583026,
1.10332103321033,1.10405904059041,1.10479704797048,1.10553505535055,1.10627306273063,
1.1070110701107,1.10774907749078,1.10848708487085,1.10922509225092,1.109963099631,
1.11070110701107,1.11143911439114,1.11217712177122,1.11291512915129,1.11365313653137,
1.11439114391144,1.11512915129151,1.11586715867159,1.11660516605166,1.11734317343173,
1.11808118081181,1.11881918819188,1.11955719557196,1.12029520295203,1.1210332103321,
1.12177121771218,1.12250922509225,1.12324723247232,1.1239852398524,1.12472324723247,
1.12546125461255,1.12619926199262,1.12693726937269,1.12767527675277,1.12841328413284,
1.12915129151292,1.12988929889299,1.13062730627306,1.13136531365314,1.13210332103321,
1.13284132841328,1.13357933579336,1.13431734317343,1.13505535055351,1.13579335793358,
1.13653136531365,1.13726937269373,1.1380073800738,1.13874538745387,1.13948339483395,
1.14022140221402,1.1409594095941,1.14169741697417,1.14243542435424,1.14317343173432,
1.14391143911439,1.14464944649446,1.14538745387454,1.14612546125461,1.14686346863469,
1.14760147601476,1.14833948339483,1.14907749077491,1.14981549815498,1.15055350553506,
1.15129151291513,1.1520295202952,1.15276752767528,1.15350553505535,1.15424354243542,
1.1549815498155,1.15571955719557,1.15645756457565,1.15719557195572,1.15793357933579,
1.15867158671587,1.15940959409594,1.16014760147601,1.16088560885609,1.16162361623616,
1.16236162361624,1.16309963099631,1.16383763837638,1.16457564575646,1.16531365313653,
1.1660516605166,1.16678966789668,1.16752767527675,1.16826568265683,1.1690036900369,
1.16974169741697,1.17047970479705,1.17121771217712,1.1719557195572,1.17269372693727,
1.17343173431734,1.17416974169742,1.17490774907749,1.17564575645756,1.17638376383764,
1.17712177121771,1.17785977859779,1.17859778597786,1.17933579335793,1.18007380073801,
1.18081180811808,1.18154981549815,1.18228782287823,1.1830258302583,1.18376383763838,
1.18450184501845,1.18523985239852,1.1859778597786,1.18671586715867,1.18745387453874,
1.18819188191882,1.18892988929889,1.18966789667897,1.19040590405904,1.19114391143911,
1.19188191881919,1.19261992619926,1.19335793357934,1.19409594095941,1.19483394833948,
1.19557195571956,1.19630996309963,1.1970479704797,1.19778597785978,1.19852398523985,
1.19926199261993,1.2,1.20073800738007,1.20147601476015,1.20221402214022,
1.20295202952029,1.20369003690037,1.20442804428044,1.20516605166052,1.20590405904059,
1.20664206642066,1.20738007380074,1.20811808118081,1.20885608856088,1.20959409594096,
1.21033210332103,1.21107011070111,1.21180811808118,1.21254612546125,1.21328413284133,
1.2140221402214,1.21476014760148,1.21549815498155,1.21623616236162,1.2169741697417,
1.21771217712177,1.21845018450184,1.21918819188192,1.21992619926199,1.22066420664207,
1.22140221402214,1.22214022140221,1.22287822878229,1.22361623616236,1.22435424354243,
1.22509225092251,1.22583025830258,1.22656826568266,1.22730627306273,1.2280442804428,
1.22878228782288,1.22952029520295,1.23025830258302,1.2309963099631,1.23173431734317,
1.23247232472325,1.23321033210332,1.23394833948339,1.23468634686347,1.23542435424354,
1.23616236162362,1.23690036900369,1.23763837638376,1.23837638376384,1.23911439114391,
1.23985239852398,1.24059040590406,1.24132841328413,1.24206642066421,1.24280442804428,
1.24354243542435,1.24428044280443,1.2450184501845,1.24575645756457,1.24649446494465,
1.24723247232472,1.2479704797048,1.24870848708487,1.24944649446494,1.25018450184502,
1.25092250922509,1.25166051660516,1.25239852398524,1.25313653136531,1.25387453874539,
1.25461254612546,1.25535055350553,1.25608856088561,1.25682656826568,1.25756457564575,
1.25830258302583,1.2590405904059,1.25977859778598,1.26051660516605,1.26125461254612,
1.2619926199262,1.26273062730627,1.26346863468635,1.26420664206642,1.26494464944649,
1.26568265682657,1.26642066420664,1.26715867158671,1.26789667896679,1.26863468634686,
1.26937269372694,1.27011070110701,1.27084870848708,1.27158671586716,1.27232472324723,
1.2730627306273,1.27380073800738,1.27453874538745,1.27527675276753,1.2760147601476,
1.27675276752767,1.27749077490775,1.27822878228782,1.27896678966789,1.27970479704797,
1.28044280442804,1.28118081180812,1.28191881918819,1.28265682656826,1.28339483394834,
1.28413284132841,1.28487084870849,1.28560885608856,1.28634686346863,1.28708487084871,
1.28782287822878,1.28856088560885,1.28929889298893,1.290036900369,1.29077490774908,
1.29151291512915,1.29225092250922,1.2929889298893,1.29372693726937,1.29446494464944,
1.29520295202952,1.29594095940959,1.29667896678967,1.29741697416974,1.29815498154981,
1.29889298892989,1.29963099630996,1.30036900369003,1.30110701107011,1.30184501845018,
1.30258302583026,1.30332103321033,1.3040590405904,1.30479704797048,1.30553505535055,
1.30627306273063,1.3070110701107,1.30774907749077,1.30848708487085,1.30922509225092,
1.30996309963099,1.31070110701107,1.31143911439114,1.31217712177122,1.31291512915129,
1.31365313653136,1.31439114391144,1.31512915129151,1.31586715867158,1.31660516605166,
1.31734317343173,1.31808118081181,1.31881918819188,1.31955719557195,1.32029520295203,
1.3210332103321,1.32177121771217,1.32250922509225,1.32324723247232,1.3239852398524,
1.32472324723247,1.32546125461254,1.32619926199262,1.32693726937269,1.32767527675277,
1.32841328413284,1.32915129151291,1.32988929889299,1.33062730627306,1.33136531365313,
1.33210332103321,1.33284132841328,1.33357933579336,1.33431734317343,1.3350553505535,
1.33579335793358,1.33653136531365,1.33726937269372,1.3380073800738,1.33874538745387,
1.33948339483395,1.34022140221402,1.34095940959409,1.34169741697417,1.34243542435424,
1.34317343173431,1.34391143911439,1.34464944649446,1.34538745387454,1.34612546125461,
1.34686346863468,1.34760147601476,1.34833948339483,1.34907749077491,1.34981549815498,
1.35055350553505,1.35129151291513,1.3520295202952,1.35276752767527,1.35350553505535,
1.35424354243542,1.3549815498155,1.35571955719557,1.35645756457564,1.35719557195572,
1.35793357933579,1.35867158671586,1.35940959409594,1.36014760147601,1.36088560885609,
1.36162361623616,1.36236162361623,1.36309963099631,1.36383763837638,1.36457564575645,
1.36531365313653,1.3660516605166,1.36678966789668,1.36752767527675,1.36826568265682,
1.3690036900369,1.36974169741697,1.37047970479704,1.37121771217712,1.37195571955719,
1.37269372693727,1.37343173431734,1.37416974169741,1.37490774907749,1.37564575645756,
1.37638376383764,1.37712177121771,1.37785977859778,1.37859778597786,1.37933579335793,
1.380073800738,1.38081180811808,1.38154981549815,1.38228782287823,1.3830258302583,
1.38376383763837,1.38450184501845,1.38523985239852,1.38597785977859,1.38671586715867,
1.38745387453874,1.38819188191882,1.38892988929889,1.38966789667896,1.39040590405904,
1.39114391143911,1.39188191881918,1.39261992619926,1.39335793357933,1.39409594095941,
1.39483394833948,1.39557195571955,1.39630996309963,1.3970479704797,1.39778597785978,
1.39852398523985,1.39926199261992,1.4,1.40073800738007,1.40147601476014,
1.40221402214022,1.40295202952029,1.40369003690037,1.40442804428044,1.40516605166051,
1.40590405904059,1.40664206642066,1.40738007380073,1.40811808118081,1.40885608856088,
1.40959409594096,1.41033210332103,1.4110701107011,1.41180811808118,1.41254612546125,
1.41328413284132,1.4140221402214,1.41476014760147,1.41549815498155,1.41623616236162,
1.41697416974169,1.41771217712177,1.41845018450184,1.41918819188192,1.41992619926199,
1.42066420664206,1.42140221402214,1.42214022140221,1.42287822878228,1.42361623616236,
1.42435424354243,1.42509225092251,1.42583025830258,1.42656826568265,1.42730627306273,
1.4280442804428,1.42878228782287,1.42952029520295,1.43025830258302,1.4309963099631,
1.43173431734317,1.43247232472324,1.43321033210332,1.43394833948339,1.43468634686346,
1.43542435424354,1.43616236162361,1.43690036900369,1.43763837638376,1.43837638376383,
1.43911439114391,1.43985239852398,1.44059040590406,1.44132841328413,1.4420664206642,
1.44280442804428,1.44354243542435,1.44428044280442,1.4450184501845,1.44575645756457,
1.44649446494465,1.44723247232472,1.44797047970479,1.44870848708487,1.44944649446494,
1.45018450184501,1.45092250922509,1.45166051660516,1.45239852398524,1.45313653136531,
1.45387453874538,1.45461254612546,1.45535055350553,1.4560885608856,1.45682656826568,
1.45756457564575,1.45830258302583,1.4590405904059,1.45977859778597,1.46051660516605,
1.46125461254612,1.4619926199262,1.46273062730627,1.46346863468634,1.46420664206642,
1.46494464944649,1.46568265682656,1.46642066420664,1.46715867158671,1.46789667896679,
1.46863468634686,1.46937269372693,1.47011070110701,1.47084870848708,1.47158671586715,
1.47232472324723,1.4730627306273,1.47380073800738,1.47453874538745,1.47527675276752,
1.4760147601476,1.47675276752767,1.47749077490774,1.47822878228782,1.47896678966789,
1.47970479704797,1.48044280442804,1.48118081180811,1.48191881918819,1.48265682656826,
1.48339483394833,1.48413284132841,1.48487084870848,1.48560885608856,1.48634686346863,
1.4870848708487,1.48782287822878,1.48856088560885,1.48929889298893,1.490036900369,
1.49077490774907,1.49151291512915,1.49225092250922,1.49298892988929,1.49372693726937,
1.49446494464944,1.49520295202952,1.49594095940959,1.49667896678966,1.49741697416974,
1.49815498154981,1.49889298892988,1.49963099630996,1.50036900369003,1.50110701107011,
1.50184501845018,1.50258302583025,1.50332103321033,1.5040590405904,1.50479704797047,
1.50553505535055,1.50627306273062,1.5070110701107,1.50774907749077,1.50848708487084,
1.50922509225092,1.50996309963099,1.51070110701107,1.51143911439114,1.51217712177121,
1.51291512915129,1.51365313653136,1.51439114391143,1.51512915129151,1.51586715867158,
1.51660516605166,1.51734317343173,1.5180811808118,1.51881918819188,1.51955719557195,
1.52029520295202,1.5210332103321,1.52177121771217,1.52250922509225,1.52324723247232,
1.52398523985239,1.52472324723247,1.52546125461254,1.52619926199261,1.52693726937269,
1.52767527675276,1.52841328413284,1.52915129151291,1.52988929889298,1.53062730627306,
1.53136531365313,1.53210332103321,1.53284132841328,1.53357933579335,1.53431734317343,
1.5350553505535,1.53579335793357,1.53653136531365,1.53726937269372,1.5380073800738,
1.53874538745387,1.53948339483394,1.54022140221402,1.54095940959409,1.54169741697416,
1.54243542435424,1.54317343173431,1.54391143911439,1.54464944649446,1.54538745387453,
1.54612546125461,1.54686346863468,1.54760147601475,1.54833948339483,1.5490774907749,
1.54981549815498,1.55055350553505,1.55129151291512,1.5520295202952,1.55276752767527,
1.55350553505535,1.55424354243542,1.55498154981549,1.55571955719557,1.55645756457564,
1.55719557195571,1.55793357933579,1.55867158671586,1.55940959409594,1.56014760147601,
1.56088560885608,1.56162361623616,1.56236162361623,1.5630996309963,1.56383763837638,
1.56457564575645,1.56531365313653,1.5660516605166,1.56678966789667,1.56752767527675,
1.56826568265682,1.56900369003689,1.56974169741697,1.57047970479704,1.57121771217712,
1.57195571955719,1.57269372693726,1.57343173431734,1.57416974169741,1.57490774907748,
1.57564575645756,1.57638376383763,1.57712177121771,1.57785977859778,1.57859778597785,
1.57933579335793,1.580073800738,1.58081180811808,1.58154981549815,1.58228782287822,
1.5830258302583,1.58376383763837,1.58450184501844,1.58523985239852,1.58597785977859,
1.58671586715867,1.58745387453874,1.58819188191881,1.58892988929889,1.58966789667896,
1.59040590405903,1.59114391143911,1.59188191881918,1.59261992619926,1.59335793357933,
1.5940959409594,1.59483394833948,1.59557195571955,1.59630996309962,1.5970479704797,
1.59778597785977,1.59852398523985,1.59926199261992,1.59999999999999,1.60073800738007,
1.60147601476014,1.60221402214022,1.60295202952029,1.60369003690036,1.60442804428044,
1.60516605166051,1.60590405904058,1.60664206642066,1.60738007380073,1.60811808118081,
1.60885608856088,1.60959409594095,1.61033210332103,1.6110701107011,1.61180811808117,
1.61254612546125,1.61328413284132,1.6140221402214,1.61476014760147,1.61549815498154,
1.61623616236162,1.61697416974169,1.61771217712176,1.61845018450184,1.61918819188191,
1.61992619926199,1.62066420664206,1.62140221402213,1.62214022140221,1.62287822878228,
1.62361623616236,1.62435424354243,1.6250922509225,1.62583025830258,1.62656826568265,
1.62730627306272,1.6280442804428,1.62878228782287,1.62952029520295,1.63025830258302,
1.63099630996309,1.63173431734317,1.63247232472324,1.63321033210331,1.63394833948339,
1.63468634686346,1.63542435424354,1.63616236162361,1.63690036900368,1.63763837638376,
1.63837638376383,1.6391143911439,1.63985239852398,1.64059040590405,1.64132841328413,
1.6420664206642,1.64280442804427,1.64354243542435,1.64428044280442,1.6450184501845,
1.64575645756457,1.64649446494464,1.64723247232472,1.64797047970479,1.64870848708486,
1.64944649446494,1.65018450184501,1.65092250922509,1.65166051660516,1.65239852398523,
1.65313653136531,1.65387453874538,1.65461254612545,1.65535055350553,1.6560885608856,
1.65682656826568,1.65756457564575,1.65830258302582,1.6590405904059,1.65977859778597,
1.66051660516604,1.66125461254612,1.66199261992619,1.66273062730627,1.66346863468634,
1.66420664206641,1.66494464944649,1.66568265682656,1.66642066420664,1.66715867158671,
1.66789667896678,1.66863468634686,1.66937269372693,1.670110701107,1.67084870848708,
1.67158671586715,1.67232472324723,1.6730627306273,1.67380073800737,1.67453874538745,
1.67527675276752,1.67601476014759,1.67675276752767,1.67749077490774,1.67822878228782,
1.67896678966789,1.67970479704796,1.68044280442804,1.68118081180811,1.68191881918818,
1.68265682656826,1.68339483394833,1.68413284132841,1.68487084870848,1.68560885608855,
1.68634686346863,1.6870848708487,1.68782287822877,1.68856088560885,1.68929889298892,
1.690036900369,1.69077490774907,1.69151291512914,1.69225092250922,1.69298892988929,
1.69372693726937,1.69446494464944,1.69520295202951,1.69594095940959,1.69667896678966,
1.69741697416973,1.69815498154981,1.69889298892988,1.69963099630996,1.70036900369003,
1.7011070110701,1.70184501845018,1.70258302583025,1.70332103321032,1.7040590405904,
1.70479704797047,1.70553505535055,1.70627306273062,1.70701107011069,1.70774907749077,
1.70848708487084,1.70922509225091,1.70996309963099,1.71070110701106,1.71143911439114,
1.71217712177121,1.71291512915128,1.71365313653136,1.71439114391143,1.71512915129151,
1.71586715867158,1.71660516605165,1.71734317343173,1.7180811808118,1.71881918819187,
1.71955719557195,1.72029520295202,1.7210332103321,1.72177121771217,1.72250922509224,
1.72324723247232,1.72398523985239,1.72472324723246,1.72546125461254,1.72619926199261,
1.72693726937269,1.72767527675276,1.72841328413283,1.72915129151291,1.72988929889298,
1.73062730627305,1.73136531365313,1.7321033210332,1.73284132841328,1.73357933579335,
1.73431734317342,1.7350553505535,1.73579335793357,1.73653136531365,1.73726937269372,
1.73800738007379,1.73874538745387,1.73948339483394,1.74022140221401,1.74095940959409,
1.74169741697416,1.74243542435424,1.74317343173431,1.74391143911438,1.74464944649446,
1.74538745387453,1.7461254612546,1.74686346863468,1.74760147601475,1.74833948339483,
1.7490774907749,1.74981549815497,1.75055350553505,1.75129151291512,1.75202952029519,
1.75276752767527,1.75350553505534,1.75424354243542,1.75498154981549,1.75571955719556,
1.75645756457564,1.75719557195571,1.75793357933579,1.75867158671586,1.75940959409593,
1.76014760147601,1.76088560885608,1.76162361623615,1.76236162361623,1.7630996309963,
1.76383763837638,1.76457564575645,1.76531365313652,1.7660516605166,1.76678966789667,
1.76752767527674,1.76826568265682,1.76900369003689,1.76974169741697,1.77047970479704,
1.77121771217711,1.77195571955719,1.77269372693726,1.77343173431733,1.77416974169741,
1.77490774907748,1.77564575645756,1.77638376383763,1.7771217712177,1.77785977859778,
1.77859778597785,1.77933579335793,1.780073800738,1.78081180811807,1.78154981549815,
1.78228782287822,1.78302583025829,1.78376383763837,1.78450184501844,1.78523985239852,
1.78597785977859,1.78671586715866,1.78745387453874,1.78819188191881,1.78892988929888,
1.78966789667896,1.79040590405903,1.79114391143911,1.79188191881918,1.79261992619925,
1.79335793357933,1.7940959409594,1.79483394833947,1.79557195571955,1.79630996309962,
1.7970479704797,1.79778597785977,1.79852398523984,1.79926199261992,1.79999999999999,
1.80073800738006,1.80147601476014,1.80221402214021,1.80295202952029,1.80369003690036,
1.80442804428043,1.80516605166051,1.80590405904058,1.80664206642066,1.80738007380073,
1.8081180811808,1.80885608856088,1.80959409594095,1.81033210332102,1.8110701107011,
1.81180811808117,1.81254612546125,1.81328413284132,1.81402214022139,1.81476014760147,
1.81549815498154,1.81623616236161,1.81697416974169,1.81771217712176,1.81845018450184,
1.81918819188191,1.81992619926198,1.82066420664206,1.82140221402213,1.8221402214022,
1.82287822878228,1.82361623616235,1.82435424354243,1.8250922509225,1.82583025830257,
1.82656826568265,1.82730627306272,1.8280442804428,1.82878228782287,1.82952029520294,
1.83025830258302,1.83099630996309,1.83173431734316,1.83247232472324,1.83321033210331,
1.83394833948339,1.83468634686346,1.83542435424353,1.83616236162361,1.83690036900368,
1.83763837638375,1.83837638376383,1.8391143911439,1.83985239852398,1.84059040590405,
1.84132841328412,1.8420664206642,1.84280442804427,1.84354243542434,1.84428044280442,
1.84501845018449,1.84575645756457,1.84649446494464,1.84723247232471,1.84797047970479,
1.84870848708486,1.84944649446494,1.85018450184501,1.85092250922508,1.85166051660516,
1.85239852398523,1.8531365313653,1.85387453874538,1.85461254612545,1.85535055350553,
1.8560885608856,1.85682656826567,1.85756457564575,1.85830258302582,1.85904059040589,
1.85977859778597,1.86051660516604,1.86125461254612,1.86199261992619,1.86273062730626,
1.86346863468634,1.86420664206641,1.86494464944648,1.86568265682656,1.86642066420663,
1.86715867158671,1.86789667896678,1.86863468634685,1.86937269372693,1.870110701107,
1.87084870848708,1.87158671586715,1.87232472324722,1.8730627306273,1.87380073800737,
1.87453874538744,1.87527675276752,1.87601476014759,1.87675276752767,1.87749077490774,
1.87822878228781,1.87896678966789,1.87970479704796,1.88044280442803,1.88118081180811,
1.88191881918818,1.88265682656826,1.88339483394833,1.8841328413284,1.88487084870848,
1.88560885608855,1.88634686346862,1.8870848708487,1.88782287822877,1.88856088560885,
1.88929889298892,1.89003690036899,1.89077490774907,1.89151291512914,1.89225092250922,
1.89298892988929,1.89372693726936,1.89446494464944,1.89520295202951,1.89594095940958,
1.89667896678966,1.89741697416973,1.89815498154981,1.89889298892988,1.89963099630995,
1.90036900369003,1.9011070110701,1.90184501845017,1.90258302583025,1.90332103321032,
1.9040590405904,1.90479704797047,1.90553505535054,1.90627306273062,1.90701107011069,
1.90774907749076,1.90848708487084,1.90922509225091,1.90996309963099,1.91070110701106,
1.91143911439113,1.91217712177121,1.91291512915128,1.91365313653135,1.91439114391143,
1.9151291512915,1.91586715867158,1.91660516605165,1.91734317343172,1.9180811808118,
1.91881918819187,1.91955719557195,1.92029520295202,1.92103321033209,1.92177121771217,
1.92250922509224,1.92324723247231,1.92398523985239,1.92472324723246,1.92546125461254,
1.92619926199261,1.92693726937268,1.92767527675276,1.92841328413283,1.9291512915129,
1.92988929889298,1.93062730627305,1.93136531365313,1.9321033210332,1.93284132841327,
1.93357933579335,1.93431734317342,1.93505535055349,1.93579335793357,1.93653136531364,
1.93726937269372,1.93800738007379,1.93874538745386,1.93948339483394,1.94022140221401,
1.94095940959409,1.94169741697416,1.94243542435423,1.94317343173431,1.94391143911438,
1.94464944649445,1.94538745387453,1.9461254612546,1.94686346863468,1.94760147601475,
1.94833948339482,1.9490774907749,1.94981549815497,1.95055350553504,1.95129151291512,
1.95202952029519,1.95276752767527,1.95350553505534,1.95424354243541,1.95498154981549,
1.95571955719556,1.95645756457563,1.95719557195571,1.95793357933578,1.95867158671586,
1.95940959409593,1.960147601476,1.96088560885608,1.96162361623615,1.96236162361623,
1.9630996309963,1.96383763837637,1.96457564575645,1.96531365313652,1.96605166051659,
1.96678966789667,1.96752767527674,1.96826568265682,1.96900369003689,1.96974169741696,
1.97047970479704,1.97121771217711,1.97195571955718,1.97269372693726,1.97343173431733,
1.97416974169741,1.97490774907748,1.97564575645755,1.97638376383763,1.9771217712177,
1.97785977859777,1.97859778597785,1.97933579335792,1.980073800738,1.98081180811807,
1.98154981549814,1.98228782287822,1.98302583025829,1.98376383763837,1.98450184501844,
1.98523985239851,1.98597785977859,1.98671586715866,1.98745387453873,1.98819188191881,
1.98892988929888,1.98966789667896,1.99040590405903,1.9911439114391,1.99188191881918,
1.99261992619925,1.99335793357932,1.9940959409594,1.99483394833947,1.99557195571955,
1.99630996309962,1.99704797047969,1.99778597785977,1.99852398523984,1.99894033989732),
 .UNSPECIFIED.)
CURVE()
GEOMETRIC_REPRESENTATION_ITEM()
RATIONAL_B_SPLINE_CURVE((1.,1.,1.,1.,1.,1.,1.,1.,1.,1.,1.,1.,1.,1.,1.,1.,
1.,1.,1.,1.,1.,1.,1.,1.,1.,1.,1.,1.,1.,1.,1.,1.,1.,1.,1.,1.,1.,1.,1.,1.,
1.,1.,1.,1.,1.,1.,1.,1.,1.,1.,1.,1.,1.,1.,1.,1.,1.,1.,1.,1.,1.,1.,1.,1.,
1.,1.,1.,1.,1.,1.,1.,1.,1.,1.,1.,1.,1.,1.,1.,1.,1.,1.,1.,1.,1.,1.,1.,1.,
1.,1.,1.,1.,1.,1.,1.,1.,1.,1.,1.,1.,1.,1.,1.,1.,1.,1.,1.,1.,1.,1.,1.,1.,
1.,1.,1.,1.,1.,1.,1.,1.,1.,1.,1.,1.,1.,1.,1.,1.,1.,1.,1.,1.,1.,1.,1.,1.,
1.,1.,1.,1.,1.,1.,1.,1.,1.,1.,1.,1.,1.,1.,1.,1.,1.,1.,1.,1.,1.,1.,1.,1.,
1.,1.,1.,1.,1.,1.,1.,1.,1.,1.,1.,1.,1.,1.,1.,1.,1.,1.,1.,1.,1.,1.,1.,1.,
1.,1.,1.,1.,1.,1.,1.,1.,1.,1.,1.,1.,1.,1.,1.,1.,1.,1.,1.,1.,1.,1.,1.,1.,
1.,1.,1.,1.,1.,1.,1.,1.,1.,1.,1.,1.,1.,1.,1.,1.,1.,1.,1.,1.,1.,1.,1.,1.,
1.,1.,1.,1.,1.,1.,1.,1.,1.,1.,1.,1.,1.,1.,1.,1.,1.,1.,1.,1.,1.,1.,1.,1.,
1.,1.,1.,1.,1.,1.,1.,1.,1.,1.,1.,1.,1.,1.,1.,1.,1.,1.,1.,1.,1.,1.,1.,1.,
1.,1.,1.,1.,1.,1.,1.,1.,1.,1.,1.,1.,1.,1.,1.,1.,1.,1.,1.,1.,1.,1.,1.,1.,
1.,1.,1.,1.,1.,1.,1.,1.,1.,1.,1.,1.,1.,1.,1.,1.,1.,1.,1.,1.,1.,1.,1.,1.,
1.,1.,1.,1.,1.,1.,1.,1.,1.,1.,1.,1.,1.,1.,1.,1.,1.,1.,1.,1.,1.,1.,1.,1.,
1.,1.,1.,1.,1.,1.,1.,1.,1.,1.,1.,1.,1.,1.,1.,1.,1.,1.,1.,1.,1.,1.,1.,1.,
1.,1.,1.,1.,1.,1.,1.,1.,1.,1.,1.,1.,1.,1.,1.,1.,1.,1.,1.,1.,1.,1.,1.,1.,
1.,1.,1.,1.,1.,1.,1.,1.,1.,1.,1.,1.,1.,1.,1.,1.,1.,1.,1.,1.,1.,1.,1.,1.,
1.,1.,1.,1.,1.,1.,1.,1.,1.,1.,1.,1.,1.,1.,1.,1.,1.,1.,1.,1.,1.,1.,1.,1.,
1.,1.,1.,1.,1.,1.,1.,1.,1.,1.,1.,1.,1.,1.,1.,1.,1.,1.,1.,1.,1.,1.,1.,1.,
1.,1.,1.,1.,1.,1.,1.,1.,1.,1.,1.,1.,1.,1.,1.,1.,1.,1.,1.,1.,1.,1.,1.,1.,
1.,1.,1.,1.,1.,1.,1.,1.,1.,1.,1.,1.,1.,1.,1.,1.,1.,1.,1.,1.,1.,1.,1.,1.,
1.,1.,1.,1.,1.,1.,1.,1.,1.,1.,1.,1.,1.,1.,1.,1.,1.,1.,1.,1.,1.,1.,1.,1.,
1.,1.,1.,1.,1.,1.,1.,1.,1.,1.,1.,1.,1.,1.,1.,1.,1.,1.,1.,1.,1.,1.,1.,1.,
1.,1.,1.,1.,1.,1.,1.,1.,1.,1.,1.,1.,1.,1.,1.,1.,1.,1.,1.,1.,1.,1.,1.,1.,
1.,1.,1.,1.,1.,1.,1.,1.,1.,1.,1.,1.,1.,1.,1.,1.,1.,1.,1.,1.,1.,1.,1.,1.,
1.,1.,1.,1.,1.,1.,1.,1.,1.,1.,1.,1.,1.,1.,1.,1.,1.,1.,1.,1.,1.,1.,1.,1.,
1.,1.,1.,1.,1.,1.,1.,1.,1.,1.,1.,1.,1.,1.,1.,1.,1.,1.,1.,1.,1.,1.,1.,1.,
1.,1.,1.,1.,1.,1.,1.,1.,1.,1.,1.,1.,1.,1.,1.,1.,1.,1.,1.,1.,1.,1.,1.,1.,
1.,1.,1.,1.,1.,1.,1.,1.,1.,1.,1.,1.,1.,1.,1.,1.,1.,1.,1.,1.,1.,1.,1.,1.,
1.,1.,1.,1.,1.,1.,1.,1.,1.,1.,1.,1.,1.,1.,1.,1.,1.,1.,1.,1.,1.,1.,1.,1.,
1.,1.,1.,1.,1.,1.,1.,1.,1.,1.,1.,1.,1.,1.,1.,1.,1.,1.,1.,1.,1.,1.,1.,1.,
1.,1.,1.,1.,1.,1.,1.,1.,1.,1.,1.,1.,1.,1.,1.,1.,1.,1.,1.,1.,1.,1.,1.,1.,
1.,1.,1.,1.,1.,1.,1.,1.,1.,1.,1.,1.,1.,1.,1.,1.,1.,1.,1.,1.,1.,1.,1.,1.,
1.,1.,1.,1.,1.,1.,1.,1.,1.,1.,1.,1.,1.,1.,1.,1.,1.,1.,1.,1.,1.,1.,1.,1.,
1.,1.,1.,1.,1.,1.,1.,1.,1.,1.,1.,1.,1.,1.,1.,1.,1.,1.,1.,1.,1.,1.,1.,1.,
1.,1.,1.,1.,1.,1.,1.,1.,1.,1.,1.,1.,1.,1.,1.,1.,1.,1.,1.,1.,1.,1.,1.,1.,
1.,1.,1.,1.,1.,1.,1.,1.,1.,1.,1.,1.,1.,1.,1.,1.,1.,1.,1.,1.,1.,1.,1.,1.,
1.,1.,1.,1.,1.,1.,1.,1.,1.,1.,1.,1.,1.,1.,1.,1.,1.,1.,1.,1.,1.,1.,1.,1.,
1.,1.,1.,1.,1.,1.,1.,1.,1.,1.,1.,1.,1.,1.,1.,1.,1.,1.,1.,1.,1.,1.,1.,1.,
1.,1.,1.,1.,1.,1.,1.,1.,1.,1.,1.,1.,1.,1.,1.,1.,1.,1.,1.,1.,1.,1.,1.,1.,
1.,1.,1.,1.,1.,1.,1.,1.,1.,1.,1.,1.,1.,1.,1.,1.,1.,1.,1.,1.,1.,1.,1.,1.,
1.,1.,1.,1.,1.,1.,1.,1.,1.,1.,1.,1.,1.,1.,1.,1.,1.,1.,1.,1.,1.,1.,1.,1.,
1.,1.,1.,1.,1.,1.,1.,1.,1.,1.,1.,1.,1.,1.,1.,1.,1.,1.,1.,1.,1.,1.,1.,1.,
1.,1.,1.,1.,1.,1.,1.,1.,1.,1.,1.,1.,1.,1.,1.,1.,1.,1.,1.,1.,1.,1.,1.,1.,
1.,1.,1.,1.,1.,1.,1.,1.,1.,1.,1.,1.,1.,1.,1.,1.,1.,1.,1.,1.,1.,1.,1.,1.,
1.,1.,1.,1.,1.,1.,1.,1.,1.,1.,1.,1.,1.,1.,1.,1.,1.,1.,1.,1.,1.,1.,1.,1.,
1.,1.,1.,1.,1.,1.,1.,1.,1.,1.,1.,1.,1.,1.,1.,1.,1.,1.,1.,1.,1.,1.,1.,1.,
1.,1.,1.,1.,1.,1.,1.,1.,1.,1.,1.,1.,1.,1.,1.,1.,1.,1.,1.,1.,1.,1.,1.,1.,
1.,1.,1.,1.,1.,1.,1.,1.,1.,1.,1.,1.,1.,1.,1.,1.,1.,1.,1.,1.,1.,1.,1.,1.,
1.,1.,1.,1.,1.,1.,1.,1.,1.,1.,1.,1.,1.,1.,1.,1.,1.,1.,1.,1.,1.,1.,1.,1.,
1.,1.,1.,1.,1.,1.,1.,1.,1.,1.,1.,1.,1.,1.,1.,1.,1.,1.,1.,1.,1.,1.,1.,1.,
1.,1.,1.,1.,1.,1.,1.,1.,1.,1.,1.,1.,1.,1.,1.,1.,1.,1.,1.,1.,1.,1.,1.,1.,
1.,1.,1.,1.,1.,1.,1.,1.,1.,1.,1.,1.,1.,1.,1.,1.,1.,1.,1.,1.,1.,1.,1.,1.,
1.,1.,1.,1.,1.,1.,1.,1.,1.,1.,1.,1.,1.,1.,1.,1.,1.,1.,1.,1.,1.,1.,1.,1.,
1.,1.,1.,1.,1.,1.,1.,1.,1.,1.,1.,1.,1.,1.,1.,1.,1.,1.,1.,1.,1.,1.,1.,1.,
1.,1.,1.,1.,1.,1.,1.,1.,1.,1.,1.,1.,1.,1.,1.,1.,1.,1.,1.,1.,1.,1.,1.))
REPRESENTATION_ITEM('')
);
#463=(
BOUNDED_CURVE()
B_SPLINE_CURVE(5,(#6497,#6498,#6499,#6500,#6501,#6502,#6503,#6504,#6505,
#6506,#6507,#6508,#6509,#6510,#6511,#6512,#6513,#6514,#6515,#6516,#6517,
#6518,#6519,#6520,#6521,#6522,#6523,#6524,#6525,#6526,#6527,#6528,#6529,
#6530,#6531,#6532,#6533,#6534,#6535,#6536,#6537,#6538,#6539,#6540,#6541,
#6542,#6543,#6544,#6545,#6546,#6547,#6548,#6549,#6550,#6551,#6552,#6553,
#6554,#6555,#6556,#6557,#6558,#6559,#6560,#6561,#6562,#6563,#6564,#6565,
#6566,#6567,#6568,#6569,#6570,#6571,#6572,#6573,#6574,#6575,#6576,#6577,
#6578,#6579,#6580,#6581,#6582,#6583,#6584,#6585,#6586,#6587,#6588,#6589,
#6590,#6591,#6592,#6593,#6594,#6595,#6596,#6597,#6598,#6599,#6600,#6601,
#6602,#6603,#6604,#6605,#6606,#6607,#6608,#6609,#6610,#6611,#6612,#6613,
#6614,#6615,#6616,#6617,#6618,#6619,#6620,#6621,#6622,#6623,#6624,#6625,
#6626,#6627,#6628,#6629,#6630,#6631,#6632,#6633,#6634,#6635,#6636,#6637,
#6638,#6639,#6640,#6641,#6642,#6643,#6644,#6645,#6646,#6647,#6648,#6649,
#6650,#6651,#6652,#6653,#6654,#6655,#6656,#6657,#6658,#6659,#6660,#6661,
#6662,#6663,#6664,#6665,#6666,#6667,#6668,#6669,#6670,#6671,#6672,#6673,
#6674,#6675,#6676,#6677,#6678,#6679,#6680,#6681,#6682,#6683,#6684,#6685,
#6686,#6687,#6688,#6689,#6690,#6691,#6692,#6693,#6694,#6695,#6696,#6697,
#6698,#6699,#6700,#6701,#6702,#6703,#6704,#6705,#6706,#6707,#6708,#6709,
#6710,#6711,#6712,#6713,#6714,#6715,#6716,#6717,#6718,#6719,#6720,#6721,
#6722,#6723,#6724,#6725,#6726,#6727,#6728,#6729,#6730,#6731,#6732,#6733,
#6734,#6735,#6736,#6737,#6738,#6739,#6740,#6741,#6742,#6743,#6744,#6745,
#6746,#6747,#6748,#6749,#6750,#6751,#6752,#6753,#6754,#6755,#6756,#6757,
#6758,#6759,#6760,#6761,#6762,#6763,#6764,#6765,#6766,#6767,#6768,#6769,
#6770,#6771,#6772,#6773,#6774,#6775,#6776,#6777,#6778,#6779,#6780,#6781,
#6782,#6783,#6784,#6785,#6786,#6787,#6788,#6789,#6790,#6791,#6792,#6793,
#6794,#6795,#6796,#6797,#6798,#6799,#6800,#6801,#6802,#6803,#6804,#6805,
#6806,#6807,#6808,#6809,#6810,#6811,#6812,#6813,#6814,#6815,#6816,#6817,
#6818,#6819,#6820,#6821,#6822,#6823,#6824,#6825,#6826,#6827,#6828,#6829,
#6830,#6831,#6832,#6833,#6834,#6835,#6836,#6837,#6838,#6839,#6840,#6841,
#6842,#6843,#6844,#6845,#6846,#6847,#6848,#6849,#6850,#6851,#6852,#6853,
#6854,#6855,#6856,#6857,#6858,#6859,#6860,#6861,#6862,#6863,#6864,#6865,
#6866,#6867,#6868,#6869,#6870,#6871,#6872,#6873,#6874,#6875,#6876,#6877,
#6878,#6879,#6880,#6881,#6882,#6883,#6884,#6885,#6886,#6887,#6888,#6889,
#6890,#6891,#6892,#6893,#6894,#6895,#6896,#6897,#6898,#6899,#6900,#6901,
#6902,#6903,#6904,#6905,#6906,#6907,#6908,#6909,#6910,#6911,#6912,#6913,
#6914,#6915,#6916,#6917,#6918,#6919,#6920,#6921,#6922,#6923,#6924,#6925,
#6926,#6927,#6928,#6929,#6930,#6931,#6932,#6933,#6934,#6935,#6936,#6937,
#6938,#6939,#6940,#6941,#6942,#6943,#6944,#6945,#6946,#6947,#6948,#6949,
#6950,#6951,#6952,#6953,#6954,#6955,#6956,#6957,#6958,#6959,#6960,#6961,
#6962,#6963,#6964,#6965,#6966,#6967,#6968,#6969,#6970,#6971,#6972,#6973,
#6974,#6975,#6976,#6977,#6978,#6979,#6980,#6981,#6982,#6983,#6984,#6985,
#6986,#6987,#6988,#6989,#6990,#6991,#6992,#6993,#6994,#6995,#6996,#6997,
#6998,#6999,#7000,#7001,#7002,#7003,#7004,#7005,#7006,#7007,#7008,#7009,
#7010,#7011,#7012,#7013,#7014,#7015,#7016,#7017,#7018,#7019,#7020,#7021,
#7022,#7023,#7024,#7025,#7026,#7027,#7028,#7029,#7030,#7031,#7032,#7033,
#7034,#7035,#7036,#7037,#7038,#7039,#7040,#7041,#7042,#7043,#7044,#7045,
#7046,#7047,#7048,#7049,#7050,#7051,#7052,#7053,#7054,#7055,#7056,#7057,
#7058,#7059,#7060,#7061,#7062,#7063,#7064,#7065,#7066,#7067,#7068,#7069,
#7070,#7071,#7072,#7073,#7074,#7075,#7076,#7077,#7078,#7079,#7080,#7081,
#7082,#7083,#7084,#7085,#7086,#7087,#7088,#7089,#7090,#7091,#7092,#7093,
#7094,#7095,#7096,#7097,#7098,#7099,#7100,#7101,#7102,#7103,#7104,#7105,
#7106,#7107,#7108,#7109,#7110,#7111,#7112,#7113,#7114,#7115,#7116,#7117,
#7118,#7119,#7120,#7121,#7122,#7123,#7124,#7125,#7126,#7127,#7128,#7129,
#7130,#7131,#7132,#7133,#7134,#7135,#7136,#7137,#7138,#7139,#7140,#7141,
#7142,#7143,#7144,#7145,#7146,#7147,#7148,#7149,#7150,#7151,#7152,#7153,
#7154,#7155,#7156,#7157,#7158,#7159,#7160,#7161,#7162,#7163,#7164,#7165,
#7166,#7167,#7168,#7169,#7170,#7171,#7172,#7173,#7174,#7175,#7176,#7177,
#7178,#7179,#7180,#7181,#7182,#7183,#7184,#7185,#7186,#7187,#7188,#7189,
#7190,#7191,#7192,#7193,#7194,#7195,#7196,#7197,#7198,#7199,#7200,#7201,
#7202,#7203,#7204,#7205,#7206,#7207,#7208,#7209,#7210,#7211,#7212,#7213,
#7214,#7215,#7216,#7217,#7218,#7219,#7220,#7221,#7222,#7223,#7224,#7225,
#7226,#7227,#7228,#7229,#7230,#7231,#7232,#7233,#7234,#7235,#7236,#7237,
#7238,#7239,#7240,#7241,#7242,#7243,#7244,#7245,#7246,#7247,#7248,#7249,
#7250,#7251,#7252,#7253,#7254,#7255,#7256,#7257,#7258,#7259,#7260,#7261,
#7262,#7263,#7264,#7265,#7266,#7267,#7268,#7269,#7270,#7271,#7272,#7273,
#7274,#7275,#7276,#7277,#7278,#7279,#7280,#7281,#7282,#7283,#7284,#7285,
#7286,#7287,#7288,#7289,#7290,#7291,#7292,#7293,#7294,#7295,#7296,#7297,
#7298,#7299,#7300,#7301,#7302,#7303,#7304,#7305,#7306,#7307,#7308,#7309,
#7310,#7311,#7312,#7313,#7314,#7315,#7316,#7317,#7318,#7319,#7320,#7321,
#7322,#7323,#7324,#7325,#7326,#7327,#7328,#7329,#7330,#7331,#7332,#7333,
#7334,#7335,#7336,#7337,#7338,#7339,#7340,#7341,#7342,#7343,#7344,#7345,
#7346,#7347,#7348,#7349,#7350,#7351,#7352,#7353,#7354,#7355,#7356,#7357,
#7358,#7359,#7360,#7361,#7362,#7363,#7364,#7365,#7366,#7367,#7368,#7369,
#7370,#7371,#7372,#7373,#7374,#7375,#7376,#7377,#7378,#7379,#7380,#7381,
#7382,#7383,#7384,#7385,#7386,#7387,#7388,#7389,#7390,#7391,#7392,#7393,
#7394,#7395,#7396,#7397,#7398,#7399,#7400,#7401,#7402,#7403,#7404,#7405,
#7406,#7407,#7408,#7409,#7410,#7411,#7412,#7413,#7414,#7415,#7416,#7417,
#7418,#7419,#7420,#7421,#7422,#7423,#7424,#7425,#7426,#7427,#7428,#7429,
#7430,#7431,#7432,#7433,#7434,#7435,#7436,#7437,#7438,#7439,#7440,#7441,
#7442,#7443,#7444,#7445,#7446,#7447,#7448,#7449,#7450,#7451,#7452,#7453,
#7454,#7455,#7456,#7457,#7458,#7459,#7460,#7461,#7462,#7463,#7464,#7465,
#7466,#7467,#7468,#7469,#7470,#7471,#7472,#7473,#7474,#7475,#7476,#7477,
#7478,#7479,#7480,#7481,#7482,#7483,#7484,#7485,#7486,#7487,#7488,#7489,
#7490,#7491,#7492,#7493,#7494,#7495,#7496,#7497,#7498,#7499,#7500,#7501,
#7502,#7503,#7504,#7505,#7506,#7507,#7508,#7509,#7510,#7511,#7512,#7513,
#7514,#7515,#7516,#7517,#7518,#7519,#7520,#7521,#7522,#7523,#7524,#7525,
#7526,#7527,#7528,#7529,#7530,#7531,#7532,#7533,#7534,#7535,#7536,#7537,
#7538,#7539,#7540,#7541,#7542,#7543,#7544,#7545,#7546,#7547,#7548,#7549,
#7550,#7551,#7552,#7553,#7554,#7555,#7556,#7557,#7558,#7559,#7560,#7561,
#7562,#7563,#7564,#7565,#7566,#7567,#7568,#7569,#7570,#7571,#7572,#7573,
#7574,#7575,#7576,#7577,#7578,#7579,#7580,#7581,#7582,#7583,#7584,#7585,
#7586,#7587,#7588,#7589,#7590,#7591,#7592,#7593,#7594,#7595,#7596,#7597,
#7598,#7599,#7600,#7601,#7602,#7603,#7604,#7605,#7606,#7607,#7608,#7609,
#7610,#7611,#7612,#7613,#7614,#7615,#7616,#7617,#7618,#7619,#7620,#7621,
#7622,#7623,#7624,#7625,#7626,#7627,#7628,#7629,#7630,#7631,#7632,#7633,
#7634,#7635,#7636,#7637,#7638,#7639,#7640,#7641,#7642,#7643,#7644,#7645,
#7646,#7647,#7648,#7649,#7650,#7651,#7652,#7653,#7654,#7655,#7656,#7657,
#7658,#7659,#7660,#7661,#7662,#7663,#7664,#7665,#7666,#7667,#7668,#7669,
#7670,#7671,#7672,#7673,#7674,#7675,#7676,#7677,#7678,#7679,#7680,#7681,
#7682,#7683,#7684,#7685,#7686,#7687,#7688,#7689,#7690,#7691,#7692,#7693,
#7694,#7695,#7696,#7697,#7698,#7699,#7700,#7701,#7702,#7703,#7704,#7705,
#7706,#7707,#7708,#7709,#7710,#7711,#7712,#7713,#7714,#7715,#7716,#7717,
#7718,#7719,#7720,#7721,#7722,#7723,#7724,#7725,#7726,#7727,#7728,#7729,
#7730,#7731,#7732,#7733,#7734,#7735,#7736,#7737,#7738,#7739,#7740,#7741,
#7742,#7743,#7744,#7745,#7746,#7747,#7748,#7749,#7750,#7751,#7752,#7753,
#7754,#7755,#7756,#7757,#7758,#7759,#7760,#7761,#7762,#7763,#7764,#7765,
#7766,#7767,#7768,#7769,#7770,#7771,#7772,#7773,#7774,#7775,#7776,#7777,
#7778,#7779,#7780,#7781,#7782,#7783,#7784,#7785,#7786,#7787,#7788,#7789,
#7790,#7791,#7792,#7793,#7794,#7795,#7796,#7797,#7798,#7799,#7800,#7801,
#7802,#7803,#7804,#7805,#7806,#7807,#7808,#7809,#7810,#7811,#7812,#7813,
#7814,#7815,#7816,#7817,#7818,#7819,#7820,#7821,#7822,#7823,#7824,#7825,
#7826,#7827,#7828,#7829,#7830,#7831,#7832,#7833,#7834,#7835,#7836,#7837,
#7838,#7839,#7840,#7841,#7842,#7843,#7844,#7845,#7846,#7847,#7848,#7849,
#7850,#7851,#7852,#7853,#7854,#7855,#7856),.UNSPECIFIED.,.T.,.F.)
B_SPLINE_CURVE_WITH_KNOTS((6,1,1,1,1,1,1,1,1,1,1,1,1,1,1,1,1,1,1,1,1,1,
1,1,1,1,1,1,1,1,1,1,1,1,1,1,1,1,1,1,1,1,1,1,1,1,1,1,1,1,1,1,1,1,1,1,1,1,
1,1,1,1,1,1,1,1,1,1,1,1,1,1,1,1,1,1,1,1,1,1,1,1,1,1,1,1,1,1,1,1,1,1,1,1,
1,1,1,1,1,1,1,1,1,1,1,1,1,1,1,1,1,1,1,1,1,1,1,1,1,1,1,1,1,1,1,1,1,1,1,1,
1,1,1,1,1,1,1,1,1,1,1,1,1,1,1,1,1,1,1,1,1,1,1,1,1,1,1,1,1,1,1,1,1,1,1,1,
1,1,1,1,1,1,1,1,1,1,1,1,1,1,1,1,1,1,1,1,1,1,1,1,1,1,1,1,1,1,1,1,1,1,1,1,
1,1,1,1,1,1,1,1,1,1,1,1,1,1,1,1,1,1,1,1,1,1,1,1,1,1,1,1,1,1,1,1,1,1,1,1,
1,1,1,1,1,1,1,1,1,1,1,1,1,1,1,1,1,1,1,1,1,1,1,1,1,1,1,1,1,1,1,1,1,1,1,1,
1,1,1,1,1,1,1,1,1,1,1,1,1,1,1,1,1,1,1,1,1,1,1,1,1,1,1,1,1,1,1,1,1,1,1,1,
1,1,1,1,1,1,1,1,1,1,1,1,1,1,1,1,1,1,1,1,1,1,1,1,1,1,1,1,1,1,1,1,1,1,1,1,
1,1,1,1,1,1,1,1,1,1,1,1,1,1,1,1,1,1,1,1,1,1,1,1,1,1,1,1,1,1,1,1,1,1,1,1,
1,1,1,1,1,1,1,1,1,1,1,1,1,1,1,1,1,1,1,1,1,1,1,1,1,1,1,1,1,1,1,1,1,1,1,1,
1,1,1,1,1,1,1,1,1,1,1,1,1,1,1,1,1,1,1,1,1,1,1,1,1,1,1,1,1,1,1,1,1,1,1,1,
1,1,1,1,1,1,1,1,1,1,1,1,1,1,1,1,1,1,1,1,1,1,1,1,1,1,1,1,1,1,1,1,1,1,1,1,
1,1,1,1,1,1,1,1,1,1,1,1,1,1,1,1,1,1,1,1,1,1,1,1,1,1,1,1,1,1,1,1,1,1,1,1,
1,1,1,1,1,1,1,1,1,1,1,1,1,1,1,1,1,1,1,1,1,1,1,1,1,1,1,1,1,1,1,1,1,1,1,1,
1,1,1,1,1,1,1,1,1,1,1,1,1,1,1,1,1,1,1,1,1,1,1,1,1,1,1,1,1,1,1,1,1,1,1,1,
1,1,1,1,1,1,1,1,1,1,1,1,1,1,1,1,1,1,1,1,1,1,1,1,1,1,1,1,1,1,1,1,1,1,1,1,
1,1,1,1,1,1,1,1,1,1,1,1,1,1,1,1,1,1,1,1,1,1,1,1,1,1,1,1,1,1,1,1,1,1,1,1,
1,1,1,1,1,1,1,1,1,1,1,1,1,1,1,1,1,1,1,1,1,1,1,1,1,1,1,1,1,1,1,1,1,1,1,1,
1,1,1,1,1,1,1,1,1,1,1,1,1,1,1,1,1,1,1,1,1,1,1,1,1,1,1,1,1,1,1,1,1,1,1,1,
1,1,1,1,1,1,1,1,1,1,1,1,1,1,1,1,1,1,1,1,1,1,1,1,1,1,1,1,1,1,1,1,1,1,1,1,
1,1,1,1,1,1,1,1,1,1,1,1,1,1,1,1,1,1,1,1,1,1,1,1,1,1,1,1,1,1,1,1,1,1,1,1,
1,1,1,1,1,1,1,1,1,1,1,1,1,1,1,1,1,1,1,1,1,1,1,1,1,1,1,1,1,1,1,1,1,1,1,1,
1,1,1,1,1,1,1,1,1,1,1,1,1,1,1,1,1,1,1,1,1,1,1,1,1,1,1,1,1,1,1,1,1,1,1,1,
1,1,1,1,1,1,1,1,1,1,1,1,1,1,1,1,1,1,1,1,1,1,1,1,1,1,1,1,1,1,1,1,1,1,1,1,
1,1,1,1,1,1,1,1,1,1,1,1,1,1,1,1,1,1,1,1,1,1,1,1,1,1,1,1,1,1,1,1,1,1,1,1,
1,1,1,1,1,1,1,1,1,1,1,1,1,1,1,1,1,1,1,1,1,1,1,1,1,1,1,1,1,1,1,1,1,1,1,1,
1,1,1,1,1,1,1,1,1,1,1,1,1,1,1,1,1,1,1,1,1,1,1,1,1,1,1,1,1,1,1,1,1,1,1,1,
1,1,1,1,1,1,1,1,1,1,1,1,1,1,1,1,1,1,1,1,1,1,1,1,1,1,1,1,1,1,1,1,1,1,1,1,
1,1,1,1,1,1,1,1,1,1,1,1,1,1,1,1,1,1,1,1,1,1,1,1,1,1,1,1,1,1,1,1,1,1,1,1,
1,1,1,1,1,1,1,1,1,1,1,1,1,1,1,1,1,1,1,1,1,1,1,1,1,1,1,1,1,1,1,1,1,1,1,1,
1,1,1,1,1,1,1,1,1,1,1,1,1,1,1,1,1,1,1,1,1,1,1,1,1,1,1,1,1,1,1,1,1,1,1,1,
1,1,1,1,1,1,1,1,1,1,1,1,1,1,1,1,1,1,1,1,1,1,1,1,1,1,1,1,1,1,1,1,1,1,1,1,
1,1,1,1,1,1,1,1,1,1,1,1,1,1,1,1,1,1,1,1,1,1,1,1,1,1,1,1,1,1,1,1,1,1,1,1,
1,1,1,1,1,1,1,1,1,1,1,1,1,1,1,1,1,1,1,1,1,1,1,1,1,1,1,1,1,1,1,1,1,1,1,1,
1,1,1,1,1,1,1,1,1,1,1,1,1,1,1,1,1,1,1,1,1,1,1,1,1,1,1,1,1,1,1,1,1,1,1,1,
1,1,1,1,1,1,1,1,1,1,1,1,1,1,1,1,1,1,1,1,1,1,1,1,1,1,1,1,1,1,1,1,1,1,1,1,
1,6),(0.,0.000738007380073801,0.0014760147601476,0.0022140221402214,0.0029520295202952,
0.003690036900369,0.0044280442804428,0.0051660516605166,0.00590405904059041,
0.00664206642066421,0.00738007380073801,0.00811808118081181,0.00885608856088561,
0.00959409594095941,0.0103321033210332,0.011070110701107,0.0118081180811808,
0.0125461254612546,0.0132841328413284,0.0140221402214022,0.014760147601476,
0.0154981549815498,0.0162361623616236,0.0169741697416974,0.0177121771217712,
0.018450184501845,0.0191881918819188,0.0199261992619926,0.0206642066420664,
0.0214022140221402,0.022140221402214,0.0228782287822878,0.0236162361623616,
0.0243542435424354,0.0250922509225092,0.025830258302583,0.0265682656826568,
0.0273062730627306,0.0280442804428044,0.0287822878228782,0.029520295202952,
0.0302583025830258,0.0309963099630996,0.0317343173431734,0.0324723247232472,
0.033210332103321,0.0339483394833948,0.0346863468634686,0.0354243542435424,
0.0361623616236162,0.03690036900369,0.0376383763837638,0.0383763837638376,
0.0391143911439114,0.0398523985239852,0.040590405904059,0.0413284132841328,
0.0420664206642066,0.0428044280442804,0.0435424354243542,0.044280442804428,
0.0450184501845018,0.0457564575645756,0.0464944649446494,0.0472324723247232,
0.047970479704797,0.0487084870848708,0.0494464944649446,0.0501845018450184,
0.0509225092250922,0.051660516605166,0.0523985239852398,0.0531365313653136,
0.0538745387453874,0.0546125461254612,0.055350553505535,0.0560885608856088,
0.0568265682656826,0.0575645756457564,0.0583025830258302,0.059040590405904,
0.0597785977859778,0.0605166051660516,0.0612546125461254,0.0619926199261992,
0.0627306273062729,0.0634686346863468,0.0642066420664206,0.0649446494464944,
0.0656826568265682,0.066420664206642,0.0671586715867158,0.0678966789667896,
0.0686346863468634,0.0693726937269372,0.070110701107011,0.0708487084870848,
0.0715867158671586,0.0723247232472324,0.0730627306273062,0.07380073800738,
0.0745387453874538,0.0752767527675276,0.0760147601476014,0.0767527675276752,
0.077490774907749,0.0782287822878228,0.0789667896678967,0.0797047970479705,
0.0804428044280443,0.0811808118081181,0.0819188191881919,0.0826568265682657,
0.0833948339483395,0.0841328413284133,0.0848708487084871,0.0856088560885609,
0.0863468634686347,0.0870848708487085,0.0878228782287823,0.0885608856088561,
0.0892988929889299,0.0900369003690037,0.0907749077490775,0.0915129151291513,
0.0922509225092251,0.0929889298892989,0.0937269372693727,0.0944649446494465,
0.0952029520295204,0.0959409594095942,0.096678966789668,0.0974169741697418,
0.0981549815498156,0.0988929889298894,0.0996309963099632,0.100369003690037,
0.101107011070111,0.101845018450185,0.102583025830258,0.103321033210332,
0.104059040590406,0.10479704797048,0.105535055350554,0.106273062730627,
0.107011070110701,0.107749077490775,0.108487084870849,0.109225092250923,
0.109963099630996,0.11070110701107,0.111439114391144,0.112177121771218,
0.112915129151292,0.113653136531365,0.114391143911439,0.115129151291513,
0.115867158671587,0.116605166051661,0.117343173431734,0.118081180811808,
0.118819188191882,0.119557195571956,0.12029520295203,0.121033210332104,
0.121771217712177,0.122509225092251,0.123247232472325,0.123985239852399,
0.124723247232473,0.125461254612546,0.12619926199262,0.126937269372694,
0.127675276752768,0.128413284132842,0.129151291512915,0.129889298892989,
0.130627306273063,0.131365313653137,0.13210332103321,0.132841328413284,
0.133579335793358,0.134317343173432,0.135055350553506,0.135793357933579,
0.136531365313653,0.137269372693727,0.138007380073801,0.138745387453875,
0.139483394833948,0.140221402214022,0.140959409594096,0.14169741697417,
0.142435424354244,0.143173431734317,0.143911439114391,0.144649446494465,
0.145387453874539,0.146125461254612,0.146863468634686,0.14760147601476,
0.148339483394834,0.149077490774908,0.149815498154981,0.150553505535055,
0.151291512915129,0.152029520295203,0.152767527675277,0.15350553505535,
0.154243542435424,0.154981549815498,0.155719557195572,0.156457564575646,
0.157195571955719,0.157933579335793,0.158671586715867,0.159409594095941,
0.160147601476015,0.160885608856088,0.161623616236162,0.162361623616236,
0.16309963099631,0.163837638376383,0.164575645756457,0.165313653136531,
0.166051660516605,0.166789667896679,0.167527675276752,0.168265682656826,
0.1690036900369,0.169741697416974,0.170479704797048,0.171217712177121,0.171955719557195,
0.172693726937269,0.173431734317343,0.174169741697417,0.17490774907749,
0.175645756457564,0.176383763837638,0.177121771217712,0.177859778597785,
0.178597785977859,0.179335793357933,0.180073800738007,0.180811808118081,
0.181549815498154,0.182287822878228,0.183025830258302,0.183763837638376,
0.18450184501845,0.185239852398523,0.185977859778597,0.186715867158671,
0.187453874538745,0.188191881918819,0.188929889298892,0.189667896678966,
0.19040590405904,0.191143911439114,0.191881918819188,0.192619926199261,
0.193357933579335,0.194095940959409,0.194833948339483,0.195571955719556,
0.19630996309963,0.197047970479704,0.197785977859778,0.198523985239852,
0.199261992619925,0.199999999999999,0.200738007380073,0.201476014760147,
0.202214022140221,0.202952029520294,0.203690036900368,0.204428044280442,
0.205166051660516,0.20590405904059,0.206642066420663,0.207380073800737,
0.208118081180811,0.208856088560885,0.209594095940958,0.210332103321032,
0.211070110701106,0.21180811808118,0.212546125461254,0.213284132841327,
0.214022140221401,0.214760147601475,0.215498154981549,0.216236162361623,
0.216974169741696,0.21771217712177,0.218450184501844,0.219188191881918,
0.219926199261992,0.220664206642065,0.221402214022139,0.222140221402213,
0.222878228782287,0.223616236162361,0.224354243542434,0.225092250922508,
0.225830258302582,0.226568265682656,0.227306273062729,0.228044280442803,
0.228782287822877,0.229520295202951,0.230258302583025,0.230996309963098,
0.231734317343172,0.232472324723246,0.23321033210332,0.233948339483394,
0.234686346863467,0.235424354243541,0.236162361623615,0.236900369003689,
0.237638376383763,0.238376383763836,0.23911439114391,0.239852398523984,
0.240590405904058,0.241328413284131,0.242066420664205,0.242804428044279,
0.243542435424353,0.244280442804427,0.2450184501845,0.245756457564574,0.246494464944648,
0.247232472324722,0.247970479704796,0.248708487084869,0.249446494464943,
0.250184501845017,0.250922509225091,0.251660516605165,0.252398523985238,
0.253136531365312,0.253874538745386,0.25461254612546,0.255350553505534,
0.256088560885607,0.256826568265681,0.257564575645755,0.258302583025829,
0.259040590405902,0.259778597785976,0.26051660516605,0.261254612546124,
0.261992619926198,0.262730627306271,0.263468634686345,0.264206642066419,
0.264944649446493,0.265682656826567,0.26642066420664,0.267158671586714,
0.267896678966788,0.268634686346862,0.269372693726936,0.270110701107009,
0.270848708487083,0.271586715867157,0.272324723247231,0.273062730627305,
0.273800738007378,0.274538745387452,0.275276752767526,0.2760147601476,0.276752767527673,
0.277490774907747,0.278228782287821,0.278966789667895,0.279704797047969,
0.280442804428042,0.281180811808116,0.28191881918819,0.282656826568264,
0.283394833948338,0.284132841328411,0.284870848708485,0.285608856088559,
0.286346863468633,0.287084870848707,0.28782287822878,0.288560885608854,
0.289298892988928,0.290036900369002,0.290774907749075,0.291512915129149,
0.292250922509223,0.292988929889297,0.293726937269371,0.294464944649444,
0.295202952029518,0.295940959409592,0.296678966789666,0.29741697416974,
0.298154981549813,0.298892988929887,0.299630996309961,0.300369003690035,
0.301107011070109,0.301845018450182,0.302583025830256,0.30332103321033,
0.304059040590404,0.304797047970478,0.305535055350551,0.306273062730625,
0.307011070110699,0.307749077490773,0.308487084870846,0.30922509225092,
0.309963099630994,0.310701107011068,0.311439114391142,0.312177121771215,
0.312915129151289,0.313653136531363,0.314391143911437,0.315129151291511,
0.315867158671584,0.316605166051658,0.317343173431732,0.318081180811806,
0.31881918819188,0.319557195571953,0.320295202952027,0.321033210332101,
0.321771217712175,0.322509225092248,0.323247232472322,0.323985239852396,
0.32472324723247,0.325461254612544,0.326199261992617,0.326937269372691,
0.327675276752765,0.328413284132839,0.329151291512913,0.329889298892986,
0.33062730627306,0.331365313653134,0.332103321033208,0.332841328413282,
0.333579335793355,0.334317343173429,0.335055350553503,0.335793357933577,
0.336531365313651,0.337269372693724,0.338007380073798,0.338745387453872,
0.339483394833946,0.340221402214019,0.340959409594093,0.341697416974167,
0.342435424354241,0.343173431734315,0.343911439114388,0.344649446494462,
0.345387453874536,0.34612546125461,0.346863468634684,0.347601476014757,
0.348339483394831,0.349077490774905,0.349815498154979,0.350553505535053,
0.351291512915126,0.3520295202952,0.352767527675274,0.353505535055348,0.354243542435421,
0.354981549815495,0.355719557195569,0.356457564575643,0.357195571955717,
0.35793357933579,0.358671586715864,0.359409594095938,0.360147601476012,
0.360885608856086,0.361623616236159,0.362361623616233,0.363099630996307,
0.363837638376381,0.364575645756455,0.365313653136528,0.366051660516602,
0.366789667896676,0.36752767527675,0.368265682656824,0.369003690036897,
0.369741697416971,0.370479704797045,0.371217712177119,0.371955719557192,
0.372693726937266,0.37343173431734,0.374169741697414,0.374907749077488,
0.375645756457561,0.376383763837635,0.377121771217709,0.377859778597783,
0.378597785977857,0.37933579335793,0.380073800738004,0.380811808118078,
0.381549815498152,0.382287822878226,0.383025830258299,0.383763837638373,
0.384501845018447,0.385239852398521,0.385977859778595,0.386715867158668,
0.387453874538742,0.388191881918816,0.38892988929889,0.389667896678963,
0.390405904059037,0.391143911439111,0.391881918819185,0.392619926199259,
0.393357933579332,0.394095940959406,0.39483394833948,0.395571955719554,
0.396309963099628,0.397047970479701,0.397785977859775,0.398523985239849,
0.399261992619923,0.399999999999997,0.40073800738007,0.401476014760144,
0.402214022140218,0.402952029520292,0.403690036900365,0.404428044280439,
0.405166051660513,0.405904059040587,0.406642066420661,0.407380073800734,
0.408118081180808,0.408856088560882,0.409594095940956,0.41033210332103,
0.411070110701103,0.411808118081177,0.412546125461251,0.413284132841325,
0.414022140221399,0.414760147601472,0.415498154981546,0.41623616236162,
0.416974169741694,0.417712177121768,0.418450184501841,0.419188191881915,
0.419926199261989,0.420664206642063,0.421402214022136,0.42214022140221,
0.422878228782284,0.423616236162358,0.424354243542432,0.425092250922505,
0.425830258302579,0.426568265682653,0.427306273062727,0.428044280442801,
0.428782287822874,0.429520295202948,0.430258302583022,0.430996309963096,
0.43173431734317,0.432472324723243,0.433210332103317,0.433948339483391,
0.434686346863465,0.435424354243538,0.436162361623612,0.436900369003686,
0.43763837638376,0.438376383763834,0.439114391143907,0.439852398523981,
0.440590405904055,0.441328413284129,0.442066420664203,0.442804428044276,
0.44354243542435,0.444280442804424,0.445018450184498,0.445756457564572,
0.446494464944645,0.447232472324719,0.447970479704793,0.448708487084867,
0.449446494464941,0.450184501845014,0.450922509225088,0.451660516605162,
0.452398523985236,0.453136531365309,0.453874538745383,0.454612546125457,
0.455350553505531,0.456088560885605,0.456826568265678,0.457564575645752,
0.458302583025826,0.4590405904059,0.459778597785974,0.460516605166047,0.461254612546121,
0.461992619926195,0.462730627306269,0.463468634686343,0.464206642066416,
0.46494464944649,0.465682656826564,0.466420664206638,0.467158671586711,
0.467896678966785,0.468634686346859,0.469372693726933,0.470110701107007,
0.47084870848708,0.471586715867154,0.472324723247228,0.473062730627302,
0.473800738007376,0.474538745387449,0.475276752767523,0.476014760147597,
0.476752767527671,0.477490774907745,0.478228782287818,0.478966789667892,
0.479704797047966,0.48044280442804,0.481180811808114,0.481918819188187,
0.482656826568261,0.483394833948335,0.484132841328409,0.484870848708482,
0.485608856088556,0.48634686346863,0.487084870848704,0.487822878228778,
0.488560885608851,0.489298892988925,0.490036900368999,0.490774907749073,
0.491512915129147,0.49225092250922,0.492988929889294,0.493726937269368,
0.494464944649442,0.495202952029516,0.495940959409589,0.496678966789663,
0.497416974169737,0.498154981549811,0.498892988929884,0.499630996309958,
0.500369003690032,0.501107011070106,0.50184501845018,0.502583025830253,
0.503321033210327,0.504059040590401,0.504797047970475,0.505535055350549,
0.506273062730622,0.507011070110696,0.50774907749077,0.508487084870844,
0.509225092250918,0.509963099630991,0.510701107011065,0.511439114391139,
0.512177121771213,0.512915129151287,0.51365313653136,0.514391143911434,
0.515129151291508,0.515867158671582,0.516605166051656,0.517343173431729,
0.518081180811803,0.518819188191877,0.519557195571951,0.520295202952024,
0.521033210332098,0.521771217712172,0.522509225092246,0.52324723247232,
0.523985239852393,0.524723247232467,0.525461254612541,0.526199261992615,
0.526937269372689,0.527675276752762,0.528413284132836,0.52915129151291,
0.529889298892984,0.530627306273058,0.531365313653131,0.532103321033205,
0.532841328413279,0.533579335793353,0.534317343173426,0.5350553505535,0.535793357933574,
0.536531365313648,0.537269372693722,0.538007380073795,0.538745387453869,
0.539483394833943,0.540221402214017,0.540959409594091,0.541697416974164,
0.542435424354238,0.543173431734312,0.543911439114386,0.54464944649446,
0.545387453874533,0.546125461254607,0.546863468634681,0.547601476014755,
0.548339483394829,0.549077490774902,0.549815498154976,0.55055350553505,
0.551291512915124,0.552029520295197,0.552767527675271,0.553505535055345,
0.554243542435419,0.554981549815493,0.555719557195566,0.55645756457564,
0.557195571955714,0.557933579335788,0.558671586715862,0.559409594095935,
0.560147601476009,0.560885608856083,0.561623616236157,0.562361623616231,
0.563099630996304,0.563837638376378,0.564575645756452,0.565313653136526,
0.566051660516599,0.566789667896673,0.567527675276747,0.568265682656821,
0.569003690036895,0.569741697416968,0.570479704797042,0.571217712177116,
0.57195571955719,0.572693726937264,0.573431734317337,0.574169741697411,
0.574907749077485,0.575645756457559,0.576383763837633,0.577121771217706,
0.57785977859778,0.578597785977854,0.579335793357928,0.580073800738002,
0.580811808118075,0.581549815498149,0.582287822878223,0.583025830258297,
0.58376383763837,0.584501845018444,0.585239852398518,0.585977859778592,
0.586715867158666,0.587453874538739,0.588191881918813,0.588929889298887,
0.589667896678961,0.590405904059035,0.591143911439108,0.591881918819182,
0.592619926199256,0.59335793357933,0.594095940959404,0.594833948339477,
0.595571955719551,0.596309963099625,0.597047970479699,0.597785977859772,
0.598523985239846,0.59926199261992,0.599999999999994,0.600738007380068,
0.601476014760141,0.602214022140215,0.602952029520289,0.603690036900363,
0.604428044280437,0.60516605166051,0.605904059040584,0.606642066420658,
0.607380073800732,0.608118081180806,0.608856088560879,0.609594095940953,
0.610332103321027,0.611070110701101,0.611808118081175,0.612546125461248,
0.613284132841322,0.614022140221396,0.61476014760147,0.615498154981543,
0.616236162361617,0.616974169741691,0.617712177121765,0.618450184501839,
0.619188191881912,0.619926199261986,0.62066420664206,0.621402214022134,
0.622140221402208,0.622878228782281,0.623616236162355,0.624354243542429,
0.625092250922503,0.625830258302577,0.62656826568265,0.627306273062724,
0.628044280442798,0.628782287822872,0.629520295202946,0.630258302583019,
0.630996309963093,0.631734317343167,0.632472324723241,0.633210332103314,
0.633948339483388,0.634686346863462,0.635424354243536,0.63616236162361,
0.636900369003683,0.637638376383757,0.638376383763831,0.639114391143905,
0.639852398523979,0.640590405904052,0.641328413284126,0.6420664206642,0.642804428044274,
0.643542435424348,0.644280442804421,0.645018450184495,0.645756457564569,
0.646494464944643,0.647232472324716,0.64797047970479,0.648708487084864,
0.649446494464938,0.650184501845012,0.650922509225085,0.651660516605159,
0.652398523985233,0.653136531365307,0.653874538745381,0.654612546125454,
0.655350553505528,0.656088560885602,0.656826568265676,0.65756457564575,
0.658302583025823,0.659040590405897,0.659778597785971,0.660516605166045,
0.661254612546119,0.661992619926192,0.662730627306266,0.66346863468634,
0.664206642066414,0.664944649446487,0.665682656826561,0.666420664206635,
0.667158671586709,0.667896678966783,0.668634686346856,0.66937269372693,
0.670110701107004,0.670848708487078,0.671586715867152,0.672324723247225,
0.673062730627299,0.673800738007373,0.674538745387447,0.675276752767521,
0.676014760147594,0.676752767527668,0.677490774907742,0.678228782287816,
0.678966789667889,0.679704797047963,0.680442804428037,0.681180811808111,
0.681918819188185,0.682656826568258,0.683394833948332,0.684132841328406,
0.68487084870848,0.685608856088554,0.686346863468627,0.687084870848701,
0.687822878228775,0.688560885608849,0.689298892988923,0.690036900368996,
0.69077490774907,0.691512915129144,0.692250922509218,0.692988929889292,
0.693726937269365,0.694464944649439,0.695202952029513,0.695940959409587,
0.69667896678966,0.697416974169734,0.698154981549808,0.698892988929882,
0.699630996309956,0.700369003690029,0.701107011070103,0.701845018450177,
0.702583025830251,0.703321033210325,0.704059040590398,0.704797047970472,
0.705535055350546,0.70627306273062,0.707011070110694,0.707749077490767,
0.708487084870841,0.709225092250915,0.709963099630989,0.710701107011062,
0.711439114391136,0.71217712177121,0.712915129151284,0.713653136531358,
0.714391143911431,0.715129151291505,0.715867158671579,0.716605166051653,
0.717343173431727,0.7180811808118,0.718819188191874,0.719557195571948,0.720295202952022,
0.721033210332096,0.721771217712169,0.722509225092243,0.723247232472317,
0.723985239852391,0.724723247232465,0.725461254612538,0.726199261992612,
0.726937269372686,0.72767527675276,0.728413284132833,0.729151291512907,
0.729889298892981,0.730627306273055,0.731365313653129,0.732103321033202,
0.732841328413276,0.73357933579335,0.734317343173424,0.735055350553498,
0.735793357933571,0.736531365313645,0.737269372693719,0.738007380073793,
0.738745387453867,0.73948339483394,0.740221402214014,0.740959409594088,
0.741697416974162,0.742435424354235,0.743173431734309,0.743911439114383,
0.744649446494457,0.745387453874531,0.746125461254604,0.746863468634678,
0.747601476014752,0.748339483394826,0.7490774907749,0.749815498154973,0.750553505535047,
0.751291512915121,0.752029520295195,0.752767527675269,0.753505535055342,
0.754243542435416,0.75498154981549,0.755719557195564,0.756457564575638,
0.757195571955711,0.757933579335785,0.758671586715859,0.759409594095933,
0.760147601476006,0.76088560885608,0.761623616236154,0.762361623616228,
0.763099630996302,0.763837638376375,0.764575645756449,0.765313653136523,
0.766051660516597,0.766789667896671,0.767527675276744,0.768265682656818,
0.769003690036892,0.769741697416966,0.77047970479704,0.771217712177113,
0.771955719557187,0.772693726937261,0.773431734317335,0.774169741697408,
0.774907749077482,0.775645756457556,0.77638376383763,0.777121771217704,
0.777859778597777,0.778597785977851,0.779335793357925,0.780073800737999,
0.780811808118073,0.781549815498146,0.78228782287822,0.783025830258294,
0.783763837638368,0.784501845018442,0.785239852398515,0.785977859778589,
0.786715867158663,0.787453874538737,0.788191881918811,0.788929889298884,
0.789667896678958,0.790405904059032,0.791143911439106,0.791881918819179,
0.792619926199253,0.793357933579327,0.794095940959401,0.794833948339475,
0.795571955719548,0.796309963099622,0.797047970479696,0.79778597785977,
0.798523985239844,0.799261992619917,0.799999999999991,0.800738007380065,
0.801476014760139,0.802214022140213,0.802952029520286,0.80369003690036,
0.804428044280434,0.805166051660508,0.805904059040581,0.806642066420655,
0.807380073800729,0.808118081180803,0.808856088560877,0.80959409594095,
0.810332103321024,0.811070110701098,0.811808118081172,0.812546125461246,
0.813284132841319,0.814022140221393,0.814760147601467,0.815498154981541,
0.816236162361615,0.816974169741688,0.817712177121762,0.818450184501836,
0.81918819188191,0.819926199261984,0.820664206642057,0.821402214022131,
0.822140221402205,0.822878228782279,0.823616236162352,0.824354243542426,
0.8250922509225,0.825830258302574,0.826568265682648,0.827306273062721,0.828044280442795,
0.828782287822869,0.829520295202943,0.830258302583017,0.83099630996309,
0.831734317343164,0.832472324723238,0.833210332103312,0.833948339483386,
0.834686346863459,0.835424354243533,0.836162361623607,0.836900369003681,
0.837638376383754,0.838376383763828,0.839114391143902,0.839852398523976,
0.84059040590405,0.841328413284123,0.842066420664197,0.842804428044271,
0.843542435424345,0.844280442804419,0.845018450184492,0.845756457564566,
0.84649446494464,0.847232472324714,0.847970479704788,0.848708487084861,
0.849446494464935,0.850184501845009,0.850922509225083,0.851660516605157,
0.85239852398523,0.853136531365304,0.853874538745378,0.854612546125452,
0.855350553505525,0.856088560885599,0.856826568265673,0.857564575645747,
0.858302583025821,0.859040590405894,0.859778597785968,0.860516605166042,
0.861254612546116,0.86199261992619,0.862730627306263,0.863468634686337,
0.864206642066411,0.864944649446485,0.865682656826559,0.866420664206632,
0.867158671586706,0.86789667896678,0.868634686346854,0.869372693726927,
0.870110701107001,0.870848708487075,0.871586715867149,0.872324723247223,
0.873062730627296,0.87380073800737,0.874538745387444,0.875276752767518,
0.876014760147592,0.876752767527665,0.877490774907739,0.878228782287813,
0.878966789667887,0.879704797047961,0.880442804428034,0.881180811808108,
0.881918819188182,0.882656826568256,0.88339483394833,0.884132841328403,
0.884870848708477,0.885608856088551,0.886346863468625,0.887084870848698,
0.887822878228772,0.888560885608846,0.88929889298892,0.890036900368994,
0.890774907749067,0.891512915129141,0.892250922509215,0.892988929889289,
0.893726937269363,0.894464944649436,0.89520295202951,0.895940959409584,
0.896678966789658,0.897416974169732,0.898154981549805,0.898892988929879,
0.899630996309953,0.900369003690027,0.9011070110701,0.901845018450174,0.902583025830248,
0.903321033210322,0.904059040590396,0.904797047970469,0.905535055350543,
0.906273062730617,0.907011070110691,0.907749077490765,0.908487084870838,
0.909225092250912,0.909963099630986,0.91070110701106,0.911439114391134,
0.912177121771207,0.912915129151281,0.913653136531355,0.914391143911429,
0.915129151291503,0.915867158671576,0.91660516605165,0.917343173431724,
0.918081180811798,0.918819188191871,0.919557195571945,0.920295202952019,
0.921033210332093,0.921771217712167,0.92250922509224,0.923247232472314,
0.923985239852388,0.924723247232462,0.925461254612536,0.926199261992609,
0.926937269372683,0.927675276752757,0.928413284132831,0.929151291512905,
0.929889298892978,0.930627306273052,0.931365313653126,0.9321033210332,0.932841328413273,
0.933579335793347,0.934317343173421,0.935055350553495,0.935793357933569,
0.936531365313642,0.937269372693716,0.93800738007379,0.938745387453864,
0.939483394833938,0.940221402214011,0.940959409594085,0.941697416974159,
0.942435424354233,0.943173431734307,0.94391143911438,0.944649446494454,
0.945387453874528,0.946125461254602,0.946863468634676,0.947601476014749,
0.948339483394823,0.949077490774897,0.949815498154971,0.950553505535044,
0.951291512915118,0.952029520295192,0.952767527675266,0.95350553505534,
0.954243542435413,0.954981549815487,0.955719557195561,0.956457564575635,
0.957195571955709,0.957933579335782,0.958671586715856,0.95940959409593,
0.960147601476004,0.960885608856078,0.961623616236151,0.962361623616225,
0.963099630996299,0.963837638376373,0.964575645756446,0.96531365313652,
0.966051660516594,0.966789667896668,0.967527675276742,0.968265682656815,
0.969003690036889,0.969741697416963,0.970479704797037,0.971217712177111,
0.971955719557184,0.972693726937258,0.973431734317332,0.974169741697406,
0.97490774907748,0.975645756457553,0.976383763837627,0.977121771217701,
0.977859778597775,0.978597785977849,0.979335793357922,0.980073800737996,
0.98081180811807,0.981549815498144,0.982287822878217,0.983025830258291,
0.983763837638365,0.984501845018439,0.985239852398513,0.985977859778586,
0.98671586715866,0.987453874538734,0.988191881918808,0.988929889298882,
0.989667896678955,0.990405904059029,0.991143911439103,0.991881918819177,
0.992619926199251,0.993357933579324,0.994095940959398,0.994833948339472,
0.995571955719546,0.996309963099619,0.997047970479693,0.997785977859767,
0.998523985239841,0.999261992619915,1.),.UNSPECIFIED.)
CURVE()
GEOMETRIC_REPRESENTATION_ITEM()
RATIONAL_B_SPLINE_CURVE((1.,1.,1.,1.,1.,1.,1.,1.,1.,1.,1.,1.,1.,1.,1.,1.,
1.,1.,1.,1.,1.,1.,1.,1.,1.,1.,1.,1.,1.,1.,1.,1.,1.,1.,1.,1.,1.,1.,1.,1.,
1.,1.,1.,1.,1.,1.,1.,1.,1.,1.,1.,1.,1.,1.,1.,1.,1.,1.,1.,1.,1.,1.,1.,1.,
1.,1.,1.,1.,1.,1.,1.,1.,1.,1.,1.,1.,1.,1.,1.,1.,1.,1.,1.,1.,1.,1.,1.,1.,
1.,1.,1.,1.,1.,1.,1.,1.,1.,1.,1.,1.,1.,1.,1.,1.,1.,1.,1.,1.,1.,1.,1.,1.,
1.,1.,1.,1.,1.,1.,1.,1.,1.,1.,1.,1.,1.,1.,1.,1.,1.,1.,1.,1.,1.,1.,1.,1.,
1.,1.,1.,1.,1.,1.,1.,1.,1.,1.,1.,1.,1.,1.,1.,1.,1.,1.,1.,1.,1.,1.,1.,1.,
1.,1.,1.,1.,1.,1.,1.,1.,1.,1.,1.,1.,1.,1.,1.,1.,1.,1.,1.,1.,1.,1.,1.,1.,
1.,1.,1.,1.,1.,1.,1.,1.,1.,1.,1.,1.,1.,1.,1.,1.,1.,1.,1.,1.,1.,1.,1.,1.,
1.,1.,1.,1.,1.,1.,1.,1.,1.,1.,1.,1.,1.,1.,1.,1.,1.,1.,1.,1.,1.,1.,1.,1.,
1.,1.,1.,1.,1.,1.,1.,1.,1.,1.,1.,1.,1.,1.,1.,1.,1.,1.,1.,1.,1.,1.,1.,1.,
1.,1.,1.,1.,1.,1.,1.,1.,1.,1.,1.,1.,1.,1.,1.,1.,1.,1.,1.,1.,1.,1.,1.,1.,
1.,1.,1.,1.,1.,1.,1.,1.,1.,1.,1.,1.,1.,1.,1.,1.,1.,1.,1.,1.,1.,1.,1.,1.,
1.,1.,1.,1.,1.,1.,1.,1.,1.,1.,1.,1.,1.,1.,1.,1.,1.,1.,1.,1.,1.,1.,1.,1.,
1.,1.,1.,1.,1.,1.,1.,1.,1.,1.,1.,1.,1.,1.,1.,1.,1.,1.,1.,1.,1.,1.,1.,1.,
1.,1.,1.,1.,1.,1.,1.,1.,1.,1.,1.,1.,1.,1.,1.,1.,1.,1.,1.,1.,1.,1.,1.,1.,
1.,1.,1.,1.,1.,1.,1.,1.,1.,1.,1.,1.,1.,1.,1.,1.,1.,1.,1.,1.,1.,1.,1.,1.,
1.,1.,1.,1.,1.,1.,1.,1.,1.,1.,1.,1.,1.,1.,1.,1.,1.,1.,1.,1.,1.,1.,1.,1.,
1.,1.,1.,1.,1.,1.,1.,1.,1.,1.,1.,1.,1.,1.,1.,1.,1.,1.,1.,1.,1.,1.,1.,1.,
1.,1.,1.,1.,1.,1.,1.,1.,1.,1.,1.,1.,1.,1.,1.,1.,1.,1.,1.,1.,1.,1.,1.,1.,
1.,1.,1.,1.,1.,1.,1.,1.,1.,1.,1.,1.,1.,1.,1.,1.,1.,1.,1.,1.,1.,1.,1.,1.,
1.,1.,1.,1.,1.,1.,1.,1.,1.,1.,1.,1.,1.,1.,1.,1.,1.,1.,1.,1.,1.,1.,1.,1.,
1.,1.,1.,1.,1.,1.,1.,1.,1.,1.,1.,1.,1.,1.,1.,1.,1.,1.,1.,1.,1.,1.,1.,1.,
1.,1.,1.,1.,1.,1.,1.,1.,1.,1.,1.,1.,1.,1.,1.,1.,1.,1.,1.,1.,1.,1.,1.,1.,
1.,1.,1.,1.,1.,1.,1.,1.,1.,1.,1.,1.,1.,1.,1.,1.,1.,1.,1.,1.,1.,1.,1.,1.,
1.,1.,1.,1.,1.,1.,1.,1.,1.,1.,1.,1.,1.,1.,1.,1.,1.,1.,1.,1.,1.,1.,1.,1.,
1.,1.,1.,1.,1.,1.,1.,1.,1.,1.,1.,1.,1.,1.,1.,1.,1.,1.,1.,1.,1.,1.,1.,1.,
1.,1.,1.,1.,1.,1.,1.,1.,1.,1.,1.,1.,1.,1.,1.,1.,1.,1.,1.,1.,1.,1.,1.,1.,
1.,1.,1.,1.,1.,1.,1.,1.,1.,1.,1.,1.,1.,1.,1.,1.,1.,1.,1.,1.,1.,1.,1.,1.,
1.,1.,1.,1.,1.,1.,1.,1.,1.,1.,1.,1.,1.,1.,1.,1.,1.,1.,1.,1.,1.,1.,1.,1.,
1.,1.,1.,1.,1.,1.,1.,1.,1.,1.,1.,1.,1.,1.,1.,1.,1.,1.,1.,1.,1.,1.,1.,1.,
1.,1.,1.,1.,1.,1.,1.,1.,1.,1.,1.,1.,1.,1.,1.,1.,1.,1.,1.,1.,1.,1.,1.,1.,
1.,1.,1.,1.,1.,1.,1.,1.,1.,1.,1.,1.,1.,1.,1.,1.,1.,1.,1.,1.,1.,1.,1.,1.,
1.,1.,1.,1.,1.,1.,1.,1.,1.,1.,1.,1.,1.,1.,1.,1.,1.,1.,1.,1.,1.,1.,1.,1.,
1.,1.,1.,1.,1.,1.,1.,1.,1.,1.,1.,1.,1.,1.,1.,1.,1.,1.,1.,1.,1.,1.,1.,1.,
1.,1.,1.,1.,1.,1.,1.,1.,1.,1.,1.,1.,1.,1.,1.,1.,1.,1.,1.,1.,1.,1.,1.,1.,
1.,1.,1.,1.,1.,1.,1.,1.,1.,1.,1.,1.,1.,1.,1.,1.,1.,1.,1.,1.,1.,1.,1.,1.,
1.,1.,1.,1.,1.,1.,1.,1.,1.,1.,1.,1.,1.,1.,1.,1.,1.,1.,1.,1.,1.,1.,1.,1.,
1.,1.,1.,1.,1.,1.,1.,1.,1.,1.,1.,1.,1.,1.,1.,1.,1.,1.,1.,1.,1.,1.,1.,1.,
1.,1.,1.,1.,1.,1.,1.,1.,1.,1.,1.,1.,1.,1.,1.,1.,1.,1.,1.,1.,1.,1.,1.,1.,
1.,1.,1.,1.,1.,1.,1.,1.,1.,1.,1.,1.,1.,1.,1.,1.,1.,1.,1.,1.,1.,1.,1.,1.,
1.,1.,1.,1.,1.,1.,1.,1.,1.,1.,1.,1.,1.,1.,1.,1.,1.,1.,1.,1.,1.,1.,1.,1.,
1.,1.,1.,1.,1.,1.,1.,1.,1.,1.,1.,1.,1.,1.,1.,1.,1.,1.,1.,1.,1.,1.,1.,1.,
1.,1.,1.,1.,1.,1.,1.,1.,1.,1.,1.,1.,1.,1.,1.,1.,1.,1.,1.,1.,1.,1.,1.,1.,
1.,1.,1.,1.,1.,1.,1.,1.,1.,1.,1.,1.,1.,1.,1.,1.,1.,1.,1.,1.,1.,1.,1.,1.,
1.,1.,1.,1.,1.,1.,1.,1.,1.,1.,1.,1.,1.,1.,1.,1.,1.,1.,1.,1.,1.,1.,1.,1.,
1.,1.,1.,1.,1.,1.,1.,1.,1.,1.,1.,1.,1.,1.,1.,1.,1.,1.,1.,1.,1.,1.,1.,1.,
1.,1.,1.,1.,1.,1.,1.,1.,1.,1.,1.,1.,1.,1.,1.,1.,1.,1.,1.,1.,1.,1.,1.,1.,
1.,1.,1.,1.,1.,1.,1.,1.,1.,1.,1.,1.,1.,1.,1.,1.,1.,1.,1.,1.,1.,1.,1.,1.,
1.,1.,1.,1.,1.,1.,1.,1.,1.,1.,1.,1.,1.,1.,1.,1.,1.,1.,1.,1.,1.,1.,1.,1.,
1.,1.,1.,1.,1.,1.,1.,1.,1.,1.,1.,1.,1.,1.,1.,1.,1.,1.,1.,1.,1.,1.,1.,1.,
1.,1.,1.,1.,1.,1.,1.,1.,1.,1.,1.,1.,1.,1.,1.,1.,1.,1.,1.,1.,1.,1.,1.,1.,
1.,1.,1.,1.,1.,1.,1.,1.,1.,1.,1.,1.,1.,1.,1.,1.,1.,1.,1.,1.,1.,1.,1.,1.,
1.,1.,1.,1.,1.,1.,1.,1.,1.,1.,1.,1.,1.,1.,1.,1.,1.,1.,1.,1.,1.,1.,1.,1.,
1.,1.,1.,1.,1.,1.,1.,1.,1.,1.,1.,1.,1.,1.,1.,1.,1.,1.,1.,1.,1.,1.,1.,1.,
1.,1.,1.,1.,1.,1.,1.,1.,1.,1.,1.,1.,1.,1.,1.,1.,1.,1.,1.,1.,1.,1.,1.,1.,
1.,1.,1.,1.,1.,1.,1.,1.,1.,1.,1.,1.,1.,1.,1.,1.,1.,1.,1.,1.,1.,1.,1.,1.))
REPRESENTATION_ITEM('')
);
#464=(
BOUNDED_CURVE()
B_SPLINE_CURVE(5,(#7858,#7859,#7860,#7861,#7862,#7863,#7864),
 .UNSPECIFIED.,.F.,.F.)
B_SPLINE_CURVE_WITH_KNOTS((6,1,6),(0.999240959261889,0.999261992619915,
1.),.UNSPECIFIED.)
CURVE()
GEOMETRIC_REPRESENTATION_ITEM()
RATIONAL_B_SPLINE_CURVE((1.,1.,1.,1.,1.,1.,1.))
REPRESENTATION_ITEM('')
);
#465=(
BOUNDED_CURVE()
B_SPLINE_CURVE(5,(#8008,#8009,#8010,#8011,#8012,#8013,#8014,#8015,#8016,
#8017,#8018,#8019,#8020,#8021,#8022,#8023,#8024,#8025,#8026,#8027,#8028,
#8029,#8030,#8031,#8032,#8033,#8034,#8035,#8036,#8037,#8038,#8039,#8040,
#8041,#8042,#8043,#8044,#8045,#8046,#8047,#8048,#8049,#8050,#8051,#8052,
#8053,#8054,#8055,#8056,#8057,#8058,#8059,#8060,#8061,#8062,#8063,#8064,
#8065,#8066,#8067,#8068,#8069,#8070,#8071,#8072,#8073,#8074,#8075,#8076,
#8077),.UNSPECIFIED.,.T.,.F.)
B_SPLINE_CURVE_WITH_KNOTS((6,1,1,1,1,1,1,1,1,1,1,1,1,1,1,1,1,1,1,1,1,1,
1,1,1,1,1,1,1,1,1,1,1,1,1,1,1,1,1,1,1,1,1,1,1,1,1,1,1,1,1,1,1,1,1,1,1,1,
1,1,1,1,1,1,1,6),(-1.,-0.984615384615383,-0.969230769230768,-0.953846153846152,
-0.938461538461537,-0.923076923076922,-0.907692307692306,-0.892307692307691,
-0.876923076923076,-0.86153846153846,-0.846153846153845,-0.83076923076923,
-0.815384615384614,-0.799999999999999,-0.784615384615384,-0.769230769230768,
-0.753846153846153,-0.738461538461538,-0.723076923076922,-0.707692307692307,
-0.692307692307692,-0.676923076923076,-0.661538461538461,-0.646153846153846,
-0.63076923076923,-0.615384615384615,-0.6,-0.584615384615384,-0.569230769230769,
-0.553846153846154,-0.538461538461538,-0.523076923076923,-0.507692307692308,
-0.492307692307692,-0.476923076923077,-0.461538461538462,-0.446153846153846,
-0.430769230769231,-0.415384615384615,-0.4,-0.384615384615385,-0.369230769230769,
-0.353846153846154,-0.338461538461538,-0.323076923076923,-0.307692307692308,
-0.292307692307692,-0.276923076923077,-0.261538461538462,-0.246153846153846,
-0.230769230769231,-0.215384615384615,-0.2,-0.184615384615385,-0.169230769230769,
-0.153846153846154,-0.138461538461538,-0.123076923076923,-0.107692307692308,
-0.0923076923076923,-0.0769230769230769,-0.0615384615384615,-0.0461538461538462,
-0.0307692307692308,-0.0153846153846154,0.),.UNSPECIFIED.)
CURVE()
GEOMETRIC_REPRESENTATION_ITEM()
RATIONAL_B_SPLINE_CURVE((1.,1.,1.,1.,1.,1.,1.,1.,1.,1.,1.,1.,1.,1.,1.,1.,
1.,1.,1.,1.,1.,1.,1.,1.,1.,1.,1.,1.,1.,1.,1.,1.,1.,1.,1.,1.,1.,1.,1.,1.,
1.,1.,1.,1.,1.,1.,1.,1.,1.,1.,1.,1.,1.,1.,1.,1.,1.,1.,1.,1.,1.,1.,1.,1.,
1.,1.,1.,1.,1.,1.))
REPRESENTATION_ITEM('')
);
#466=(
BOUNDED_CURVE()
B_SPLINE_CURVE(5,(#8080,#8081,#8082,#8083,#8084,#8085,#8086,#8087,#8088,
#8089,#8090,#8091,#8092,#8093,#8094,#8095,#8096,#8097,#8098,#8099,#8100,
#8101,#8102,#8103,#8104,#8105,#8106,#8107,#8108,#8109,#8110,#8111,#8112,
#8113,#8114,#8115,#8116,#8117,#8118,#8119,#8120,#8121,#8122,#8123,#8124,
#8125,#8126,#8127,#8128,#8129,#8130,#8131,#8132,#8133,#8134,#8135,#8136,
#8137,#8138,#8139,#8140,#8141,#8142,#8143,#8144,#8145,#8146,#8147,#8148,
#8149),.UNSPECIFIED.,.T.,.F.)
B_SPLINE_CURVE_WITH_KNOTS((6,1,1,1,1,1,1,1,1,1,1,1,1,1,1,1,1,1,1,1,1,1,
1,1,1,1,1,1,1,1,1,1,1,1,1,1,1,1,1,1,1,1,1,1,1,1,1,1,1,1,1,1,1,1,1,1,1,1,
1,1,1,1,1,1,1,6),(-1.,-0.984615384615383,-0.969230769230768,-0.953846153846152,
-0.938461538461537,-0.923076923076922,-0.907692307692306,-0.892307692307691,
-0.876923076923076,-0.86153846153846,-0.846153846153845,-0.83076923076923,
-0.815384615384614,-0.799999999999999,-0.784615384615384,-0.769230769230768,
-0.753846153846153,-0.738461538461538,-0.723076923076922,-0.707692307692307,
-0.692307692307692,-0.676923076923076,-0.661538461538461,-0.646153846153846,
-0.63076923076923,-0.615384615384615,-0.6,-0.584615384615384,-0.569230769230769,
-0.553846153846154,-0.538461538461538,-0.523076923076923,-0.507692307692308,
-0.492307692307692,-0.476923076923077,-0.461538461538462,-0.446153846153846,
-0.430769230769231,-0.415384615384615,-0.4,-0.384615384615385,-0.369230769230769,
-0.353846153846154,-0.338461538461538,-0.323076923076923,-0.307692307692308,
-0.292307692307692,-0.276923076923077,-0.261538461538462,-0.246153846153846,
-0.230769230769231,-0.215384615384615,-0.2,-0.184615384615385,-0.169230769230769,
-0.153846153846154,-0.138461538461538,-0.123076923076923,-0.107692307692308,
-0.0923076923076923,-0.0769230769230769,-0.0615384615384615,-0.0461538461538462,
-0.0307692307692308,-0.0153846153846154,0.),.UNSPECIFIED.)
CURVE()
GEOMETRIC_REPRESENTATION_ITEM()
RATIONAL_B_SPLINE_CURVE((1.,1.,1.,1.,1.,1.,1.,1.,1.,1.,1.,1.,1.,1.,1.,1.,
1.,1.,1.,1.,1.,1.,1.,1.,1.,1.,1.,1.,1.,1.,1.,1.,1.,1.,1.,1.,1.,1.,1.,1.,
1.,1.,1.,1.,1.,1.,1.,1.,1.,1.,1.,1.,1.,1.,1.,1.,1.,1.,1.,1.,1.,1.,1.,1.,
1.,1.,1.,1.,1.,1.))
REPRESENTATION_ITEM('')
);
#467=(
BOUNDED_CURVE()
B_SPLINE_CURVE(5,(#8272,#8273,#8274,#8275,#8276,#8277,#8278,#8279,#8280,
#8281,#8282,#8283,#8284,#8285,#8286,#8287,#8288,#8289,#8290,#8291,#8292,
#8293,#8294,#8295,#8296,#8297,#8298,#8299,#8300,#8301,#8302,#8303,#8304,
#8305,#8306,#8307,#8308,#8309,#8310,#8311,#8312,#8313,#8314,#8315,#8316,
#8317,#8318,#8319,#8320,#8321,#8322,#8323,#8324,#8325,#8326,#8327,#8328,
#8329,#8330,#8331),.UNSPECIFIED.,.T.,.F.)
B_SPLINE_CURVE_WITH_KNOTS((6,1,1,1,1,1,1,1,1,1,1,1,1,1,1,1,1,1,1,1,1,1,
1,1,1,1,1,1,1,1,1,1,1,1,1,1,1,1,1,1,1,1,1,1,1,1,1,1,1,1,1,1,1,1,1,6),(-1.,
-0.981818181818182,-0.963636363636364,-0.945454545454546,-0.927272727272727,
-0.909090909090909,-0.890909090909091,-0.872727272727273,-0.854545454545455,
-0.836363636363637,-0.818181818181818,-0.8,-0.781818181818182,-0.763636363636364,
-0.745454545454546,-0.727272727272727,-0.709090909090909,-0.690909090909091,
-0.672727272727273,-0.654545454545455,-0.636363636363636,-0.618181818181818,
-0.6,-0.581818181818182,-0.563636363636364,-0.545454545454546,-0.527272727272727,
-0.509090909090909,-0.490909090909091,-0.472727272727273,-0.454545454545455,
-0.436363636363636,-0.418181818181818,-0.4,-0.381818181818182,-0.363636363636364,
-0.345454545454546,-0.327272727272727,-0.309090909090909,-0.290909090909091,
-0.272727272727273,-0.254545454545455,-0.236363636363636,-0.218181818181818,
-0.2,-0.181818181818182,-0.163636363636364,-0.145454545454545,-0.127272727272727,
-0.109090909090909,-0.0909090909090909,-0.0727272727272727,-0.0545454545454545,
-0.0363636363636364,-0.0181818181818182,0.),.UNSPECIFIED.)
CURVE()
GEOMETRIC_REPRESENTATION_ITEM()
RATIONAL_B_SPLINE_CURVE((1.,1.,1.,1.,1.,1.,1.,1.,1.,1.,1.,1.,1.,1.,1.,1.,
1.,1.,1.,1.,1.,1.,1.,1.,1.,1.,1.,1.,1.,1.,1.,1.,1.,1.,1.,1.,1.,1.,1.,1.,
1.,1.,1.,1.,1.,1.,1.,1.,1.,1.,1.,1.,1.,1.,1.,1.,1.,1.,1.,1.))
REPRESENTATION_ITEM('')
);
#468=(
BOUNDED_CURVE()
B_SPLINE_CURVE(5,(#8334,#8335,#8336,#8337,#8338,#8339,#8340,#8341,#8342,
#8343,#8344,#8345,#8346,#8347,#8348,#8349,#8350,#8351,#8352,#8353,#8354,
#8355,#8356,#8357,#8358,#8359,#8360,#8361,#8362,#8363,#8364,#8365,#8366,
#8367,#8368,#8369,#8370,#8371,#8372,#8373,#8374,#8375,#8376,#8377,#8378,
#8379,#8380,#8381,#8382,#8383,#8384,#8385,#8386,#8387,#8388,#8389,#8390,
#8391,#8392,#8393),.UNSPECIFIED.,.T.,.F.)
B_SPLINE_CURVE_WITH_KNOTS((6,1,1,1,1,1,1,1,1,1,1,1,1,1,1,1,1,1,1,1,1,1,
1,1,1,1,1,1,1,1,1,1,1,1,1,1,1,1,1,1,1,1,1,1,1,1,1,1,1,1,1,1,1,1,1,6),(-1.,
-0.981818181818182,-0.963636363636364,-0.945454545454546,-0.927272727272727,
-0.909090909090909,-0.890909090909091,-0.872727272727273,-0.854545454545455,
-0.836363636363637,-0.818181818181818,-0.8,-0.781818181818182,-0.763636363636364,
-0.745454545454546,-0.727272727272727,-0.709090909090909,-0.690909090909091,
-0.672727272727273,-0.654545454545455,-0.636363636363636,-0.618181818181818,
-0.6,-0.581818181818182,-0.563636363636364,-0.545454545454546,-0.527272727272727,
-0.509090909090909,-0.490909090909091,-0.472727272727273,-0.454545454545455,
-0.436363636363636,-0.418181818181818,-0.4,-0.381818181818182,-0.363636363636364,
-0.345454545454546,-0.327272727272727,-0.309090909090909,-0.290909090909091,
-0.272727272727273,-0.254545454545455,-0.236363636363636,-0.218181818181818,
-0.2,-0.181818181818182,-0.163636363636364,-0.145454545454545,-0.127272727272727,
-0.109090909090909,-0.0909090909090909,-0.0727272727272727,-0.0545454545454545,
-0.0363636363636364,-0.0181818181818182,0.),.UNSPECIFIED.)
CURVE()
GEOMETRIC_REPRESENTATION_ITEM()
RATIONAL_B_SPLINE_CURVE((1.,1.,1.,1.,1.,1.,1.,1.,1.,1.,1.,1.,1.,1.,1.,1.,
1.,1.,1.,1.,1.,1.,1.,1.,1.,1.,1.,1.,1.,1.,1.,1.,1.,1.,1.,1.,1.,1.,1.,1.,
1.,1.,1.,1.,1.,1.,1.,1.,1.,1.,1.,1.,1.,1.,1.,1.,1.,1.,1.,1.))
REPRESENTATION_ITEM('')
);
#469=VERTEX_POINT('',#1705);
#470=VERTEX_POINT('',#1796);
#471=VERTEX_POINT('',#2068);
#472=VERTEX_POINT('',#2159);
#473=VERTEX_POINT('',#2331);
#474=VERTEX_POINT('',#2372);
#475=VERTEX_POINT('',#5134);
#476=VERTEX_POINT('',#5135);
#477=VERTEX_POINT('',#6495);
#478=VERTEX_POINT('',#7857);
#479=VERTEX_POINT('',#8007);
#480=VERTEX_POINT('',#8078);
#481=VERTEX_POINT('',#8271);
#482=VERTEX_POINT('',#8332);
#483=VERTEX_POINT('',#8399);
#484=VERTEX_POINT('',#8400);
#485=VERTEX_POINT('',#8402);
#486=VERTEX_POINT('',#8404);
#487=VERTEX_POINT('',#8427);
#488=VERTEX_POINT('',#8429);
#489=VERTEX_POINT('',#8433);
#490=VERTEX_POINT('',#8435);
#491=VERTEX_POINT('',#8437);
#492=VERTEX_POINT('',#8439);
#493=VERTEX_POINT('',#8441);
#494=VERTEX_POINT('',#8443);
#495=VERTEX_POINT('',#8445);
#496=VERTEX_POINT('',#8447);
#497=VERTEX_POINT('',#8449);
#498=VERTEX_POINT('',#8451);
#499=VERTEX_POINT('',#8453);
#500=VERTEX_POINT('',#8455);
#501=VERTEX_POINT('',#8457);
#502=VERTEX_POINT('',#8459);
#503=VERTEX_POINT('',#8461);
#504=VERTEX_POINT('',#8463);
#505=VERTEX_POINT('',#8465);
#506=VERTEX_POINT('',#8467);
#507=VERTEX_POINT('',#8469);
#508=VERTEX_POINT('',#8471);
#509=VERTEX_POINT('',#8473);
#510=VERTEX_POINT('',#8475);
#511=VERTEX_POINT('',#8477);
#512=VERTEX_POINT('',#8479);
#513=VERTEX_POINT('',#8481);
#514=VERTEX_POINT('',#8485);
#515=VERTEX_POINT('',#8489);
#516=VERTEX_POINT('',#8490);
#517=VERTEX_POINT('',#8492);
#518=VERTEX_POINT('',#8494);
#519=VERTEX_POINT('',#8496);
#520=VERTEX_POINT('',#8498);
#521=VERTEX_POINT('',#8501);
#522=VERTEX_POINT('',#8503);
#523=VERTEX_POINT('',#8506);
#524=VERTEX_POINT('',#8507);
#525=VERTEX_POINT('',#8509);
#526=VERTEX_POINT('',#8511);
#527=VERTEX_POINT('',#8513);
#528=VERTEX_POINT('',#8516);
#529=VERTEX_POINT('',#8518);
#530=VERTEX_POINT('',#8520);
#531=VERTEX_POINT('',#8522);
#532=VERTEX_POINT('',#8524);
#533=VERTEX_POINT('',#8526);
#534=VERTEX_POINT('',#8530);
#535=VERTEX_POINT('',#8532);
#536=VERTEX_POINT('',#8559);
#537=VERTEX_POINT('',#8561);
#538=VERTEX_POINT('',#8563);
#539=VERTEX_POINT('',#8571);
#540=VERTEX_POINT('',#8578);
#541=VERTEX_POINT('',#8580);
#542=VERTEX_POINT('',#8589);
#543=VERTEX_POINT('',#8591);
#544=VERTEX_POINT('',#8595);
#545=VERTEX_POINT('',#8596);
#546=VERTEX_POINT('',#8598);
#547=VERTEX_POINT('',#8600);
#548=VERTEX_POINT('',#8607);
#549=VERTEX_POINT('',#8608);
#550=VERTEX_POINT('',#8616);
#551=VERTEX_POINT('',#8617);
#552=VERTEX_POINT('',#8622);
#553=VERTEX_POINT('',#8624);
#554=VERTEX_POINT('',#8629);
#555=VERTEX_POINT('',#8636);
#556=VERTEX_POINT('',#8638);
#557=VERTEX_POINT('',#8653);
#558=VERTEX_POINT('',#8657);
#559=VERTEX_POINT('',#8658);
#560=VERTEX_POINT('',#8663);
#561=VERTEX_POINT('',#8667);
#562=VERTEX_POINT('',#8668);
#563=VERTEX_POINT('',#8674);
#564=VERTEX_POINT('',#8676);
#565=VERTEX_POINT('',#8678);
#566=VERTEX_POINT('',#8680);
#567=VERTEX_POINT('',#8682);
#568=VERTEX_POINT('',#8684);
#569=VERTEX_POINT('',#8686);
#570=VERTEX_POINT('',#8701);
#571=VERTEX_POINT('',#8703);
#572=VERTEX_POINT('',#8714);
#573=VERTEX_POINT('',#8716);
#574=EDGE_CURVE('',#469,#469,#456,.T.);
#575=EDGE_CURVE('',#469,#470,#246,.T.);
#576=EDGE_CURVE('',#470,#470,#457,.T.);
#577=EDGE_CURVE('',#471,#471,#458,.T.);
#578=EDGE_CURVE('',#471,#472,#247,.T.);
#579=EDGE_CURVE('',#472,#472,#459,.T.);
#580=EDGE_CURVE('',#473,#473,#460,.T.);
#581=EDGE_CURVE('',#473,#474,#248,.T.);
#582=EDGE_CURVE('',#474,#474,#461,.T.);
#583=EDGE_CURVE('',#475,#476,#462,.T.);
#584=EDGE_CURVE('',#475,#477,#249,.T.);
#585=EDGE_CURVE('',#477,#477,#463,.T.);
#586=EDGE_CURVE('',#478,#475,#464,.T.);
#587=EDGE_CURVE('',#476,#478,#250,.T.);
#588=EDGE_CURVE('',#479,#479,#465,.T.);
#589=EDGE_CURVE('',#479,#480,#251,.T.);
#590=EDGE_CURVE('',#480,#480,#466,.T.);
#591=EDGE_CURVE('',#481,#481,#467,.T.);
#592=EDGE_CURVE('',#481,#482,#252,.T.);
#593=EDGE_CURVE('',#482,#482,#468,.T.);
#594=EDGE_CURVE('',#483,#484,#24,.T.);
#595=EDGE_CURVE('',#484,#485,#253,.T.);
#596=EDGE_CURVE('',#485,#486,#21,.F.);
#597=EDGE_CURVE('',#486,#487,#254,.F.);
#598=EDGE_CURVE('',#487,#488,#25,.T.);
#599=EDGE_CURVE('',#488,#483,#255,.T.);
#600=EDGE_CURVE('',#483,#489,#256,.T.);
#601=EDGE_CURVE('',#490,#489,#26,.T.);
#602=EDGE_CURVE('',#490,#491,#257,.T.);
#603=EDGE_CURVE('',#491,#492,#258,.T.);
#604=EDGE_CURVE('',#492,#493,#259,.T.);
#605=EDGE_CURVE('',#494,#493,#27,.T.);
#606=EDGE_CURVE('',#494,#495,#260,.T.);
#607=EDGE_CURVE('',#496,#495,#28,.T.);
#608=EDGE_CURVE('',#496,#497,#261,.T.);
#609=EDGE_CURVE('',#498,#497,#29,.T.);
#610=EDGE_CURVE('',#498,#499,#262,.T.);
#611=EDGE_CURVE('',#500,#499,#30,.T.);
#612=EDGE_CURVE('',#500,#501,#263,.T.);
#613=EDGE_CURVE('',#502,#501,#31,.T.);
#614=EDGE_CURVE('',#502,#503,#264,.T.);
#615=EDGE_CURVE('',#504,#503,#32,.T.);
#616=EDGE_CURVE('',#504,#505,#265,.T.);
#617=EDGE_CURVE('',#505,#506,#266,.T.);
#618=EDGE_CURVE('',#506,#507,#267,.T.);
#619=EDGE_CURVE('',#508,#507,#33,.T.);
#620=EDGE_CURVE('',#508,#509,#268,.T.);
#621=EDGE_CURVE('',#510,#509,#34,.T.);
#622=EDGE_CURVE('',#510,#511,#269,.T.);
#623=EDGE_CURVE('',#512,#511,#35,.T.);
#624=EDGE_CURVE('',#512,#513,#270,.T.);
#625=EDGE_CURVE('',#513,#484,#271,.T.);
#626=EDGE_CURVE('',#488,#514,#272,.T.);
#627=EDGE_CURVE('',#489,#514,#273,.T.);
#628=EDGE_CURVE('',#515,#516,#274,.T.);
#629=EDGE_CURVE('',#517,#515,#36,.T.);
#630=EDGE_CURVE('',#518,#517,#275,.T.);
#631=EDGE_CURVE('',#519,#518,#37,.T.);
#632=EDGE_CURVE('',#520,#519,#276,.T.);
#633=EDGE_CURVE('',#514,#520,#38,.T.);
#634=EDGE_CURVE('',#521,#487,#277,.T.);
#635=EDGE_CURVE('',#522,#521,#39,.T.);
#636=EDGE_CURVE('',#516,#522,#278,.T.);
#637=EDGE_CURVE('',#523,#524,#279,.T.);
#638=EDGE_CURVE('',#523,#525,#280,.T.);
#639=EDGE_CURVE('',#525,#526,#281,.T.);
#640=EDGE_CURVE('',#526,#527,#282,.T.);
#641=EDGE_CURVE('',#527,#476,#283,.T.);
#642=EDGE_CURVE('',#478,#528,#284,.T.);
#643=EDGE_CURVE('',#529,#528,#285,.T.);
#644=EDGE_CURVE('',#530,#529,#40,.T.);
#645=EDGE_CURVE('',#531,#530,#286,.T.);
#646=EDGE_CURVE('',#532,#531,#41,.T.);
#647=EDGE_CURVE('',#533,#532,#287,.T.);
#648=EDGE_CURVE('',#533,#524,#288,.T.);
#649=EDGE_CURVE('',#511,#534,#289,.T.);
#650=EDGE_CURVE('',#534,#535,#22,.F.);
#651=EDGE_CURVE('',#535,#512,#290,.T.);
#652=EDGE_CURVE('',#536,#535,#42,.F.);
#653=EDGE_CURVE('',#536,#537,#291,.T.);
#654=EDGE_CURVE('',#538,#537,#23,.F.);
#655=EDGE_CURVE('',#529,#538,#292,.T.);
#656=EDGE_CURVE('',#539,#528,#293,.T.);
#657=EDGE_CURVE('',#539,#513,#294,.T.);
#658=EDGE_CURVE('',#507,#519,#295,.T.);
#659=EDGE_CURVE('',#518,#508,#296,.T.);
#660=EDGE_CURVE('',#506,#540,#297,.T.);
#661=EDGE_CURVE('',#540,#541,#298,.T.);
#662=EDGE_CURVE('',#541,#491,#299,.T.);
#663=EDGE_CURVE('',#520,#490,#300,.T.);
#664=EDGE_CURVE('',#509,#517,#301,.T.);
#665=EDGE_CURVE('',#515,#510,#302,.T.);
#666=EDGE_CURVE('',#516,#542,#303,.T.);
#667=EDGE_CURVE('',#543,#542,#43,.T.);
#668=EDGE_CURVE('',#534,#543,#304,.T.);
#669=EDGE_CURVE('',#544,#545,#44,.T.);
#670=EDGE_CURVE('',#546,#544,#45,.F.);
#671=EDGE_CURVE('',#547,#546,#46,.T.);
#672=EDGE_CURVE('',#547,#545,#47,.T.);
#673=EDGE_CURVE('',#531,#546,#305,.T.);
#674=EDGE_CURVE('',#544,#532,#306,.T.);
#675=EDGE_CURVE('',#548,#549,#48,.T.);
#676=EDGE_CURVE('',#549,#547,#307,.T.);
#677=EDGE_CURVE('',#546,#548,#308,.T.);
#678=EDGE_CURVE('',#537,#549,#49,.T.);
#679=EDGE_CURVE('',#548,#538,#50,.T.);
#680=EDGE_CURVE('',#550,#551,#16,.T.);
#681=EDGE_CURVE('',#551,#544,#309,.T.);
#682=EDGE_CURVE('',#545,#550,#310,.T.);
#683=EDGE_CURVE('',#552,#550,#311,.T.);
#684=EDGE_CURVE('',#553,#552,#17,.T.);
#685=EDGE_CURVE('',#524,#553,#312,.T.);
#686=EDGE_CURVE('',#533,#551,#313,.T.);
#687=EDGE_CURVE('',#554,#536,#314,.T.);
#688=EDGE_CURVE('',#552,#554,#315,.T.);
#689=EDGE_CURVE('',#548,#530,#316,.T.);
#690=EDGE_CURVE('',#555,#554,#51,.F.);
#691=EDGE_CURVE('',#556,#555,#52,.F.);
#692=EDGE_CURVE('',#554,#556,#53,.F.);
#693=EDGE_CURVE('',#521,#556,#317,.T.);
#694=EDGE_CURVE('',#555,#522,#318,.T.);
#695=EDGE_CURVE('',#556,#486,#319,.T.);
#696=EDGE_CURVE('',#485,#553,#18,.F.);
#697=EDGE_CURVE('',#542,#555,#320,.T.);
#698=EDGE_CURVE('',#557,#539,#321,.T.);
#699=EDGE_CURVE('',#523,#557,#322,.T.);
#700=EDGE_CURVE('',#558,#559,#54,.T.);
#701=EDGE_CURVE('',#558,#502,#323,.T.);
#702=EDGE_CURVE('',#501,#559,#324,.T.);
#703=EDGE_CURVE('',#560,#558,#325,.T.);
#704=EDGE_CURVE('',#503,#560,#326,.T.);
#705=EDGE_CURVE('',#561,#562,#55,.T.);
#706=EDGE_CURVE('',#561,#500,#327,.T.);
#707=EDGE_CURVE('',#499,#562,#328,.T.);
#708=EDGE_CURVE('',#559,#561,#329,.T.);
#709=EDGE_CURVE('',#562,#563,#330,.T.);
#710=EDGE_CURVE('',#564,#563,#56,.F.);
#711=EDGE_CURVE('',#564,#565,#331,.T.);
#712=EDGE_CURVE('',#565,#566,#57,.T.);
#713=EDGE_CURVE('',#566,#567,#332,.T.);
#714=EDGE_CURVE('',#567,#568,#58,.T.);
#715=EDGE_CURVE('',#568,#569,#333,.T.);
#716=EDGE_CURVE('',#569,#560,#59,.T.);
#717=EDGE_CURVE('',#563,#498,#334,.T.);
#718=EDGE_CURVE('',#565,#496,#335,.T.);
#719=EDGE_CURVE('',#495,#566,#336,.T.);
#720=EDGE_CURVE('',#497,#564,#337,.T.);
#721=EDGE_CURVE('',#567,#494,#338,.T.);
#722=EDGE_CURVE('',#493,#568,#339,.T.);
#723=EDGE_CURVE('',#492,#570,#340,.T.);
#724=EDGE_CURVE('',#570,#571,#341,.T.);
#725=EDGE_CURVE('',#571,#505,#342,.T.);
#726=EDGE_CURVE('',#569,#504,#343,.T.);
#727=EDGE_CURVE('',#541,#570,#344,.T.);
#728=EDGE_CURVE('',#571,#540,#345,.T.);
#729=EDGE_CURVE('',#527,#572,#346,.T.);
#730=EDGE_CURVE('',#572,#573,#347,.T.);
#731=EDGE_CURVE('',#557,#573,#348,.T.);
#732=EDGE_CURVE('',#572,#526,#349,.T.);
#733=EDGE_CURVE('',#573,#525,#350,.T.);
#734=ORIENTED_EDGE('',*,*,#574,.F.);
#735=ORIENTED_EDGE('',*,*,#575,.T.);
#736=ORIENTED_EDGE('',*,*,#576,.T.);
#737=ORIENTED_EDGE('',*,*,#575,.F.);
#738=ORIENTED_EDGE('',*,*,#577,.F.);
#739=ORIENTED_EDGE('',*,*,#578,.T.);
#740=ORIENTED_EDGE('',*,*,#579,.T.);
#741=ORIENTED_EDGE('',*,*,#578,.F.);
#742=ORIENTED_EDGE('',*,*,#580,.F.);
#743=ORIENTED_EDGE('',*,*,#581,.T.);
#744=ORIENTED_EDGE('',*,*,#582,.T.);
#745=ORIENTED_EDGE('',*,*,#581,.F.);
#746=ORIENTED_EDGE('',*,*,#583,.F.);
#747=ORIENTED_EDGE('',*,*,#584,.T.);
#748=ORIENTED_EDGE('',*,*,#585,.T.);
#749=ORIENTED_EDGE('',*,*,#584,.F.);
#750=ORIENTED_EDGE('',*,*,#586,.F.);
#751=ORIENTED_EDGE('',*,*,#587,.F.);
#752=ORIENTED_EDGE('',*,*,#585,.F.);
#753=ORIENTED_EDGE('',*,*,#582,.F.);
#754=ORIENTED_EDGE('',*,*,#579,.F.);
#755=ORIENTED_EDGE('',*,*,#576,.F.);
#756=ORIENTED_EDGE('',*,*,#588,.F.);
#757=ORIENTED_EDGE('',*,*,#589,.T.);
#758=ORIENTED_EDGE('',*,*,#590,.T.);
#759=ORIENTED_EDGE('',*,*,#589,.F.);
#760=ORIENTED_EDGE('',*,*,#590,.F.);
#761=ORIENTED_EDGE('',*,*,#591,.F.);
#762=ORIENTED_EDGE('',*,*,#592,.T.);
#763=ORIENTED_EDGE('',*,*,#593,.T.);
#764=ORIENTED_EDGE('',*,*,#592,.F.);
#765=ORIENTED_EDGE('',*,*,#593,.F.);
#766=ORIENTED_EDGE('',*,*,#580,.T.);
#767=ORIENTED_EDGE('',*,*,#577,.T.);
#768=ORIENTED_EDGE('',*,*,#591,.T.);
#769=ORIENTED_EDGE('',*,*,#574,.T.);
#770=ORIENTED_EDGE('',*,*,#588,.T.);
#771=ORIENTED_EDGE('',*,*,#594,.T.);
#772=ORIENTED_EDGE('',*,*,#595,.T.);
#773=ORIENTED_EDGE('',*,*,#596,.T.);
#774=ORIENTED_EDGE('',*,*,#597,.T.);
#775=ORIENTED_EDGE('',*,*,#598,.T.);
#776=ORIENTED_EDGE('',*,*,#599,.T.);
#777=ORIENTED_EDGE('',*,*,#594,.F.);
#778=ORIENTED_EDGE('',*,*,#600,.T.);
#779=ORIENTED_EDGE('',*,*,#601,.F.);
#780=ORIENTED_EDGE('',*,*,#602,.T.);
#781=ORIENTED_EDGE('',*,*,#603,.T.);
#782=ORIENTED_EDGE('',*,*,#604,.T.);
#783=ORIENTED_EDGE('',*,*,#605,.F.);
#784=ORIENTED_EDGE('',*,*,#606,.T.);
#785=ORIENTED_EDGE('',*,*,#607,.F.);
#786=ORIENTED_EDGE('',*,*,#608,.T.);
#787=ORIENTED_EDGE('',*,*,#609,.F.);
#788=ORIENTED_EDGE('',*,*,#610,.T.);
#789=ORIENTED_EDGE('',*,*,#611,.F.);
#790=ORIENTED_EDGE('',*,*,#612,.T.);
#791=ORIENTED_EDGE('',*,*,#613,.F.);
#792=ORIENTED_EDGE('',*,*,#614,.T.);
#793=ORIENTED_EDGE('',*,*,#615,.F.);
#794=ORIENTED_EDGE('',*,*,#616,.T.);
#795=ORIENTED_EDGE('',*,*,#617,.T.);
#796=ORIENTED_EDGE('',*,*,#618,.T.);
#797=ORIENTED_EDGE('',*,*,#619,.F.);
#798=ORIENTED_EDGE('',*,*,#620,.T.);
#799=ORIENTED_EDGE('',*,*,#621,.F.);
#800=ORIENTED_EDGE('',*,*,#622,.T.);
#801=ORIENTED_EDGE('',*,*,#623,.F.);
#802=ORIENTED_EDGE('',*,*,#624,.T.);
#803=ORIENTED_EDGE('',*,*,#625,.T.);
#804=ORIENTED_EDGE('',*,*,#599,.F.);
#805=ORIENTED_EDGE('',*,*,#626,.T.);
#806=ORIENTED_EDGE('',*,*,#627,.F.);
#807=ORIENTED_EDGE('',*,*,#600,.F.);
#808=ORIENTED_EDGE('',*,*,#628,.F.);
#809=ORIENTED_EDGE('',*,*,#629,.F.);
#810=ORIENTED_EDGE('',*,*,#630,.F.);
#811=ORIENTED_EDGE('',*,*,#631,.F.);
#812=ORIENTED_EDGE('',*,*,#632,.F.);
#813=ORIENTED_EDGE('',*,*,#633,.F.);
#814=ORIENTED_EDGE('',*,*,#626,.F.);
#815=ORIENTED_EDGE('',*,*,#598,.F.);
#816=ORIENTED_EDGE('',*,*,#634,.F.);
#817=ORIENTED_EDGE('',*,*,#635,.F.);
#818=ORIENTED_EDGE('',*,*,#636,.F.);
#819=ORIENTED_EDGE('',*,*,#637,.F.);
#820=ORIENTED_EDGE('',*,*,#638,.T.);
#821=ORIENTED_EDGE('',*,*,#639,.T.);
#822=ORIENTED_EDGE('',*,*,#640,.T.);
#823=ORIENTED_EDGE('',*,*,#641,.T.);
#824=ORIENTED_EDGE('',*,*,#587,.T.);
#825=ORIENTED_EDGE('',*,*,#642,.T.);
#826=ORIENTED_EDGE('',*,*,#643,.F.);
#827=ORIENTED_EDGE('',*,*,#644,.F.);
#828=ORIENTED_EDGE('',*,*,#645,.F.);
#829=ORIENTED_EDGE('',*,*,#646,.F.);
#830=ORIENTED_EDGE('',*,*,#647,.F.);
#831=ORIENTED_EDGE('',*,*,#648,.T.);
#832=ORIENTED_EDGE('',*,*,#623,.T.);
#833=ORIENTED_EDGE('',*,*,#649,.T.);
#834=ORIENTED_EDGE('',*,*,#650,.T.);
#835=ORIENTED_EDGE('',*,*,#651,.T.);
#836=ORIENTED_EDGE('',*,*,#651,.F.);
#837=ORIENTED_EDGE('',*,*,#652,.F.);
#838=ORIENTED_EDGE('',*,*,#653,.T.);
#839=ORIENTED_EDGE('',*,*,#654,.F.);
#840=ORIENTED_EDGE('',*,*,#655,.F.);
#841=ORIENTED_EDGE('',*,*,#643,.T.);
#842=ORIENTED_EDGE('',*,*,#656,.F.);
#843=ORIENTED_EDGE('',*,*,#657,.T.);
#844=ORIENTED_EDGE('',*,*,#624,.F.);
#845=ORIENTED_EDGE('',*,*,#619,.T.);
#846=ORIENTED_EDGE('',*,*,#658,.T.);
#847=ORIENTED_EDGE('',*,*,#631,.T.);
#848=ORIENTED_EDGE('',*,*,#659,.T.);
#849=ORIENTED_EDGE('',*,*,#658,.F.);
#850=ORIENTED_EDGE('',*,*,#618,.F.);
#851=ORIENTED_EDGE('',*,*,#660,.T.);
#852=ORIENTED_EDGE('',*,*,#661,.T.);
#853=ORIENTED_EDGE('',*,*,#662,.T.);
#854=ORIENTED_EDGE('',*,*,#602,.F.);
#855=ORIENTED_EDGE('',*,*,#663,.F.);
#856=ORIENTED_EDGE('',*,*,#632,.T.);
#857=ORIENTED_EDGE('',*,*,#601,.T.);
#858=ORIENTED_EDGE('',*,*,#627,.T.);
#859=ORIENTED_EDGE('',*,*,#633,.T.);
#860=ORIENTED_EDGE('',*,*,#663,.T.);
#861=ORIENTED_EDGE('',*,*,#621,.T.);
#862=ORIENTED_EDGE('',*,*,#664,.T.);
#863=ORIENTED_EDGE('',*,*,#629,.T.);
#864=ORIENTED_EDGE('',*,*,#665,.T.);
#865=ORIENTED_EDGE('',*,*,#649,.F.);
#866=ORIENTED_EDGE('',*,*,#622,.F.);
#867=ORIENTED_EDGE('',*,*,#665,.F.);
#868=ORIENTED_EDGE('',*,*,#628,.T.);
#869=ORIENTED_EDGE('',*,*,#666,.T.);
#870=ORIENTED_EDGE('',*,*,#667,.F.);
#871=ORIENTED_EDGE('',*,*,#668,.F.);
#872=ORIENTED_EDGE('',*,*,#669,.F.);
#873=ORIENTED_EDGE('',*,*,#670,.F.);
#874=ORIENTED_EDGE('',*,*,#671,.F.);
#875=ORIENTED_EDGE('',*,*,#672,.T.);
#876=ORIENTED_EDGE('',*,*,#646,.T.);
#877=ORIENTED_EDGE('',*,*,#673,.T.);
#878=ORIENTED_EDGE('',*,*,#670,.T.);
#879=ORIENTED_EDGE('',*,*,#674,.T.);
#880=ORIENTED_EDGE('',*,*,#675,.T.);
#881=ORIENTED_EDGE('',*,*,#676,.T.);
#882=ORIENTED_EDGE('',*,*,#671,.T.);
#883=ORIENTED_EDGE('',*,*,#677,.T.);
#884=ORIENTED_EDGE('',*,*,#654,.T.);
#885=ORIENTED_EDGE('',*,*,#678,.T.);
#886=ORIENTED_EDGE('',*,*,#675,.F.);
#887=ORIENTED_EDGE('',*,*,#679,.T.);
#888=ORIENTED_EDGE('',*,*,#680,.T.);
#889=ORIENTED_EDGE('',*,*,#681,.T.);
#890=ORIENTED_EDGE('',*,*,#669,.T.);
#891=ORIENTED_EDGE('',*,*,#682,.T.);
#892=ORIENTED_EDGE('',*,*,#680,.F.);
#893=ORIENTED_EDGE('',*,*,#683,.F.);
#894=ORIENTED_EDGE('',*,*,#684,.F.);
#895=ORIENTED_EDGE('',*,*,#685,.F.);
#896=ORIENTED_EDGE('',*,*,#648,.F.);
#897=ORIENTED_EDGE('',*,*,#686,.T.);
#898=ORIENTED_EDGE('',*,*,#682,.F.);
#899=ORIENTED_EDGE('',*,*,#672,.F.);
#900=ORIENTED_EDGE('',*,*,#676,.F.);
#901=ORIENTED_EDGE('',*,*,#678,.F.);
#902=ORIENTED_EDGE('',*,*,#653,.F.);
#903=ORIENTED_EDGE('',*,*,#687,.F.);
#904=ORIENTED_EDGE('',*,*,#688,.F.);
#905=ORIENTED_EDGE('',*,*,#683,.T.);
#906=ORIENTED_EDGE('',*,*,#679,.F.);
#907=ORIENTED_EDGE('',*,*,#689,.T.);
#908=ORIENTED_EDGE('',*,*,#644,.T.);
#909=ORIENTED_EDGE('',*,*,#655,.T.);
#910=ORIENTED_EDGE('',*,*,#673,.F.);
#911=ORIENTED_EDGE('',*,*,#645,.T.);
#912=ORIENTED_EDGE('',*,*,#689,.F.);
#913=ORIENTED_EDGE('',*,*,#677,.F.);
#914=ORIENTED_EDGE('',*,*,#690,.F.);
#915=ORIENTED_EDGE('',*,*,#691,.F.);
#916=ORIENTED_EDGE('',*,*,#692,.F.);
#917=ORIENTED_EDGE('',*,*,#635,.T.);
#918=ORIENTED_EDGE('',*,*,#693,.T.);
#919=ORIENTED_EDGE('',*,*,#691,.T.);
#920=ORIENTED_EDGE('',*,*,#694,.T.);
#921=ORIENTED_EDGE('',*,*,#684,.T.);
#922=ORIENTED_EDGE('',*,*,#688,.T.);
#923=ORIENTED_EDGE('',*,*,#692,.T.);
#924=ORIENTED_EDGE('',*,*,#695,.T.);
#925=ORIENTED_EDGE('',*,*,#596,.F.);
#926=ORIENTED_EDGE('',*,*,#696,.T.);
#927=ORIENTED_EDGE('',*,*,#667,.T.);
#928=ORIENTED_EDGE('',*,*,#697,.T.);
#929=ORIENTED_EDGE('',*,*,#690,.T.);
#930=ORIENTED_EDGE('',*,*,#687,.T.);
#931=ORIENTED_EDGE('',*,*,#652,.T.);
#932=ORIENTED_EDGE('',*,*,#650,.F.);
#933=ORIENTED_EDGE('',*,*,#668,.T.);
#934=ORIENTED_EDGE('',*,*,#695,.F.);
#935=ORIENTED_EDGE('',*,*,#693,.F.);
#936=ORIENTED_EDGE('',*,*,#634,.T.);
#937=ORIENTED_EDGE('',*,*,#597,.F.);
#938=ORIENTED_EDGE('',*,*,#694,.F.);
#939=ORIENTED_EDGE('',*,*,#697,.F.);
#940=ORIENTED_EDGE('',*,*,#666,.F.);
#941=ORIENTED_EDGE('',*,*,#636,.T.);
#942=ORIENTED_EDGE('',*,*,#681,.F.);
#943=ORIENTED_EDGE('',*,*,#686,.F.);
#944=ORIENTED_EDGE('',*,*,#647,.T.);
#945=ORIENTED_EDGE('',*,*,#674,.F.);
#946=ORIENTED_EDGE('',*,*,#595,.F.);
#947=ORIENTED_EDGE('',*,*,#625,.F.);
#948=ORIENTED_EDGE('',*,*,#657,.F.);
#949=ORIENTED_EDGE('',*,*,#698,.F.);
#950=ORIENTED_EDGE('',*,*,#699,.F.);
#951=ORIENTED_EDGE('',*,*,#637,.T.);
#952=ORIENTED_EDGE('',*,*,#685,.T.);
#953=ORIENTED_EDGE('',*,*,#696,.F.);
#954=ORIENTED_EDGE('',*,*,#700,.F.);
#955=ORIENTED_EDGE('',*,*,#701,.T.);
#956=ORIENTED_EDGE('',*,*,#613,.T.);
#957=ORIENTED_EDGE('',*,*,#702,.T.);
#958=ORIENTED_EDGE('',*,*,#701,.F.);
#959=ORIENTED_EDGE('',*,*,#703,.F.);
#960=ORIENTED_EDGE('',*,*,#704,.F.);
#961=ORIENTED_EDGE('',*,*,#614,.F.);
#962=ORIENTED_EDGE('',*,*,#705,.F.);
#963=ORIENTED_EDGE('',*,*,#706,.T.);
#964=ORIENTED_EDGE('',*,*,#611,.T.);
#965=ORIENTED_EDGE('',*,*,#707,.T.);
#966=ORIENTED_EDGE('',*,*,#700,.T.);
#967=ORIENTED_EDGE('',*,*,#708,.T.);
#968=ORIENTED_EDGE('',*,*,#705,.T.);
#969=ORIENTED_EDGE('',*,*,#709,.T.);
#970=ORIENTED_EDGE('',*,*,#710,.F.);
#971=ORIENTED_EDGE('',*,*,#711,.T.);
#972=ORIENTED_EDGE('',*,*,#712,.T.);
#973=ORIENTED_EDGE('',*,*,#713,.T.);
#974=ORIENTED_EDGE('',*,*,#714,.T.);
#975=ORIENTED_EDGE('',*,*,#715,.T.);
#976=ORIENTED_EDGE('',*,*,#716,.T.);
#977=ORIENTED_EDGE('',*,*,#703,.T.);
#978=ORIENTED_EDGE('',*,*,#707,.F.);
#979=ORIENTED_EDGE('',*,*,#610,.F.);
#980=ORIENTED_EDGE('',*,*,#717,.F.);
#981=ORIENTED_EDGE('',*,*,#709,.F.);
#982=ORIENTED_EDGE('',*,*,#712,.F.);
#983=ORIENTED_EDGE('',*,*,#718,.T.);
#984=ORIENTED_EDGE('',*,*,#607,.T.);
#985=ORIENTED_EDGE('',*,*,#719,.T.);
#986=ORIENTED_EDGE('',*,*,#718,.F.);
#987=ORIENTED_EDGE('',*,*,#711,.F.);
#988=ORIENTED_EDGE('',*,*,#720,.F.);
#989=ORIENTED_EDGE('',*,*,#608,.F.);
#990=ORIENTED_EDGE('',*,*,#609,.T.);
#991=ORIENTED_EDGE('',*,*,#720,.T.);
#992=ORIENTED_EDGE('',*,*,#710,.T.);
#993=ORIENTED_EDGE('',*,*,#717,.T.);
#994=ORIENTED_EDGE('',*,*,#714,.F.);
#995=ORIENTED_EDGE('',*,*,#721,.T.);
#996=ORIENTED_EDGE('',*,*,#605,.T.);
#997=ORIENTED_EDGE('',*,*,#722,.T.);
#998=ORIENTED_EDGE('',*,*,#722,.F.);
#999=ORIENTED_EDGE('',*,*,#604,.F.);
#1000=ORIENTED_EDGE('',*,*,#723,.T.);
#1001=ORIENTED_EDGE('',*,*,#724,.T.);
#1002=ORIENTED_EDGE('',*,*,#725,.T.);
#1003=ORIENTED_EDGE('',*,*,#616,.F.);
#1004=ORIENTED_EDGE('',*,*,#726,.F.);
#1005=ORIENTED_EDGE('',*,*,#715,.F.);
#1006=ORIENTED_EDGE('',*,*,#716,.F.);
#1007=ORIENTED_EDGE('',*,*,#726,.T.);
#1008=ORIENTED_EDGE('',*,*,#615,.T.);
#1009=ORIENTED_EDGE('',*,*,#704,.T.);
#1010=ORIENTED_EDGE('',*,*,#662,.F.);
#1011=ORIENTED_EDGE('',*,*,#727,.T.);
#1012=ORIENTED_EDGE('',*,*,#723,.F.);
#1013=ORIENTED_EDGE('',*,*,#603,.F.);
#1014=ORIENTED_EDGE('',*,*,#617,.F.);
#1015=ORIENTED_EDGE('',*,*,#725,.F.);
#1016=ORIENTED_EDGE('',*,*,#728,.T.);
#1017=ORIENTED_EDGE('',*,*,#660,.F.);
#1018=ORIENTED_EDGE('',*,*,#661,.F.);
#1019=ORIENTED_EDGE('',*,*,#728,.F.);
#1020=ORIENTED_EDGE('',*,*,#724,.F.);
#1021=ORIENTED_EDGE('',*,*,#727,.F.);
#1022=ORIENTED_EDGE('',*,*,#583,.T.);
#1023=ORIENTED_EDGE('',*,*,#641,.F.);
#1024=ORIENTED_EDGE('',*,*,#729,.T.);
#1025=ORIENTED_EDGE('',*,*,#730,.T.);
#1026=ORIENTED_EDGE('',*,*,#731,.F.);
#1027=ORIENTED_EDGE('',*,*,#698,.T.);
#1028=ORIENTED_EDGE('',*,*,#656,.T.);
#1029=ORIENTED_EDGE('',*,*,#642,.F.);
#1030=ORIENTED_EDGE('',*,*,#586,.T.);
#1031=ORIENTED_EDGE('',*,*,#640,.F.);
#1032=ORIENTED_EDGE('',*,*,#732,.F.);
#1033=ORIENTED_EDGE('',*,*,#729,.F.);
#1034=ORIENTED_EDGE('',*,*,#732,.T.);
#1035=ORIENTED_EDGE('',*,*,#639,.F.);
#1036=ORIENTED_EDGE('',*,*,#733,.F.);
#1037=ORIENTED_EDGE('',*,*,#730,.F.);
#1038=ORIENTED_EDGE('',*,*,#699,.T.);
#1039=ORIENTED_EDGE('',*,*,#731,.T.);
#1040=ORIENTED_EDGE('',*,*,#733,.T.);
#1041=ORIENTED_EDGE('',*,*,#638,.F.);
#1042=ORIENTED_EDGE('',*,*,#702,.F.);
#1043=ORIENTED_EDGE('',*,*,#612,.F.);
#1044=ORIENTED_EDGE('',*,*,#706,.F.);
#1045=ORIENTED_EDGE('',*,*,#708,.F.);
#1046=ORIENTED_EDGE('',*,*,#719,.F.);
#1047=ORIENTED_EDGE('',*,*,#606,.F.);
#1048=ORIENTED_EDGE('',*,*,#721,.F.);
#1049=ORIENTED_EDGE('',*,*,#713,.F.);
#1050=ORIENTED_EDGE('',*,*,#659,.F.);
#1051=ORIENTED_EDGE('',*,*,#630,.T.);
#1052=ORIENTED_EDGE('',*,*,#664,.F.);
#1053=ORIENTED_EDGE('',*,*,#620,.F.);
#1054=(
BOUNDED_SURFACE()
B_SPLINE_SURFACE(5,1,((#1525,#1526),(#1527,#1528),(#1529,#1530),(#1531,
#1532),(#1533,#1534),(#1535,#1536),(#1537,#1538),(#1539,#1540),(#1541,#1542),
(#1543,#1544),(#1545,#1546),(#1547,#1548),(#1549,#1550),(#1551,#1552),(#1553,
#1554),(#1555,#1556),(#1557,#1558),(#1559,#1560),(#1561,#1562),(#1563,#1564),
(#1565,#1566),(#1567,#1568),(#1569,#1570),(#1571,#1572),(#1573,#1574),(#1575,
#1576),(#1577,#1578),(#1579,#1580),(#1581,#1582),(#1583,#1584),(#1585,#1586),
(#1587,#1588),(#1589,#1590),(#1591,#1592),(#1593,#1594),(#1595,#1596),(#1597,
#1598),(#1599,#1600),(#1601,#1602),(#1603,#1604),(#1605,#1606),(#1607,#1608),
(#1609,#1610),(#1611,#1612),(#1613,#1614),(#1615,#1616),(#1617,#1618),(#1619,
#1620),(#1621,#1622),(#1623,#1624),(#1625,#1626),(#1627,#1628),(#1629,#1630),
(#1631,#1632),(#1633,#1634),(#1635,#1636),(#1637,#1638),(#1639,#1640),(#1641,
#1642),(#1643,#1644),(#1645,#1646),(#1647,#1648),(#1649,#1650),(#1651,#1652),
(#1653,#1654),(#1655,#1656),(#1657,#1658),(#1659,#1660),(#1661,#1662),(#1663,
#1664),(#1665,#1666),(#1667,#1668),(#1669,#1670),(#1671,#1672),(#1673,#1674),
(#1675,#1676),(#1677,#1678),(#1679,#1680),(#1681,#1682),(#1683,#1684),(#1685,
#1686),(#1687,#1688),(#1689,#1690),(#1691,#1692),(#1693,#1694),(#1695,#1696),
(#1697,#1698),(#1699,#1700),(#1701,#1702),(#1703,#1704)),.UNSPECIFIED.,
 .T.,.F.,.F.)
B_SPLINE_SURFACE_WITH_KNOTS((6,1,1,1,1,1,1,1,1,1,1,1,1,1,1,1,1,1,1,1,1,
1,1,1,1,1,1,1,1,1,1,1,1,1,1,1,1,1,1,1,1,1,1,1,1,1,1,1,1,1,1,1,1,1,1,1,1,
1,1,1,1,1,1,1,1,1,1,1,1,1,1,1,1,1,1,1,1,1,1,1,1,1,1,1,1,6),(2,2),(0.,0.0117647058823529,
0.0235294117647059,0.0352941176470588,0.0470588235294118,0.0588235294117647,
0.0705882352941176,0.0823529411764706,0.0941176470588235,0.105882352941176,
0.117647058823529,0.129411764705882,0.141176470588235,0.152941176470588,
0.164705882352941,0.176470588235294,0.188235294117647,0.2,0.211764705882353,
0.223529411764706,0.235294117647059,0.247058823529412,0.258823529411765,
0.270588235294118,0.282352941176471,0.294117647058824,0.305882352941177,
0.31764705882353,0.329411764705883,0.341176470588236,0.352941176470588,
0.364705882352941,0.376470588235294,0.388235294117647,0.4,0.411764705882353,
0.423529411764706,0.435294117647059,0.447058823529412,0.458823529411765,
0.470588235294118,0.482352941176471,0.494117647058824,0.505882352941177,
0.51764705882353,0.529411764705883,0.541176470588236,0.552941176470588,
0.564705882352941,0.576470588235294,0.588235294117647,0.6,0.611764705882353,
0.623529411764706,0.635294117647059,0.647058823529412,0.658823529411765,
0.670588235294117,0.68235294117647,0.694117647058823,0.705882352941176,
0.717647058823529,0.729411764705882,0.741176470588235,0.752941176470588,
0.764705882352941,0.776470588235294,0.788235294117646,0.799999999999999,
0.811764705882352,0.823529411764705,0.835294117647058,0.847058823529411,
0.858823529411764,0.870588235294117,0.88235294117647,0.894117647058823,
0.905882352941175,0.917647058823528,0.929411764705881,0.941176470588234,
0.952941176470587,0.96470588235294,0.976470588235293,0.988235294117646,
1.),(0.,0.1),.UNSPECIFIED.)
GEOMETRIC_REPRESENTATION_ITEM()
RATIONAL_B_SPLINE_SURFACE(((1.,1.),(1.,1.),(1.,1.),(1.,1.),(1.,1.),(1.,
1.),(1.,1.),(1.,1.),(1.,1.),(1.,1.),(1.,1.),(1.,1.),(1.,1.),(1.,1.),(1.,
1.),(1.,1.),(1.,1.),(1.,1.),(1.,1.),(1.,1.),(1.,1.),(1.,1.),(1.,1.),(1.,
1.),(1.,1.),(1.,1.),(1.,1.),(1.,1.),(1.,1.),(1.,1.),(1.,1.),(1.,1.),(1.,
1.),(1.,1.),(1.,1.),(1.,1.),(1.,1.),(1.,1.),(1.,1.),(1.,1.),(1.,1.),(1.,
1.),(1.,1.),(1.,1.),(1.,1.),(1.,1.),(1.,1.),(1.,1.),(1.,1.),(1.,1.),(1.,
1.),(1.,1.),(1.,1.),(1.,1.),(1.,1.),(1.,1.),(1.,1.),(1.,1.),(1.,1.),(1.,
1.),(1.,1.),(1.,1.),(1.,1.),(1.,1.),(1.,1.),(1.,1.),(1.,1.),(1.,1.),(1.,
1.),(1.,1.),(1.,1.),(1.,1.),(1.,1.),(1.,1.),(1.,1.),(1.,1.),(1.,1.),(1.,
1.),(1.,1.),(1.,1.),(1.,1.),(1.,1.),(1.,1.),(1.,1.),(1.,1.),(1.,1.),(1.,
1.),(1.,1.),(1.,1.),(1.,1.)))
REPRESENTATION_ITEM('')
SURFACE()
);
#1055=(
BOUNDED_SURFACE()
B_SPLINE_SURFACE(5,1,((#1888,#1889),(#1890,#1891),(#1892,#1893),(#1894,
#1895),(#1896,#1897),(#1898,#1899),(#1900,#1901),(#1902,#1903),(#1904,#1905),
(#1906,#1907),(#1908,#1909),(#1910,#1911),(#1912,#1913),(#1914,#1915),(#1916,
#1917),(#1918,#1919),(#1920,#1921),(#1922,#1923),(#1924,#1925),(#1926,#1927),
(#1928,#1929),(#1930,#1931),(#1932,#1933),(#1934,#1935),(#1936,#1937),(#1938,
#1939),(#1940,#1941),(#1942,#1943),(#1944,#1945),(#1946,#1947),(#1948,#1949),
(#1950,#1951),(#1952,#1953),(#1954,#1955),(#1956,#1957),(#1958,#1959),(#1960,
#1961),(#1962,#1963),(#1964,#1965),(#1966,#1967),(#1968,#1969),(#1970,#1971),
(#1972,#1973),(#1974,#1975),(#1976,#1977),(#1978,#1979),(#1980,#1981),(#1982,
#1983),(#1984,#1985),(#1986,#1987),(#1988,#1989),(#1990,#1991),(#1992,#1993),
(#1994,#1995),(#1996,#1997),(#1998,#1999),(#2000,#2001),(#2002,#2003),(#2004,
#2005),(#2006,#2007),(#2008,#2009),(#2010,#2011),(#2012,#2013),(#2014,#2015),
(#2016,#2017),(#2018,#2019),(#2020,#2021),(#2022,#2023),(#2024,#2025),(#2026,
#2027),(#2028,#2029),(#2030,#2031),(#2032,#2033),(#2034,#2035),(#2036,#2037),
(#2038,#2039),(#2040,#2041),(#2042,#2043),(#2044,#2045),(#2046,#2047),(#2048,
#2049),(#2050,#2051),(#2052,#2053),(#2054,#2055),(#2056,#2057),(#2058,#2059),
(#2060,#2061),(#2062,#2063),(#2064,#2065),(#2066,#2067)),.UNSPECIFIED.,
 .T.,.F.,.F.)
B_SPLINE_SURFACE_WITH_KNOTS((6,1,1,1,1,1,1,1,1,1,1,1,1,1,1,1,1,1,1,1,1,
1,1,1,1,1,1,1,1,1,1,1,1,1,1,1,1,1,1,1,1,1,1,1,1,1,1,1,1,1,1,1,1,1,1,1,1,
1,1,1,1,1,1,1,1,1,1,1,1,1,1,1,1,1,1,1,1,1,1,1,1,1,1,1,1,6),(2,2),(0.,0.0117647058823529,
0.0235294117647059,0.0352941176470588,0.0470588235294118,0.0588235294117647,
0.0705882352941176,0.0823529411764706,0.0941176470588235,0.105882352941176,
0.117647058823529,0.129411764705882,0.141176470588235,0.152941176470588,
0.164705882352941,0.176470588235294,0.188235294117647,0.2,0.211764705882353,
0.223529411764706,0.235294117647059,0.247058823529412,0.258823529411765,
0.270588235294118,0.282352941176471,0.294117647058824,0.305882352941177,
0.31764705882353,0.329411764705883,0.341176470588236,0.352941176470588,
0.364705882352941,0.376470588235294,0.388235294117647,0.4,0.411764705882353,
0.423529411764706,0.435294117647059,0.447058823529412,0.458823529411765,
0.470588235294118,0.482352941176471,0.494117647058824,0.505882352941177,
0.51764705882353,0.529411764705883,0.541176470588236,0.552941176470588,
0.564705882352941,0.576470588235294,0.588235294117647,0.6,0.611764705882353,
0.623529411764706,0.635294117647059,0.647058823529412,0.658823529411765,
0.670588235294117,0.68235294117647,0.694117647058823,0.705882352941176,
0.717647058823529,0.729411764705882,0.741176470588235,0.752941176470588,
0.764705882352941,0.776470588235294,0.788235294117646,0.799999999999999,
0.811764705882352,0.823529411764705,0.835294117647058,0.847058823529411,
0.858823529411764,0.870588235294117,0.88235294117647,0.894117647058823,
0.905882352941175,0.917647058823528,0.929411764705881,0.941176470588234,
0.952941176470587,0.96470588235294,0.976470588235293,0.988235294117646,
1.),(0.,0.1),.UNSPECIFIED.)
GEOMETRIC_REPRESENTATION_ITEM()
RATIONAL_B_SPLINE_SURFACE(((1.,1.),(1.,1.),(1.,1.),(1.,1.),(1.,1.),(1.,
1.),(1.,1.),(1.,1.),(1.,1.),(1.,1.),(1.,1.),(1.,1.),(1.,1.),(1.,1.),(1.,
1.),(1.,1.),(1.,1.),(1.,1.),(1.,1.),(1.,1.),(1.,1.),(1.,1.),(1.,1.),(1.,
1.),(1.,1.),(1.,1.),(1.,1.),(1.,1.),(1.,1.),(1.,1.),(1.,1.),(1.,1.),(1.,
1.),(1.,1.),(1.,1.),(1.,1.),(1.,1.),(1.,1.),(1.,1.),(1.,1.),(1.,1.),(1.,
1.),(1.,1.),(1.,1.),(1.,1.),(1.,1.),(1.,1.),(1.,1.),(1.,1.),(1.,1.),(1.,
1.),(1.,1.),(1.,1.),(1.,1.),(1.,1.),(1.,1.),(1.,1.),(1.,1.),(1.,1.),(1.,
1.),(1.,1.),(1.,1.),(1.,1.),(1.,1.),(1.,1.),(1.,1.),(1.,1.),(1.,1.),(1.,
1.),(1.,1.),(1.,1.),(1.,1.),(1.,1.),(1.,1.),(1.,1.),(1.,1.),(1.,1.),(1.,
1.),(1.,1.),(1.,1.),(1.,1.),(1.,1.),(1.,1.),(1.,1.),(1.,1.),(1.,1.),(1.,
1.),(1.,1.),(1.,1.),(1.,1.)))
REPRESENTATION_ITEM('')
SURFACE()
);
#1056=(
BOUNDED_SURFACE()
B_SPLINE_SURFACE(5,1,((#2251,#2252),(#2253,#2254),(#2255,#2256),(#2257,
#2258),(#2259,#2260),(#2261,#2262),(#2263,#2264),(#2265,#2266),(#2267,#2268),
(#2269,#2270),(#2271,#2272),(#2273,#2274),(#2275,#2276),(#2277,#2278),(#2279,
#2280),(#2281,#2282),(#2283,#2284),(#2285,#2286),(#2287,#2288),(#2289,#2290),
(#2291,#2292),(#2293,#2294),(#2295,#2296),(#2297,#2298),(#2299,#2300),(#2301,
#2302),(#2303,#2304),(#2305,#2306),(#2307,#2308),(#2309,#2310),(#2311,#2312),
(#2313,#2314),(#2315,#2316),(#2317,#2318),(#2319,#2320),(#2321,#2322),(#2323,
#2324),(#2325,#2326),(#2327,#2328),(#2329,#2330)),.UNSPECIFIED.,.T.,.F.,
 .F.)
B_SPLINE_SURFACE_WITH_KNOTS((6,1,1,1,1,1,1,1,1,1,1,1,1,1,1,1,1,1,1,1,1,
1,1,1,1,1,1,1,1,1,1,1,1,1,1,6),(2,2),(-1.,-0.971428571428572,-0.942857142857143,
-0.914285714285714,-0.885714285714286,-0.857142857142857,-0.828571428571429,
-0.8,-0.771428571428572,-0.742857142857143,-0.714285714285714,-0.685714285714286,
-0.657142857142857,-0.628571428571429,-0.6,-0.571428571428572,-0.542857142857143,
-0.514285714285714,-0.485714285714286,-0.457142857142857,-0.428571428571429,
-0.4,-0.371428571428571,-0.342857142857143,-0.314285714285714,-0.285714285714286,
-0.257142857142857,-0.228571428571429,-0.2,-0.171428571428571,-0.142857142857143,
-0.114285714285714,-0.0857142857142857,-0.0571428571428571,-0.0285714285714286,
0.),(0.,0.1),.UNSPECIFIED.)
GEOMETRIC_REPRESENTATION_ITEM()
RATIONAL_B_SPLINE_SURFACE(((1.,1.),(1.,1.),(1.,1.),(1.,1.),(1.,1.),(1.,
1.),(1.,1.),(1.,1.),(1.,1.),(1.,1.),(1.,1.),(1.,1.),(1.,1.),(1.,1.),(1.,
1.),(1.,1.),(1.,1.),(1.,1.),(1.,1.),(1.,1.),(1.,1.),(1.,1.),(1.,1.),(1.,
1.),(1.,1.),(1.,1.),(1.,1.),(1.,1.),(1.,1.),(1.,1.),(1.,1.),(1.,1.),(1.,
1.),(1.,1.),(1.,1.),(1.,1.),(1.,1.),(1.,1.),(1.,1.),(1.,1.)))
REPRESENTATION_ITEM('')
SURFACE()
);
#1057=(
BOUNDED_SURFACE()
B_SPLINE_SURFACE(5,1,((#2414,#2415),(#2416,#2417),(#2418,#2419),(#2420,
#2421),(#2422,#2423),(#2424,#2425),(#2426,#2427),(#2428,#2429),(#2430,#2431),
(#2432,#2433),(#2434,#2435),(#2436,#2437),(#2438,#2439),(#2440,#2441),(#2442,
#2443),(#2444,#2445),(#2446,#2447),(#2448,#2449),(#2450,#2451),(#2452,#2453),
(#2454,#2455),(#2456,#2457),(#2458,#2459),(#2460,#2461),(#2462,#2463),(#2464,
#2465),(#2466,#2467),(#2468,#2469),(#2470,#2471),(#2472,#2473),(#2474,#2475),
(#2476,#2477),(#2478,#2479),(#2480,#2481),(#2482,#2483),(#2484,#2485),(#2486,
#2487),(#2488,#2489),(#2490,#2491),(#2492,#2493),(#2494,#2495),(#2496,#2497),
(#2498,#2499),(#2500,#2501),(#2502,#2503),(#2504,#2505),(#2506,#2507),(#2508,
#2509),(#2510,#2511),(#2512,#2513),(#2514,#2515),(#2516,#2517),(#2518,#2519),
(#2520,#2521),(#2522,#2523),(#2524,#2525),(#2526,#2527),(#2528,#2529),(#2530,
#2531),(#2532,#2533),(#2534,#2535),(#2536,#2537),(#2538,#2539),(#2540,#2541),
(#2542,#2543),(#2544,#2545),(#2546,#2547),(#2548,#2549),(#2550,#2551),(#2552,
#2553),(#2554,#2555),(#2556,#2557),(#2558,#2559),(#2560,#2561),(#2562,#2563),
(#2564,#2565),(#2566,#2567),(#2568,#2569),(#2570,#2571),(#2572,#2573),(#2574,
#2575),(#2576,#2577),(#2578,#2579),(#2580,#2581),(#2582,#2583),(#2584,#2585),
(#2586,#2587),(#2588,#2589),(#2590,#2591),(#2592,#2593),(#2594,#2595),(#2596,
#2597),(#2598,#2599),(#2600,#2601),(#2602,#2603),(#2604,#2605),(#2606,#2607),
(#2608,#2609),(#2610,#2611),(#2612,#2613),(#2614,#2615),(#2616,#2617),(#2618,
#2619),(#2620,#2621),(#2622,#2623),(#2624,#2625),(#2626,#2627),(#2628,#2629),
(#2630,#2631),(#2632,#2633),(#2634,#2635),(#2636,#2637),(#2638,#2639),(#2640,
#2641),(#2642,#2643),(#2644,#2645),(#2646,#2647),(#2648,#2649),(#2650,#2651),
(#2652,#2653),(#2654,#2655),(#2656,#2657),(#2658,#2659),(#2660,#2661),(#2662,
#2663),(#2664,#2665),(#2666,#2667),(#2668,#2669),(#2670,#2671),(#2672,#2673),
(#2674,#2675),(#2676,#2677),(#2678,#2679),(#2680,#2681),(#2682,#2683),(#2684,
#2685),(#2686,#2687),(#2688,#2689),(#2690,#2691),(#2692,#2693),(#2694,#2695),
(#2696,#2697),(#2698,#2699),(#2700,#2701),(#2702,#2703),(#2704,#2705),(#2706,
#2707),(#2708,#2709),(#2710,#2711),(#2712,#2713),(#2714,#2715),(#2716,#2717),
(#2718,#2719),(#2720,#2721),(#2722,#2723),(#2724,#2725),(#2726,#2727),(#2728,
#2729),(#2730,#2731),(#2732,#2733),(#2734,#2735),(#2736,#2737),(#2738,#2739),
(#2740,#2741),(#2742,#2743),(#2744,#2745),(#2746,#2747),(#2748,#2749),(#2750,
#2751),(#2752,#2753),(#2754,#2755),(#2756,#2757),(#2758,#2759),(#2760,#2761),
(#2762,#2763),(#2764,#2765),(#2766,#2767),(#2768,#2769),(#2770,#2771),(#2772,
#2773),(#2774,#2775),(#2776,#2777),(#2778,#2779),(#2780,#2781),(#2782,#2783),
(#2784,#2785),(#2786,#2787),(#2788,#2789),(#2790,#2791),(#2792,#2793),(#2794,
#2795),(#2796,#2797),(#2798,#2799),(#2800,#2801),(#2802,#2803),(#2804,#2805),
(#2806,#2807),(#2808,#2809),(#2810,#2811),(#2812,#2813),(#2814,#2815),(#2816,
#2817),(#2818,#2819),(#2820,#2821),(#2822,#2823),(#2824,#2825),(#2826,#2827),
(#2828,#2829),(#2830,#2831),(#2832,#2833),(#2834,#2835),(#2836,#2837),(#2838,
#2839),(#2840,#2841),(#2842,#2843),(#2844,#2845),(#2846,#2847),(#2848,#2849),
(#2850,#2851),(#2852,#2853),(#2854,#2855),(#2856,#2857),(#2858,#2859),(#2860,
#2861),(#2862,#2863),(#2864,#2865),(#2866,#2867),(#2868,#2869),(#2870,#2871),
(#2872,#2873),(#2874,#2875),(#2876,#2877),(#2878,#2879),(#2880,#2881),(#2882,
#2883),(#2884,#2885),(#2886,#2887),(#2888,#2889),(#2890,#2891),(#2892,#2893),
(#2894,#2895),(#2896,#2897),(#2898,#2899),(#2900,#2901),(#2902,#2903),(#2904,
#2905),(#2906,#2907),(#2908,#2909),(#2910,#2911),(#2912,#2913),(#2914,#2915),
(#2916,#2917),(#2918,#2919),(#2920,#2921),(#2922,#2923),(#2924,#2925),(#2926,
#2927),(#2928,#2929),(#2930,#2931),(#2932,#2933),(#2934,#2935),(#2936,#2937),
(#2938,#2939),(#2940,#2941),(#2942,#2943),(#2944,#2945),(#2946,#2947),(#2948,
#2949),(#2950,#2951),(#2952,#2953),(#2954,#2955),(#2956,#2957),(#2958,#2959),
(#2960,#2961),(#2962,#2963),(#2964,#2965),(#2966,#2967),(#2968,#2969),(#2970,
#2971),(#2972,#2973),(#2974,#2975),(#2976,#2977),(#2978,#2979),(#2980,#2981),
(#2982,#2983),(#2984,#2985),(#2986,#2987),(#2988,#2989),(#2990,#2991),(#2992,
#2993),(#2994,#2995),(#2996,#2997),(#2998,#2999),(#3000,#3001),(#3002,#3003),
(#3004,#3005),(#3006,#3007),(#3008,#3009),(#3010,#3011),(#3012,#3013),(#3014,
#3015),(#3016,#3017),(#3018,#3019),(#3020,#3021),(#3022,#3023),(#3024,#3025),
(#3026,#3027),(#3028,#3029),(#3030,#3031),(#3032,#3033),(#3034,#3035),(#3036,
#3037),(#3038,#3039),(#3040,#3041),(#3042,#3043),(#3044,#3045),(#3046,#3047),
(#3048,#3049),(#3050,#3051),(#3052,#3053),(#3054,#3055),(#3056,#3057),(#3058,
#3059),(#3060,#3061),(#3062,#3063),(#3064,#3065),(#3066,#3067),(#3068,#3069),
(#3070,#3071),(#3072,#3073),(#3074,#3075),(#3076,#3077),(#3078,#3079),(#3080,
#3081),(#3082,#3083),(#3084,#3085),(#3086,#3087),(#3088,#3089),(#3090,#3091),
(#3092,#3093),(#3094,#3095),(#3096,#3097),(#3098,#3099),(#3100,#3101),(#3102,
#3103),(#3104,#3105),(#3106,#3107),(#3108,#3109),(#3110,#3111),(#3112,#3113),
(#3114,#3115),(#3116,#3117),(#3118,#3119),(#3120,#3121),(#3122,#3123),(#3124,
#3125),(#3126,#3127),(#3128,#3129),(#3130,#3131),(#3132,#3133),(#3134,#3135),
(#3136,#3137),(#3138,#3139),(#3140,#3141),(#3142,#3143),(#3144,#3145),(#3146,
#3147),(#3148,#3149),(#3150,#3151),(#3152,#3153),(#3154,#3155),(#3156,#3157),
(#3158,#3159),(#3160,#3161),(#3162,#3163),(#3164,#3165),(#3166,#3167),(#3168,
#3169),(#3170,#3171),(#3172,#3173),(#3174,#3175),(#3176,#3177),(#3178,#3179),
(#3180,#3181),(#3182,#3183),(#3184,#3185),(#3186,#3187),(#3188,#3189),(#3190,
#3191),(#3192,#3193),(#3194,#3195),(#3196,#3197),(#3198,#3199),(#3200,#3201),
(#3202,#3203),(#3204,#3205),(#3206,#3207),(#3208,#3209),(#3210,#3211),(#3212,
#3213),(#3214,#3215),(#3216,#3217),(#3218,#3219),(#3220,#3221),(#3222,#3223),
(#3224,#3225),(#3226,#3227),(#3228,#3229),(#3230,#3231),(#3232,#3233),(#3234,
#3235),(#3236,#3237),(#3238,#3239),(#3240,#3241),(#3242,#3243),(#3244,#3245),
(#3246,#3247),(#3248,#3249),(#3250,#3251),(#3252,#3253),(#3254,#3255),(#3256,
#3257),(#3258,#3259),(#3260,#3261),(#3262,#3263),(#3264,#3265),(#3266,#3267),
(#3268,#3269),(#3270,#3271),(#3272,#3273),(#3274,#3275),(#3276,#3277),(#3278,
#3279),(#3280,#3281),(#3282,#3283),(#3284,#3285),(#3286,#3287),(#3288,#3289),
(#3290,#3291),(#3292,#3293),(#3294,#3295),(#3296,#3297),(#3298,#3299),(#3300,
#3301),(#3302,#3303),(#3304,#3305),(#3306,#3307),(#3308,#3309),(#3310,#3311),
(#3312,#3313),(#3314,#3315),(#3316,#3317),(#3318,#3319),(#3320,#3321),(#3322,
#3323),(#3324,#3325),(#3326,#3327),(#3328,#3329),(#3330,#3331),(#3332,#3333),
(#3334,#3335),(#3336,#3337),(#3338,#3339),(#3340,#3341),(#3342,#3343),(#3344,
#3345),(#3346,#3347),(#3348,#3349),(#3350,#3351),(#3352,#3353),(#3354,#3355),
(#3356,#3357),(#3358,#3359),(#3360,#3361),(#3362,#3363),(#3364,#3365),(#3366,
#3367),(#3368,#3369),(#3370,#3371),(#3372,#3373),(#3374,#3375),(#3376,#3377),
(#3378,#3379),(#3380,#3381),(#3382,#3383),(#3384,#3385),(#3386,#3387),(#3388,
#3389),(#3390,#3391),(#3392,#3393),(#3394,#3395),(#3396,#3397),(#3398,#3399),
(#3400,#3401),(#3402,#3403),(#3404,#3405),(#3406,#3407),(#3408,#3409),(#3410,
#3411),(#3412,#3413),(#3414,#3415),(#3416,#3417),(#3418,#3419),(#3420,#3421),
(#3422,#3423),(#3424,#3425),(#3426,#3427),(#3428,#3429),(#3430,#3431),(#3432,
#3433),(#3434,#3435),(#3436,#3437),(#3438,#3439),(#3440,#3441),(#3442,#3443),
(#3444,#3445),(#3446,#3447),(#3448,#3449),(#3450,#3451),(#3452,#3453),(#3454,
#3455),(#3456,#3457),(#3458,#3459),(#3460,#3461),(#3462,#3463),(#3464,#3465),
(#3466,#3467),(#3468,#3469),(#3470,#3471),(#3472,#3473),(#3474,#3475),(#3476,
#3477),(#3478,#3479),(#3480,#3481),(#3482,#3483),(#3484,#3485),(#3486,#3487),
(#3488,#3489),(#3490,#3491),(#3492,#3493),(#3494,#3495),(#3496,#3497),(#3498,
#3499),(#3500,#3501),(#3502,#3503),(#3504,#3505),(#3506,#3507),(#3508,#3509),
(#3510,#3511),(#3512,#3513),(#3514,#3515),(#3516,#3517),(#3518,#3519),(#3520,
#3521),(#3522,#3523),(#3524,#3525),(#3526,#3527),(#3528,#3529),(#3530,#3531),
(#3532,#3533),(#3534,#3535),(#3536,#3537),(#3538,#3539),(#3540,#3541),(#3542,
#3543),(#3544,#3545),(#3546,#3547),(#3548,#3549),(#3550,#3551),(#3552,#3553),
(#3554,#3555),(#3556,#3557),(#3558,#3559),(#3560,#3561),(#3562,#3563),(#3564,
#3565),(#3566,#3567),(#3568,#3569),(#3570,#3571),(#3572,#3573),(#3574,#3575),
(#3576,#3577),(#3578,#3579),(#3580,#3581),(#3582,#3583),(#3584,#3585),(#3586,
#3587),(#3588,#3589),(#3590,#3591),(#3592,#3593),(#3594,#3595),(#3596,#3597),
(#3598,#3599),(#3600,#3601),(#3602,#3603),(#3604,#3605),(#3606,#3607),(#3608,
#3609),(#3610,#3611),(#3612,#3613),(#3614,#3615),(#3616,#3617),(#3618,#3619),
(#3620,#3621),(#3622,#3623),(#3624,#3625),(#3626,#3627),(#3628,#3629),(#3630,
#3631),(#3632,#3633),(#3634,#3635),(#3636,#3637),(#3638,#3639),(#3640,#3641),
(#3642,#3643),(#3644,#3645),(#3646,#3647),(#3648,#3649),(#3650,#3651),(#3652,
#3653),(#3654,#3655),(#3656,#3657),(#3658,#3659),(#3660,#3661),(#3662,#3663),
(#3664,#3665),(#3666,#3667),(#3668,#3669),(#3670,#3671),(#3672,#3673),(#3674,
#3675),(#3676,#3677),(#3678,#3679),(#3680,#3681),(#3682,#3683),(#3684,#3685),
(#3686,#3687),(#3688,#3689),(#3690,#3691),(#3692,#3693),(#3694,#3695),(#3696,
#3697),(#3698,#3699),(#3700,#3701),(#3702,#3703),(#3704,#3705),(#3706,#3707),
(#3708,#3709),(#3710,#3711),(#3712,#3713),(#3714,#3715),(#3716,#3717),(#3718,
#3719),(#3720,#3721),(#3722,#3723),(#3724,#3725),(#3726,#3727),(#3728,#3729),
(#3730,#3731),(#3732,#3733),(#3734,#3735),(#3736,#3737),(#3738,#3739),(#3740,
#3741),(#3742,#3743),(#3744,#3745),(#3746,#3747),(#3748,#3749),(#3750,#3751),
(#3752,#3753),(#3754,#3755),(#3756,#3757),(#3758,#3759),(#3760,#3761),(#3762,
#3763),(#3764,#3765),(#3766,#3767),(#3768,#3769),(#3770,#3771),(#3772,#3773),
(#3774,#3775),(#3776,#3777),(#3778,#3779),(#3780,#3781),(#3782,#3783),(#3784,
#3785),(#3786,#3787),(#3788,#3789),(#3790,#3791),(#3792,#3793),(#3794,#3795),
(#3796,#3797),(#3798,#3799),(#3800,#3801),(#3802,#3803),(#3804,#3805),(#3806,
#3807),(#3808,#3809),(#3810,#3811),(#3812,#3813),(#3814,#3815),(#3816,#3817),
(#3818,#3819),(#3820,#3821),(#3822,#3823),(#3824,#3825),(#3826,#3827),(#3828,
#3829),(#3830,#3831),(#3832,#3833),(#3834,#3835),(#3836,#3837),(#3838,#3839),
(#3840,#3841),(#3842,#3843),(#3844,#3845),(#3846,#3847),(#3848,#3849),(#3850,
#3851),(#3852,#3853),(#3854,#3855),(#3856,#3857),(#3858,#3859),(#3860,#3861),
(#3862,#3863),(#3864,#3865),(#3866,#3867),(#3868,#3869),(#3870,#3871),(#3872,
#3873),(#3874,#3875),(#3876,#3877),(#3878,#3879),(#3880,#3881),(#3882,#3883),
(#3884,#3885),(#3886,#3887),(#3888,#3889),(#3890,#3891),(#3892,#3893),(#3894,
#3895),(#3896,#3897),(#3898,#3899),(#3900,#3901),(#3902,#3903),(#3904,#3905),
(#3906,#3907),(#3908,#3909),(#3910,#3911),(#3912,#3913),(#3914,#3915),(#3916,
#3917),(#3918,#3919),(#3920,#3921),(#3922,#3923),(#3924,#3925),(#3926,#3927),
(#3928,#3929),(#3930,#3931),(#3932,#3933),(#3934,#3935),(#3936,#3937),(#3938,
#3939),(#3940,#3941),(#3942,#3943),(#3944,#3945),(#3946,#3947),(#3948,#3949),
(#3950,#3951),(#3952,#3953),(#3954,#3955),(#3956,#3957),(#3958,#3959),(#3960,
#3961),(#3962,#3963),(#3964,#3965),(#3966,#3967),(#3968,#3969),(#3970,#3971),
(#3972,#3973),(#3974,#3975),(#3976,#3977),(#3978,#3979),(#3980,#3981),(#3982,
#3983),(#3984,#3985),(#3986,#3987),(#3988,#3989),(#3990,#3991),(#3992,#3993),
(#3994,#3995),(#3996,#3997),(#3998,#3999),(#4000,#4001),(#4002,#4003),(#4004,
#4005),(#4006,#4007),(#4008,#4009),(#4010,#4011),(#4012,#4013),(#4014,#4015),
(#4016,#4017),(#4018,#4019),(#4020,#4021),(#4022,#4023),(#4024,#4025),(#4026,
#4027),(#4028,#4029),(#4030,#4031),(#4032,#4033),(#4034,#4035),(#4036,#4037),
(#4038,#4039),(#4040,#4041),(#4042,#4043),(#4044,#4045),(#4046,#4047),(#4048,
#4049),(#4050,#4051),(#4052,#4053),(#4054,#4055),(#4056,#4057),(#4058,#4059),
(#4060,#4061),(#4062,#4063),(#4064,#4065),(#4066,#4067),(#4068,#4069),(#4070,
#4071),(#4072,#4073),(#4074,#4075),(#4076,#4077),(#4078,#4079),(#4080,#4081),
(#4082,#4083),(#4084,#4085),(#4086,#4087),(#4088,#4089),(#4090,#4091),(#4092,
#4093),(#4094,#4095),(#4096,#4097),(#4098,#4099),(#4100,#4101),(#4102,#4103),
(#4104,#4105),(#4106,#4107),(#4108,#4109),(#4110,#4111),(#4112,#4113),(#4114,
#4115),(#4116,#4117),(#4118,#4119),(#4120,#4121),(#4122,#4123),(#4124,#4125),
(#4126,#4127),(#4128,#4129),(#4130,#4131),(#4132,#4133),(#4134,#4135),(#4136,
#4137),(#4138,#4139),(#4140,#4141),(#4142,#4143),(#4144,#4145),(#4146,#4147),
(#4148,#4149),(#4150,#4151),(#4152,#4153),(#4154,#4155),(#4156,#4157),(#4158,
#4159),(#4160,#4161),(#4162,#4163),(#4164,#4165),(#4166,#4167),(#4168,#4169),
(#4170,#4171),(#4172,#4173),(#4174,#4175),(#4176,#4177),(#4178,#4179),(#4180,
#4181),(#4182,#4183),(#4184,#4185),(#4186,#4187),(#4188,#4189),(#4190,#4191),
(#4192,#4193),(#4194,#4195),(#4196,#4197),(#4198,#4199),(#4200,#4201),(#4202,
#4203),(#4204,#4205),(#4206,#4207),(#4208,#4209),(#4210,#4211),(#4212,#4213),
(#4214,#4215),(#4216,#4217),(#4218,#4219),(#4220,#4221),(#4222,#4223),(#4224,
#4225),(#4226,#4227),(#4228,#4229),(#4230,#4231),(#4232,#4233),(#4234,#4235),
(#4236,#4237),(#4238,#4239),(#4240,#4241),(#4242,#4243),(#4244,#4245),(#4246,
#4247),(#4248,#4249),(#4250,#4251),(#4252,#4253),(#4254,#4255),(#4256,#4257),
(#4258,#4259),(#4260,#4261),(#4262,#4263),(#4264,#4265),(#4266,#4267),(#4268,
#4269),(#4270,#4271),(#4272,#4273),(#4274,#4275),(#4276,#4277),(#4278,#4279),
(#4280,#4281),(#4282,#4283),(#4284,#4285),(#4286,#4287),(#4288,#4289),(#4290,
#4291),(#4292,#4293),(#4294,#4295),(#4296,#4297),(#4298,#4299),(#4300,#4301),
(#4302,#4303),(#4304,#4305),(#4306,#4307),(#4308,#4309),(#4310,#4311),(#4312,
#4313),(#4314,#4315),(#4316,#4317),(#4318,#4319),(#4320,#4321),(#4322,#4323),
(#4324,#4325),(#4326,#4327),(#4328,#4329),(#4330,#4331),(#4332,#4333),(#4334,
#4335),(#4336,#4337),(#4338,#4339),(#4340,#4341),(#4342,#4343),(#4344,#4345),
(#4346,#4347),(#4348,#4349),(#4350,#4351),(#4352,#4353),(#4354,#4355),(#4356,
#4357),(#4358,#4359),(#4360,#4361),(#4362,#4363),(#4364,#4365),(#4366,#4367),
(#4368,#4369),(#4370,#4371),(#4372,#4373),(#4374,#4375),(#4376,#4377),(#4378,
#4379),(#4380,#4381),(#4382,#4383),(#4384,#4385),(#4386,#4387),(#4388,#4389),
(#4390,#4391),(#4392,#4393),(#4394,#4395),(#4396,#4397),(#4398,#4399),(#4400,
#4401),(#4402,#4403),(#4404,#4405),(#4406,#4407),(#4408,#4409),(#4410,#4411),
(#4412,#4413),(#4414,#4415),(#4416,#4417),(#4418,#4419),(#4420,#4421),(#4422,
#4423),(#4424,#4425),(#4426,#4427),(#4428,#4429),(#4430,#4431),(#4432,#4433),
(#4434,#4435),(#4436,#4437),(#4438,#4439),(#4440,#4441),(#4442,#4443),(#4444,
#4445),(#4446,#4447),(#4448,#4449),(#4450,#4451),(#4452,#4453),(#4454,#4455),
(#4456,#4457),(#4458,#4459),(#4460,#4461),(#4462,#4463),(#4464,#4465),(#4466,
#4467),(#4468,#4469),(#4470,#4471),(#4472,#4473),(#4474,#4475),(#4476,#4477),
(#4478,#4479),(#4480,#4481),(#4482,#4483),(#4484,#4485),(#4486,#4487),(#4488,
#4489),(#4490,#4491),(#4492,#4493),(#4494,#4495),(#4496,#4497),(#4498,#4499),
(#4500,#4501),(#4502,#4503),(#4504,#4505),(#4506,#4507),(#4508,#4509),(#4510,
#4511),(#4512,#4513),(#4514,#4515),(#4516,#4517),(#4518,#4519),(#4520,#4521),
(#4522,#4523),(#4524,#4525),(#4526,#4527),(#4528,#4529),(#4530,#4531),(#4532,
#4533),(#4534,#4535),(#4536,#4537),(#4538,#4539),(#4540,#4541),(#4542,#4543),
(#4544,#4545),(#4546,#4547),(#4548,#4549),(#4550,#4551),(#4552,#4553),(#4554,
#4555),(#4556,#4557),(#4558,#4559),(#4560,#4561),(#4562,#4563),(#4564,#4565),
(#4566,#4567),(#4568,#4569),(#4570,#4571),(#4572,#4573),(#4574,#4575),(#4576,
#4577),(#4578,#4579),(#4580,#4581),(#4582,#4583),(#4584,#4585),(#4586,#4587),
(#4588,#4589),(#4590,#4591),(#4592,#4593),(#4594,#4595),(#4596,#4597),(#4598,
#4599),(#4600,#4601),(#4602,#4603),(#4604,#4605),(#4606,#4607),(#4608,#4609),
(#4610,#4611),(#4612,#4613),(#4614,#4615),(#4616,#4617),(#4618,#4619),(#4620,
#4621),(#4622,#4623),(#4624,#4625),(#4626,#4627),(#4628,#4629),(#4630,#4631),
(#4632,#4633),(#4634,#4635),(#4636,#4637),(#4638,#4639),(#4640,#4641),(#4642,
#4643),(#4644,#4645),(#4646,#4647),(#4648,#4649),(#4650,#4651),(#4652,#4653),
(#4654,#4655),(#4656,#4657),(#4658,#4659),(#4660,#4661),(#4662,#4663),(#4664,
#4665),(#4666,#4667),(#4668,#4669),(#4670,#4671),(#4672,#4673),(#4674,#4675),
(#4676,#4677),(#4678,#4679),(#4680,#4681),(#4682,#4683),(#4684,#4685),(#4686,
#4687),(#4688,#4689),(#4690,#4691),(#4692,#4693),(#4694,#4695),(#4696,#4697),
(#4698,#4699),(#4700,#4701),(#4702,#4703),(#4704,#4705),(#4706,#4707),(#4708,
#4709),(#4710,#4711),(#4712,#4713),(#4714,#4715),(#4716,#4717),(#4718,#4719),
(#4720,#4721),(#4722,#4723),(#4724,#4725),(#4726,#4727),(#4728,#4729),(#4730,
#4731),(#4732,#4733),(#4734,#4735),(#4736,#4737),(#4738,#4739),(#4740,#4741),
(#4742,#4743),(#4744,#4745),(#4746,#4747),(#4748,#4749),(#4750,#4751),(#4752,
#4753),(#4754,#4755),(#4756,#4757),(#4758,#4759),(#4760,#4761),(#4762,#4763),
(#4764,#4765),(#4766,#4767),(#4768,#4769),(#4770,#4771),(#4772,#4773),(#4774,
#4775),(#4776,#4777),(#4778,#4779),(#4780,#4781),(#4782,#4783),(#4784,#4785),
(#4786,#4787),(#4788,#4789),(#4790,#4791),(#4792,#4793),(#4794,#4795),(#4796,
#4797),(#4798,#4799),(#4800,#4801),(#4802,#4803),(#4804,#4805),(#4806,#4807),
(#4808,#4809),(#4810,#4811),(#4812,#4813),(#4814,#4815),(#4816,#4817),(#4818,
#4819),(#4820,#4821),(#4822,#4823),(#4824,#4825),(#4826,#4827),(#4828,#4829),
(#4830,#4831),(#4832,#4833),(#4834,#4835),(#4836,#4837),(#4838,#4839),(#4840,
#4841),(#4842,#4843),(#4844,#4845),(#4846,#4847),(#4848,#4849),(#4850,#4851),
(#4852,#4853),(#4854,#4855),(#4856,#4857),(#4858,#4859),(#4860,#4861),(#4862,
#4863),(#4864,#4865),(#4866,#4867),(#4868,#4869),(#4870,#4871),(#4872,#4873),
(#4874,#4875),(#4876,#4877),(#4878,#4879),(#4880,#4881),(#4882,#4883),(#4884,
#4885),(#4886,#4887),(#4888,#4889),(#4890,#4891),(#4892,#4893),(#4894,#4895),
(#4896,#4897),(#4898,#4899),(#4900,#4901),(#4902,#4903),(#4904,#4905),(#4906,
#4907),(#4908,#4909),(#4910,#4911),(#4912,#4913),(#4914,#4915),(#4916,#4917),
(#4918,#4919),(#4920,#4921),(#4922,#4923),(#4924,#4925),(#4926,#4927),(#4928,
#4929),(#4930,#4931),(#4932,#4933),(#4934,#4935),(#4936,#4937),(#4938,#4939),
(#4940,#4941),(#4942,#4943),(#4944,#4945),(#4946,#4947),(#4948,#4949),(#4950,
#4951),(#4952,#4953),(#4954,#4955),(#4956,#4957),(#4958,#4959),(#4960,#4961),
(#4962,#4963),(#4964,#4965),(#4966,#4967),(#4968,#4969),(#4970,#4971),(#4972,
#4973),(#4974,#4975),(#4976,#4977),(#4978,#4979),(#4980,#4981),(#4982,#4983),
(#4984,#4985),(#4986,#4987),(#4988,#4989),(#4990,#4991),(#4992,#4993),(#4994,
#4995),(#4996,#4997),(#4998,#4999),(#5000,#5001),(#5002,#5003),(#5004,#5005),
(#5006,#5007),(#5008,#5009),(#5010,#5011),(#5012,#5013),(#5014,#5015),(#5016,
#5017),(#5018,#5019),(#5020,#5021),(#5022,#5023),(#5024,#5025),(#5026,#5027),
(#5028,#5029),(#5030,#5031),(#5032,#5033),(#5034,#5035),(#5036,#5037),(#5038,
#5039),(#5040,#5041),(#5042,#5043),(#5044,#5045),(#5046,#5047),(#5048,#5049),
(#5050,#5051),(#5052,#5053),(#5054,#5055),(#5056,#5057),(#5058,#5059),(#5060,
#5061),(#5062,#5063),(#5064,#5065),(#5066,#5067),(#5068,#5069),(#5070,#5071),
(#5072,#5073),(#5074,#5075),(#5076,#5077),(#5078,#5079),(#5080,#5081),(#5082,
#5083),(#5084,#5085),(#5086,#5087),(#5088,#5089),(#5090,#5091),(#5092,#5093),
(#5094,#5095),(#5096,#5097),(#5098,#5099),(#5100,#5101),(#5102,#5103),(#5104,
#5105),(#5106,#5107),(#5108,#5109),(#5110,#5111),(#5112,#5113),(#5114,#5115),
(#5116,#5117),(#5118,#5119),(#5120,#5121),(#5122,#5123),(#5124,#5125),(#5126,
#5127),(#5128,#5129),(#5130,#5131),(#5132,#5133)),.UNSPECIFIED.,.T.,.F.,
 .F.)
B_SPLINE_SURFACE_WITH_KNOTS((6,1,1,1,1,1,1,1,1,1,1,1,1,1,1,1,1,1,1,1,1,
1,1,1,1,1,1,1,1,1,1,1,1,1,1,1,1,1,1,1,1,1,1,1,1,1,1,1,1,1,1,1,1,1,1,1,1,
1,1,1,1,1,1,1,1,1,1,1,1,1,1,1,1,1,1,1,1,1,1,1,1,1,1,1,1,1,1,1,1,1,1,1,1,
1,1,1,1,1,1,1,1,1,1,1,1,1,1,1,1,1,1,1,1,1,1,1,1,1,1,1,1,1,1,1,1,1,1,1,1,
1,1,1,1,1,1,1,1,1,1,1,1,1,1,1,1,1,1,1,1,1,1,1,1,1,1,1,1,1,1,1,1,1,1,1,1,
1,1,1,1,1,1,1,1,1,1,1,1,1,1,1,1,1,1,1,1,1,1,1,1,1,1,1,1,1,1,1,1,1,1,1,1,
1,1,1,1,1,1,1,1,1,1,1,1,1,1,1,1,1,1,1,1,1,1,1,1,1,1,1,1,1,1,1,1,1,1,1,1,
1,1,1,1,1,1,1,1,1,1,1,1,1,1,1,1,1,1,1,1,1,1,1,1,1,1,1,1,1,1,1,1,1,1,1,1,
1,1,1,1,1,1,1,1,1,1,1,1,1,1,1,1,1,1,1,1,1,1,1,1,1,1,1,1,1,1,1,1,1,1,1,1,
1,1,1,1,1,1,1,1,1,1,1,1,1,1,1,1,1,1,1,1,1,1,1,1,1,1,1,1,1,1,1,1,1,1,1,1,
1,1,1,1,1,1,1,1,1,1,1,1,1,1,1,1,1,1,1,1,1,1,1,1,1,1,1,1,1,1,1,1,1,1,1,1,
1,1,1,1,1,1,1,1,1,1,1,1,1,1,1,1,1,1,1,1,1,1,1,1,1,1,1,1,1,1,1,1,1,1,1,1,
1,1,1,1,1,1,1,1,1,1,1,1,1,1,1,1,1,1,1,1,1,1,1,1,1,1,1,1,1,1,1,1,1,1,1,1,
1,1,1,1,1,1,1,1,1,1,1,1,1,1,1,1,1,1,1,1,1,1,1,1,1,1,1,1,1,1,1,1,1,1,1,1,
1,1,1,1,1,1,1,1,1,1,1,1,1,1,1,1,1,1,1,1,1,1,1,1,1,1,1,1,1,1,1,1,1,1,1,1,
1,1,1,1,1,1,1,1,1,1,1,1,1,1,1,1,1,1,1,1,1,1,1,1,1,1,1,1,1,1,1,1,1,1,1,1,
1,1,1,1,1,1,1,1,1,1,1,1,1,1,1,1,1,1,1,1,1,1,1,1,1,1,1,1,1,1,1,1,1,1,1,1,
1,1,1,1,1,1,1,1,1,1,1,1,1,1,1,1,1,1,1,1,1,1,1,1,1,1,1,1,1,1,1,1,1,1,1,1,
1,1,1,1,1,1,1,1,1,1,1,1,1,1,1,1,1,1,1,1,1,1,1,1,1,1,1,1,1,1,1,1,1,1,1,1,
1,1,1,1,1,1,1,1,1,1,1,1,1,1,1,1,1,1,1,1,1,1,1,1,1,1,1,1,1,1,1,1,1,1,1,1,
1,1,1,1,1,1,1,1,1,1,1,1,1,1,1,1,1,1,1,1,1,1,1,1,1,1,1,1,1,1,1,1,1,1,1,1,
1,1,1,1,1,1,1,1,1,1,1,1,1,1,1,1,1,1,1,1,1,1,1,1,1,1,1,1,1,1,1,1,1,1,1,1,
1,1,1,1,1,1,1,1,1,1,1,1,1,1,1,1,1,1,1,1,1,1,1,1,1,1,1,1,1,1,1,1,1,1,1,1,
1,1,1,1,1,1,1,1,1,1,1,1,1,1,1,1,1,1,1,1,1,1,1,1,1,1,1,1,1,1,1,1,1,1,1,1,
1,1,1,1,1,1,1,1,1,1,1,1,1,1,1,1,1,1,1,1,1,1,1,1,1,1,1,1,1,1,1,1,1,1,1,1,
1,1,1,1,1,1,1,1,1,1,1,1,1,1,1,1,1,1,1,1,1,1,1,1,1,1,1,1,1,1,1,1,1,1,1,1,
1,1,1,1,1,1,1,1,1,1,1,1,1,1,1,1,1,1,1,1,1,1,1,1,1,1,1,1,1,1,1,1,1,1,1,1,
1,1,1,1,1,1,1,1,1,1,1,1,1,1,1,1,1,1,1,1,1,1,1,1,1,1,1,1,1,1,1,1,1,1,1,1,
1,1,1,1,1,1,1,1,1,1,1,1,1,1,1,1,1,1,1,1,1,1,1,1,1,1,1,1,1,1,1,1,1,1,1,1,
1,1,1,1,1,1,1,1,1,1,1,1,1,1,1,1,1,1,1,1,1,1,1,1,1,1,1,1,1,1,1,1,1,1,1,1,
1,1,1,1,1,1,1,1,1,1,1,1,1,1,1,1,1,1,1,1,1,1,1,1,1,1,1,1,1,1,1,1,1,1,1,1,
1,1,1,1,1,1,1,1,1,1,1,1,1,1,1,1,1,1,1,1,1,1,1,1,1,1,1,1,1,1,1,1,1,1,1,1,
1,1,1,1,1,1,1,1,1,1,1,1,1,1,1,1,1,1,1,1,1,1,1,1,1,1,1,1,1,1,1,1,1,1,1,1,
1,1,1,1,1,1,1,1,1,1,1,1,1,1,1,1,1,1,1,1,1,1,1,1,1,1,1,1,1,1,1,1,1,1,1,1,
1,1,1,1,1,1,1,1,1,1,1,1,1,1,1,1,1,1,1,1,1,1,1,1,1,1,1,1,1,1,1,1,1,1,1,1,
1,1,1,1,1,1,1,1,1,1,1,1,1,1,1,1,1,1,1,1,1,1,1,1,1,1,1,1,1,1,1,1,1,1,1,1,
1,1,1,1,1,1,1,1,1,1,1,1,1,1,1,1,1,1,1,1,1,1,1,1,1,1,1,1,1,1,1,1,1,1,1,1,
1,1,1,1,1,1,1,1,1,1,1,1,1,1,1,1,1,1,1,1,1,1,1,1,1,1,1,1,1,1,1,1,1,1,1,1,
1,1,6),(2,2),(0.,0.000738007380073801,0.0014760147601476,0.0022140221402214,
0.0029520295202952,0.003690036900369,0.0044280442804428,0.0051660516605166,
0.00590405904059041,0.00664206642066421,0.00738007380073801,0.00811808118081181,
0.00885608856088561,0.00959409594095941,0.0103321033210332,0.011070110701107,
0.0118081180811808,0.0125461254612546,0.0132841328413284,0.0140221402214022,
0.014760147601476,0.0154981549815498,0.0162361623616236,0.0169741697416974,
0.0177121771217712,0.018450184501845,0.0191881918819188,0.0199261992619926,
0.0206642066420664,0.0214022140221402,0.022140221402214,0.0228782287822878,
0.0236162361623616,0.0243542435424354,0.0250922509225092,0.025830258302583,
0.0265682656826568,0.0273062730627306,0.0280442804428044,0.0287822878228782,
0.029520295202952,0.0302583025830258,0.0309963099630996,0.0317343173431734,
0.0324723247232472,0.033210332103321,0.0339483394833948,0.0346863468634686,
0.0354243542435424,0.0361623616236162,0.03690036900369,0.0376383763837638,
0.0383763837638376,0.0391143911439114,0.0398523985239852,0.040590405904059,
0.0413284132841328,0.0420664206642066,0.0428044280442804,0.0435424354243542,
0.044280442804428,0.0450184501845018,0.0457564575645756,0.0464944649446494,
0.0472324723247232,0.047970479704797,0.0487084870848708,0.0494464944649446,
0.0501845018450184,0.0509225092250922,0.051660516605166,0.0523985239852398,
0.0531365313653136,0.0538745387453874,0.0546125461254612,0.055350553505535,
0.0560885608856088,0.0568265682656826,0.0575645756457564,0.0583025830258302,
0.059040590405904,0.0597785977859778,0.0605166051660516,0.0612546125461254,
0.0619926199261992,0.0627306273062729,0.0634686346863468,0.0642066420664206,
0.0649446494464944,0.0656826568265682,0.066420664206642,0.0671586715867158,
0.0678966789667896,0.0686346863468634,0.0693726937269372,0.070110701107011,
0.0708487084870848,0.0715867158671586,0.0723247232472324,0.0730627306273062,
0.07380073800738,0.0745387453874538,0.0752767527675276,0.0760147601476014,
0.0767527675276752,0.077490774907749,0.0782287822878228,0.0789667896678967,
0.0797047970479705,0.0804428044280443,0.0811808118081181,0.0819188191881919,
0.0826568265682657,0.0833948339483395,0.0841328413284133,0.0848708487084871,
0.0856088560885609,0.0863468634686347,0.0870848708487085,0.0878228782287823,
0.0885608856088561,0.0892988929889299,0.0900369003690037,0.0907749077490775,
0.0915129151291513,0.0922509225092251,0.0929889298892989,0.0937269372693727,
0.0944649446494465,0.0952029520295204,0.0959409594095942,0.096678966789668,
0.0974169741697418,0.0981549815498156,0.0988929889298894,0.0996309963099632,
0.100369003690037,0.101107011070111,0.101845018450185,0.102583025830258,
0.103321033210332,0.104059040590406,0.10479704797048,0.105535055350554,
0.106273062730627,0.107011070110701,0.107749077490775,0.108487084870849,
0.109225092250923,0.109963099630996,0.11070110701107,0.111439114391144,
0.112177121771218,0.112915129151292,0.113653136531365,0.114391143911439,
0.115129151291513,0.115867158671587,0.116605166051661,0.117343173431734,
0.118081180811808,0.118819188191882,0.119557195571956,0.12029520295203,
0.121033210332104,0.121771217712177,0.122509225092251,0.123247232472325,
0.123985239852399,0.124723247232473,0.125461254612546,0.12619926199262,
0.126937269372694,0.127675276752768,0.128413284132842,0.129151291512915,
0.129889298892989,0.130627306273063,0.131365313653137,0.13210332103321,
0.132841328413284,0.133579335793358,0.134317343173432,0.135055350553506,
0.135793357933579,0.136531365313653,0.137269372693727,0.138007380073801,
0.138745387453875,0.139483394833948,0.140221402214022,0.140959409594096,
0.14169741697417,0.142435424354244,0.143173431734317,0.143911439114391,
0.144649446494465,0.145387453874539,0.146125461254612,0.146863468634686,
0.14760147601476,0.148339483394834,0.149077490774908,0.149815498154981,
0.150553505535055,0.151291512915129,0.152029520295203,0.152767527675277,
0.15350553505535,0.154243542435424,0.154981549815498,0.155719557195572,
0.156457564575646,0.157195571955719,0.157933579335793,0.158671586715867,
0.159409594095941,0.160147601476015,0.160885608856088,0.161623616236162,
0.162361623616236,0.16309963099631,0.163837638376383,0.164575645756457,
0.165313653136531,0.166051660516605,0.166789667896679,0.167527675276752,
0.168265682656826,0.1690036900369,0.169741697416974,0.170479704797048,0.171217712177121,
0.171955719557195,0.172693726937269,0.173431734317343,0.174169741697417,
0.17490774907749,0.175645756457564,0.176383763837638,0.177121771217712,
0.177859778597785,0.178597785977859,0.179335793357933,0.180073800738007,
0.180811808118081,0.181549815498154,0.182287822878228,0.183025830258302,
0.183763837638376,0.18450184501845,0.185239852398523,0.185977859778597,
0.186715867158671,0.187453874538745,0.188191881918819,0.188929889298892,
0.189667896678966,0.19040590405904,0.191143911439114,0.191881918819188,
0.192619926199261,0.193357933579335,0.194095940959409,0.194833948339483,
0.195571955719556,0.19630996309963,0.197047970479704,0.197785977859778,
0.198523985239852,0.199261992619925,0.199999999999999,0.200738007380073,
0.201476014760147,0.202214022140221,0.202952029520294,0.203690036900368,
0.204428044280442,0.205166051660516,0.20590405904059,0.206642066420663,
0.207380073800737,0.208118081180811,0.208856088560885,0.209594095940958,
0.210332103321032,0.211070110701106,0.21180811808118,0.212546125461254,
0.213284132841327,0.214022140221401,0.214760147601475,0.215498154981549,
0.216236162361623,0.216974169741696,0.21771217712177,0.218450184501844,
0.219188191881918,0.219926199261992,0.220664206642065,0.221402214022139,
0.222140221402213,0.222878228782287,0.223616236162361,0.224354243542434,
0.225092250922508,0.225830258302582,0.226568265682656,0.227306273062729,
0.228044280442803,0.228782287822877,0.229520295202951,0.230258302583025,
0.230996309963098,0.231734317343172,0.232472324723246,0.23321033210332,
0.233948339483394,0.234686346863467,0.235424354243541,0.236162361623615,
0.236900369003689,0.237638376383763,0.238376383763836,0.23911439114391,
0.239852398523984,0.240590405904058,0.241328413284131,0.242066420664205,
0.242804428044279,0.243542435424353,0.244280442804427,0.2450184501845,0.245756457564574,
0.246494464944648,0.247232472324722,0.247970479704796,0.248708487084869,
0.249446494464943,0.250184501845017,0.250922509225091,0.251660516605165,
0.252398523985238,0.253136531365312,0.253874538745386,0.25461254612546,
0.255350553505534,0.256088560885607,0.256826568265681,0.257564575645755,
0.258302583025829,0.259040590405902,0.259778597785976,0.26051660516605,
0.261254612546124,0.261992619926198,0.262730627306271,0.263468634686345,
0.264206642066419,0.264944649446493,0.265682656826567,0.26642066420664,
0.267158671586714,0.267896678966788,0.268634686346862,0.269372693726936,
0.270110701107009,0.270848708487083,0.271586715867157,0.272324723247231,
0.273062730627305,0.273800738007378,0.274538745387452,0.275276752767526,
0.2760147601476,0.276752767527673,0.277490774907747,0.278228782287821,0.278966789667895,
0.279704797047969,0.280442804428042,0.281180811808116,0.28191881918819,
0.282656826568264,0.283394833948338,0.284132841328411,0.284870848708485,
0.285608856088559,0.286346863468633,0.287084870848707,0.28782287822878,
0.288560885608854,0.289298892988928,0.290036900369002,0.290774907749075,
0.291512915129149,0.292250922509223,0.292988929889297,0.293726937269371,
0.294464944649444,0.295202952029518,0.295940959409592,0.296678966789666,
0.29741697416974,0.298154981549813,0.298892988929887,0.299630996309961,
0.300369003690035,0.301107011070109,0.301845018450182,0.302583025830256,
0.30332103321033,0.304059040590404,0.304797047970478,0.305535055350551,
0.306273062730625,0.307011070110699,0.307749077490773,0.308487084870846,
0.30922509225092,0.309963099630994,0.310701107011068,0.311439114391142,
0.312177121771215,0.312915129151289,0.313653136531363,0.314391143911437,
0.315129151291511,0.315867158671584,0.316605166051658,0.317343173431732,
0.318081180811806,0.31881918819188,0.319557195571953,0.320295202952027,
0.321033210332101,0.321771217712175,0.322509225092248,0.323247232472322,
0.323985239852396,0.32472324723247,0.325461254612544,0.326199261992617,
0.326937269372691,0.327675276752765,0.328413284132839,0.329151291512913,
0.329889298892986,0.33062730627306,0.331365313653134,0.332103321033208,
0.332841328413282,0.333579335793355,0.334317343173429,0.335055350553503,
0.335793357933577,0.336531365313651,0.337269372693724,0.338007380073798,
0.338745387453872,0.339483394833946,0.340221402214019,0.340959409594093,
0.341697416974167,0.342435424354241,0.343173431734315,0.343911439114388,
0.344649446494462,0.345387453874536,0.34612546125461,0.346863468634684,
0.347601476014757,0.348339483394831,0.349077490774905,0.349815498154979,
0.350553505535053,0.351291512915126,0.3520295202952,0.352767527675274,0.353505535055348,
0.354243542435421,0.354981549815495,0.355719557195569,0.356457564575643,
0.357195571955717,0.35793357933579,0.358671586715864,0.359409594095938,
0.360147601476012,0.360885608856086,0.361623616236159,0.362361623616233,
0.363099630996307,0.363837638376381,0.364575645756455,0.365313653136528,
0.366051660516602,0.366789667896676,0.36752767527675,0.368265682656824,
0.369003690036897,0.369741697416971,0.370479704797045,0.371217712177119,
0.371955719557192,0.372693726937266,0.37343173431734,0.374169741697414,
0.374907749077488,0.375645756457561,0.376383763837635,0.377121771217709,
0.377859778597783,0.378597785977857,0.37933579335793,0.380073800738004,
0.380811808118078,0.381549815498152,0.382287822878226,0.383025830258299,
0.383763837638373,0.384501845018447,0.385239852398521,0.385977859778595,
0.386715867158668,0.387453874538742,0.388191881918816,0.38892988929889,
0.389667896678963,0.390405904059037,0.391143911439111,0.391881918819185,
0.392619926199259,0.393357933579332,0.394095940959406,0.39483394833948,
0.395571955719554,0.396309963099628,0.397047970479701,0.397785977859775,
0.398523985239849,0.399261992619923,0.399999999999997,0.40073800738007,
0.401476014760144,0.402214022140218,0.402952029520292,0.403690036900365,
0.404428044280439,0.405166051660513,0.405904059040587,0.406642066420661,
0.407380073800734,0.408118081180808,0.408856088560882,0.409594095940956,
0.41033210332103,0.411070110701103,0.411808118081177,0.412546125461251,
0.413284132841325,0.414022140221399,0.414760147601472,0.415498154981546,
0.41623616236162,0.416974169741694,0.417712177121768,0.418450184501841,
0.419188191881915,0.419926199261989,0.420664206642063,0.421402214022136,
0.42214022140221,0.422878228782284,0.423616236162358,0.424354243542432,
0.425092250922505,0.425830258302579,0.426568265682653,0.427306273062727,
0.428044280442801,0.428782287822874,0.429520295202948,0.430258302583022,
0.430996309963096,0.43173431734317,0.432472324723243,0.433210332103317,
0.433948339483391,0.434686346863465,0.435424354243538,0.436162361623612,
0.436900369003686,0.43763837638376,0.438376383763834,0.439114391143907,
0.439852398523981,0.440590405904055,0.441328413284129,0.442066420664203,
0.442804428044276,0.44354243542435,0.444280442804424,0.445018450184498,
0.445756457564572,0.446494464944645,0.447232472324719,0.447970479704793,
0.448708487084867,0.449446494464941,0.450184501845014,0.450922509225088,
0.451660516605162,0.452398523985236,0.453136531365309,0.453874538745383,
0.454612546125457,0.455350553505531,0.456088560885605,0.456826568265678,
0.457564575645752,0.458302583025826,0.4590405904059,0.459778597785974,0.460516605166047,
0.461254612546121,0.461992619926195,0.462730627306269,0.463468634686343,
0.464206642066416,0.46494464944649,0.465682656826564,0.466420664206638,
0.467158671586711,0.467896678966785,0.468634686346859,0.469372693726933,
0.470110701107007,0.47084870848708,0.471586715867154,0.472324723247228,
0.473062730627302,0.473800738007376,0.474538745387449,0.475276752767523,
0.476014760147597,0.476752767527671,0.477490774907745,0.478228782287818,
0.478966789667892,0.479704797047966,0.48044280442804,0.481180811808114,
0.481918819188187,0.482656826568261,0.483394833948335,0.484132841328409,
0.484870848708482,0.485608856088556,0.48634686346863,0.487084870848704,
0.487822878228778,0.488560885608851,0.489298892988925,0.490036900368999,
0.490774907749073,0.491512915129147,0.49225092250922,0.492988929889294,
0.493726937269368,0.494464944649442,0.495202952029516,0.495940959409589,
0.496678966789663,0.497416974169737,0.498154981549811,0.498892988929884,
0.499630996309958,0.500369003690032,0.501107011070106,0.50184501845018,
0.502583025830253,0.503321033210327,0.504059040590401,0.504797047970475,
0.505535055350549,0.506273062730622,0.507011070110696,0.50774907749077,
0.508487084870844,0.509225092250918,0.509963099630991,0.510701107011065,
0.511439114391139,0.512177121771213,0.512915129151287,0.51365313653136,
0.514391143911434,0.515129151291508,0.515867158671582,0.516605166051656,
0.517343173431729,0.518081180811803,0.518819188191877,0.519557195571951,
0.520295202952024,0.521033210332098,0.521771217712172,0.522509225092246,
0.52324723247232,0.523985239852393,0.524723247232467,0.525461254612541,
0.526199261992615,0.526937269372689,0.527675276752762,0.528413284132836,
0.52915129151291,0.529889298892984,0.530627306273058,0.531365313653131,
0.532103321033205,0.532841328413279,0.533579335793353,0.534317343173426,
0.5350553505535,0.535793357933574,0.536531365313648,0.537269372693722,0.538007380073795,
0.538745387453869,0.539483394833943,0.540221402214017,0.540959409594091,
0.541697416974164,0.542435424354238,0.543173431734312,0.543911439114386,
0.54464944649446,0.545387453874533,0.546125461254607,0.546863468634681,
0.547601476014755,0.548339483394829,0.549077490774902,0.549815498154976,
0.55055350553505,0.551291512915124,0.552029520295197,0.552767527675271,
0.553505535055345,0.554243542435419,0.554981549815493,0.555719557195566,
0.55645756457564,0.557195571955714,0.557933579335788,0.558671586715862,
0.559409594095935,0.560147601476009,0.560885608856083,0.561623616236157,
0.562361623616231,0.563099630996304,0.563837638376378,0.564575645756452,
0.565313653136526,0.566051660516599,0.566789667896673,0.567527675276747,
0.568265682656821,0.569003690036895,0.569741697416968,0.570479704797042,
0.571217712177116,0.57195571955719,0.572693726937264,0.573431734317337,
0.574169741697411,0.574907749077485,0.575645756457559,0.576383763837633,
0.577121771217706,0.57785977859778,0.578597785977854,0.579335793357928,
0.580073800738002,0.580811808118075,0.581549815498149,0.582287822878223,
0.583025830258297,0.58376383763837,0.584501845018444,0.585239852398518,
0.585977859778592,0.586715867158666,0.587453874538739,0.588191881918813,
0.588929889298887,0.589667896678961,0.590405904059035,0.591143911439108,
0.591881918819182,0.592619926199256,0.59335793357933,0.594095940959404,
0.594833948339477,0.595571955719551,0.596309963099625,0.597047970479699,
0.597785977859772,0.598523985239846,0.59926199261992,0.599999999999994,
0.600738007380068,0.601476014760141,0.602214022140215,0.602952029520289,
0.603690036900363,0.604428044280437,0.60516605166051,0.605904059040584,
0.606642066420658,0.607380073800732,0.608118081180806,0.608856088560879,
0.609594095940953,0.610332103321027,0.611070110701101,0.611808118081175,
0.612546125461248,0.613284132841322,0.614022140221396,0.61476014760147,
0.615498154981543,0.616236162361617,0.616974169741691,0.617712177121765,
0.618450184501839,0.619188191881912,0.619926199261986,0.62066420664206,
0.621402214022134,0.622140221402208,0.622878228782281,0.623616236162355,
0.624354243542429,0.625092250922503,0.625830258302577,0.62656826568265,
0.627306273062724,0.628044280442798,0.628782287822872,0.629520295202946,
0.630258302583019,0.630996309963093,0.631734317343167,0.632472324723241,
0.633210332103314,0.633948339483388,0.634686346863462,0.635424354243536,
0.63616236162361,0.636900369003683,0.637638376383757,0.638376383763831,
0.639114391143905,0.639852398523979,0.640590405904052,0.641328413284126,
0.6420664206642,0.642804428044274,0.643542435424348,0.644280442804421,0.645018450184495,
0.645756457564569,0.646494464944643,0.647232472324716,0.64797047970479,
0.648708487084864,0.649446494464938,0.650184501845012,0.650922509225085,
0.651660516605159,0.652398523985233,0.653136531365307,0.653874538745381,
0.654612546125454,0.655350553505528,0.656088560885602,0.656826568265676,
0.65756457564575,0.658302583025823,0.659040590405897,0.659778597785971,
0.660516605166045,0.661254612546119,0.661992619926192,0.662730627306266,
0.66346863468634,0.664206642066414,0.664944649446487,0.665682656826561,
0.666420664206635,0.667158671586709,0.667896678966783,0.668634686346856,
0.66937269372693,0.670110701107004,0.670848708487078,0.671586715867152,
0.672324723247225,0.673062730627299,0.673800738007373,0.674538745387447,
0.675276752767521,0.676014760147594,0.676752767527668,0.677490774907742,
0.678228782287816,0.678966789667889,0.679704797047963,0.680442804428037,
0.681180811808111,0.681918819188185,0.682656826568258,0.683394833948332,
0.684132841328406,0.68487084870848,0.685608856088554,0.686346863468627,
0.687084870848701,0.687822878228775,0.688560885608849,0.689298892988923,
0.690036900368996,0.69077490774907,0.691512915129144,0.692250922509218,
0.692988929889292,0.693726937269365,0.694464944649439,0.695202952029513,
0.695940959409587,0.69667896678966,0.697416974169734,0.698154981549808,
0.698892988929882,0.699630996309956,0.700369003690029,0.701107011070103,
0.701845018450177,0.702583025830251,0.703321033210325,0.704059040590398,
0.704797047970472,0.705535055350546,0.70627306273062,0.707011070110694,
0.707749077490767,0.708487084870841,0.709225092250915,0.709963099630989,
0.710701107011062,0.711439114391136,0.71217712177121,0.712915129151284,
0.713653136531358,0.714391143911431,0.715129151291505,0.715867158671579,
0.716605166051653,0.717343173431727,0.7180811808118,0.718819188191874,0.719557195571948,
0.720295202952022,0.721033210332096,0.721771217712169,0.722509225092243,
0.723247232472317,0.723985239852391,0.724723247232465,0.725461254612538,
0.726199261992612,0.726937269372686,0.72767527675276,0.728413284132833,
0.729151291512907,0.729889298892981,0.730627306273055,0.731365313653129,
0.732103321033202,0.732841328413276,0.73357933579335,0.734317343173424,
0.735055350553498,0.735793357933571,0.736531365313645,0.737269372693719,
0.738007380073793,0.738745387453867,0.73948339483394,0.740221402214014,
0.740959409594088,0.741697416974162,0.742435424354235,0.743173431734309,
0.743911439114383,0.744649446494457,0.745387453874531,0.746125461254604,
0.746863468634678,0.747601476014752,0.748339483394826,0.7490774907749,0.749815498154973,
0.750553505535047,0.751291512915121,0.752029520295195,0.752767527675269,
0.753505535055342,0.754243542435416,0.75498154981549,0.755719557195564,
0.756457564575638,0.757195571955711,0.757933579335785,0.758671586715859,
0.759409594095933,0.760147601476006,0.76088560885608,0.761623616236154,
0.762361623616228,0.763099630996302,0.763837638376375,0.764575645756449,
0.765313653136523,0.766051660516597,0.766789667896671,0.767527675276744,
0.768265682656818,0.769003690036892,0.769741697416966,0.77047970479704,
0.771217712177113,0.771955719557187,0.772693726937261,0.773431734317335,
0.774169741697408,0.774907749077482,0.775645756457556,0.77638376383763,
0.777121771217704,0.777859778597777,0.778597785977851,0.779335793357925,
0.780073800737999,0.780811808118073,0.781549815498146,0.78228782287822,
0.783025830258294,0.783763837638368,0.784501845018442,0.785239852398515,
0.785977859778589,0.786715867158663,0.787453874538737,0.788191881918811,
0.788929889298884,0.789667896678958,0.790405904059032,0.791143911439106,
0.791881918819179,0.792619926199253,0.793357933579327,0.794095940959401,
0.794833948339475,0.795571955719548,0.796309963099622,0.797047970479696,
0.79778597785977,0.798523985239844,0.799261992619917,0.799999999999991,
0.800738007380065,0.801476014760139,0.802214022140213,0.802952029520286,
0.80369003690036,0.804428044280434,0.805166051660508,0.805904059040581,
0.806642066420655,0.807380073800729,0.808118081180803,0.808856088560877,
0.80959409594095,0.810332103321024,0.811070110701098,0.811808118081172,
0.812546125461246,0.813284132841319,0.814022140221393,0.814760147601467,
0.815498154981541,0.816236162361615,0.816974169741688,0.817712177121762,
0.818450184501836,0.81918819188191,0.819926199261984,0.820664206642057,
0.821402214022131,0.822140221402205,0.822878228782279,0.823616236162352,
0.824354243542426,0.8250922509225,0.825830258302574,0.826568265682648,0.827306273062721,
0.828044280442795,0.828782287822869,0.829520295202943,0.830258302583017,
0.83099630996309,0.831734317343164,0.832472324723238,0.833210332103312,
0.833948339483386,0.834686346863459,0.835424354243533,0.836162361623607,
0.836900369003681,0.837638376383754,0.838376383763828,0.839114391143902,
0.839852398523976,0.84059040590405,0.841328413284123,0.842066420664197,
0.842804428044271,0.843542435424345,0.844280442804419,0.845018450184492,
0.845756457564566,0.84649446494464,0.847232472324714,0.847970479704788,
0.848708487084861,0.849446494464935,0.850184501845009,0.850922509225083,
0.851660516605157,0.85239852398523,0.853136531365304,0.853874538745378,
0.854612546125452,0.855350553505525,0.856088560885599,0.856826568265673,
0.857564575645747,0.858302583025821,0.859040590405894,0.859778597785968,
0.860516605166042,0.861254612546116,0.86199261992619,0.862730627306263,
0.863468634686337,0.864206642066411,0.864944649446485,0.865682656826559,
0.866420664206632,0.867158671586706,0.86789667896678,0.868634686346854,
0.869372693726927,0.870110701107001,0.870848708487075,0.871586715867149,
0.872324723247223,0.873062730627296,0.87380073800737,0.874538745387444,
0.875276752767518,0.876014760147592,0.876752767527665,0.877490774907739,
0.878228782287813,0.878966789667887,0.879704797047961,0.880442804428034,
0.881180811808108,0.881918819188182,0.882656826568256,0.88339483394833,
0.884132841328403,0.884870848708477,0.885608856088551,0.886346863468625,
0.887084870848698,0.887822878228772,0.888560885608846,0.88929889298892,
0.890036900368994,0.890774907749067,0.891512915129141,0.892250922509215,
0.892988929889289,0.893726937269363,0.894464944649436,0.89520295202951,
0.895940959409584,0.896678966789658,0.897416974169732,0.898154981549805,
0.898892988929879,0.899630996309953,0.900369003690027,0.9011070110701,0.901845018450174,
0.902583025830248,0.903321033210322,0.904059040590396,0.904797047970469,
0.905535055350543,0.906273062730617,0.907011070110691,0.907749077490765,
0.908487084870838,0.909225092250912,0.909963099630986,0.91070110701106,
0.911439114391134,0.912177121771207,0.912915129151281,0.913653136531355,
0.914391143911429,0.915129151291503,0.915867158671576,0.91660516605165,
0.917343173431724,0.918081180811798,0.918819188191871,0.919557195571945,
0.920295202952019,0.921033210332093,0.921771217712167,0.92250922509224,
0.923247232472314,0.923985239852388,0.924723247232462,0.925461254612536,
0.926199261992609,0.926937269372683,0.927675276752757,0.928413284132831,
0.929151291512905,0.929889298892978,0.930627306273052,0.931365313653126,
0.9321033210332,0.932841328413273,0.933579335793347,0.934317343173421,0.935055350553495,
0.935793357933569,0.936531365313642,0.937269372693716,0.93800738007379,
0.938745387453864,0.939483394833938,0.940221402214011,0.940959409594085,
0.941697416974159,0.942435424354233,0.943173431734307,0.94391143911438,
0.944649446494454,0.945387453874528,0.946125461254602,0.946863468634676,
0.947601476014749,0.948339483394823,0.949077490774897,0.949815498154971,
0.950553505535044,0.951291512915118,0.952029520295192,0.952767527675266,
0.95350553505534,0.954243542435413,0.954981549815487,0.955719557195561,
0.956457564575635,0.957195571955709,0.957933579335782,0.958671586715856,
0.95940959409593,0.960147601476004,0.960885608856078,0.961623616236151,
0.962361623616225,0.963099630996299,0.963837638376373,0.964575645756446,
0.96531365313652,0.966051660516594,0.966789667896668,0.967527675276742,
0.968265682656815,0.969003690036889,0.969741697416963,0.970479704797037,
0.971217712177111,0.971955719557184,0.972693726937258,0.973431734317332,
0.974169741697406,0.97490774907748,0.975645756457553,0.976383763837627,
0.977121771217701,0.977859778597775,0.978597785977849,0.979335793357922,
0.980073800737996,0.98081180811807,0.981549815498144,0.982287822878217,
0.983025830258291,0.983763837638365,0.984501845018439,0.985239852398513,
0.985977859778586,0.98671586715866,0.987453874538734,0.988191881918808,
0.988929889298882,0.989667896678955,0.990405904059029,0.991143911439103,
0.991881918819177,0.992619926199251,0.993357933579324,0.994095940959398,
0.994833948339472,0.995571955719546,0.996309963099619,0.997047970479693,
0.997785977859767,0.998523985239841,0.999261992619915,1.),(0.,0.1),
 .UNSPECIFIED.)
GEOMETRIC_REPRESENTATION_ITEM()
RATIONAL_B_SPLINE_SURFACE(((1.,1.),(1.,1.),(1.,1.),(1.,1.),(1.,1.),(1.,
1.),(1.,1.),(1.,1.),(1.,1.),(1.,1.),(1.,1.),(1.,1.),(1.,1.),(1.,1.),(1.,
1.),(1.,1.),(1.,1.),(1.,1.),(1.,1.),(1.,1.),(1.,1.),(1.,1.),(1.,1.),(1.,
1.),(1.,1.),(1.,1.),(1.,1.),(1.,1.),(1.,1.),(1.,1.),(1.,1.),(1.,1.),(1.,
1.),(1.,1.),(1.,1.),(1.,1.),(1.,1.),(1.,1.),(1.,1.),(1.,1.),(1.,1.),(1.,
1.),(1.,1.),(1.,1.),(1.,1.),(1.,1.),(1.,1.),(1.,1.),(1.,1.),(1.,1.),(1.,
1.),(1.,1.),(1.,1.),(1.,1.),(1.,1.),(1.,1.),(1.,1.),(1.,1.),(1.,1.),(1.,
1.),(1.,1.),(1.,1.),(1.,1.),(1.,1.),(1.,1.),(1.,1.),(1.,1.),(1.,1.),(1.,
1.),(1.,1.),(1.,1.),(1.,1.),(1.,1.),(1.,1.),(1.,1.),(1.,1.),(1.,1.),(1.,
1.),(1.,1.),(1.,1.),(1.,1.),(1.,1.),(1.,1.),(1.,1.),(1.,1.),(1.,1.),(1.,
1.),(1.,1.),(1.,1.),(1.,1.),(1.,1.),(1.,1.),(1.,1.),(1.,1.),(1.,1.),(1.,
1.),(1.,1.),(1.,1.),(1.,1.),(1.,1.),(1.,1.),(1.,1.),(1.,1.),(1.,1.),(1.,
1.),(1.,1.),(1.,1.),(1.,1.),(1.,1.),(1.,1.),(1.,1.),(1.,1.),(1.,1.),(1.,
1.),(1.,1.),(1.,1.),(1.,1.),(1.,1.),(1.,1.),(1.,1.),(1.,1.),(1.,1.),(1.,
1.),(1.,1.),(1.,1.),(1.,1.),(1.,1.),(1.,1.),(1.,1.),(1.,1.),(1.,1.),(1.,
1.),(1.,1.),(1.,1.),(1.,1.),(1.,1.),(1.,1.),(1.,1.),(1.,1.),(1.,1.),(1.,
1.),(1.,1.),(1.,1.),(1.,1.),(1.,1.),(1.,1.),(1.,1.),(1.,1.),(1.,1.),(1.,
1.),(1.,1.),(1.,1.),(1.,1.),(1.,1.),(1.,1.),(1.,1.),(1.,1.),(1.,1.),(1.,
1.),(1.,1.),(1.,1.),(1.,1.),(1.,1.),(1.,1.),(1.,1.),(1.,1.),(1.,1.),(1.,
1.),(1.,1.),(1.,1.),(1.,1.),(1.,1.),(1.,1.),(1.,1.),(1.,1.),(1.,1.),(1.,
1.),(1.,1.),(1.,1.),(1.,1.),(1.,1.),(1.,1.),(1.,1.),(1.,1.),(1.,1.),(1.,
1.),(1.,1.),(1.,1.),(1.,1.),(1.,1.),(1.,1.),(1.,1.),(1.,1.),(1.,1.),(1.,
1.),(1.,1.),(1.,1.),(1.,1.),(1.,1.),(1.,1.),(1.,1.),(1.,1.),(1.,1.),(1.,
1.),(1.,1.),(1.,1.),(1.,1.),(1.,1.),(1.,1.),(1.,1.),(1.,1.),(1.,1.),(1.,
1.),(1.,1.),(1.,1.),(1.,1.),(1.,1.),(1.,1.),(1.,1.),(1.,1.),(1.,1.),(1.,
1.),(1.,1.),(1.,1.),(1.,1.),(1.,1.),(1.,1.),(1.,1.),(1.,1.),(1.,1.),(1.,
1.),(1.,1.),(1.,1.),(1.,1.),(1.,1.),(1.,1.),(1.,1.),(1.,1.),(1.,1.),(1.,
1.),(1.,1.),(1.,1.),(1.,1.),(1.,1.),(1.,1.),(1.,1.),(1.,1.),(1.,1.),(1.,
1.),(1.,1.),(1.,1.),(1.,1.),(1.,1.),(1.,1.),(1.,1.),(1.,1.),(1.,1.),(1.,
1.),(1.,1.),(1.,1.),(1.,1.),(1.,1.),(1.,1.),(1.,1.),(1.,1.),(1.,1.),(1.,
1.),(1.,1.),(1.,1.),(1.,1.),(1.,1.),(1.,1.),(1.,1.),(1.,1.),(1.,1.),(1.,
1.),(1.,1.),(1.,1.),(1.,1.),(1.,1.),(1.,1.),(1.,1.),(1.,1.),(1.,1.),(1.,
1.),(1.,1.),(1.,1.),(1.,1.),(1.,1.),(1.,1.),(1.,1.),(1.,1.),(1.,1.),(1.,
1.),(1.,1.),(1.,1.),(1.,1.),(1.,1.),(1.,1.),(1.,1.),(1.,1.),(1.,1.),(1.,
1.),(1.,1.),(1.,1.),(1.,1.),(1.,1.),(1.,1.),(1.,1.),(1.,1.),(1.,1.),(1.,
1.),(1.,1.),(1.,1.),(1.,1.),(1.,1.),(1.,1.),(1.,1.),(1.,1.),(1.,1.),(1.,
1.),(1.,1.),(1.,1.),(1.,1.),(1.,1.),(1.,1.),(1.,1.),(1.,1.),(1.,1.),(1.,
1.),(1.,1.),(1.,1.),(1.,1.),(1.,1.),(1.,1.),(1.,1.),(1.,1.),(1.,1.),(1.,
1.),(1.,1.),(1.,1.),(1.,1.),(1.,1.),(1.,1.),(1.,1.),(1.,1.),(1.,1.),(1.,
1.),(1.,1.),(1.,1.),(1.,1.),(1.,1.),(1.,1.),(1.,1.),(1.,1.),(1.,1.),(1.,
1.),(1.,1.),(1.,1.),(1.,1.),(1.,1.),(1.,1.),(1.,1.),(1.,1.),(1.,1.),(1.,
1.),(1.,1.),(1.,1.),(1.,1.),(1.,1.),(1.,1.),(1.,1.),(1.,1.),(1.,1.),(1.,
1.),(1.,1.),(1.,1.),(1.,1.),(1.,1.),(1.,1.),(1.,1.),(1.,1.),(1.,1.),(1.,
1.),(1.,1.),(1.,1.),(1.,1.),(1.,1.),(1.,1.),(1.,1.),(1.,1.),(1.,1.),(1.,
1.),(1.,1.),(1.,1.),(1.,1.),(1.,1.),(1.,1.),(1.,1.),(1.,1.),(1.,1.),(1.,
1.),(1.,1.),(1.,1.),(1.,1.),(1.,1.),(1.,1.),(1.,1.),(1.,1.),(1.,1.),(1.,
1.),(1.,1.),(1.,1.),(1.,1.),(1.,1.),(1.,1.),(1.,1.),(1.,1.),(1.,1.),(1.,
1.),(1.,1.),(1.,1.),(1.,1.),(1.,1.),(1.,1.),(1.,1.),(1.,1.),(1.,1.),(1.,
1.),(1.,1.),(1.,1.),(1.,1.),(1.,1.),(1.,1.),(1.,1.),(1.,1.),(1.,1.),(1.,
1.),(1.,1.),(1.,1.),(1.,1.),(1.,1.),(1.,1.),(1.,1.),(1.,1.),(1.,1.),(1.,
1.),(1.,1.),(1.,1.),(1.,1.),(1.,1.),(1.,1.),(1.,1.),(1.,1.),(1.,1.),(1.,
1.),(1.,1.),(1.,1.),(1.,1.),(1.,1.),(1.,1.),(1.,1.),(1.,1.),(1.,1.),(1.,
1.),(1.,1.),(1.,1.),(1.,1.),(1.,1.),(1.,1.),(1.,1.),(1.,1.),(1.,1.),(1.,
1.),(1.,1.),(1.,1.),(1.,1.),(1.,1.),(1.,1.),(1.,1.),(1.,1.),(1.,1.),(1.,
1.),(1.,1.),(1.,1.),(1.,1.),(1.,1.),(1.,1.),(1.,1.),(1.,1.),(1.,1.),(1.,
1.),(1.,1.),(1.,1.),(1.,1.),(1.,1.),(1.,1.),(1.,1.),(1.,1.),(1.,1.),(1.,
1.),(1.,1.),(1.,1.),(1.,1.),(1.,1.),(1.,1.),(1.,1.),(1.,1.),(1.,1.),(1.,
1.),(1.,1.),(1.,1.),(1.,1.),(1.,1.),(1.,1.),(1.,1.),(1.,1.),(1.,1.),(1.,
1.),(1.,1.),(1.,1.),(1.,1.),(1.,1.),(1.,1.),(1.,1.),(1.,1.),(1.,1.),(1.,
1.),(1.,1.),(1.,1.),(1.,1.),(1.,1.),(1.,1.),(1.,1.),(1.,1.),(1.,1.),(1.,
1.),(1.,1.),(1.,1.),(1.,1.),(1.,1.),(1.,1.),(1.,1.),(1.,1.),(1.,1.),(1.,
1.),(1.,1.),(1.,1.),(1.,1.),(1.,1.),(1.,1.),(1.,1.),(1.,1.),(1.,1.),(1.,
1.),(1.,1.),(1.,1.),(1.,1.),(1.,1.),(1.,1.),(1.,1.),(1.,1.),(1.,1.),(1.,
1.),(1.,1.),(1.,1.),(1.,1.),(1.,1.),(1.,1.),(1.,1.),(1.,1.),(1.,1.),(1.,
1.),(1.,1.),(1.,1.),(1.,1.),(1.,1.),(1.,1.),(1.,1.),(1.,1.),(1.,1.),(1.,
1.),(1.,1.),(1.,1.),(1.,1.),(1.,1.),(1.,1.),(1.,1.),(1.,1.),(1.,1.),(1.,
1.),(1.,1.),(1.,1.),(1.,1.),(1.,1.),(1.,1.),(1.,1.),(1.,1.),(1.,1.),(1.,
1.),(1.,1.),(1.,1.),(1.,1.),(1.,1.),(1.,1.),(1.,1.),(1.,1.),(1.,1.),(1.,
1.),(1.,1.),(1.,1.),(1.,1.),(1.,1.),(1.,1.),(1.,1.),(1.,1.),(1.,1.),(1.,
1.),(1.,1.),(1.,1.),(1.,1.),(1.,1.),(1.,1.),(1.,1.),(1.,1.),(1.,1.),(1.,
1.),(1.,1.),(1.,1.),(1.,1.),(1.,1.),(1.,1.),(1.,1.),(1.,1.),(1.,1.),(1.,
1.),(1.,1.),(1.,1.),(1.,1.),(1.,1.),(1.,1.),(1.,1.),(1.,1.),(1.,1.),(1.,
1.),(1.,1.),(1.,1.),(1.,1.),(1.,1.),(1.,1.),(1.,1.),(1.,1.),(1.,1.),(1.,
1.),(1.,1.),(1.,1.),(1.,1.),(1.,1.),(1.,1.),(1.,1.),(1.,1.),(1.,1.),(1.,
1.),(1.,1.),(1.,1.),(1.,1.),(1.,1.),(1.,1.),(1.,1.),(1.,1.),(1.,1.),(1.,
1.),(1.,1.),(1.,1.),(1.,1.),(1.,1.),(1.,1.),(1.,1.),(1.,1.),(1.,1.),(1.,
1.),(1.,1.),(1.,1.),(1.,1.),(1.,1.),(1.,1.),(1.,1.),(1.,1.),(1.,1.),(1.,
1.),(1.,1.),(1.,1.),(1.,1.),(1.,1.),(1.,1.),(1.,1.),(1.,1.),(1.,1.),(1.,
1.),(1.,1.),(1.,1.),(1.,1.),(1.,1.),(1.,1.),(1.,1.),(1.,1.),(1.,1.),(1.,
1.),(1.,1.),(1.,1.),(1.,1.),(1.,1.),(1.,1.),(1.,1.),(1.,1.),(1.,1.),(1.,
1.),(1.,1.),(1.,1.),(1.,1.),(1.,1.),(1.,1.),(1.,1.),(1.,1.),(1.,1.),(1.,
1.),(1.,1.),(1.,1.),(1.,1.),(1.,1.),(1.,1.),(1.,1.),(1.,1.),(1.,1.),(1.,
1.),(1.,1.),(1.,1.),(1.,1.),(1.,1.),(1.,1.),(1.,1.),(1.,1.),(1.,1.),(1.,
1.),(1.,1.),(1.,1.),(1.,1.),(1.,1.),(1.,1.),(1.,1.),(1.,1.),(1.,1.),(1.,
1.),(1.,1.),(1.,1.),(1.,1.),(1.,1.),(1.,1.),(1.,1.),(1.,1.),(1.,1.),(1.,
1.),(1.,1.),(1.,1.),(1.,1.),(1.,1.),(1.,1.),(1.,1.),(1.,1.),(1.,1.),(1.,
1.),(1.,1.),(1.,1.),(1.,1.),(1.,1.),(1.,1.),(1.,1.),(1.,1.),(1.,1.),(1.,
1.),(1.,1.),(1.,1.),(1.,1.),(1.,1.),(1.,1.),(1.,1.),(1.,1.),(1.,1.),(1.,
1.),(1.,1.),(1.,1.),(1.,1.),(1.,1.),(1.,1.),(1.,1.),(1.,1.),(1.,1.),(1.,
1.),(1.,1.),(1.,1.),(1.,1.),(1.,1.),(1.,1.),(1.,1.),(1.,1.),(1.,1.),(1.,
1.),(1.,1.),(1.,1.),(1.,1.),(1.,1.),(1.,1.),(1.,1.),(1.,1.),(1.,1.),(1.,
1.),(1.,1.),(1.,1.),(1.,1.),(1.,1.),(1.,1.),(1.,1.),(1.,1.),(1.,1.),(1.,
1.),(1.,1.),(1.,1.),(1.,1.),(1.,1.),(1.,1.),(1.,1.),(1.,1.),(1.,1.),(1.,
1.),(1.,1.),(1.,1.),(1.,1.),(1.,1.),(1.,1.),(1.,1.),(1.,1.),(1.,1.),(1.,
1.),(1.,1.),(1.,1.),(1.,1.),(1.,1.),(1.,1.),(1.,1.),(1.,1.),(1.,1.),(1.,
1.),(1.,1.),(1.,1.),(1.,1.),(1.,1.),(1.,1.),(1.,1.),(1.,1.),(1.,1.),(1.,
1.),(1.,1.),(1.,1.),(1.,1.),(1.,1.),(1.,1.),(1.,1.),(1.,1.),(1.,1.),(1.,
1.),(1.,1.),(1.,1.),(1.,1.),(1.,1.),(1.,1.),(1.,1.),(1.,1.),(1.,1.),(1.,
1.),(1.,1.),(1.,1.),(1.,1.),(1.,1.),(1.,1.),(1.,1.),(1.,1.),(1.,1.),(1.,
1.),(1.,1.),(1.,1.),(1.,1.),(1.,1.),(1.,1.),(1.,1.),(1.,1.),(1.,1.),(1.,
1.),(1.,1.),(1.,1.),(1.,1.),(1.,1.),(1.,1.),(1.,1.),(1.,1.),(1.,1.),(1.,
1.),(1.,1.),(1.,1.),(1.,1.),(1.,1.),(1.,1.),(1.,1.),(1.,1.),(1.,1.),(1.,
1.),(1.,1.),(1.,1.),(1.,1.),(1.,1.),(1.,1.),(1.,1.),(1.,1.),(1.,1.),(1.,
1.),(1.,1.),(1.,1.),(1.,1.),(1.,1.),(1.,1.),(1.,1.),(1.,1.),(1.,1.),(1.,
1.),(1.,1.),(1.,1.),(1.,1.),(1.,1.),(1.,1.),(1.,1.),(1.,1.),(1.,1.),(1.,
1.),(1.,1.),(1.,1.),(1.,1.),(1.,1.),(1.,1.),(1.,1.),(1.,1.),(1.,1.),(1.,
1.),(1.,1.),(1.,1.),(1.,1.),(1.,1.),(1.,1.),(1.,1.),(1.,1.),(1.,1.),(1.,
1.),(1.,1.),(1.,1.),(1.,1.),(1.,1.),(1.,1.),(1.,1.),(1.,1.),(1.,1.),(1.,
1.),(1.,1.),(1.,1.),(1.,1.),(1.,1.),(1.,1.),(1.,1.),(1.,1.),(1.,1.),(1.,
1.),(1.,1.),(1.,1.),(1.,1.),(1.,1.),(1.,1.),(1.,1.),(1.,1.),(1.,1.),(1.,
1.),(1.,1.),(1.,1.),(1.,1.),(1.,1.),(1.,1.),(1.,1.),(1.,1.),(1.,1.),(1.,
1.),(1.,1.),(1.,1.),(1.,1.),(1.,1.),(1.,1.),(1.,1.),(1.,1.),(1.,1.),(1.,
1.),(1.,1.),(1.,1.),(1.,1.),(1.,1.),(1.,1.),(1.,1.),(1.,1.),(1.,1.),(1.,
1.),(1.,1.),(1.,1.),(1.,1.),(1.,1.),(1.,1.),(1.,1.),(1.,1.),(1.,1.),(1.,
1.),(1.,1.),(1.,1.),(1.,1.),(1.,1.),(1.,1.),(1.,1.),(1.,1.),(1.,1.),(1.,
1.),(1.,1.),(1.,1.),(1.,1.),(1.,1.),(1.,1.),(1.,1.),(1.,1.),(1.,1.),(1.,
1.),(1.,1.),(1.,1.),(1.,1.),(1.,1.),(1.,1.),(1.,1.),(1.,1.),(1.,1.),(1.,
1.),(1.,1.),(1.,1.),(1.,1.),(1.,1.),(1.,1.),(1.,1.),(1.,1.),(1.,1.),(1.,
1.),(1.,1.),(1.,1.),(1.,1.),(1.,1.),(1.,1.),(1.,1.),(1.,1.),(1.,1.),(1.,
1.),(1.,1.),(1.,1.),(1.,1.),(1.,1.),(1.,1.),(1.,1.),(1.,1.),(1.,1.),(1.,
1.),(1.,1.),(1.,1.),(1.,1.),(1.,1.),(1.,1.),(1.,1.),(1.,1.),(1.,1.),(1.,
1.),(1.,1.),(1.,1.),(1.,1.),(1.,1.),(1.,1.),(1.,1.),(1.,1.),(1.,1.),(1.,
1.),(1.,1.),(1.,1.),(1.,1.),(1.,1.),(1.,1.),(1.,1.),(1.,1.),(1.,1.),(1.,
1.),(1.,1.),(1.,1.),(1.,1.),(1.,1.),(1.,1.),(1.,1.),(1.,1.),(1.,1.),(1.,
1.),(1.,1.),(1.,1.),(1.,1.),(1.,1.),(1.,1.),(1.,1.),(1.,1.),(1.,1.),(1.,
1.),(1.,1.),(1.,1.),(1.,1.),(1.,1.),(1.,1.),(1.,1.),(1.,1.),(1.,1.),(1.,
1.),(1.,1.),(1.,1.),(1.,1.),(1.,1.),(1.,1.),(1.,1.),(1.,1.),(1.,1.),(1.,
1.),(1.,1.),(1.,1.),(1.,1.),(1.,1.),(1.,1.),(1.,1.),(1.,1.),(1.,1.),(1.,
1.),(1.,1.),(1.,1.),(1.,1.),(1.,1.),(1.,1.),(1.,1.),(1.,1.),(1.,1.),(1.,
1.),(1.,1.),(1.,1.),(1.,1.),(1.,1.),(1.,1.),(1.,1.),(1.,1.),(1.,1.),(1.,
1.),(1.,1.),(1.,1.),(1.,1.),(1.,1.),(1.,1.),(1.,1.),(1.,1.),(1.,1.),(1.,
1.),(1.,1.),(1.,1.),(1.,1.),(1.,1.),(1.,1.),(1.,1.),(1.,1.),(1.,1.),(1.,
1.),(1.,1.),(1.,1.),(1.,1.),(1.,1.),(1.,1.),(1.,1.),(1.,1.),(1.,1.),(1.,
1.),(1.,1.),(1.,1.),(1.,1.),(1.,1.),(1.,1.),(1.,1.),(1.,1.),(1.,1.),(1.,
1.),(1.,1.),(1.,1.),(1.,1.),(1.,1.),(1.,1.),(1.,1.),(1.,1.),(1.,1.),(1.,
1.),(1.,1.),(1.,1.),(1.,1.),(1.,1.),(1.,1.),(1.,1.),(1.,1.),(1.,1.),(1.,
1.),(1.,1.),(1.,1.),(1.,1.),(1.,1.),(1.,1.),(1.,1.),(1.,1.),(1.,1.),(1.,
1.),(1.,1.),(1.,1.),(1.,1.),(1.,1.),(1.,1.),(1.,1.),(1.,1.),(1.,1.),(1.,
1.),(1.,1.),(1.,1.),(1.,1.),(1.,1.),(1.,1.),(1.,1.),(1.,1.),(1.,1.),(1.,
1.),(1.,1.),(1.,1.),(1.,1.),(1.,1.),(1.,1.),(1.,1.),(1.,1.),(1.,1.),(1.,
1.),(1.,1.),(1.,1.),(1.,1.),(1.,1.),(1.,1.),(1.,1.),(1.,1.),(1.,1.),(1.,
1.),(1.,1.),(1.,1.),(1.,1.),(1.,1.),(1.,1.),(1.,1.),(1.,1.),(1.,1.),(1.,
1.),(1.,1.),(1.,1.),(1.,1.),(1.,1.),(1.,1.),(1.,1.),(1.,1.),(1.,1.),(1.,
1.),(1.,1.),(1.,1.),(1.,1.),(1.,1.),(1.,1.),(1.,1.),(1.,1.),(1.,1.),(1.,
1.),(1.,1.),(1.,1.),(1.,1.),(1.,1.),(1.,1.),(1.,1.),(1.,1.),(1.,1.),(1.,
1.),(1.,1.),(1.,1.),(1.,1.),(1.,1.),(1.,1.),(1.,1.),(1.,1.),(1.,1.),(1.,
1.),(1.,1.),(1.,1.),(1.,1.),(1.,1.),(1.,1.),(1.,1.),(1.,1.),(1.,1.),(1.,
1.),(1.,1.),(1.,1.),(1.,1.),(1.,1.),(1.,1.),(1.,1.),(1.,1.),(1.,1.),(1.,
1.),(1.,1.),(1.,1.),(1.,1.),(1.,1.),(1.,1.),(1.,1.),(1.,1.),(1.,1.),(1.,
1.),(1.,1.),(1.,1.),(1.,1.),(1.,1.),(1.,1.),(1.,1.),(1.,1.),(1.,1.),(1.,
1.),(1.,1.),(1.,1.),(1.,1.),(1.,1.),(1.,1.),(1.,1.),(1.,1.),(1.,1.),(1.,
1.),(1.,1.),(1.,1.),(1.,1.),(1.,1.)))
REPRESENTATION_ITEM('')
SURFACE()
);
#1058=(
BOUNDED_SURFACE()
B_SPLINE_SURFACE(5,1,((#7867,#7868),(#7869,#7870),(#7871,#7872),(#7873,
#7874),(#7875,#7876),(#7877,#7878),(#7879,#7880),(#7881,#7882),(#7883,#7884),
(#7885,#7886),(#7887,#7888),(#7889,#7890),(#7891,#7892),(#7893,#7894),(#7895,
#7896),(#7897,#7898),(#7899,#7900),(#7901,#7902),(#7903,#7904),(#7905,#7906),
(#7907,#7908),(#7909,#7910),(#7911,#7912),(#7913,#7914),(#7915,#7916),(#7917,
#7918),(#7919,#7920),(#7921,#7922),(#7923,#7924),(#7925,#7926),(#7927,#7928),
(#7929,#7930),(#7931,#7932),(#7933,#7934),(#7935,#7936),(#7937,#7938),(#7939,
#7940),(#7941,#7942),(#7943,#7944),(#7945,#7946),(#7947,#7948),(#7949,#7950),
(#7951,#7952),(#7953,#7954),(#7955,#7956),(#7957,#7958),(#7959,#7960),(#7961,
#7962),(#7963,#7964),(#7965,#7966),(#7967,#7968),(#7969,#7970),(#7971,#7972),
(#7973,#7974),(#7975,#7976),(#7977,#7978),(#7979,#7980),(#7981,#7982),(#7983,
#7984),(#7985,#7986),(#7987,#7988),(#7989,#7990),(#7991,#7992),(#7993,#7994),
(#7995,#7996),(#7997,#7998),(#7999,#8000),(#8001,#8002),(#8003,#8004),(#8005,
#8006)),.UNSPECIFIED.,.T.,.F.,.F.)
B_SPLINE_SURFACE_WITH_KNOTS((6,1,1,1,1,1,1,1,1,1,1,1,1,1,1,1,1,1,1,1,1,
1,1,1,1,1,1,1,1,1,1,1,1,1,1,1,1,1,1,1,1,1,1,1,1,1,1,1,1,1,1,1,1,1,1,1,1,
1,1,1,1,1,1,1,1,6),(2,2),(-1.,-0.984615384615383,-0.969230769230768,-0.953846153846152,
-0.938461538461537,-0.923076923076922,-0.907692307692306,-0.892307692307691,
-0.876923076923076,-0.86153846153846,-0.846153846153845,-0.83076923076923,
-0.815384615384614,-0.799999999999999,-0.784615384615384,-0.769230769230768,
-0.753846153846153,-0.738461538461538,-0.723076923076922,-0.707692307692307,
-0.692307692307692,-0.676923076923076,-0.661538461538461,-0.646153846153846,
-0.63076923076923,-0.615384615384615,-0.6,-0.584615384615384,-0.569230769230769,
-0.553846153846154,-0.538461538461538,-0.523076923076923,-0.507692307692308,
-0.492307692307692,-0.476923076923077,-0.461538461538462,-0.446153846153846,
-0.430769230769231,-0.415384615384615,-0.4,-0.384615384615385,-0.369230769230769,
-0.353846153846154,-0.338461538461538,-0.323076923076923,-0.307692307692308,
-0.292307692307692,-0.276923076923077,-0.261538461538462,-0.246153846153846,
-0.230769230769231,-0.215384615384615,-0.2,-0.184615384615385,-0.169230769230769,
-0.153846153846154,-0.138461538461538,-0.123076923076923,-0.107692307692308,
-0.0923076923076923,-0.0769230769230769,-0.0615384615384615,-0.0461538461538462,
-0.0307692307692308,-0.0153846153846154,0.),(0.,0.1),.UNSPECIFIED.)
GEOMETRIC_REPRESENTATION_ITEM()
RATIONAL_B_SPLINE_SURFACE(((1.,1.),(1.,1.),(1.,1.),(1.,1.),(1.,1.),(1.,
1.),(1.,1.),(1.,1.),(1.,1.),(1.,1.),(1.,1.),(1.,1.),(1.,1.),(1.,1.),(1.,
1.),(1.,1.),(1.,1.),(1.,1.),(1.,1.),(1.,1.),(1.,1.),(1.,1.),(1.,1.),(1.,
1.),(1.,1.),(1.,1.),(1.,1.),(1.,1.),(1.,1.),(1.,1.),(1.,1.),(1.,1.),(1.,
1.),(1.,1.),(1.,1.),(1.,1.),(1.,1.),(1.,1.),(1.,1.),(1.,1.),(1.,1.),(1.,
1.),(1.,1.),(1.,1.),(1.,1.),(1.,1.),(1.,1.),(1.,1.),(1.,1.),(1.,1.),(1.,
1.),(1.,1.),(1.,1.),(1.,1.),(1.,1.),(1.,1.),(1.,1.),(1.,1.),(1.,1.),(1.,
1.),(1.,1.),(1.,1.),(1.,1.),(1.,1.),(1.,1.),(1.,1.),(1.,1.),(1.,1.),(1.,
1.),(1.,1.)))
REPRESENTATION_ITEM('')
SURFACE()
);
#1059=(
BOUNDED_SURFACE()
B_SPLINE_SURFACE(5,1,((#8151,#8152),(#8153,#8154),(#8155,#8156),(#8157,
#8158),(#8159,#8160),(#8161,#8162),(#8163,#8164),(#8165,#8166),(#8167,#8168),
(#8169,#8170),(#8171,#8172),(#8173,#8174),(#8175,#8176),(#8177,#8178),(#8179,
#8180),(#8181,#8182),(#8183,#8184),(#8185,#8186),(#8187,#8188),(#8189,#8190),
(#8191,#8192),(#8193,#8194),(#8195,#8196),(#8197,#8198),(#8199,#8200),(#8201,
#8202),(#8203,#8204),(#8205,#8206),(#8207,#8208),(#8209,#8210),(#8211,#8212),
(#8213,#8214),(#8215,#8216),(#8217,#8218),(#8219,#8220),(#8221,#8222),(#8223,
#8224),(#8225,#8226),(#8227,#8228),(#8229,#8230),(#8231,#8232),(#8233,#8234),
(#8235,#8236),(#8237,#8238),(#8239,#8240),(#8241,#8242),(#8243,#8244),(#8245,
#8246),(#8247,#8248),(#8249,#8250),(#8251,#8252),(#8253,#8254),(#8255,#8256),
(#8257,#8258),(#8259,#8260),(#8261,#8262),(#8263,#8264),(#8265,#8266),(#8267,
#8268),(#8269,#8270)),.UNSPECIFIED.,.T.,.F.,.F.)
B_SPLINE_SURFACE_WITH_KNOTS((6,1,1,1,1,1,1,1,1,1,1,1,1,1,1,1,1,1,1,1,1,
1,1,1,1,1,1,1,1,1,1,1,1,1,1,1,1,1,1,1,1,1,1,1,1,1,1,1,1,1,1,1,1,1,1,6),
(2,2),(-1.,-0.981818181818182,-0.963636363636364,-0.945454545454546,-0.927272727272727,
-0.909090909090909,-0.890909090909091,-0.872727272727273,-0.854545454545455,
-0.836363636363637,-0.818181818181818,-0.8,-0.781818181818182,-0.763636363636364,
-0.745454545454546,-0.727272727272727,-0.709090909090909,-0.690909090909091,
-0.672727272727273,-0.654545454545455,-0.636363636363636,-0.618181818181818,
-0.6,-0.581818181818182,-0.563636363636364,-0.545454545454546,-0.527272727272727,
-0.509090909090909,-0.490909090909091,-0.472727272727273,-0.454545454545455,
-0.436363636363636,-0.418181818181818,-0.4,-0.381818181818182,-0.363636363636364,
-0.345454545454546,-0.327272727272727,-0.309090909090909,-0.290909090909091,
-0.272727272727273,-0.254545454545455,-0.236363636363636,-0.218181818181818,
-0.2,-0.181818181818182,-0.163636363636364,-0.145454545454545,-0.127272727272727,
-0.109090909090909,-0.0909090909090909,-0.0727272727272727,-0.0545454545454545,
-0.0363636363636364,-0.0181818181818182,0.),(0.,0.1),.UNSPECIFIED.)
GEOMETRIC_REPRESENTATION_ITEM()
RATIONAL_B_SPLINE_SURFACE(((1.,1.),(1.,1.),(1.,1.),(1.,1.),(1.,1.),(1.,
1.),(1.,1.),(1.,1.),(1.,1.),(1.,1.),(1.,1.),(1.,1.),(1.,1.),(1.,1.),(1.,
1.),(1.,1.),(1.,1.),(1.,1.),(1.,1.),(1.,1.),(1.,1.),(1.,1.),(1.,1.),(1.,
1.),(1.,1.),(1.,1.),(1.,1.),(1.,1.),(1.,1.),(1.,1.),(1.,1.),(1.,1.),(1.,
1.),(1.,1.),(1.,1.),(1.,1.),(1.,1.),(1.,1.),(1.,1.),(1.,1.),(1.,1.),(1.,
1.),(1.,1.),(1.,1.),(1.,1.),(1.,1.),(1.,1.),(1.,1.),(1.,1.),(1.,1.),(1.,
1.),(1.,1.),(1.,1.),(1.,1.),(1.,1.),(1.,1.),(1.,1.),(1.,1.),(1.,1.),(1.,
1.)))
REPRESENTATION_ITEM('')
SURFACE()
);
#1060=ADVANCED_FACE('',(#118),#1054,.F.);
#1061=ADVANCED_FACE('',(#119),#1055,.F.);
#1062=ADVANCED_FACE('',(#120),#1056,.F.);
#1063=ADVANCED_FACE('',(#121),#1057,.F.);
#1064=ADVANCED_FACE('',(#122,#78,#79,#80),#84,.T.);
#1065=ADVANCED_FACE('',(#123),#1058,.F.);
#1066=ADVANCED_FACE('',(#124),#85,.T.);
#1067=ADVANCED_FACE('',(#125),#1059,.F.);
#1068=ADVANCED_FACE('',(#126),#86,.T.);
#1069=ADVANCED_FACE('',(#127),#87,.T.);
#1070=ADVANCED_FACE('',(#128,#81),#88,.T.);
#1071=ADVANCED_FACE('',(#129,#82),#89,.T.);
#1072=ADVANCED_FACE('',(#130),#60,.T.);
#1073=ADVANCED_FACE('',(#131),#90,.T.);
#1074=ADVANCED_FACE('',(#132),#91,.T.);
#1075=ADVANCED_FACE('',(#133,#83),#92,.F.);
#1076=ADVANCED_FACE('',(#134),#61,.T.);
#1077=ADVANCED_FACE('',(#135),#93,.T.);
#1078=ADVANCED_FACE('',(#136),#62,.T.);
#1079=ADVANCED_FACE('',(#137),#94,.T.);
#1080=ADVANCED_FACE('',(#138),#63,.T.);
#1081=ADVANCED_FACE('',(#139),#64,.T.);
#1082=ADVANCED_FACE('',(#140),#95,.T.);
#1083=ADVANCED_FACE('',(#141),#19,.T.);
#1084=ADVANCED_FACE('',(#142),#65,.F.);
#1085=ADVANCED_FACE('',(#143),#66,.T.);
#1086=ADVANCED_FACE('',(#144),#20,.T.);
#1087=ADVANCED_FACE('',(#145),#67,.T.);
#1088=ADVANCED_FACE('',(#146),#96,.T.);
#1089=ADVANCED_FACE('',(#147),#97,.T.);
#1090=ADVANCED_FACE('',(#148),#68,.F.);
#1091=ADVANCED_FACE('',(#149),#98,.T.);
#1092=ADVANCED_FACE('',(#150),#15,.T.);
#1093=ADVANCED_FACE('',(#151),#69,.T.);
#1094=ADVANCED_FACE('',(#152),#70,.T.);
#1095=ADVANCED_FACE('',(#153),#71,.T.);
#1096=ADVANCED_FACE('',(#154),#99,.T.);
#1097=ADVANCED_FACE('',(#155),#100,.T.);
#1098=ADVANCED_FACE('',(#156),#101,.T.);
#1099=ADVANCED_FACE('',(#157),#102,.T.);
#1100=ADVANCED_FACE('',(#158),#72,.F.);
#1101=ADVANCED_FACE('',(#159),#103,.T.);
#1102=ADVANCED_FACE('',(#160),#73,.F.);
#1103=ADVANCED_FACE('',(#161),#104,.T.);
#1104=ADVANCED_FACE('',(#162),#105,.T.);
#1105=ADVANCED_FACE('',(#163),#74,.F.);
#1106=ADVANCED_FACE('',(#164),#106,.T.);
#1107=ADVANCED_FACE('',(#165),#75,.T.);
#1108=ADVANCED_FACE('',(#166),#76,.F.);
#1109=ADVANCED_FACE('',(#167),#107,.T.);
#1110=ADVANCED_FACE('',(#168),#77,.F.);
#1111=ADVANCED_FACE('',(#169),#108,.F.);
#1112=ADVANCED_FACE('',(#170),#109,.F.);
#1113=ADVANCED_FACE('',(#171),#110,.F.);
#1114=ADVANCED_FACE('',(#172),#111,.T.);
#1115=ADVANCED_FACE('',(#173),#112,.F.);
#1116=ADVANCED_FACE('',(#174),#113,.T.);
#1117=ADVANCED_FACE('',(#175),#114,.T.);
#1118=ADVANCED_FACE('',(#176),#115,.T.);
#1119=ADVANCED_FACE('',(#177),#116,.T.);
#1120=ADVANCED_FACE('',(#178),#117,.T.);
#1121=CLOSED_SHELL('',(#1060,#1061,#1062,#1063,#1064,#1065,#1066,#1067,
#1068,#1069,#1070,#1071,#1072,#1073,#1074,#1075,#1076,#1077,#1078,#1079,
#1080,#1081,#1082,#1083,#1084,#1085,#1086,#1087,#1088,#1089,#1090,#1091,
#1092,#1093,#1094,#1095,#1096,#1097,#1098,#1099,#1100,#1101,#1102,#1103,
#1104,#1105,#1106,#1107,#1108,#1109,#1110,#1111,#1112,#1113,#1114,#1115,
#1116,#1117,#1118,#1119,#1120));
#1122=DERIVED_UNIT_ELEMENT(#1124,1.);
#1123=DERIVED_UNIT_ELEMENT(#8732,-3.);
#1124=(
MASS_UNIT()
NAMED_UNIT(*)
SI_UNIT(.KILO.,.GRAM.)
);
#1125=DERIVED_UNIT((#1122,#1123));
#1126=MEASURE_REPRESENTATION_ITEM('density measure',
POSITIVE_RATIO_MEASURE(7850.),#1125);
#1127=PROPERTY_DEFINITION_REPRESENTATION(#1132,#1129);
#1128=PROPERTY_DEFINITION_REPRESENTATION(#1133,#1130);
#1129=REPRESENTATION('material name',(#1131),#8729);
#1130=REPRESENTATION('density',(#1126),#8729);
#1131=DESCRIPTIVE_REPRESENTATION_ITEM('Steel','Steel');
#1132=PROPERTY_DEFINITION('material property','material name',#8739);
#1133=PROPERTY_DEFINITION('material property','density of part',#8739);
#1134=AXIS2_PLACEMENT_3D('',#1524,#1229,#1230);
#1135=AXIS2_PLACEMENT_3D('',#7866,#1236,#1237);
#1136=AXIS2_PLACEMENT_3D('',#8150,#1239,#1240);
#1137=AXIS2_PLACEMENT_3D('',#8394,#1242,#1243);
#1138=AXIS2_PLACEMENT_3D('',#8395,#1244,#1245);
#1139=AXIS2_PLACEMENT_3D('',#8396,#1246,#1247);
#1140=AXIS2_PLACEMENT_3D('',#8397,#1248,#1249);
#1141=AXIS2_PLACEMENT_3D('',#8398,#1250,#1251);
#1142=AXIS2_PLACEMENT_3D('',#8401,#1252,#1253);
#1143=AXIS2_PLACEMENT_3D('',#8430,#1256,#1257);
#1144=AXIS2_PLACEMENT_3D('',#8432,#1259,#1260);
#1145=AXIS2_PLACEMENT_3D('',#8436,#1262,#1263);
#1146=AXIS2_PLACEMENT_3D('',#8444,#1267,#1268);
#1147=AXIS2_PLACEMENT_3D('',#8448,#1270,#1271);
#1148=AXIS2_PLACEMENT_3D('',#8452,#1273,#1274);
#1149=AXIS2_PLACEMENT_3D('',#8456,#1276,#1277);
#1150=AXIS2_PLACEMENT_3D('',#8460,#1279,#1280);
#1151=AXIS2_PLACEMENT_3D('',#8464,#1282,#1283);
#1152=AXIS2_PLACEMENT_3D('',#8472,#1287,#1288);
#1153=AXIS2_PLACEMENT_3D('',#8476,#1290,#1291);
#1154=AXIS2_PLACEMENT_3D('',#8480,#1293,#1294);
#1155=AXIS2_PLACEMENT_3D('',#8484,#1297,#1298);
#1156=AXIS2_PLACEMENT_3D('',#8488,#1301,#1302);
#1157=AXIS2_PLACEMENT_3D('',#8493,#1304,#1305);
#1158=AXIS2_PLACEMENT_3D('',#8497,#1307,#1308);
#1159=AXIS2_PLACEMENT_3D('',#8500,#1310,#1311);
#1160=AXIS2_PLACEMENT_3D('',#8504,#1313,#1314);
#1161=AXIS2_PLACEMENT_3D('',#8521,#1323,#1324);
#1162=AXIS2_PLACEMENT_3D('',#8525,#1326,#1327);
#1163=AXIS2_PLACEMENT_3D('',#8529,#1330,#1331);
#1164=AXIS2_PLACEMENT_3D('',#8558,#1334,#1335);
#1165=AXIS2_PLACEMENT_3D('',#8560,#1336,#1337);
#1166=AXIS2_PLACEMENT_3D('',#8574,#1342,#1343);
#1167=AXIS2_PLACEMENT_3D('',#8577,#1346,#1347);
#1168=AXIS2_PLACEMENT_3D('',#8584,#1352,#1353);
#1169=AXIS2_PLACEMENT_3D('',#8585,#1354,#1355);
#1170=AXIS2_PLACEMENT_3D('',#8588,#1358,#1359);
#1171=AXIS2_PLACEMENT_3D('',#8592,#1361,#1362);
#1172=AXIS2_PLACEMENT_3D('',#8594,#1364,#1365);
#1173=AXIS2_PLACEMENT_3D('',#8597,#1366,#1367);
#1174=AXIS2_PLACEMENT_3D('',#8599,#1368,#1369);
#1175=AXIS2_PLACEMENT_3D('',#8601,#1370,#1371);
#1176=AXIS2_PLACEMENT_3D('',#8602,#1372,#1373);
#1177=AXIS2_PLACEMENT_3D('',#8603,#1374,#1375);
#1178=AXIS2_PLACEMENT_3D('',#8606,#1378,#1379);
#1179=AXIS2_PLACEMENT_3D('',#8609,#1380,#1381);
#1180=AXIS2_PLACEMENT_3D('',#8612,#1384,#1385);
#1181=AXIS2_PLACEMENT_3D('',#8613,#1386,#1387);
#1182=AXIS2_PLACEMENT_3D('',#8614,#1388,#1389);
#1183=AXIS2_PLACEMENT_3D('',#8615,#1390,#1391);
#1184=AXIS2_PLACEMENT_3D('',#8618,#1392,#1393);
#1185=AXIS2_PLACEMENT_3D('',#8621,#1396,#1397);
#1186=AXIS2_PLACEMENT_3D('',#8625,#1399,#1400);
#1187=AXIS2_PLACEMENT_3D('',#8628,#1403,#1404);
#1188=AXIS2_PLACEMENT_3D('',#8632,#1407,#1408);
#1189=AXIS2_PLACEMENT_3D('',#8634,#1410,#1411);
#1190=AXIS2_PLACEMENT_3D('',#8635,#1412,#1413);
#1191=AXIS2_PLACEMENT_3D('',#8637,#1414,#1415);
#1192=AXIS2_PLACEMENT_3D('',#8639,#1416,#1417);
#1193=AXIS2_PLACEMENT_3D('',#8640,#1418,#1419);
#1194=AXIS2_PLACEMENT_3D('',#8641,#1420,#1421);
#1195=AXIS2_PLACEMENT_3D('',#8644,#1424,#1425);
#1196=AXIS2_PLACEMENT_3D('',#8646,#1427,#1428);
#1197=AXIS2_PLACEMENT_3D('',#8647,#1429,#1430);
#1198=AXIS2_PLACEMENT_3D('',#8649,#1432,#1433);
#1199=AXIS2_PLACEMENT_3D('',#8650,#1434,#1435);
#1200=AXIS2_PLACEMENT_3D('',#8651,#1436,#1437);
#1201=AXIS2_PLACEMENT_3D('',#8652,#1438,#1439);
#1202=AXIS2_PLACEMENT_3D('',#8656,#1442,#1443);
#1203=AXIS2_PLACEMENT_3D('',#8659,#1444,#1445);
#1204=AXIS2_PLACEMENT_3D('',#8662,#1448,#1449);
#1205=AXIS2_PLACEMENT_3D('',#8666,#1452,#1453);
#1206=AXIS2_PLACEMENT_3D('',#8669,#1454,#1455);
#1207=AXIS2_PLACEMENT_3D('',#8672,#1458,#1459);
#1208=AXIS2_PLACEMENT_3D('',#8677,#1462,#1463);
#1209=AXIS2_PLACEMENT_3D('',#8681,#1465,#1466);
#1210=AXIS2_PLACEMENT_3D('',#8685,#1468,#1469);
#1211=AXIS2_PLACEMENT_3D('',#8688,#1471,#1472);
#1212=AXIS2_PLACEMENT_3D('',#8689,#1473,#1474);
#1213=AXIS2_PLACEMENT_3D('',#8691,#1476,#1477);
#1214=AXIS2_PLACEMENT_3D('',#8694,#1480,#1481);
#1215=AXIS2_PLACEMENT_3D('',#8696,#1483,#1484);
#1216=AXIS2_PLACEMENT_3D('',#8697,#1485,#1486);
#1217=AXIS2_PLACEMENT_3D('',#8700,#1489,#1490);
#1218=AXIS2_PLACEMENT_3D('',#8707,#1495,#1496);
#1219=AXIS2_PLACEMENT_3D('',#8708,#1497,#1498);
#1220=AXIS2_PLACEMENT_3D('',#8710,#1500,#1501);
#1221=AXIS2_PLACEMENT_3D('',#8712,#1503,#1504);
#1222=AXIS2_PLACEMENT_3D('',#8713,#1505,#1506);
#1223=AXIS2_PLACEMENT_3D('',#8719,#1510,#1511);
#1224=AXIS2_PLACEMENT_3D('',#8721,#1513,#1514);
#1225=AXIS2_PLACEMENT_3D('',#8723,#1516,#1517);
#1226=AXIS2_PLACEMENT_3D('',#8724,#1518,#1519);
#1227=AXIS2_PLACEMENT_3D('',#8725,#1520,#1521);
#1228=AXIS2_PLACEMENT_3D('',#8726,#1522,#1523);
#1229=DIRECTION('axis',(0.,0.,1.));
#1230=DIRECTION('refdir',(1.,0.,0.));
#1231=DIRECTION('',(0.,0.0935670903240116,0.995612976817949));
#1232=DIRECTION('',(0.,0.0935670903240116,0.995612976817949));
#1233=DIRECTION('',(0.,0.0935670903240116,0.995612976817949));
#1234=DIRECTION('',(0.,0.0935670903240116,0.995612976817949));
#1235=DIRECTION('',(1.,0.,0.));
#1236=DIRECTION('center_axis',(0.,-0.0935670903240149,-0.995612976817949));
#1237=DIRECTION('ref_axis',(1.,0.,0.));
#1238=DIRECTION('',(0.,0.0935670903240116,0.995612976817949));
#1239=DIRECTION('center_axis',(0.,-0.0935670903240149,-0.995612976817949));
#1240=DIRECTION('ref_axis',(1.,0.,0.));
#1241=DIRECTION('',(0.,0.0935670903240116,0.995612976817949));
#1242=DIRECTION('center_axis',(0.,-0.0935670903240149,-0.995612976817949));
#1243=DIRECTION('ref_axis',(1.,0.,0.));
#1244=DIRECTION('center_axis',(0.,-0.0935670903240141,-0.995612976817949));
#1245=DIRECTION('ref_axis',(0.,0.995612976817949,-0.0935670903240141));
#1246=DIRECTION('center_axis',(0.,-0.0935670903240141,-0.995612976817949));
#1247=DIRECTION('ref_axis',(0.,0.995612976817949,-0.0935670903240141));
#1248=DIRECTION('center_axis',(0.,-0.0935670903240141,-0.995612976817949));
#1249=DIRECTION('ref_axis',(0.,0.995612976817949,-0.0935670903240141));
#1250=DIRECTION('center_axis',(0.,0.,1.));
#1251=DIRECTION('ref_axis',(0.818127333793799,-0.575037099411377,0.));
#1252=DIRECTION('center_axis',(0.,0.,-1.));
#1253=DIRECTION('ref_axis',(0.818127333793799,-0.575037099411377,0.));
#1254=DIRECTION('',(0.,0.,-1.));
#1255=DIRECTION('',(0.,0.,1.));
#1256=DIRECTION('center_axis',(0.,0.,1.));
#1257=DIRECTION('ref_axis',(0.818127333793799,-0.575037099411377,0.));
#1258=DIRECTION('',(0.,0.,1.));
#1259=DIRECTION('center_axis',(0.,0.,1.));
#1260=DIRECTION('ref_axis',(1.,0.,0.));
#1261=DIRECTION('',(0.,1.,0.));
#1262=DIRECTION('center_axis',(0.,0.,-1.));
#1263=DIRECTION('ref_axis',(0.707256869734953,0.706956660773993,0.));
#1264=DIRECTION('',(-0.99999990987458,0.000424559574555556,0.));
#1265=DIRECTION('',(0.,-1.,0.));
#1266=DIRECTION('',(0.999999887598449,-0.000474134041829732,0.));
#1267=DIRECTION('center_axis',(0.,0.,1.));
#1268=DIRECTION('ref_axis',(0.707274393019367,0.706939129613778,0.));
#1269=DIRECTION('',(0.,-1.,0.));
#1270=DIRECTION('center_axis',(0.,0.,1.));
#1271=DIRECTION('ref_axis',(0.823114263672711,-0.567875786540095,0.));
#1272=DIRECTION('',(-0.934853319791041,-0.35503418212289,0.));
#1273=DIRECTION('center_axis',(0.,0.,-1.));
#1274=DIRECTION('ref_axis',(-0.823114263672711,0.567875786540095,0.));
#1275=DIRECTION('',(0.,-1.,0.));
#1276=DIRECTION('center_axis',(0.,0.,1.));
#1277=DIRECTION('ref_axis',(0.70710678118656,-0.707106781186535,0.));
#1278=DIRECTION('',(-1.,0.,0.));
#1279=DIRECTION('center_axis',(0.,0.,1.));
#1280=DIRECTION('ref_axis',(-0.707106520132447,-0.707107042240551,0.));
#1281=DIRECTION('',(-7.38372360977722E-7,0.999999999999727,0.));
#1282=DIRECTION('center_axis',(0.,0.,1.));
#1283=DIRECTION('ref_axis',(-0.706939390729663,0.70727413202716,0.));
#1284=DIRECTION('',(0.999999887598449,-0.000474134041829732,0.));
#1285=DIRECTION('',(0.,1.,0.));
#1286=DIRECTION('',(-0.99999990987458,0.000424559574555556,0.));
#1287=DIRECTION('center_axis',(0.,0.,-1.));
#1288=DIRECTION('ref_axis',(-0.706956921883414,0.70725660873627,0.));
#1289=DIRECTION('',(7.3837236109057E-7,-0.999999999999728,0.));
#1290=DIRECTION('center_axis',(0.,0.,-1.));
#1291=DIRECTION('ref_axis',(-0.707106259078259,-0.707107303294451,0.));
#1292=DIRECTION('',(0.999999999999727,7.38372361074362E-7,0.));
#1293=DIRECTION('center_axis',(0.,0.,-1.));
#1294=DIRECTION('ref_axis',(0.707107303294451,-0.707106259078259,0.));
#1295=DIRECTION('',(-7.38372360627537E-7,0.999999999999727,0.));
#1296=DIRECTION('',(0.940907137947911,0.338664668601067,0.));
#1297=DIRECTION('center_axis',(1.,0.,0.));
#1298=DIRECTION('ref_axis',(0.,1.,0.));
#1299=DIRECTION('',(0.,1.,0.));
#1300=DIRECTION('',(0.,0.,-1.));
#1301=DIRECTION('center_axis',(0.,0.,1.));
#1302=DIRECTION('ref_axis',(1.,0.,0.));
#1303=DIRECTION('',(0.999999999999727,7.38372361074362E-7,0.));
#1304=DIRECTION('center_axis',(0.,0.,1.));
#1305=DIRECTION('ref_axis',(-0.707106259078259,-0.707107303294451,0.));
#1306=DIRECTION('',(7.3837236109057E-7,-0.999999999999728,0.));
#1307=DIRECTION('center_axis',(0.,0.,1.));
#1308=DIRECTION('ref_axis',(-0.706956921883414,0.70725660873627,0.));
#1309=DIRECTION('',(-0.99999990987458,0.000424559574555556,0.));
#1310=DIRECTION('center_axis',(0.,0.,1.));
#1311=DIRECTION('ref_axis',(0.707256869734953,0.706956660773993,0.));
#1312=DIRECTION('',(0.,1.,0.));
#1313=DIRECTION('center_axis',(0.,0.,1.));
#1314=DIRECTION('ref_axis',(0.707106781186547,-0.707106781186547,0.));
#1315=DIRECTION('',(1.,0.,0.));
#1316=DIRECTION('',(0.940907137947911,0.338664668601067,0.));
#1317=DIRECTION('',(0.,1.,0.));
#1318=DIRECTION('',(-1.,0.,0.));
#1319=DIRECTION('',(0.,-1.,0.));
#1320=DIRECTION('',(1.,0.,0.));
#1321=DIRECTION('',(1.,0.,0.));
#1322=DIRECTION('',(-7.38372360627537E-7,0.999999999999727,0.));
#1323=DIRECTION('center_axis',(0.,0.,-1.));
#1324=DIRECTION('ref_axis',(-0.707106520132462,-0.707107042240537,0.));
#1325=DIRECTION('',(-1.,0.,0.));
#1326=DIRECTION('center_axis',(0.,0.,-1.));
#1327=DIRECTION('ref_axis',(0.707106781186558,-0.707106781186537,0.));
#1328=DIRECTION('',(0.,-1.,0.));
#1329=DIRECTION('',(0.940888077734514,0.33871761863985,0.));
#1330=DIRECTION('center_axis',(0.,0.,1.));
#1331=DIRECTION('ref_axis',(0.707107303294451,-0.707106259078259,0.));
#1332=DIRECTION('',(0.,0.,-1.));
#1333=DIRECTION('',(0.,0.,1.));
#1334=DIRECTION('center_axis',(0.999999999999727,7.38372360627538E-7,0.));
#1335=DIRECTION('ref_axis',(-7.38372360627538E-7,0.999999999999728,0.));
#1336=DIRECTION('center_axis',(-0.999999999999727,-7.38372360627538E-7,
0.));
#1337=DIRECTION('ref_axis',(5.22108103240524E-7,-0.707106781186454,0.707106781186449));
#1338=DIRECTION('',(-7.38372360627538E-7,0.999999999999728,0.));
#1339=DIRECTION('',(0.,0.,1.));
#1340=DIRECTION('',(7.35133104544194E-7,-0.99561297681768,0.0935670903239888));
#1341=DIRECTION('',(0.,0.,1.));
#1342=DIRECTION('center_axis',(0.,0.,1.));
#1343=DIRECTION('ref_axis',(-0.706956921883414,0.70725660873627,0.));
#1344=DIRECTION('',(0.,0.,-1.));
#1345=DIRECTION('',(0.,0.,1.));
#1346=DIRECTION('center_axis',(0.000424559574555556,0.99999990987458,0.));
#1347=DIRECTION('ref_axis',(-0.99999990987458,0.000424559574555556,0.));
#1348=DIRECTION('',(0.,0.,-1.));
#1349=DIRECTION('',(0.99999990987458,-0.000424559574555556,0.));
#1350=DIRECTION('',(0.,0.,1.));
#1351=DIRECTION('',(0.,0.,1.));
#1352=DIRECTION('center_axis',(0.,0.,1.));
#1353=DIRECTION('ref_axis',(0.707256869734953,0.706956660773993,0.));
#1354=DIRECTION('center_axis',(0.,0.,1.));
#1355=DIRECTION('ref_axis',(-0.707106259078259,-0.707107303294451,0.));
#1356=DIRECTION('',(0.,0.,-1.));
#1357=DIRECTION('',(0.,0.,1.));
#1358=DIRECTION('center_axis',(7.38372361074362E-7,-0.999999999999727,0.));
#1359=DIRECTION('ref_axis',(0.999999999999728,7.38372361074362E-7,0.));
#1360=DIRECTION('',(0.,0.,1.));
#1361=DIRECTION('center_axis',(0.999999999974425,7.15197149485119E-6,0.));
#1362=DIRECTION('ref_axis',(5.05720754292685E-6,-0.707106781177508,0.707106781177503));
#1363=DIRECTION('',(0.999999995151516,7.38372360293258E-7,9.84704195813879E-5));
#1364=DIRECTION('center_axis',(0.,0.,-1.));
#1365=DIRECTION('ref_axis',(-1.,0.,0.));
#1366=DIRECTION('center_axis',(0.,1.,0.));
#1367=DIRECTION('ref_axis',(-1.,0.,0.));
#1368=DIRECTION('center_axis',(0.,0.,-1.));
#1369=DIRECTION('ref_axis',(0.,-1.,0.));
#1370=DIRECTION('center_axis',(-1.,0.,0.));
#1371=DIRECTION('ref_axis',(0.,0.,1.));
#1372=DIRECTION('center_axis',(0.,0.,1.));
#1373=DIRECTION('ref_axis',(0.707106781186563,-0.707106781186532,0.));
#1374=DIRECTION('center_axis',(0.,0.,1.));
#1375=DIRECTION('ref_axis',(0.707106781186558,-0.707106781186537,0.));
#1376=DIRECTION('',(0.,0.,1.));
#1377=DIRECTION('',(0.,0.,-1.));
#1378=DIRECTION('center_axis',(-1.,0.,0.));
#1379=DIRECTION('ref_axis',(0.,0.70710678118655,0.707106781186545));
#1380=DIRECTION('center_axis',(1.,0.,0.));
#1381=DIRECTION('ref_axis',(0.,1.,0.));
#1382=DIRECTION('',(1.,0.,0.));
#1383=DIRECTION('',(-1.,0.,0.));
#1384=DIRECTION('center_axis',(0.,0.,1.));
#1385=DIRECTION('ref_axis',(1.,0.,0.));
#1386=DIRECTION('center_axis',(0.,0.,1.));
#1387=DIRECTION('ref_axis',(-0.707106520132462,-0.707107042240537,0.));
#1388=DIRECTION('center_axis',(0.,0.,-1.));
#1389=DIRECTION('ref_axis',(-0.707106520132462,-0.707107042240537,0.));
#1390=DIRECTION('center_axis',(0.,-1.,0.));
#1391=DIRECTION('ref_axis',(-0.70710678118654,0.,0.707106781186555));
#1392=DIRECTION('center_axis',(0.33871761863985,-0.940888077734514,0.));
#1393=DIRECTION('ref_axis',(-0.940888077734514,-0.33871761863985,-2.17624084895034E-16));
#1394=DIRECTION('',(0.,-1.,0.));
#1395=DIRECTION('',(0.,1.,0.));
#1396=DIRECTION('center_axis',(-0.33871761863985,0.940888077734514,0.));
#1397=DIRECTION('ref_axis',(-0.940888077734514,-0.33871761863985,0.));
#1398=DIRECTION('',(-0.940888077734514,-0.33871761863985,0.));
#1399=DIRECTION('center_axis',(0.33871761863985,-0.940888077734514,0.));
#1400=DIRECTION('ref_axis',(0.940888077734514,0.33871761863985,-2.17624084895034E-16));
#1401=DIRECTION('',(0.,0.,1.));
#1402=DIRECTION('',(0.,0.,1.));
#1403=DIRECTION('center_axis',(0.,0.,1.));
#1404=DIRECTION('ref_axis',(1.,0.,0.));
#1405=DIRECTION('',(-1.,0.,0.));
#1406=DIRECTION('',(0.,-1.,0.));
#1407=DIRECTION('center_axis',(0.,0.,-1.));
#1408=DIRECTION('ref_axis',(-0.707106520132462,-0.707107042240537,0.));
#1409=DIRECTION('',(0.,0.,-1.));
#1410=DIRECTION('center_axis',(0.,1.,0.));
#1411=DIRECTION('ref_axis',(-1.,0.,0.));
#1412=DIRECTION('center_axis',(0.40824829046388,-0.408248290463856,-0.816496580927721));
#1413=DIRECTION('ref_axis',(0.577350269189637,-0.577350269189613,0.577350269189627));
#1414=DIRECTION('center_axis',(1.,0.,0.));
#1415=DIRECTION('ref_axis',(0.,-1.,0.));
#1416=DIRECTION('center_axis',(0.,0.,1.));
#1417=DIRECTION('ref_axis',(1.,0.,0.));
#1418=DIRECTION('center_axis',(-1.48029736616686E-14,-1.,0.));
#1419=DIRECTION('ref_axis',(0.,0.,1.));
#1420=DIRECTION('center_axis',(0.,0.,1.));
#1421=DIRECTION('ref_axis',(0.707106781186547,-0.707106781186547,0.));
#1422=DIRECTION('',(0.,0.,1.));
#1423=DIRECTION('',(0.,0.,-1.));
#1424=DIRECTION('center_axis',(0.,1.,0.));
#1425=DIRECTION('ref_axis',(0.70710678118654,0.,0.707106781186555));
#1426=DIRECTION('',(0.,1.,0.));
#1427=DIRECTION('center_axis',(-0.338664668601067,0.940907137947911,0.));
#1428=DIRECTION('ref_axis',(0.940907137947911,0.338664668601067,-2.17628493454985E-16));
#1429=DIRECTION('center_axis',(1.,0.,0.));
#1430=DIRECTION('ref_axis',(0.,-0.70710678118655,0.707106781186545));
#1431=DIRECTION('',(1.,0.,0.));
#1432=DIRECTION('center_axis',(1.,0.,0.));
#1433=DIRECTION('ref_axis',(0.,1.,0.));
#1434=DIRECTION('center_axis',(0.,-1.,0.));
#1435=DIRECTION('ref_axis',(1.,0.,0.));
#1436=DIRECTION('center_axis',(-1.,0.,0.));
#1437=DIRECTION('ref_axis',(0.,-1.,0.));
#1438=DIRECTION('center_axis',(0.338664668601067,-0.940907137947911,0.));
#1439=DIRECTION('ref_axis',(0.940907137947911,0.338664668601067,0.));
#1440=DIRECTION('',(-0.940430935194346,-0.338493266938545,0.0318113873755793));
#1441=DIRECTION('',(0.,0.,-1.));
#1442=DIRECTION('center_axis',(0.,0.,1.));
#1443=DIRECTION('ref_axis',(-0.707106520132447,-0.707107042240551,0.));
#1444=DIRECTION('center_axis',(0.,0.,1.));
#1445=DIRECTION('ref_axis',(-0.707106520132447,-0.707107042240551,0.));
#1446=DIRECTION('',(0.,0.,1.));
#1447=DIRECTION('',(0.,0.,-1.));
#1448=DIRECTION('center_axis',(0.999999999999727,7.38372360977722E-7,0.));
#1449=DIRECTION('ref_axis',(-7.38372360977722E-7,0.999999999999728,0.));
#1450=DIRECTION('',(7.38372360977722E-7,-0.999999999999727,0.));
#1451=DIRECTION('',(0.,0.,-1.));
#1452=DIRECTION('center_axis',(0.,0.,1.));
#1453=DIRECTION('ref_axis',(0.70710678118656,-0.707106781186535,0.));
#1454=DIRECTION('center_axis',(0.,0.,1.));
#1455=DIRECTION('ref_axis',(0.70710678118656,-0.707106781186535,0.));
#1456=DIRECTION('',(0.,0.,1.));
#1457=DIRECTION('',(0.,0.,-1.));
#1458=DIRECTION('center_axis',(0.,0.,1.));
#1459=DIRECTION('ref_axis',(1.,0.,0.));
#1460=DIRECTION('',(1.,0.,0.));
#1461=DIRECTION('',(0.,1.,0.));
#1462=DIRECTION('center_axis',(0.,0.,-1.));
#1463=DIRECTION('ref_axis',(-0.823114263672711,0.567875786540095,0.));
#1464=DIRECTION('',(0.934853319791041,0.35503418212289,0.));
#1465=DIRECTION('center_axis',(0.,0.,1.));
#1466=DIRECTION('ref_axis',(0.823114263672711,-0.567875786540095,0.));
#1467=DIRECTION('',(0.,1.,0.));
#1468=DIRECTION('center_axis',(0.,0.,1.));
#1469=DIRECTION('ref_axis',(0.707274393019367,0.706939129613778,0.));
#1470=DIRECTION('',(-0.999999887598449,0.000474134041829732,0.));
#1471=DIRECTION('center_axis',(0.,0.,1.));
#1472=DIRECTION('ref_axis',(-0.706939390729663,0.70727413202716,0.));
#1473=DIRECTION('center_axis',(-1.,0.,0.));
#1474=DIRECTION('ref_axis',(0.,-1.,0.));
#1475=DIRECTION('',(0.,0.,1.));
#1476=DIRECTION('center_axis',(0.,0.,1.));
#1477=DIRECTION('ref_axis',(0.823114263672711,-0.567875786540095,0.));
#1478=DIRECTION('',(0.,0.,1.));
#1479=DIRECTION('',(0.,0.,-1.));
#1480=DIRECTION('center_axis',(-0.35503418212289,0.934853319791041,0.));
#1481=DIRECTION('ref_axis',(-0.934853319791041,-0.35503418212289,0.));
#1482=DIRECTION('',(0.,0.,-1.));
#1483=DIRECTION('center_axis',(0.,0.,1.));
#1484=DIRECTION('ref_axis',(-0.823114263672711,0.567875786540095,0.));
#1485=DIRECTION('center_axis',(0.,0.,1.));
#1486=DIRECTION('ref_axis',(0.707274393019367,0.706939129613778,0.));
#1487=DIRECTION('',(0.,0.,1.));
#1488=DIRECTION('',(0.,0.,-1.));
#1489=DIRECTION('center_axis',(-0.000474134041829732,-0.999999887598449,
0.));
#1490=DIRECTION('ref_axis',(0.999999887598449,-0.000474134041829732,0.));
#1491=DIRECTION('',(0.,0.,-1.));
#1492=DIRECTION('',(-0.999999887598449,0.000474134041829732,0.));
#1493=DIRECTION('',(0.,0.,1.));
#1494=DIRECTION('',(0.,0.,1.));
#1495=DIRECTION('center_axis',(0.,0.,1.));
#1496=DIRECTION('ref_axis',(-0.706939390729663,0.70727413202716,0.));
#1497=DIRECTION('center_axis',(1.,0.,0.));
#1498=DIRECTION('ref_axis',(0.,-1.,0.));
#1499=DIRECTION('',(0.,-1.,0.));
#1500=DIRECTION('center_axis',(-1.,0.,0.));
#1501=DIRECTION('ref_axis',(0.,1.,0.));
#1502=DIRECTION('',(0.,1.,0.));
#1503=DIRECTION('center_axis',(0.,0.,-1.));
#1504=DIRECTION('ref_axis',(-1.,0.,0.));
#1505=DIRECTION('center_axis',(0.,-0.0935670903240141,-0.995612976817949));
#1506=DIRECTION('ref_axis',(0.,0.995612976817949,-0.0935670903240141));
#1507=DIRECTION('',(0.,0.995612976817949,-0.0935670903240141));
#1508=DIRECTION('',(1.,0.,0.));
#1509=DIRECTION('',(0.,0.995612976817949,-0.0935670903240141));
#1510=DIRECTION('center_axis',(1.,0.,0.));
#1511=DIRECTION('ref_axis',(0.,0.,-1.));
#1512=DIRECTION('',(0.,0.,1.));
#1513=DIRECTION('center_axis',(0.,1.,0.));
#1514=DIRECTION('ref_axis',(0.,0.,1.));
#1515=DIRECTION('',(0.,0.,1.));
#1516=DIRECTION('center_axis',(1.,0.,0.));
#1517=DIRECTION('ref_axis',(0.,0.,-1.));
#1518=DIRECTION('center_axis',(0.,1.,0.));
#1519=DIRECTION('ref_axis',(-1.,0.,0.));
#1520=DIRECTION('center_axis',(-1.,0.,0.));
#1521=DIRECTION('ref_axis',(0.,-1.,0.));
#1522=DIRECTION('center_axis',(-0.999999999999727,-7.3837236109057E-7,0.));
#1523=DIRECTION('ref_axis',(7.3837236109057E-7,-0.999999999999728,0.));
#1524=CARTESIAN_POINT('',(0.,0.,0.));
#1525=CARTESIAN_POINT('Ctrl Pts',(165.499996300787,-99.6217548753308,-3.04288758854634));
#1526=CARTESIAN_POINT('Ctrl Pts',(165.499996300787,-99.5281877850067,-2.04727461172839));
#1527=CARTESIAN_POINT('Ctrl Pts',(165.542510203739,-99.6347371491442,-3.04166752250181));
#1528=CARTESIAN_POINT('Ctrl Pts',(165.542510203739,-99.5411700588202,-2.04605454568386));
#1529=CARTESIAN_POINT('Ctrl Pts',(165.620359233875,-99.6617526455485,-3.03912862289818));
#1530=CARTESIAN_POINT('Ctrl Pts',(165.620359233875,-99.5681855552245,-2.04351564608023));
#1531=CARTESIAN_POINT('Ctrl Pts',(165.717398602233,-99.7054289376051,-3.03502395204812));
#1532=CARTESIAN_POINT('Ctrl Pts',(165.717398602233,-99.6118618472811,-2.03941097523017));
#1533=CARTESIAN_POINT('Ctrl Pts',(165.81963379353,-99.7714999627742,-3.02881463806394));
#1534=CARTESIAN_POINT('Ctrl Pts',(165.81963379353,-99.6779328724502,-2.03320166124599));
#1535=CARTESIAN_POINT('Ctrl Pts',(165.942785569314,-99.8738654495918,-3.01919439307503));
#1536=CARTESIAN_POINT('Ctrl Pts',(165.942785569314,-99.7802983592677,-2.02358141625708));
#1537=CARTESIAN_POINT('Ctrl Pts',(166.097603161778,-100.001411364819,-3.00720770703494));
#1538=CARTESIAN_POINT('Ctrl Pts',(166.097603161778,-99.9078442744953,-2.01159473021699));
#1539=CARTESIAN_POINT('Ctrl Pts',(166.297934941579,-100.152648108137,-2.99299457165825));
#1540=CARTESIAN_POINT('Ctrl Pts',(166.297934941579,-100.059081017813,-1.9973815948403));
#1541=CARTESIAN_POINT('Ctrl Pts',(166.53604856062,-100.32008610678,-2.97725885235014));
#1542=CARTESIAN_POINT('Ctrl Pts',(166.53604856062,-100.226519016456,-1.98164587553219));
#1543=CARTESIAN_POINT('Ctrl Pts',(166.792870205641,-100.49430180747,-2.96088616880557));
#1544=CARTESIAN_POINT('Ctrl Pts',(166.792870205641,-100.400734717146,-1.96527319198762));
#1545=CARTESIAN_POINT('Ctrl Pts',(167.045365779374,-100.667055029105,-2.94465092813589));
#1546=CARTESIAN_POINT('Ctrl Pts',(167.045365779374,-100.573487938781,-1.94903795131794));
#1547=CARTESIAN_POINT('Ctrl Pts',(167.274889858005,-100.834686511512,-2.92889702534361));
#1548=CARTESIAN_POINT('Ctrl Pts',(167.274889858005,-100.741119421188,-1.93328404852567));
#1549=CARTESIAN_POINT('Ctrl Pts',(167.475698918421,-101.001709386246,-2.91320031912308));
#1550=CARTESIAN_POINT('Ctrl Pts',(167.475698918421,-100.908142295922,-1.91758734230513));
#1551=CARTESIAN_POINT('Ctrl Pts',(167.651271538018,-101.177603054811,-2.89666994119787));
#1552=CARTESIAN_POINT('Ctrl Pts',(167.651271538018,-101.084035964487,-1.90105696437992));
#1553=CARTESIAN_POINT('Ctrl Pts',(167.809502270166,-101.372932633415,-2.87831298849669));
#1554=CARTESIAN_POINT('Ctrl Pts',(167.809502270166,-101.279365543091,-1.88270001167874));
#1555=CARTESIAN_POINT('Ctrl Pts',(167.958668726163,-101.596049589765,-2.85734459526184));
#1556=CARTESIAN_POINT('Ctrl Pts',(167.958668726163,-101.502482499441,-1.86173161844389));
#1557=CARTESIAN_POINT('Ctrl Pts',(168.102238327113,-101.848759353716,-2.83359508831491));
#1558=CARTESIAN_POINT('Ctrl Pts',(168.102238327113,-101.755192263392,-1.83798211149696));
#1559=CARTESIAN_POINT('Ctrl Pts',(168.237072195904,-102.125158361462,-2.80761928092246));
#1560=CARTESIAN_POINT('Ctrl Pts',(168.237072195904,-102.031591271138,-1.81200630410451));
#1561=CARTESIAN_POINT('Ctrl Pts',(168.35690989545,-102.415438331194,-2.78033894932822));
#1562=CARTESIAN_POINT('Ctrl Pts',(168.35690989545,-102.32187124087,-1.78472597251027));
#1563=CARTESIAN_POINT('Ctrl Pts',(168.454735219259,-102.708651006926,-2.75278300384221));
#1564=CARTESIAN_POINT('Ctrl Pts',(168.454735219259,-102.615083916602,-1.75717002702426));
#1565=CARTESIAN_POINT('Ctrl Pts',(168.525369582318,-102.995646566348,-2.72581133909263));
#1566=CARTESIAN_POINT('Ctrl Pts',(168.525369582318,-102.902079476024,-1.73019836227468));
#1567=CARTESIAN_POINT('Ctrl Pts',(168.568497055002,-103.272517808985,-2.69979115135791));
#1568=CARTESIAN_POINT('Ctrl Pts',(168.568497055002,-103.178950718661,-1.70417817453996));
#1569=CARTESIAN_POINT('Ctrl Pts',(168.589799952276,-103.541957690632,-2.67446935832195));
#1570=CARTESIAN_POINT('Ctrl Pts',(168.589799952276,-103.448390600308,-1.678856381504));
#1571=CARTESIAN_POINT('Ctrl Pts',(168.5974754737,-103.809563282407,-2.64931995071086));
#1572=CARTESIAN_POINT('Ctrl Pts',(168.5974754737,-103.715996192083,-1.65370697389291));
#1573=CARTESIAN_POINT('Ctrl Pts',(168.599504410158,-104.080953206119,-2.62381489393053));
#1574=CARTESIAN_POINT('Ctrl Pts',(168.599504410158,-103.987386115795,-1.62820191711258));
#1575=CARTESIAN_POINT('Ctrl Pts',(168.6009753827,-104.358966834495,-2.59768734549226));
#1576=CARTESIAN_POINT('Ctrl Pts',(168.6009753827,-104.265399744171,-1.60207436867431));
#1577=CARTESIAN_POINT('Ctrl Pts',(168.600511619585,-104.63983100501,-2.57129190487104));
#1578=CARTESIAN_POINT('Ctrl Pts',(168.600511619585,-104.546263914686,-1.57567892805309));
#1579=CARTESIAN_POINT('Ctrl Pts',(168.590872087716,-104.914098532589,-2.54551641266322));
#1580=CARTESIAN_POINT('Ctrl Pts',(168.590872087716,-104.820531442265,-1.54990343584527));
#1581=CARTESIAN_POINT('Ctrl Pts',(168.56275976727,-105.171249917725,-2.52134948491099));
#1582=CARTESIAN_POINT('Ctrl Pts',(168.56275976727,-105.077682827401,-1.52573650809304));
#1583=CARTESIAN_POINT('Ctrl Pts',(168.507687320178,-105.403218496977,-2.49954922164344));
#1584=CARTESIAN_POINT('Ctrl Pts',(168.507687320178,-105.309651406653,-1.50393624482549));
#1585=CARTESIAN_POINT('Ctrl Pts',(168.421237764294,-105.608370652457,-2.48026914925703));
#1586=CARTESIAN_POINT('Ctrl Pts',(168.421237764294,-105.514803562133,-1.48465617243908));
#1587=CARTESIAN_POINT('Ctrl Pts',(168.306142505174,-105.795271219036,-2.46270434988019));
#1588=CARTESIAN_POINT('Ctrl Pts',(168.306142505174,-105.701704128712,-1.46709137306224));
#1589=CARTESIAN_POINT('Ctrl Pts',(168.16908133082,-105.977645961973,-2.44556488460349));
#1590=CARTESIAN_POINT('Ctrl Pts',(168.16908133082,-105.884078871649,-1.44995190778554));
#1591=CARTESIAN_POINT('Ctrl Pts',(168.017395573298,-106.169217362008,-2.42756112319424));
#1592=CARTESIAN_POINT('Ctrl Pts',(168.017395573298,-106.075650271684,-1.43194814637629));
#1593=CARTESIAN_POINT('Ctrl Pts',(167.855968688172,-106.378800693957,-2.40786461159038));
#1594=CARTESIAN_POINT('Ctrl Pts',(167.855968688172,-106.285233603633,-1.41225163477243));
#1595=CARTESIAN_POINT('Ctrl Pts',(167.683690113733,-106.604738432447,-2.38663112299881));
#1596=CARTESIAN_POINT('Ctrl Pts',(167.683690113733,-106.511171342123,-1.39101814618086));
#1597=CARTESIAN_POINT('Ctrl Pts',(167.49523789262,-106.837793933119,-2.36472871153004));
#1598=CARTESIAN_POINT('Ctrl Pts',(167.49523789262,-106.744226842795,-1.36911573471209));
#1599=CARTESIAN_POINT('Ctrl Pts',(167.283349577539,-107.064819319973,-2.34339300641952));
#1600=CARTESIAN_POINT('Ctrl Pts',(167.283349577539,-106.971252229649,-1.34778002960157));
#1601=CARTESIAN_POINT('Ctrl Pts',(167.040957341675,-107.272211707909,-2.3239023983757));
#1602=CARTESIAN_POINT('Ctrl Pts',(167.040957341675,-107.178644617585,-1.32828942155776));
#1603=CARTESIAN_POINT('Ctrl Pts',(166.763285499473,-107.449297000827,-2.30726003233257));
#1604=CARTESIAN_POINT('Ctrl Pts',(166.763285499473,-107.355729910503,-1.31164705551462));
#1605=CARTESIAN_POINT('Ctrl Pts',(166.450216957916,-107.592172627074,-2.29383266955457));
#1606=CARTESIAN_POINT('Ctrl Pts',(166.450216957916,-107.49860553675,-1.29821969273663));
#1607=CARTESIAN_POINT('Ctrl Pts',(166.105533661873,-107.702236609915,-2.28348892468216));
#1608=CARTESIAN_POINT('Ctrl Pts',(166.105533661873,-107.608669519591,-1.28787594786422));
#1609=CARTESIAN_POINT('Ctrl Pts',(165.735742873457,-107.784006518624,-2.27580423935555));
#1610=CARTESIAN_POINT('Ctrl Pts',(165.735742873457,-107.6904394283,-1.2801912625376));
#1611=CARTESIAN_POINT('Ctrl Pts',(165.349061365837,-107.843218974341,-2.27023948947646));
#1612=CARTESIAN_POINT('Ctrl Pts',(165.349061365837,-107.749651884017,-1.27462651265851));
#1613=CARTESIAN_POINT('Ctrl Pts',(164.954317594363,-107.884757329322,-2.26633574062733));
#1614=CARTESIAN_POINT('Ctrl Pts',(164.954317594363,-107.791190238998,-1.27072276380938));
#1615=CARTESIAN_POINT('Ctrl Pts',(164.559931105363,-107.910782992016,-2.26388986498214));
#1616=CARTESIAN_POINT('Ctrl Pts',(164.559931105363,-107.817215901692,-1.26827688816419));
#1617=CARTESIAN_POINT('Ctrl Pts',(164.172749773889,-107.91843187691,-2.26317102752178));
#1618=CARTESIAN_POINT('Ctrl Pts',(164.172749773889,-107.824864786586,-1.26755805070383));
#1619=CARTESIAN_POINT('Ctrl Pts',(163.798122066916,-107.901437812902,-2.26476811912159));
#1620=CARTESIAN_POINT('Ctrl Pts',(163.798122066916,-107.807870722578,-1.26915514230364));
#1621=CARTESIAN_POINT('Ctrl Pts',(163.440149914825,-107.852350483669,-2.26938131589094));
#1622=CARTESIAN_POINT('Ctrl Pts',(163.440149914825,-107.758783393345,-1.27376833907299));
#1623=CARTESIAN_POINT('Ctrl Pts',(163.101875691175,-107.764511066027,-2.27763640990428));
#1624=CARTESIAN_POINT('Ctrl Pts',(163.101875691175,-107.670943975702,-1.28202343308634));
#1625=CARTESIAN_POINT('Ctrl Pts',(162.785498583083,-107.634201402282,-2.28988283131661));
#1626=CARTESIAN_POINT('Ctrl Pts',(162.785498583083,-107.540634311958,-1.29426985449866));
#1627=CARTESIAN_POINT('Ctrl Pts',(162.492570868327,-107.462553913127,-2.30601415593327));
#1628=CARTESIAN_POINT('Ctrl Pts',(162.492570868327,-107.368986822803,-1.31040117911532));
#1629=CARTESIAN_POINT('Ctrl Pts',(162.224219402361,-107.258010929297,-2.32523697874572));
#1630=CARTESIAN_POINT('Ctrl Pts',(162.224219402361,-107.164443838973,-1.32962400192777));
#1631=CARTESIAN_POINT('Ctrl Pts',(161.981162457072,-107.033685542389,-2.3463189395353));
#1632=CARTESIAN_POINT('Ctrl Pts',(161.981162457072,-106.940118452065,-1.35070596271735));
#1633=CARTESIAN_POINT('Ctrl Pts',(161.76370045224,-106.804108129576,-2.36789448246327));
#1634=CARTESIAN_POINT('Ctrl Pts',(161.76370045224,-106.710541039252,-1.37228150564532));
#1635=CARTESIAN_POINT('Ctrl Pts',(161.571712345986,-106.582018150893,-2.38876636097365));
#1636=CARTESIAN_POINT('Ctrl Pts',(161.571712345986,-106.488451060569,-1.39315338415571));
#1637=CARTESIAN_POINT('Ctrl Pts',(161.404655989991,-106.375528196706,-2.4081721588532));
#1638=CARTESIAN_POINT('Ctrl Pts',(161.404655989991,-106.281961106382,-1.41255918203525));
#1639=CARTESIAN_POINT('Ctrl Pts',(161.26154940514,-106.18415050952,-2.42615771524901));
#1640=CARTESIAN_POINT('Ctrl Pts',(161.26154940514,-106.090583419196,-1.43054473843106));
#1641=CARTESIAN_POINT('Ctrl Pts',(161.141029687216,-105.999485906549,-2.44351238015211));
#1642=CARTESIAN_POINT('Ctrl Pts',(161.141029687216,-105.905918816225,-1.44789940333416));
#1643=CARTESIAN_POINT('Ctrl Pts',(161.041466774599,-105.809872197175,-2.46133215900668));
#1644=CARTESIAN_POINT('Ctrl Pts',(161.041466774599,-105.716305106851,-1.46571918218873));
#1645=CARTESIAN_POINT('Ctrl Pts',(160.96107381538,-105.603598333008,-2.48071764888012));
#1646=CARTESIAN_POINT('Ctrl Pts',(160.96107381538,-105.510031242684,-1.48510467206218));
#1647=CARTESIAN_POINT('Ctrl Pts',(160.897989501836,-105.373388646297,-2.50235261251715));
#1648=CARTESIAN_POINT('Ctrl Pts',(160.897989501836,-105.279821555973,-1.5067396356992));
#1649=CARTESIAN_POINT('Ctrl Pts',(160.850478830649,-105.117812823546,-2.52637146989327));
#1650=CARTESIAN_POINT('Ctrl Pts',(160.850478830649,-105.024245733222,-1.53075849307532));
#1651=CARTESIAN_POINT('Ctrl Pts',(160.817268180126,-104.839315811369,-2.55254444644144));
#1652=CARTESIAN_POINT('Ctrl Pts',(160.817268180126,-104.745748721045,-1.55693146962349));
#1653=CARTESIAN_POINT('Ctrl Pts',(160.797864467208,-104.543094221399,-2.58038316782211));
#1654=CARTESIAN_POINT('Ctrl Pts',(160.797864467208,-104.449527131075,-1.58477019100417));
#1655=CARTESIAN_POINT('Ctrl Pts',(160.792840999621,-104.235654946209,-2.6092761203053));
#1656=CARTESIAN_POINT('Ctrl Pts',(160.792840999621,-104.142087855885,-1.61366314348735));
#1657=CARTESIAN_POINT('Ctrl Pts',(160.804243877015,-103.923451868872,-2.63861677196095));
#1658=CARTESIAN_POINT('Ctrl Pts',(160.804243877015,-103.829884778548,-1.643003795143));
#1659=CARTESIAN_POINT('Ctrl Pts',(160.834818611902,-103.612196775302,-2.66786833268981));
#1660=CARTESIAN_POINT('Ctrl Pts',(160.834818611902,-103.518629684978,-1.67225535587186));
#1661=CARTESIAN_POINT('Ctrl Pts',(160.887106734003,-103.306334389791,-2.69661309005865));
#1662=CARTESIAN_POINT('Ctrl Pts',(160.887106734003,-103.212767299466,-1.7010001132407));
#1663=CARTESIAN_POINT('Ctrl Pts',(160.962517018621,-103.008395811387,-2.72461317294784));
#1664=CARTESIAN_POINT('Ctrl Pts',(160.962517018621,-102.914828721063,-1.72900019612989));
#1665=CARTESIAN_POINT('Ctrl Pts',(161.060567831629,-102.718538483053,-2.75185378496558));
#1666=CARTESIAN_POINT('Ctrl Pts',(161.060567831629,-102.624971392729,-1.75624080814763));
#1667=CARTESIAN_POINT('Ctrl Pts',(161.177648295615,-102.433659336004,-2.7786265505924));
#1668=CARTESIAN_POINT('Ctrl Pts',(161.177648295615,-102.34009224568,-1.78301357377445));
#1669=CARTESIAN_POINT('Ctrl Pts',(161.308008862476,-102.14840841833,-2.80543425499209));
#1670=CARTESIAN_POINT('Ctrl Pts',(161.308008862476,-102.054841328006,-1.80982127817415));
#1671=CARTESIAN_POINT('Ctrl Pts',(161.445887562311,-101.8571672747,-2.83280491711343));
#1672=CARTESIAN_POINT('Ctrl Pts',(161.445887562311,-101.763600184376,-1.83719194029548));
#1673=CARTESIAN_POINT('Ctrl Pts',(161.587356352429,-101.555783139943,-2.86112881125267));
#1674=CARTESIAN_POINT('Ctrl Pts',(161.587356352429,-101.462216049619,-1.86551583443472));
#1675=CARTESIAN_POINT('Ctrl Pts',(161.732121285734,-101.243281001014,-2.89049756853129));
#1676=CARTESIAN_POINT('Ctrl Pts',(161.732121285734,-101.14971391069,-1.89488459171334));
#1677=CARTESIAN_POINT('Ctrl Pts',(161.885735435734,-100.92388427929,-2.92051427442666));
#1678=CARTESIAN_POINT('Ctrl Pts',(161.885735435734,-100.830317188966,-1.92490129760871));
#1679=CARTESIAN_POINT('Ctrl Pts',(162.060426797258,-100.607986264321,-2.95020217403023));
#1680=CARTESIAN_POINT('Ctrl Pts',(162.060426797258,-100.514419173997,-1.95458919721228));
#1681=CARTESIAN_POINT('Ctrl Pts',(162.270863254327,-100.309295185366,-2.97827297645469));
#1682=CARTESIAN_POINT('Ctrl Pts',(162.270863254327,-100.215728095042,-1.98265999963674));
#1683=CARTESIAN_POINT('Ctrl Pts',(162.530801138898,-100.042631399442,-3.00333387373577));
#1684=CARTESIAN_POINT('Ctrl Pts',(162.530801138898,-99.9490643091178,-2.00772089691782));
#1685=CARTESIAN_POINT('Ctrl Pts',(162.849254645122,-99.8214057225938,-3.02412452569552));
#1686=CARTESIAN_POINT('Ctrl Pts',(162.849254645122,-99.7278386322697,-2.02851154887758));
#1687=CARTESIAN_POINT('Ctrl Pts',(163.227168427574,-99.6553803598904,-3.03972748635378));
#1688=CARTESIAN_POINT('Ctrl Pts',(163.227168427574,-99.5618132695664,-2.04411450953583));
#1689=CARTESIAN_POINT('Ctrl Pts',(163.65314143672,-99.547951927097,-3.04982354386668));
#1690=CARTESIAN_POINT('Ctrl Pts',(163.65314143672,-99.454384836773,-2.05421056704873));
#1691=CARTESIAN_POINT('Ctrl Pts',(164.10180014488,-99.4947317405809,-3.05482514400123));
#1692=CARTESIAN_POINT('Ctrl Pts',(164.10180014488,-99.4011646502569,-2.05921216718328));
#1693=CARTESIAN_POINT('Ctrl Pts',(164.54129382553,-99.4865681456947,-3.05559235358756));
#1694=CARTESIAN_POINT('Ctrl Pts',(164.54129382553,-99.3930010553707,-2.05997937676961));
#1695=CARTESIAN_POINT('Ctrl Pts',(164.93931989076,-99.5118511329313,-3.05321627412143));
#1696=CARTESIAN_POINT('Ctrl Pts',(164.93931989076,-99.4182840426073,-2.05760329730348));
#1697=CARTESIAN_POINT('Ctrl Pts',(165.20362746556,-99.5496412494153,-3.04966478240252));
#1698=CARTESIAN_POINT('Ctrl Pts',(165.20362746556,-99.4560741590913,-2.05405180558457));
#1699=CARTESIAN_POINT('Ctrl Pts',(165.365275816162,-99.583859002668,-3.04644901916537));
#1700=CARTESIAN_POINT('Ctrl Pts',(165.365275816162,-99.490291912344,-2.05083604234742));
#1701=CARTESIAN_POINT('Ctrl Pts',(165.457482397835,-99.6087726015173,-3.04410765459087));
#1702=CARTESIAN_POINT('Ctrl Pts',(165.457482397835,-99.5152055111933,-2.04849467777292));
#1703=CARTESIAN_POINT('Ctrl Pts',(165.499996300787,-99.6217548753308,-3.04288758854634));
#1704=CARTESIAN_POINT('Ctrl Pts',(165.499996300787,-99.5281877850067,-2.04727461172839));
#1705=CARTESIAN_POINT('',(165.499996300787,-99.6217548753308,-3.04288758854634));
#1706=CARTESIAN_POINT('Ctrl Pts',(165.499996300787,-99.6217548753308,-3.04288758854634));
#1707=CARTESIAN_POINT('Ctrl Pts',(165.542510203739,-99.6347371491442,-3.04166752250181));
#1708=CARTESIAN_POINT('Ctrl Pts',(165.620359233875,-99.6617526455485,-3.03912862289818));
#1709=CARTESIAN_POINT('Ctrl Pts',(165.717398602233,-99.7054289376051,-3.03502395204812));
#1710=CARTESIAN_POINT('Ctrl Pts',(165.81963379353,-99.7714999627742,-3.02881463806394));
#1711=CARTESIAN_POINT('Ctrl Pts',(165.942785569314,-99.8738654495918,-3.01919439307503));
#1712=CARTESIAN_POINT('Ctrl Pts',(166.097603161778,-100.001411364819,-3.00720770703494));
#1713=CARTESIAN_POINT('Ctrl Pts',(166.297934941579,-100.152648108137,-2.99299457165825));
#1714=CARTESIAN_POINT('Ctrl Pts',(166.53604856062,-100.32008610678,-2.97725885235014));
#1715=CARTESIAN_POINT('Ctrl Pts',(166.792870205641,-100.49430180747,-2.96088616880557));
#1716=CARTESIAN_POINT('Ctrl Pts',(167.045365779374,-100.667055029105,-2.94465092813589));
#1717=CARTESIAN_POINT('Ctrl Pts',(167.274889858005,-100.834686511512,-2.92889702534361));
#1718=CARTESIAN_POINT('Ctrl Pts',(167.475698918421,-101.001709386246,-2.91320031912308));
#1719=CARTESIAN_POINT('Ctrl Pts',(167.651271538018,-101.177603054811,-2.89666994119787));
#1720=CARTESIAN_POINT('Ctrl Pts',(167.809502270166,-101.372932633415,-2.87831298849669));
#1721=CARTESIAN_POINT('Ctrl Pts',(167.958668726163,-101.596049589765,-2.85734459526184));
#1722=CARTESIAN_POINT('Ctrl Pts',(168.102238327113,-101.848759353716,-2.83359508831491));
#1723=CARTESIAN_POINT('Ctrl Pts',(168.237072195904,-102.125158361462,-2.80761928092246));
#1724=CARTESIAN_POINT('Ctrl Pts',(168.35690989545,-102.415438331194,-2.78033894932822));
#1725=CARTESIAN_POINT('Ctrl Pts',(168.454735219259,-102.708651006926,-2.75278300384221));
#1726=CARTESIAN_POINT('Ctrl Pts',(168.525369582318,-102.995646566348,-2.72581133909263));
#1727=CARTESIAN_POINT('Ctrl Pts',(168.568497055002,-103.272517808985,-2.69979115135791));
#1728=CARTESIAN_POINT('Ctrl Pts',(168.589799952276,-103.541957690632,-2.67446935832195));
#1729=CARTESIAN_POINT('Ctrl Pts',(168.5974754737,-103.809563282407,-2.64931995071086));
#1730=CARTESIAN_POINT('Ctrl Pts',(168.599504410158,-104.080953206119,-2.62381489393053));
#1731=CARTESIAN_POINT('Ctrl Pts',(168.6009753827,-104.358966834495,-2.59768734549226));
#1732=CARTESIAN_POINT('Ctrl Pts',(168.600511619585,-104.63983100501,-2.57129190487104));
#1733=CARTESIAN_POINT('Ctrl Pts',(168.590872087716,-104.914098532589,-2.54551641266322));
#1734=CARTESIAN_POINT('Ctrl Pts',(168.56275976727,-105.171249917725,-2.52134948491099));
#1735=CARTESIAN_POINT('Ctrl Pts',(168.507687320178,-105.403218496977,-2.49954922164344));
#1736=CARTESIAN_POINT('Ctrl Pts',(168.421237764294,-105.608370652457,-2.48026914925703));
#1737=CARTESIAN_POINT('Ctrl Pts',(168.306142505174,-105.795271219036,-2.46270434988019));
#1738=CARTESIAN_POINT('Ctrl Pts',(168.16908133082,-105.977645961973,-2.44556488460349));
#1739=CARTESIAN_POINT('Ctrl Pts',(168.017395573298,-106.169217362008,-2.42756112319424));
#1740=CARTESIAN_POINT('Ctrl Pts',(167.855968688172,-106.378800693957,-2.40786461159038));
#1741=CARTESIAN_POINT('Ctrl Pts',(167.683690113733,-106.604738432447,-2.38663112299881));
#1742=CARTESIAN_POINT('Ctrl Pts',(167.49523789262,-106.837793933119,-2.36472871153004));
#1743=CARTESIAN_POINT('Ctrl Pts',(167.283349577539,-107.064819319973,-2.34339300641952));
#1744=CARTESIAN_POINT('Ctrl Pts',(167.040957341675,-107.272211707909,-2.3239023983757));
#1745=CARTESIAN_POINT('Ctrl Pts',(166.763285499473,-107.449297000827,-2.30726003233257));
#1746=CARTESIAN_POINT('Ctrl Pts',(166.450216957916,-107.592172627074,-2.29383266955457));
#1747=CARTESIAN_POINT('Ctrl Pts',(166.105533661873,-107.702236609915,-2.28348892468216));
#1748=CARTESIAN_POINT('Ctrl Pts',(165.735742873457,-107.784006518624,-2.27580423935555));
#1749=CARTESIAN_POINT('Ctrl Pts',(165.349061365837,-107.843218974341,-2.27023948947646));
#1750=CARTESIAN_POINT('Ctrl Pts',(164.954317594363,-107.884757329322,-2.26633574062733));
#1751=CARTESIAN_POINT('Ctrl Pts',(164.559931105363,-107.910782992016,-2.26388986498214));
#1752=CARTESIAN_POINT('Ctrl Pts',(164.172749773889,-107.91843187691,-2.26317102752178));
#1753=CARTESIAN_POINT('Ctrl Pts',(163.798122066916,-107.901437812902,-2.26476811912159));
#1754=CARTESIAN_POINT('Ctrl Pts',(163.440149914825,-107.852350483669,-2.26938131589094));
#1755=CARTESIAN_POINT('Ctrl Pts',(163.101875691175,-107.764511066027,-2.27763640990428));
#1756=CARTESIAN_POINT('Ctrl Pts',(162.785498583083,-107.634201402282,-2.28988283131661));
#1757=CARTESIAN_POINT('Ctrl Pts',(162.492570868327,-107.462553913127,-2.30601415593327));
#1758=CARTESIAN_POINT('Ctrl Pts',(162.224219402361,-107.258010929297,-2.32523697874572));
#1759=CARTESIAN_POINT('Ctrl Pts',(161.981162457072,-107.033685542389,-2.3463189395353));
#1760=CARTESIAN_POINT('Ctrl Pts',(161.76370045224,-106.804108129576,-2.36789448246327));
#1761=CARTESIAN_POINT('Ctrl Pts',(161.571712345986,-106.582018150893,-2.38876636097365));
#1762=CARTESIAN_POINT('Ctrl Pts',(161.404655989991,-106.375528196706,-2.4081721588532));
#1763=CARTESIAN_POINT('Ctrl Pts',(161.26154940514,-106.18415050952,-2.42615771524901));
#1764=CARTESIAN_POINT('Ctrl Pts',(161.141029687216,-105.999485906549,-2.44351238015211));
#1765=CARTESIAN_POINT('Ctrl Pts',(161.041466774599,-105.809872197175,-2.46133215900668));
#1766=CARTESIAN_POINT('Ctrl Pts',(160.96107381538,-105.603598333008,-2.48071764888012));
#1767=CARTESIAN_POINT('Ctrl Pts',(160.897989501836,-105.373388646297,-2.50235261251715));
#1768=CARTESIAN_POINT('Ctrl Pts',(160.850478830649,-105.117812823546,-2.52637146989327));
#1769=CARTESIAN_POINT('Ctrl Pts',(160.817268180126,-104.839315811369,-2.55254444644144));
#1770=CARTESIAN_POINT('Ctrl Pts',(160.797864467208,-104.543094221399,-2.58038316782211));
#1771=CARTESIAN_POINT('Ctrl Pts',(160.792840999621,-104.235654946209,-2.6092761203053));
#1772=CARTESIAN_POINT('Ctrl Pts',(160.804243877015,-103.923451868872,-2.63861677196095));
#1773=CARTESIAN_POINT('Ctrl Pts',(160.834818611902,-103.612196775302,-2.66786833268981));
#1774=CARTESIAN_POINT('Ctrl Pts',(160.887106734003,-103.306334389791,-2.69661309005865));
#1775=CARTESIAN_POINT('Ctrl Pts',(160.962517018621,-103.008395811387,-2.72461317294784));
#1776=CARTESIAN_POINT('Ctrl Pts',(161.060567831629,-102.718538483053,-2.75185378496558));
#1777=CARTESIAN_POINT('Ctrl Pts',(161.177648295615,-102.433659336004,-2.7786265505924));
#1778=CARTESIAN_POINT('Ctrl Pts',(161.308008862476,-102.14840841833,-2.80543425499209));
#1779=CARTESIAN_POINT('Ctrl Pts',(161.445887562311,-101.8571672747,-2.83280491711343));
#1780=CARTESIAN_POINT('Ctrl Pts',(161.587356352429,-101.555783139943,-2.86112881125267));
#1781=CARTESIAN_POINT('Ctrl Pts',(161.732121285734,-101.243281001014,-2.89049756853129));
#1782=CARTESIAN_POINT('Ctrl Pts',(161.885735435734,-100.92388427929,-2.92051427442666));
#1783=CARTESIAN_POINT('Ctrl Pts',(162.060426797258,-100.607986264321,-2.95020217403023));
#1784=CARTESIAN_POINT('Ctrl Pts',(162.270863254327,-100.309295185366,-2.97827297645469));
#1785=CARTESIAN_POINT('Ctrl Pts',(162.530801138898,-100.042631399442,-3.00333387373577));
#1786=CARTESIAN_POINT('Ctrl Pts',(162.849254645122,-99.8214057225938,-3.02412452569552));
#1787=CARTESIAN_POINT('Ctrl Pts',(163.227168427574,-99.6553803598904,-3.03972748635378));
#1788=CARTESIAN_POINT('Ctrl Pts',(163.65314143672,-99.547951927097,-3.04982354386668));
#1789=CARTESIAN_POINT('Ctrl Pts',(164.10180014488,-99.4947317405809,-3.05482514400123));
#1790=CARTESIAN_POINT('Ctrl Pts',(164.54129382553,-99.4865681456947,-3.05559235358756));
#1791=CARTESIAN_POINT('Ctrl Pts',(164.93931989076,-99.5118511329313,-3.05321627412143));
#1792=CARTESIAN_POINT('Ctrl Pts',(165.20362746556,-99.5496412494153,-3.04966478240252));
#1793=CARTESIAN_POINT('Ctrl Pts',(165.365275816162,-99.583859002668,-3.04644901916537));
#1794=CARTESIAN_POINT('Ctrl Pts',(165.457482397835,-99.6087726015173,-3.04410765459087));
#1795=CARTESIAN_POINT('Ctrl Pts',(165.499996300787,-99.6217548753308,-3.04288758854634));
#1796=CARTESIAN_POINT('',(165.499996300787,-99.5281877850067,-2.04727461172839));
#1797=CARTESIAN_POINT('',(165.499996300787,-99.6217548753308,-3.04288758854634));
#1798=CARTESIAN_POINT('Ctrl Pts',(165.499996300787,-99.5281877850067,-2.04727461172839));
#1799=CARTESIAN_POINT('Ctrl Pts',(165.542510203739,-99.5411700588202,-2.04605454568386));
#1800=CARTESIAN_POINT('Ctrl Pts',(165.620359233875,-99.5681855552245,-2.04351564608023));
#1801=CARTESIAN_POINT('Ctrl Pts',(165.717398602233,-99.6118618472811,-2.03941097523017));
#1802=CARTESIAN_POINT('Ctrl Pts',(165.81963379353,-99.6779328724502,-2.03320166124599));
#1803=CARTESIAN_POINT('Ctrl Pts',(165.942785569314,-99.7802983592677,-2.02358141625708));
#1804=CARTESIAN_POINT('Ctrl Pts',(166.097603161778,-99.9078442744953,-2.01159473021699));
#1805=CARTESIAN_POINT('Ctrl Pts',(166.297934941579,-100.059081017813,-1.9973815948403));
#1806=CARTESIAN_POINT('Ctrl Pts',(166.53604856062,-100.226519016456,-1.98164587553219));
#1807=CARTESIAN_POINT('Ctrl Pts',(166.792870205641,-100.400734717146,-1.96527319198763));
#1808=CARTESIAN_POINT('Ctrl Pts',(167.045365779374,-100.573487938781,-1.94903795131794));
#1809=CARTESIAN_POINT('Ctrl Pts',(167.274889858005,-100.741119421188,-1.93328404852567));
#1810=CARTESIAN_POINT('Ctrl Pts',(167.475698918421,-100.908142295922,-1.91758734230513));
#1811=CARTESIAN_POINT('Ctrl Pts',(167.651271538018,-101.084035964487,-1.90105696437992));
#1812=CARTESIAN_POINT('Ctrl Pts',(167.809502270166,-101.279365543091,-1.88270001167874));
#1813=CARTESIAN_POINT('Ctrl Pts',(167.958668726163,-101.502482499441,-1.86173161844389));
#1814=CARTESIAN_POINT('Ctrl Pts',(168.102238327113,-101.755192263392,-1.83798211149696));
#1815=CARTESIAN_POINT('Ctrl Pts',(168.237072195904,-102.031591271138,-1.81200630410452));
#1816=CARTESIAN_POINT('Ctrl Pts',(168.35690989545,-102.32187124087,-1.78472597251027));
#1817=CARTESIAN_POINT('Ctrl Pts',(168.454735219259,-102.615083916602,-1.75717002702426));
#1818=CARTESIAN_POINT('Ctrl Pts',(168.525369582318,-102.902079476024,-1.73019836227468));
#1819=CARTESIAN_POINT('Ctrl Pts',(168.568497055002,-103.178950718661,-1.70417817453996));
#1820=CARTESIAN_POINT('Ctrl Pts',(168.589799952276,-103.448390600308,-1.678856381504));
#1821=CARTESIAN_POINT('Ctrl Pts',(168.5974754737,-103.715996192083,-1.65370697389291));
#1822=CARTESIAN_POINT('Ctrl Pts',(168.599504410158,-103.987386115795,-1.62820191711258));
#1823=CARTESIAN_POINT('Ctrl Pts',(168.6009753827,-104.265399744171,-1.60207436867431));
#1824=CARTESIAN_POINT('Ctrl Pts',(168.600511619585,-104.546263914686,-1.5756789280531));
#1825=CARTESIAN_POINT('Ctrl Pts',(168.590872087716,-104.820531442265,-1.54990343584527));
#1826=CARTESIAN_POINT('Ctrl Pts',(168.56275976727,-105.077682827401,-1.52573650809304));
#1827=CARTESIAN_POINT('Ctrl Pts',(168.507687320178,-105.309651406653,-1.50393624482549));
#1828=CARTESIAN_POINT('Ctrl Pts',(168.421237764294,-105.514803562133,-1.48465617243908));
#1829=CARTESIAN_POINT('Ctrl Pts',(168.306142505174,-105.701704128712,-1.46709137306224));
#1830=CARTESIAN_POINT('Ctrl Pts',(168.16908133082,-105.884078871649,-1.44995190778554));
#1831=CARTESIAN_POINT('Ctrl Pts',(168.017395573298,-106.075650271684,-1.43194814637629));
#1832=CARTESIAN_POINT('Ctrl Pts',(167.855968688172,-106.285233603633,-1.41225163477243));
#1833=CARTESIAN_POINT('Ctrl Pts',(167.683690113733,-106.511171342123,-1.39101814618086));
#1834=CARTESIAN_POINT('Ctrl Pts',(167.49523789262,-106.744226842795,-1.36911573471209));
#1835=CARTESIAN_POINT('Ctrl Pts',(167.283349577539,-106.971252229649,-1.34778002960157));
#1836=CARTESIAN_POINT('Ctrl Pts',(167.040957341675,-107.178644617585,-1.32828942155776));
#1837=CARTESIAN_POINT('Ctrl Pts',(166.763285499473,-107.355729910503,-1.31164705551462));
#1838=CARTESIAN_POINT('Ctrl Pts',(166.450216957916,-107.49860553675,-1.29821969273663));
#1839=CARTESIAN_POINT('Ctrl Pts',(166.105533661873,-107.608669519591,-1.28787594786422));
#1840=CARTESIAN_POINT('Ctrl Pts',(165.735742873457,-107.6904394283,-1.2801912625376));
#1841=CARTESIAN_POINT('Ctrl Pts',(165.349061365837,-107.749651884017,-1.27462651265851));
#1842=CARTESIAN_POINT('Ctrl Pts',(164.954317594363,-107.791190238998,-1.27072276380938));
#1843=CARTESIAN_POINT('Ctrl Pts',(164.559931105363,-107.817215901692,-1.2682768881642));
#1844=CARTESIAN_POINT('Ctrl Pts',(164.172749773889,-107.824864786586,-1.26755805070383));
#1845=CARTESIAN_POINT('Ctrl Pts',(163.798122066916,-107.807870722578,-1.26915514230364));
#1846=CARTESIAN_POINT('Ctrl Pts',(163.440149914825,-107.758783393345,-1.27376833907299));
#1847=CARTESIAN_POINT('Ctrl Pts',(163.101875691175,-107.670943975702,-1.28202343308634));
#1848=CARTESIAN_POINT('Ctrl Pts',(162.785498583083,-107.540634311958,-1.29426985449866));
#1849=CARTESIAN_POINT('Ctrl Pts',(162.492570868327,-107.368986822803,-1.31040117911532));
#1850=CARTESIAN_POINT('Ctrl Pts',(162.224219402361,-107.164443838973,-1.32962400192777));
#1851=CARTESIAN_POINT('Ctrl Pts',(161.981162457072,-106.940118452065,-1.35070596271735));
#1852=CARTESIAN_POINT('Ctrl Pts',(161.76370045224,-106.710541039252,-1.37228150564532));
#1853=CARTESIAN_POINT('Ctrl Pts',(161.571712345986,-106.488451060569,-1.39315338415571));
#1854=CARTESIAN_POINT('Ctrl Pts',(161.404655989991,-106.281961106382,-1.41255918203525));
#1855=CARTESIAN_POINT('Ctrl Pts',(161.26154940514,-106.090583419196,-1.43054473843106));
#1856=CARTESIAN_POINT('Ctrl Pts',(161.141029687216,-105.905918816225,-1.44789940333417));
#1857=CARTESIAN_POINT('Ctrl Pts',(161.041466774599,-105.716305106851,-1.46571918218873));
#1858=CARTESIAN_POINT('Ctrl Pts',(160.96107381538,-105.510031242684,-1.48510467206218));
#1859=CARTESIAN_POINT('Ctrl Pts',(160.897989501836,-105.279821555973,-1.5067396356992));
#1860=CARTESIAN_POINT('Ctrl Pts',(160.850478830649,-105.024245733222,-1.53075849307532));
#1861=CARTESIAN_POINT('Ctrl Pts',(160.817268180126,-104.745748721045,-1.55693146962349));
#1862=CARTESIAN_POINT('Ctrl Pts',(160.797864467208,-104.449527131075,-1.58477019100417));
#1863=CARTESIAN_POINT('Ctrl Pts',(160.792840999621,-104.142087855885,-1.61366314348735));
#1864=CARTESIAN_POINT('Ctrl Pts',(160.804243877015,-103.829884778548,-1.643003795143));
#1865=CARTESIAN_POINT('Ctrl Pts',(160.834818611902,-103.518629684978,-1.67225535587186));
#1866=CARTESIAN_POINT('Ctrl Pts',(160.887106734003,-103.212767299466,-1.7010001132407));
#1867=CARTESIAN_POINT('Ctrl Pts',(160.962517018621,-102.914828721063,-1.7290001961299));
#1868=CARTESIAN_POINT('Ctrl Pts',(161.060567831629,-102.624971392729,-1.75624080814763));
#1869=CARTESIAN_POINT('Ctrl Pts',(161.177648295615,-102.34009224568,-1.78301357377445));
#1870=CARTESIAN_POINT('Ctrl Pts',(161.308008862476,-102.054841328006,-1.80982127817415));
#1871=CARTESIAN_POINT('Ctrl Pts',(161.445887562311,-101.763600184376,-1.83719194029548));
#1872=CARTESIAN_POINT('Ctrl Pts',(161.587356352429,-101.462216049619,-1.86551583443472));
#1873=CARTESIAN_POINT('Ctrl Pts',(161.732121285734,-101.14971391069,-1.89488459171334));
#1874=CARTESIAN_POINT('Ctrl Pts',(161.885735435734,-100.830317188966,-1.92490129760872));
#1875=CARTESIAN_POINT('Ctrl Pts',(162.060426797258,-100.514419173997,-1.95458919721228));
#1876=CARTESIAN_POINT('Ctrl Pts',(162.270863254327,-100.215728095042,-1.98265999963674));
#1877=CARTESIAN_POINT('Ctrl Pts',(162.530801138898,-99.9490643091178,-2.00772089691782));
#1878=CARTESIAN_POINT('Ctrl Pts',(162.849254645122,-99.7278386322697,-2.02851154887758));
#1879=CARTESIAN_POINT('Ctrl Pts',(163.227168427574,-99.5618132695664,-2.04411450953583));
#1880=CARTESIAN_POINT('Ctrl Pts',(163.65314143672,-99.454384836773,-2.05421056704873));
#1881=CARTESIAN_POINT('Ctrl Pts',(164.10180014488,-99.4011646502569,-2.05921216718328));
#1882=CARTESIAN_POINT('Ctrl Pts',(164.54129382553,-99.3930010553707,-2.05997937676961));
#1883=CARTESIAN_POINT('Ctrl Pts',(164.93931989076,-99.4182840426073,-2.05760329730348));
#1884=CARTESIAN_POINT('Ctrl Pts',(165.20362746556,-99.4560741590913,-2.05405180558457));
#1885=CARTESIAN_POINT('Ctrl Pts',(165.365275816162,-99.490291912344,-2.05083604234742));
#1886=CARTESIAN_POINT('Ctrl Pts',(165.457482397835,-99.5152055111933,-2.04849467777292));
#1887=CARTESIAN_POINT('Ctrl Pts',(165.499996300787,-99.5281877850067,-2.04727461172839));
#1888=CARTESIAN_POINT('Ctrl Pts',(152.499996591359,-99.5221935798743,-3.0522442973696));
#1889=CARTESIAN_POINT('Ctrl Pts',(152.499996591359,-99.4286264895503,-2.05663132055165));
#1890=CARTESIAN_POINT('Ctrl Pts',(152.529656773008,-99.5249460984284,-3.05198561738234));
#1891=CARTESIAN_POINT('Ctrl Pts',(152.529656773008,-99.4313790081044,-2.05637264056439));
#1892=CARTESIAN_POINT('Ctrl Pts',(152.583715756305,-99.5319477512044,-3.05132760639517));
#1893=CARTESIAN_POINT('Ctrl Pts',(152.583715756305,-99.4383806608804,-2.05571462957722));
#1894=CARTESIAN_POINT('Ctrl Pts',(152.650633505209,-99.5470905645296,-3.04990449418676));
#1895=CARTESIAN_POINT('Ctrl Pts',(152.650633505209,-99.4535234742056,-2.05429151736881));
#1896=CARTESIAN_POINT('Ctrl Pts',(152.723639483971,-99.5777043034507,-3.04702743398216));
#1897=CARTESIAN_POINT('Ctrl Pts',(152.723639483971,-99.4841372131267,-2.05141445716421));
#1898=CARTESIAN_POINT('Ctrl Pts',(152.827245856073,-99.6367943107977,-3.04147419172496));
#1899=CARTESIAN_POINT('Ctrl Pts',(152.827245856073,-99.5432272204737,-2.04586121490702));
#1900=CARTESIAN_POINT('Ctrl Pts',(152.968955600072,-99.718197269409,-3.03382399214101));
#1901=CARTESIAN_POINT('Ctrl Pts',(152.968955600072,-99.624630179085,-2.03821101532306));
#1902=CARTESIAN_POINT('Ctrl Pts',(153.14868114856,-99.8202802991553,-3.02423029229255));
#1903=CARTESIAN_POINT('Ctrl Pts',(153.14868114856,-99.7267132088313,-2.0286173154746));
#1904=CARTESIAN_POINT('Ctrl Pts',(153.353328554249,-99.9405912272436,-3.01292354585843));
#1905=CARTESIAN_POINT('Ctrl Pts',(153.353328554249,-99.8470241369196,-2.01731056904048));
#1906=CARTESIAN_POINT('Ctrl Pts',(153.563945191408,-100.077243200465,-3.00008107813348));
#1907=CARTESIAN_POINT('Ctrl Pts',(153.563945191408,-99.9836761101406,-2.00446810131553));
#1908=CARTESIAN_POINT('Ctrl Pts',(153.76669442456,-100.231178246474,-2.98561435794269));
#1909=CARTESIAN_POINT('Ctrl Pts',(153.76669442456,-100.13761115615,-1.99000138112474));
#1910=CARTESIAN_POINT('Ctrl Pts',(153.956207070544,-100.406110370412,-2.96917434538532));
#1911=CARTESIAN_POINT('Ctrl Pts',(153.956207070544,-100.312543280088,-1.97356136856737));
#1912=CARTESIAN_POINT('Ctrl Pts',(154.132053204524,-100.606219009418,-2.95036825955037));
#1913=CARTESIAN_POINT('Ctrl Pts',(154.132053204524,-100.512651919094,-1.95475528273242));
#1914=CARTESIAN_POINT('Ctrl Pts',(154.296922362569,-100.834333341676,-2.92893021602581));
#1915=CARTESIAN_POINT('Ctrl Pts',(154.296922362569,-100.740766251352,-1.93331723920786));
#1916=CARTESIAN_POINT('Ctrl Pts',(154.454256063974,-101.090133501379,-2.90489027560206));
#1917=CARTESIAN_POINT('Ctrl Pts',(154.454256063974,-100.996566411055,-1.90927729878411));
#1918=CARTESIAN_POINT('Ctrl Pts',(154.605753501761,-101.367787249252,-2.87879654851039));
#1919=CARTESIAN_POINT('Ctrl Pts',(154.605753501761,-101.274220158928,-1.88318357169244));
#1920=CARTESIAN_POINT('Ctrl Pts',(154.751270619774,-101.657384118242,-2.85158041430038));
#1921=CARTESIAN_POINT('Ctrl Pts',(154.751270619774,-101.563817027918,-1.85596743748243));
#1922=CARTESIAN_POINT('Ctrl Pts',(154.88957904775,-101.947573978118,-2.82430855117451));
#1923=CARTESIAN_POINT('Ctrl Pts',(154.88957904775,-101.854006887794,-1.82869557435656));
#1924=CARTESIAN_POINT('Ctrl Pts',(155.018850088855,-102.227890467951,-2.79796458124411));
#1925=CARTESIAN_POINT('Ctrl Pts',(155.018850088855,-102.134323377627,-1.80235160442616));
#1926=CARTESIAN_POINT('Ctrl Pts',(155.137214430454,-102.491008429839,-2.77323691830776));
#1927=CARTESIAN_POINT('Ctrl Pts',(155.137214430454,-102.397441339515,-1.77762394148981));
#1928=CARTESIAN_POINT('Ctrl Pts',(155.243382370315,-102.735507452419,-2.7502590517446));
#1929=CARTESIAN_POINT('Ctrl Pts',(155.243382370315,-102.641940362095,-1.75464607492665));
#1930=CARTESIAN_POINT('Ctrl Pts',(155.336937013229,-102.966883923901,-2.72851443439825));
#1931=CARTESIAN_POINT('Ctrl Pts',(155.336937013229,-102.873316833577,-1.7329014575803));
#1932=CARTESIAN_POINT('Ctrl Pts',(155.417789204379,-103.194301557476,-2.70714186618402));
#1933=CARTESIAN_POINT('Ctrl Pts',(155.417789204379,-103.100734467152,-1.71152888936607));
#1934=CARTESIAN_POINT('Ctrl Pts',(155.485774904566,-103.428080113681,-2.68517150240452));
#1935=CARTESIAN_POINT('Ctrl Pts',(155.485774904566,-103.334513023357,-1.68955852558657));
#1936=CARTESIAN_POINT('Ctrl Pts',(155.54024609006,-103.677102936817,-2.66176849186965));
#1937=CARTESIAN_POINT('Ctrl Pts',(155.54024609006,-103.583535846493,-1.6661555150517));
#1938=CARTESIAN_POINT('Ctrl Pts',(155.579537966743,-103.945728743692,-2.63652320507605));
#1939=CARTESIAN_POINT('Ctrl Pts',(155.579537966743,-103.852161653368,-1.6409102282581));
#1940=CARTESIAN_POINT('Ctrl Pts',(155.601199548226,-104.233915828469,-2.60943956151237));
#1941=CARTESIAN_POINT('Ctrl Pts',(155.601199548226,-104.140348738145,-1.61382658469442));
#1942=CARTESIAN_POINT('Ctrl Pts',(155.602530932501,-104.538684037407,-2.58079763417955));
#1943=CARTESIAN_POINT('Ctrl Pts',(155.602530932501,-104.445116947083,-1.58518465736161));
#1944=CARTESIAN_POINT('Ctrl Pts',(155.581045446668,-104.855175691828,-2.55105394470834));
#1945=CARTESIAN_POINT('Ctrl Pts',(155.581045446668,-104.761608601504,-1.55544096789039));
#1946=CARTESIAN_POINT('Ctrl Pts',(155.534907996721,-105.177799303681,-2.52073397767916));
#1947=CARTESIAN_POINT('Ctrl Pts',(155.534907996721,-105.084232213357,-1.52512100086121));
#1948=CARTESIAN_POINT('Ctrl Pts',(155.463520910504,-105.501540172478,-2.49030901153508));
#1949=CARTESIAN_POINT('Ctrl Pts',(155.463520910504,-105.407973082154,-1.49469603471714));
#1950=CARTESIAN_POINT('Ctrl Pts',(155.367470515467,-105.822342129797,-2.4601602424697));
#1951=CARTESIAN_POINT('Ctrl Pts',(155.367470515467,-105.728775039473,-1.46454726565175));
#1952=CARTESIAN_POINT('Ctrl Pts',(155.247929279752,-106.136677539275,-2.43061919556145));
#1953=CARTESIAN_POINT('Ctrl Pts',(155.247929279752,-106.043110448951,-1.4350062187435));
#1954=CARTESIAN_POINT('Ctrl Pts',(155.106225423012,-106.441356467701,-2.40198565875578));
#1955=CARTESIAN_POINT('Ctrl Pts',(155.106225423012,-106.347789377377,-1.40637268193783));
#1956=CARTESIAN_POINT('Ctrl Pts',(154.943319364904,-106.733225972762,-2.37455594361679));
#1957=CARTESIAN_POINT('Ctrl Pts',(154.943319364904,-106.639658882438,-1.37894296679884));
#1958=CARTESIAN_POINT('Ctrl Pts',(154.759377481654,-107.008944385759,-2.34864409809687));
#1959=CARTESIAN_POINT('Ctrl Pts',(154.759377481654,-106.915377295435,-1.35303112127892));
#1960=CARTESIAN_POINT('Ctrl Pts',(154.553153986526,-107.264651130866,-2.32461293671894));
#1961=CARTESIAN_POINT('Ctrl Pts',(154.553153986526,-107.171084040542,-1.32899995990099));
#1962=CARTESIAN_POINT('Ctrl Pts',(154.322547231834,-107.496208910558,-2.30285128013943));
#1963=CARTESIAN_POINT('Ctrl Pts',(154.322547231834,-107.402641820234,-1.30723830332148));
#1964=CARTESIAN_POINT('Ctrl Pts',(154.065452008044,-107.699587169674,-2.28373791743346));
#1965=CARTESIAN_POINT('Ctrl Pts',(154.065452008044,-107.60602007935,-1.28812494061551));
#1966=CARTESIAN_POINT('Ctrl Pts',(153.780523149191,-107.871202804721,-2.26760958644611));
#1967=CARTESIAN_POINT('Ctrl Pts',(153.780523149191,-107.777635714397,-1.27199660962816));
#1968=CARTESIAN_POINT('Ctrl Pts',(153.467951066025,-108.008268584375,-2.25472822944912));
#1969=CARTESIAN_POINT('Ctrl Pts',(153.467951066025,-107.914701494051,-1.25911525263117));
#1970=CARTESIAN_POINT('Ctrl Pts',(153.130294725858,-108.109164185469,-2.24524612340924));
#1971=CARTESIAN_POINT('Ctrl Pts',(153.130294725858,-108.015597095145,-1.24963314659129));
#1972=CARTESIAN_POINT('Ctrl Pts',(152.773113764209,-108.173725377938,-2.23917870256613));
#1973=CARTESIAN_POINT('Ctrl Pts',(152.773113764209,-108.080158287614,-1.24356572574818));
#1974=CARTESIAN_POINT('Ctrl Pts',(152.403907569394,-108.202837768946,-2.23644273810765));
#1975=CARTESIAN_POINT('Ctrl Pts',(152.403907569394,-108.109270678622,-1.2408297612897));
#1976=CARTESIAN_POINT('Ctrl Pts',(152.031212776497,-108.198095853869,-2.23688838034678));
#1977=CARTESIAN_POINT('Ctrl Pts',(152.031212776497,-108.104528763545,-1.24127540352884));
#1978=CARTESIAN_POINT('Ctrl Pts',(151.66364457516,-108.16143943632,-2.2403333277427));
#1979=CARTESIAN_POINT('Ctrl Pts',(151.66364457516,-108.067872345996,-1.24472035092475));
#1980=CARTESIAN_POINT('Ctrl Pts',(151.308954765912,-108.094796710553,-2.24659636979465));
#1981=CARTESIAN_POINT('Ctrl Pts',(151.308954765912,-108.001229620229,-1.2509833929767));
#1982=CARTESIAN_POINT('Ctrl Pts',(150.973099765103,-107.999732965774,-2.25553040159353));
#1983=CARTESIAN_POINT('Ctrl Pts',(150.973099765103,-107.90616587545,-1.25991742477558));
#1984=CARTESIAN_POINT('Ctrl Pts',(150.659254634904,-107.877074313377,-2.26705778570266));
#1985=CARTESIAN_POINT('Ctrl Pts',(150.659254634904,-107.783507223053,-1.27144480888471));
#1986=CARTESIAN_POINT('Ctrl Pts',(150.368465565865,-107.727273173155,-2.28113600399046));
#1987=CARTESIAN_POINT('Ctrl Pts',(150.368465565865,-107.633706082831,-1.28552302717251));
#1988=CARTESIAN_POINT('Ctrl Pts',(150.10035342161,-107.550792837562,-2.29772151651923));
#1989=CARTESIAN_POINT('Ctrl Pts',(150.10035342161,-107.457225747238,-1.30210853970128));
#1990=CARTESIAN_POINT('Ctrl Pts',(149.853815949547,-107.34850223648,-2.31673266179742));
#1991=CARTESIAN_POINT('Ctrl Pts',(149.853815949547,-107.254935146156,-1.32111968497947));
#1992=CARTESIAN_POINT('Ctrl Pts',(149.627686642092,-107.122027816115,-2.33801658741887));
#1993=CARTESIAN_POINT('Ctrl Pts',(149.627686642092,-107.028460725791,-1.34240361060093));
#1994=CARTESIAN_POINT('Ctrl Pts',(149.421515388334,-106.874218432945,-2.36130555961802));
#1995=CARTESIAN_POINT('Ctrl Pts',(149.421515388334,-106.780651342621,-1.36569258280007));
#1996=CARTESIAN_POINT('Ctrl Pts',(149.235958426982,-106.60925506464,-2.38620665270539));
#1997=CARTESIAN_POINT('Ctrl Pts',(149.235958426982,-106.515687974316,-1.39059367588744));
#1998=CARTESIAN_POINT('Ctrl Pts',(149.072240691864,-106.331911799845,-2.41227120078991));
#1999=CARTESIAN_POINT('Ctrl Pts',(149.072240691864,-106.238344709521,-1.41665822397196));
#2000=CARTESIAN_POINT('Ctrl Pts',(148.931808405791,-106.046998249041,-2.43904719966027));
#2001=CARTESIAN_POINT('Ctrl Pts',(148.931808405791,-105.953431158717,-1.44343422284233));
#2002=CARTESIAN_POINT('Ctrl Pts',(148.815894154213,-105.758703729174,-2.46614093990721));
#2003=CARTESIAN_POINT('Ctrl Pts',(148.815894154213,-105.66513663885,-1.47052796308926));
#2004=CARTESIAN_POINT('Ctrl Pts',(148.725147088223,-105.470043836446,-2.49326901766898));
#2005=CARTESIAN_POINT('Ctrl Pts',(148.725147088223,-105.376476746122,-1.49765604085103));
#2006=CARTESIAN_POINT('Ctrl Pts',(148.659162055092,-105.182104464173,-2.52032938136521));
#2007=CARTESIAN_POINT('Ctrl Pts',(148.659162055092,-105.088537373849,-1.52471640454726));
#2008=CARTESIAN_POINT('Ctrl Pts',(148.616578004649,-104.894497328164,-2.54735852170317));
#2009=CARTESIAN_POINT('Ctrl Pts',(148.616578004649,-104.80093023784,-1.55174554488522));
#2010=CARTESIAN_POINT('Ctrl Pts',(148.59532757912,-104.60611494192,-2.57446051957767));
#2011=CARTESIAN_POINT('Ctrl Pts',(148.59532757912,-104.512547851596,-1.57884754275972));
#2012=CARTESIAN_POINT('Ctrl Pts',(148.592828706907,-104.315819418901,-2.60174231286023));
#2013=CARTESIAN_POINT('Ctrl Pts',(148.592828706907,-104.222252328577,-1.60612933604228));
#2014=CARTESIAN_POINT('Ctrl Pts',(148.606214049026,-104.023078527352,-2.62925392036125));
#2015=CARTESIAN_POINT('Ctrl Pts',(148.606214049026,-103.929511437028,-1.6336409435433));
#2016=CARTESIAN_POINT('Ctrl Pts',(148.632508566881,-103.728825223855,-2.65690766339945));
#2017=CARTESIAN_POINT('Ctrl Pts',(148.632508566881,-103.635258133531,-1.6612946865815));
#2018=CARTESIAN_POINT('Ctrl Pts',(148.668986199606,-103.43529119074,-2.68449380985307));
#2019=CARTESIAN_POINT('Ctrl Pts',(148.668986199606,-103.341724100416,-1.68888083303512));
#2020=CARTESIAN_POINT('Ctrl Pts',(148.713606842345,-103.145214951251,-2.71175499500542));
#2021=CARTESIAN_POINT('Ctrl Pts',(148.713606842345,-103.051647860927,-1.71614201818747));
#2022=CARTESIAN_POINT('Ctrl Pts',(148.765473577767,-102.861203669271,-2.73844619921113));
#2023=CARTESIAN_POINT('Ctrl Pts',(148.765473577767,-102.767636578947,-1.74283322239318));
#2024=CARTESIAN_POINT('Ctrl Pts',(148.825185804733,-102.585111373599,-2.76439318199304));
#2025=CARTESIAN_POINT('Ctrl Pts',(148.825185804733,-102.491544283275,-1.76878020517509));
#2026=CARTESIAN_POINT('Ctrl Pts',(148.895473200236,-102.317215165306,-2.78956990156423));
#2027=CARTESIAN_POINT('Ctrl Pts',(148.895473200236,-102.223648074982,-1.79395692474628));
#2028=CARTESIAN_POINT('Ctrl Pts',(148.980852409107,-102.056191049288,-2.8141007861638));
#2029=CARTESIAN_POINT('Ctrl Pts',(148.980852409107,-101.962623958964,-1.81848780934585));
#2030=CARTESIAN_POINT('Ctrl Pts',(149.086098559433,-101.800107734541,-2.8381673373231));
#2031=CARTESIAN_POINT('Ctrl Pts',(149.086098559433,-101.706540644217,-1.84255436050515));
#2032=CARTESIAN_POINT('Ctrl Pts',(149.214925239469,-101.547201215841,-2.86193533515931));
#2033=CARTESIAN_POINT('Ctrl Pts',(149.214925239469,-101.453634125517,-1.86632235834136));
#2034=CARTESIAN_POINT('Ctrl Pts',(149.368775333227,-101.296653815797,-2.88548162448678));
#2035=CARTESIAN_POINT('Ctrl Pts',(149.368775333227,-101.203086725473,-1.88986864766883));
#2036=CARTESIAN_POINT('Ctrl Pts',(149.545085677414,-101.049577487847,-2.90870170461082));
#2037=CARTESIAN_POINT('Ctrl Pts',(149.545085677414,-100.956010397523,-1.91308872779287));
#2038=CARTESIAN_POINT('Ctrl Pts',(149.737572875292,-100.809132527648,-2.93129857290476));
#2039=CARTESIAN_POINT('Ctrl Pts',(149.737572875292,-100.715565437324,-1.93568559608681));
#2040=CARTESIAN_POINT('Ctrl Pts',(149.938815952119,-100.579626643591,-2.95286739360466));
#2041=CARTESIAN_POINT('Ctrl Pts',(149.938815952119,-100.486059553267,-1.95725441678671));
#2042=CARTESIAN_POINT('Ctrl Pts',(150.142334080757,-100.365871033713,-2.97295601330171));
#2043=CARTESIAN_POINT('Ctrl Pts',(150.142334080757,-100.272303943389,-1.97734303648376));
#2044=CARTESIAN_POINT('Ctrl Pts',(150.344662902684,-100.17245582671,-2.99113305454666));
#2045=CARTESIAN_POINT('Ctrl Pts',(150.344662902684,-100.078888736386,-1.99552007772871));
#2046=CARTESIAN_POINT('Ctrl Pts',(150.547924966821,-100.003004325258,-3.00705800160049));
#2047=CARTESIAN_POINT('Ctrl Pts',(150.547924966821,-99.9094372349339,-2.01144502478254));
#2048=CARTESIAN_POINT('Ctrl Pts',(150.760699616473,-99.8596080386874,-3.02053429571284));
#2049=CARTESIAN_POINT('Ctrl Pts',(150.760699616473,-99.7660409483634,-2.02492131889489));
#2050=CARTESIAN_POINT('Ctrl Pts',(150.992823974242,-99.7430423728469,-3.03148906472281));
#2051=CARTESIAN_POINT('Ctrl Pts',(150.992823974242,-99.6494752825229,-2.03587608790487));
#2052=CARTESIAN_POINT('Ctrl Pts',(151.250760438087,-99.6528386272615,-3.03996635681048));
#2053=CARTESIAN_POINT('Ctrl Pts',(151.250760438087,-99.5592715369375,-2.04435337999253));
#2054=CARTESIAN_POINT('Ctrl Pts',(151.53354161034,-99.5874500498181,-3.0461115347805));
#2055=CARTESIAN_POINT('Ctrl Pts',(151.53354161034,-99.4938829594941,-2.05049855796255));
#2056=CARTESIAN_POINT('Ctrl Pts',(151.826521349665,-99.5442823419407,-3.05016840920469));
#2057=CARTESIAN_POINT('Ctrl Pts',(151.826521349665,-99.4507152516167,-2.05455543238674));
#2058=CARTESIAN_POINT('Ctrl Pts',(152.103545615797,-99.5201458114748,-3.05243674537426));
#2059=CARTESIAN_POINT('Ctrl Pts',(152.103545615797,-99.4265787211508,-2.05682376855631));
#2060=CARTESIAN_POINT('Ctrl Pts',(152.2914844972,-99.513759367374,-3.05303693943153));
#2061=CARTESIAN_POINT('Ctrl Pts',(152.2914844972,-99.42019227705,-2.05742396261358));
#2062=CARTESIAN_POINT('Ctrl Pts',(152.405754666412,-99.5154326398802,-3.05287968631875));
#2063=CARTESIAN_POINT('Ctrl Pts',(152.405754666412,-99.4218655495562,-2.0572667095008));
#2064=CARTESIAN_POINT('Ctrl Pts',(152.470336409711,-99.5194410613203,-3.05250297735686));
#2065=CARTESIAN_POINT('Ctrl Pts',(152.470336409711,-99.4258739709963,-2.05689000053892));
#2066=CARTESIAN_POINT('Ctrl Pts',(152.499996591359,-99.5221935798743,-3.0522442973696));
#2067=CARTESIAN_POINT('Ctrl Pts',(152.499996591359,-99.4286264895503,-2.05663132055165));
#2068=CARTESIAN_POINT('',(152.499996591359,-99.5221935798743,-3.0522442973696));
#2069=CARTESIAN_POINT('Ctrl Pts',(152.499996591359,-99.5221935798743,-3.0522442973696));
#2070=CARTESIAN_POINT('Ctrl Pts',(152.529656773008,-99.5249460984284,-3.05198561738234));
#2071=CARTESIAN_POINT('Ctrl Pts',(152.583715756305,-99.5319477512044,-3.05132760639517));
#2072=CARTESIAN_POINT('Ctrl Pts',(152.650633505209,-99.5470905645296,-3.04990449418676));
#2073=CARTESIAN_POINT('Ctrl Pts',(152.723639483971,-99.5777043034507,-3.04702743398216));
#2074=CARTESIAN_POINT('Ctrl Pts',(152.827245856073,-99.6367943107977,-3.04147419172496));
#2075=CARTESIAN_POINT('Ctrl Pts',(152.968955600072,-99.718197269409,-3.03382399214101));
#2076=CARTESIAN_POINT('Ctrl Pts',(153.14868114856,-99.8202802991553,-3.02423029229255));
#2077=CARTESIAN_POINT('Ctrl Pts',(153.353328554249,-99.9405912272436,-3.01292354585843));
#2078=CARTESIAN_POINT('Ctrl Pts',(153.563945191408,-100.077243200465,-3.00008107813348));
#2079=CARTESIAN_POINT('Ctrl Pts',(153.76669442456,-100.231178246474,-2.98561435794269));
#2080=CARTESIAN_POINT('Ctrl Pts',(153.956207070544,-100.406110370412,-2.96917434538532));
#2081=CARTESIAN_POINT('Ctrl Pts',(154.132053204524,-100.606219009418,-2.95036825955037));
#2082=CARTESIAN_POINT('Ctrl Pts',(154.296922362569,-100.834333341676,-2.92893021602581));
#2083=CARTESIAN_POINT('Ctrl Pts',(154.454256063974,-101.090133501379,-2.90489027560206));
#2084=CARTESIAN_POINT('Ctrl Pts',(154.605753501761,-101.367787249252,-2.87879654851039));
#2085=CARTESIAN_POINT('Ctrl Pts',(154.751270619774,-101.657384118242,-2.85158041430038));
#2086=CARTESIAN_POINT('Ctrl Pts',(154.88957904775,-101.947573978118,-2.82430855117451));
#2087=CARTESIAN_POINT('Ctrl Pts',(155.018850088855,-102.227890467951,-2.79796458124411));
#2088=CARTESIAN_POINT('Ctrl Pts',(155.137214430454,-102.491008429839,-2.77323691830776));
#2089=CARTESIAN_POINT('Ctrl Pts',(155.243382370315,-102.735507452419,-2.7502590517446));
#2090=CARTESIAN_POINT('Ctrl Pts',(155.336937013229,-102.966883923901,-2.72851443439825));
#2091=CARTESIAN_POINT('Ctrl Pts',(155.417789204379,-103.194301557476,-2.70714186618402));
#2092=CARTESIAN_POINT('Ctrl Pts',(155.485774904566,-103.428080113681,-2.68517150240452));
#2093=CARTESIAN_POINT('Ctrl Pts',(155.54024609006,-103.677102936817,-2.66176849186965));
#2094=CARTESIAN_POINT('Ctrl Pts',(155.579537966743,-103.945728743692,-2.63652320507605));
#2095=CARTESIAN_POINT('Ctrl Pts',(155.601199548226,-104.233915828469,-2.60943956151237));
#2096=CARTESIAN_POINT('Ctrl Pts',(155.602530932501,-104.538684037407,-2.58079763417955));
#2097=CARTESIAN_POINT('Ctrl Pts',(155.581045446668,-104.855175691828,-2.55105394470834));
#2098=CARTESIAN_POINT('Ctrl Pts',(155.534907996721,-105.177799303681,-2.52073397767916));
#2099=CARTESIAN_POINT('Ctrl Pts',(155.463520910504,-105.501540172478,-2.49030901153508));
#2100=CARTESIAN_POINT('Ctrl Pts',(155.367470515467,-105.822342129797,-2.4601602424697));
#2101=CARTESIAN_POINT('Ctrl Pts',(155.247929279752,-106.136677539275,-2.43061919556145));
#2102=CARTESIAN_POINT('Ctrl Pts',(155.106225423012,-106.441356467701,-2.40198565875578));
#2103=CARTESIAN_POINT('Ctrl Pts',(154.943319364904,-106.733225972762,-2.37455594361679));
#2104=CARTESIAN_POINT('Ctrl Pts',(154.759377481654,-107.008944385759,-2.34864409809687));
#2105=CARTESIAN_POINT('Ctrl Pts',(154.553153986526,-107.264651130866,-2.32461293671894));
#2106=CARTESIAN_POINT('Ctrl Pts',(154.322547231834,-107.496208910558,-2.30285128013943));
#2107=CARTESIAN_POINT('Ctrl Pts',(154.065452008044,-107.699587169674,-2.28373791743346));
#2108=CARTESIAN_POINT('Ctrl Pts',(153.780523149191,-107.871202804721,-2.26760958644611));
#2109=CARTESIAN_POINT('Ctrl Pts',(153.467951066025,-108.008268584375,-2.25472822944912));
#2110=CARTESIAN_POINT('Ctrl Pts',(153.130294725858,-108.109164185469,-2.24524612340924));
#2111=CARTESIAN_POINT('Ctrl Pts',(152.773113764209,-108.173725377938,-2.23917870256613));
#2112=CARTESIAN_POINT('Ctrl Pts',(152.403907569394,-108.202837768946,-2.23644273810765));
#2113=CARTESIAN_POINT('Ctrl Pts',(152.031212776497,-108.198095853869,-2.23688838034678));
#2114=CARTESIAN_POINT('Ctrl Pts',(151.66364457516,-108.16143943632,-2.2403333277427));
#2115=CARTESIAN_POINT('Ctrl Pts',(151.308954765912,-108.094796710553,-2.24659636979465));
#2116=CARTESIAN_POINT('Ctrl Pts',(150.973099765103,-107.999732965774,-2.25553040159353));
#2117=CARTESIAN_POINT('Ctrl Pts',(150.659254634904,-107.877074313377,-2.26705778570266));
#2118=CARTESIAN_POINT('Ctrl Pts',(150.368465565865,-107.727273173155,-2.28113600399046));
#2119=CARTESIAN_POINT('Ctrl Pts',(150.10035342161,-107.550792837562,-2.29772151651923));
#2120=CARTESIAN_POINT('Ctrl Pts',(149.853815949547,-107.34850223648,-2.31673266179742));
#2121=CARTESIAN_POINT('Ctrl Pts',(149.627686642092,-107.122027816115,-2.33801658741887));
#2122=CARTESIAN_POINT('Ctrl Pts',(149.421515388334,-106.874218432945,-2.36130555961802));
#2123=CARTESIAN_POINT('Ctrl Pts',(149.235958426982,-106.60925506464,-2.38620665270539));
#2124=CARTESIAN_POINT('Ctrl Pts',(149.072240691864,-106.331911799845,-2.41227120078991));
#2125=CARTESIAN_POINT('Ctrl Pts',(148.931808405791,-106.046998249041,-2.43904719966027));
#2126=CARTESIAN_POINT('Ctrl Pts',(148.815894154213,-105.758703729174,-2.46614093990721));
#2127=CARTESIAN_POINT('Ctrl Pts',(148.725147088223,-105.470043836446,-2.49326901766898));
#2128=CARTESIAN_POINT('Ctrl Pts',(148.659162055092,-105.182104464173,-2.52032938136521));
#2129=CARTESIAN_POINT('Ctrl Pts',(148.616578004649,-104.894497328164,-2.54735852170317));
#2130=CARTESIAN_POINT('Ctrl Pts',(148.59532757912,-104.60611494192,-2.57446051957767));
#2131=CARTESIAN_POINT('Ctrl Pts',(148.592828706907,-104.315819418901,-2.60174231286023));
#2132=CARTESIAN_POINT('Ctrl Pts',(148.606214049026,-104.023078527352,-2.62925392036125));
#2133=CARTESIAN_POINT('Ctrl Pts',(148.632508566881,-103.728825223855,-2.65690766339945));
#2134=CARTESIAN_POINT('Ctrl Pts',(148.668986199606,-103.43529119074,-2.68449380985307));
#2135=CARTESIAN_POINT('Ctrl Pts',(148.713606842345,-103.145214951251,-2.71175499500542));
#2136=CARTESIAN_POINT('Ctrl Pts',(148.765473577767,-102.861203669271,-2.73844619921113));
#2137=CARTESIAN_POINT('Ctrl Pts',(148.825185804733,-102.585111373599,-2.76439318199304));
#2138=CARTESIAN_POINT('Ctrl Pts',(148.895473200236,-102.317215165306,-2.78956990156423));
#2139=CARTESIAN_POINT('Ctrl Pts',(148.980852409107,-102.056191049288,-2.8141007861638));
#2140=CARTESIAN_POINT('Ctrl Pts',(149.086098559433,-101.800107734541,-2.8381673373231));
#2141=CARTESIAN_POINT('Ctrl Pts',(149.214925239469,-101.547201215841,-2.86193533515931));
#2142=CARTESIAN_POINT('Ctrl Pts',(149.368775333227,-101.296653815797,-2.88548162448678));
#2143=CARTESIAN_POINT('Ctrl Pts',(149.545085677414,-101.049577487847,-2.90870170461082));
#2144=CARTESIAN_POINT('Ctrl Pts',(149.737572875292,-100.809132527648,-2.93129857290476));
#2145=CARTESIAN_POINT('Ctrl Pts',(149.938815952119,-100.579626643591,-2.95286739360466));
#2146=CARTESIAN_POINT('Ctrl Pts',(150.142334080757,-100.365871033713,-2.97295601330171));
#2147=CARTESIAN_POINT('Ctrl Pts',(150.344662902684,-100.17245582671,-2.99113305454666));
#2148=CARTESIAN_POINT('Ctrl Pts',(150.547924966821,-100.003004325258,-3.00705800160049));
#2149=CARTESIAN_POINT('Ctrl Pts',(150.760699616473,-99.8596080386874,-3.02053429571284));
#2150=CARTESIAN_POINT('Ctrl Pts',(150.992823974242,-99.7430423728469,-3.03148906472281));
#2151=CARTESIAN_POINT('Ctrl Pts',(151.250760438087,-99.6528386272615,-3.03996635681048));
#2152=CARTESIAN_POINT('Ctrl Pts',(151.53354161034,-99.5874500498181,-3.0461115347805));
#2153=CARTESIAN_POINT('Ctrl Pts',(151.826521349665,-99.5442823419407,-3.05016840920469));
#2154=CARTESIAN_POINT('Ctrl Pts',(152.103545615797,-99.5201458114748,-3.05243674537426));
#2155=CARTESIAN_POINT('Ctrl Pts',(152.2914844972,-99.513759367374,-3.05303693943153));
#2156=CARTESIAN_POINT('Ctrl Pts',(152.405754666412,-99.5154326398802,-3.05287968631875));
#2157=CARTESIAN_POINT('Ctrl Pts',(152.470336409711,-99.5194410613203,-3.05250297735686));
#2158=CARTESIAN_POINT('Ctrl Pts',(152.499996591359,-99.5221935798743,-3.0522442973696));
#2159=CARTESIAN_POINT('',(152.499996591359,-99.4286264895503,-2.05663132055165));
#2160=CARTESIAN_POINT('',(152.499996591359,-99.5221935798743,-3.0522442973696));
#2161=CARTESIAN_POINT('Ctrl Pts',(152.499996591359,-99.4286264895503,-2.05663132055165));
#2162=CARTESIAN_POINT('Ctrl Pts',(152.529656773008,-99.4313790081044,-2.05637264056439));
#2163=CARTESIAN_POINT('Ctrl Pts',(152.583715756305,-99.4383806608804,-2.05571462957722));
#2164=CARTESIAN_POINT('Ctrl Pts',(152.650633505209,-99.4535234742056,-2.05429151736881));
#2165=CARTESIAN_POINT('Ctrl Pts',(152.723639483971,-99.4841372131267,-2.05141445716421));
#2166=CARTESIAN_POINT('Ctrl Pts',(152.827245856073,-99.5432272204737,-2.04586121490702));
#2167=CARTESIAN_POINT('Ctrl Pts',(152.968955600072,-99.624630179085,-2.03821101532306));
#2168=CARTESIAN_POINT('Ctrl Pts',(153.14868114856,-99.7267132088313,-2.02861731547461));
#2169=CARTESIAN_POINT('Ctrl Pts',(153.353328554249,-99.8470241369196,-2.01731056904048));
#2170=CARTESIAN_POINT('Ctrl Pts',(153.563945191408,-99.9836761101406,-2.00446810131553));
#2171=CARTESIAN_POINT('Ctrl Pts',(153.76669442456,-100.13761115615,-1.99000138112474));
#2172=CARTESIAN_POINT('Ctrl Pts',(153.956207070544,-100.312543280088,-1.97356136856738));
#2173=CARTESIAN_POINT('Ctrl Pts',(154.132053204524,-100.512651919094,-1.95475528273242));
#2174=CARTESIAN_POINT('Ctrl Pts',(154.296922362569,-100.740766251352,-1.93331723920786));
#2175=CARTESIAN_POINT('Ctrl Pts',(154.454256063974,-100.996566411055,-1.90927729878411));
#2176=CARTESIAN_POINT('Ctrl Pts',(154.605753501761,-101.274220158928,-1.88318357169244));
#2177=CARTESIAN_POINT('Ctrl Pts',(154.751270619774,-101.563817027918,-1.85596743748243));
#2178=CARTESIAN_POINT('Ctrl Pts',(154.88957904775,-101.854006887794,-1.82869557435656));
#2179=CARTESIAN_POINT('Ctrl Pts',(155.018850088855,-102.134323377627,-1.80235160442617));
#2180=CARTESIAN_POINT('Ctrl Pts',(155.137214430454,-102.397441339515,-1.77762394148981));
#2181=CARTESIAN_POINT('Ctrl Pts',(155.243382370315,-102.641940362095,-1.75464607492666));
#2182=CARTESIAN_POINT('Ctrl Pts',(155.336937013229,-102.873316833577,-1.7329014575803));
#2183=CARTESIAN_POINT('Ctrl Pts',(155.417789204379,-103.100734467152,-1.71152888936607));
#2184=CARTESIAN_POINT('Ctrl Pts',(155.485774904566,-103.334513023357,-1.68955852558657));
#2185=CARTESIAN_POINT('Ctrl Pts',(155.54024609006,-103.583535846493,-1.66615551505171));
#2186=CARTESIAN_POINT('Ctrl Pts',(155.579537966743,-103.852161653368,-1.6409102282581));
#2187=CARTESIAN_POINT('Ctrl Pts',(155.601199548226,-104.140348738145,-1.61382658469442));
#2188=CARTESIAN_POINT('Ctrl Pts',(155.602530932501,-104.445116947083,-1.58518465736161));
#2189=CARTESIAN_POINT('Ctrl Pts',(155.581045446668,-104.761608601504,-1.55544096789039));
#2190=CARTESIAN_POINT('Ctrl Pts',(155.534907996721,-105.084232213357,-1.52512100086122));
#2191=CARTESIAN_POINT('Ctrl Pts',(155.463520910504,-105.407973082154,-1.49469603471714));
#2192=CARTESIAN_POINT('Ctrl Pts',(155.367470515467,-105.728775039473,-1.46454726565175));
#2193=CARTESIAN_POINT('Ctrl Pts',(155.247929279752,-106.043110448951,-1.4350062187435));
#2194=CARTESIAN_POINT('Ctrl Pts',(155.106225423012,-106.347789377377,-1.40637268193783));
#2195=CARTESIAN_POINT('Ctrl Pts',(154.943319364904,-106.639658882438,-1.37894296679884));
#2196=CARTESIAN_POINT('Ctrl Pts',(154.759377481654,-106.915377295435,-1.35303112127892));
#2197=CARTESIAN_POINT('Ctrl Pts',(154.553153986526,-107.171084040542,-1.32899995990099));
#2198=CARTESIAN_POINT('Ctrl Pts',(154.322547231834,-107.402641820234,-1.30723830332148));
#2199=CARTESIAN_POINT('Ctrl Pts',(154.065452008044,-107.60602007935,-1.28812494061551));
#2200=CARTESIAN_POINT('Ctrl Pts',(153.780523149191,-107.777635714397,-1.27199660962816));
#2201=CARTESIAN_POINT('Ctrl Pts',(153.467951066025,-107.914701494051,-1.25911525263117));
#2202=CARTESIAN_POINT('Ctrl Pts',(153.130294725858,-108.015597095145,-1.24963314659129));
#2203=CARTESIAN_POINT('Ctrl Pts',(152.773113764209,-108.080158287614,-1.24356572574819));
#2204=CARTESIAN_POINT('Ctrl Pts',(152.403907569394,-108.109270678622,-1.24082976128971));
#2205=CARTESIAN_POINT('Ctrl Pts',(152.031212776497,-108.104528763545,-1.24127540352884));
#2206=CARTESIAN_POINT('Ctrl Pts',(151.66364457516,-108.067872345996,-1.24472035092475));
#2207=CARTESIAN_POINT('Ctrl Pts',(151.308954765912,-108.001229620229,-1.2509833929767));
#2208=CARTESIAN_POINT('Ctrl Pts',(150.973099765103,-107.90616587545,-1.25991742477559));
#2209=CARTESIAN_POINT('Ctrl Pts',(150.659254634904,-107.783507223053,-1.27144480888471));
#2210=CARTESIAN_POINT('Ctrl Pts',(150.368465565865,-107.633706082831,-1.28552302717252));
#2211=CARTESIAN_POINT('Ctrl Pts',(150.10035342161,-107.457225747238,-1.30210853970128));
#2212=CARTESIAN_POINT('Ctrl Pts',(149.853815949547,-107.254935146156,-1.32111968497947));
#2213=CARTESIAN_POINT('Ctrl Pts',(149.627686642092,-107.028460725791,-1.34240361060093));
#2214=CARTESIAN_POINT('Ctrl Pts',(149.421515388334,-106.780651342621,-1.36569258280007));
#2215=CARTESIAN_POINT('Ctrl Pts',(149.235958426982,-106.515687974316,-1.39059367588744));
#2216=CARTESIAN_POINT('Ctrl Pts',(149.072240691864,-106.238344709521,-1.41665822397197));
#2217=CARTESIAN_POINT('Ctrl Pts',(148.931808405791,-105.953431158717,-1.44343422284233));
#2218=CARTESIAN_POINT('Ctrl Pts',(148.815894154213,-105.66513663885,-1.47052796308926));
#2219=CARTESIAN_POINT('Ctrl Pts',(148.725147088223,-105.376476746122,-1.49765604085104));
#2220=CARTESIAN_POINT('Ctrl Pts',(148.659162055092,-105.088537373849,-1.52471640454726));
#2221=CARTESIAN_POINT('Ctrl Pts',(148.616578004649,-104.80093023784,-1.55174554488523));
#2222=CARTESIAN_POINT('Ctrl Pts',(148.59532757912,-104.512547851596,-1.57884754275972));
#2223=CARTESIAN_POINT('Ctrl Pts',(148.592828706907,-104.222252328577,-1.60612933604228));
#2224=CARTESIAN_POINT('Ctrl Pts',(148.606214049026,-103.929511437028,-1.6336409435433));
#2225=CARTESIAN_POINT('Ctrl Pts',(148.632508566881,-103.635258133531,-1.66129468658151));
#2226=CARTESIAN_POINT('Ctrl Pts',(148.668986199606,-103.341724100416,-1.68888083303513));
#2227=CARTESIAN_POINT('Ctrl Pts',(148.713606842345,-103.051647860927,-1.71614201818747));
#2228=CARTESIAN_POINT('Ctrl Pts',(148.765473577767,-102.767636578947,-1.74283322239318));
#2229=CARTESIAN_POINT('Ctrl Pts',(148.825185804733,-102.491544283275,-1.76878020517509));
#2230=CARTESIAN_POINT('Ctrl Pts',(148.895473200236,-102.223648074982,-1.79395692474628));
#2231=CARTESIAN_POINT('Ctrl Pts',(148.980852409107,-101.962623958964,-1.81848780934585));
#2232=CARTESIAN_POINT('Ctrl Pts',(149.086098559433,-101.706540644217,-1.84255436050515));
#2233=CARTESIAN_POINT('Ctrl Pts',(149.214925239469,-101.453634125517,-1.86632235834136));
#2234=CARTESIAN_POINT('Ctrl Pts',(149.368775333227,-101.203086725473,-1.88986864766883));
#2235=CARTESIAN_POINT('Ctrl Pts',(149.545085677414,-100.956010397523,-1.91308872779287));
#2236=CARTESIAN_POINT('Ctrl Pts',(149.737572875292,-100.715565437324,-1.93568559608681));
#2237=CARTESIAN_POINT('Ctrl Pts',(149.938815952119,-100.486059553267,-1.95725441678672));
#2238=CARTESIAN_POINT('Ctrl Pts',(150.142334080757,-100.272303943389,-1.97734303648376));
#2239=CARTESIAN_POINT('Ctrl Pts',(150.344662902684,-100.078888736386,-1.99552007772871));
#2240=CARTESIAN_POINT('Ctrl Pts',(150.547924966821,-99.9094372349339,-2.01144502478254));
#2241=CARTESIAN_POINT('Ctrl Pts',(150.760699616473,-99.7660409483634,-2.02492131889489));
#2242=CARTESIAN_POINT('Ctrl Pts',(150.992823974242,-99.6494752825229,-2.03587608790487));
#2243=CARTESIAN_POINT('Ctrl Pts',(151.250760438087,-99.5592715369375,-2.04435337999253));
#2244=CARTESIAN_POINT('Ctrl Pts',(151.53354161034,-99.4938829594941,-2.05049855796255));
#2245=CARTESIAN_POINT('Ctrl Pts',(151.826521349665,-99.4507152516167,-2.05455543238674));
#2246=CARTESIAN_POINT('Ctrl Pts',(152.103545615797,-99.4265787211508,-2.05682376855631));
#2247=CARTESIAN_POINT('Ctrl Pts',(152.2914844972,-99.42019227705,-2.05742396261358));
#2248=CARTESIAN_POINT('Ctrl Pts',(152.405754666412,-99.4218655495562,-2.05726670950081));
#2249=CARTESIAN_POINT('Ctrl Pts',(152.470336409711,-99.4258739709963,-2.05689000053892));
#2250=CARTESIAN_POINT('Ctrl Pts',(152.499996591359,-99.4286264895503,-2.05663132055165));
#2251=CARTESIAN_POINT('Ctrl Pts',(158.06758530972,-107.151441890522,-2.3352522709416));
#2252=CARTESIAN_POINT('Ctrl Pts',(158.06758530972,-107.057874800198,-1.33963929412365));
#2253=CARTESIAN_POINT('Ctrl Pts',(158.091735659368,-107.156620613189,-2.33476557779591));
#2254=CARTESIAN_POINT('Ctrl Pts',(158.091735659368,-107.063053522865,-1.33915260097796));
#2255=CARTESIAN_POINT('Ctrl Pts',(158.137309043215,-107.167559693632,-2.33373752979766));
#2256=CARTESIAN_POINT('Ctrl Pts',(158.137309043215,-107.073992603308,-1.33812455297971));
#2257=CARTESIAN_POINT('Ctrl Pts',(158.197222227165,-107.185687958122,-2.33203384673961));
#2258=CARTESIAN_POINT('Ctrl Pts',(158.197222227165,-107.092120867798,-1.33642086992167));
#2259=CARTESIAN_POINT('Ctrl Pts',(158.260014056714,-107.213591507405,-2.32941148847701));
#2260=CARTESIAN_POINT('Ctrl Pts',(158.260014056714,-107.120024417081,-1.33379851165906));
#2261=CARTESIAN_POINT('Ctrl Pts',(158.312664380449,-107.256253021389,-2.32540218584116));
#2262=CARTESIAN_POINT('Ctrl Pts',(158.312664380449,-107.162685931065,-1.32978920902321));
#2263=CARTESIAN_POINT('Ctrl Pts',(158.344101238737,-107.307856333595,-2.3205525385519));
#2264=CARTESIAN_POINT('Ctrl Pts',(158.344101238737,-107.21428924327,-1.32493956173395));
#2265=CARTESIAN_POINT('Ctrl Pts',(158.359815992061,-107.368132472173,-2.31488782441694));
#2266=CARTESIAN_POINT('Ctrl Pts',(158.359815992061,-107.274565381849,-1.319274847599));
#2267=CARTESIAN_POINT('Ctrl Pts',(158.364952843347,-107.433849076556,-2.30871181867844));
#2268=CARTESIAN_POINT('Ctrl Pts',(158.364952843347,-107.340281986232,-1.31309884186049));
#2269=CARTESIAN_POINT('Ctrl Pts',(158.363475720834,-107.499174551692,-2.30257257102418));
#2270=CARTESIAN_POINT('Ctrl Pts',(158.363475720834,-107.405607461368,-1.30695959420623));
#2271=CARTESIAN_POINT('Ctrl Pts',(158.357600623391,-107.557912487739,-2.29705241620953));
#2272=CARTESIAN_POINT('Ctrl Pts',(158.357600623391,-107.464345397415,-1.30143943939158));
#2273=CARTESIAN_POINT('Ctrl Pts',(158.347266416844,-107.605044823646,-2.29262294850096));
#2274=CARTESIAN_POINT('Ctrl Pts',(158.347266416844,-107.511477733322,-1.29700997168301));
#2275=CARTESIAN_POINT('Ctrl Pts',(158.329306932351,-107.638947654791,-2.28943678144824));
#2276=CARTESIAN_POINT('Ctrl Pts',(158.329306932351,-107.545380564467,-1.29382380463029));
#2277=CARTESIAN_POINT('Ctrl Pts',(158.29766182455,-107.66203139565,-2.28726738579324));
#2278=CARTESIAN_POINT('Ctrl Pts',(158.29766182455,-107.568464305326,-1.29165440897529));
#2279=CARTESIAN_POINT('Ctrl Pts',(158.245745367408,-107.67848348569,-2.2857212285709));
#2280=CARTESIAN_POINT('Ctrl Pts',(158.245745367408,-107.584916395366,-1.29010825175295));
#2281=CARTESIAN_POINT('Ctrl Pts',(158.168162646293,-107.692786812035,-2.28437701082844));
#2282=CARTESIAN_POINT('Ctrl Pts',(158.168162646293,-107.599219721711,-1.28876403401049));
#2283=CARTESIAN_POINT('Ctrl Pts',(158.063089809115,-107.707620000538,-2.28298299696886));
#2284=CARTESIAN_POINT('Ctrl Pts',(158.063089809115,-107.614052910214,-1.28737002015091));
#2285=CARTESIAN_POINT('Ctrl Pts',(157.932924873732,-107.723170373839,-2.28152158252662));
#2286=CARTESIAN_POINT('Ctrl Pts',(157.932924873732,-107.629603283515,-1.28590860570867));
#2287=CARTESIAN_POINT('Ctrl Pts',(157.782956032562,-107.737992919488,-2.28012856887586));
#2288=CARTESIAN_POINT('Ctrl Pts',(157.782956032562,-107.644425829164,-1.28451559205791));
#2289=CARTESIAN_POINT('Ctrl Pts',(157.62056186254,-107.749467775953,-2.27905016897923));
#2290=CARTESIAN_POINT('Ctrl Pts',(157.62056186254,-107.655900685629,-1.28343719216128));
#2291=CARTESIAN_POINT('Ctrl Pts',(157.454185679128,-107.754422883898,-2.27858449100648));
#2292=CARTESIAN_POINT('Ctrl Pts',(157.454185679128,-107.660855793574,-1.28297151418853));
#2293=CARTESIAN_POINT('Ctrl Pts',(157.29247506973,-107.749659550035,-2.27903214616984));
#2294=CARTESIAN_POINT('Ctrl Pts',(157.29247506973,-107.656092459711,-1.28341916935189));
#2295=CARTESIAN_POINT('Ctrl Pts',(157.143207164379,-107.732575454385,-2.28063769888767));
#2296=CARTESIAN_POINT('Ctrl Pts',(157.143207164379,-107.639008364061,-1.28502472206972));
#2297=CARTESIAN_POINT('Ctrl Pts',(157.01291909072,-107.701511264171,-2.28355709222551));
#2298=CARTESIAN_POINT('Ctrl Pts',(157.01291909072,-107.607944173847,-1.28794411540757));
#2299=CARTESIAN_POINT('Ctrl Pts',(156.90709290895,-107.655878390981,-2.28784564135746));
#2300=CARTESIAN_POINT('Ctrl Pts',(156.90709290895,-107.562311300657,-1.29223266453951));
#2301=CARTESIAN_POINT('Ctrl Pts',(156.830181975683,-107.596368316273,-2.29343836128483));
#2302=CARTESIAN_POINT('Ctrl Pts',(156.830181975683,-107.502801225949,-1.29782538446688));
#2303=CARTESIAN_POINT('Ctrl Pts',(156.785681438455,-107.525107956782,-2.30013536569142));
#2304=CARTESIAN_POINT('Ctrl Pts',(156.785681438455,-107.431540866458,-1.30452238887348));
#2305=CARTESIAN_POINT('Ctrl Pts',(156.776200413351,-107.445916457651,-2.30757773368438));
#2306=CARTESIAN_POINT('Ctrl Pts',(156.776200413351,-107.352349367327,-1.31196475686643));
#2307=CARTESIAN_POINT('Ctrl Pts',(156.80343768124,-107.364323696389,-2.31524577080383));
#2308=CARTESIAN_POINT('Ctrl Pts',(156.80343768124,-107.270756606065,-1.31963279398588));
#2309=CARTESIAN_POINT('Ctrl Pts',(156.867720573548,-107.286524706866,-2.32255727160715));
#2310=CARTESIAN_POINT('Ctrl Pts',(156.867720573548,-107.192957616542,-1.3269442947892));
#2311=CARTESIAN_POINT('Ctrl Pts',(156.967555630414,-107.218439473253,-2.32895587965215));
#2312=CARTESIAN_POINT('Ctrl Pts',(156.967555630414,-107.124872382929,-1.3333429028342));
#2313=CARTESIAN_POINT('Ctrl Pts',(157.099242455571,-107.164818008537,-2.33399519166313));
#2314=CARTESIAN_POINT('Ctrl Pts',(157.099242455571,-107.071250918213,-1.33838221484518));
#2315=CARTESIAN_POINT('Ctrl Pts',(157.256249350176,-107.128112860561,-2.33744471871432));
#2316=CARTESIAN_POINT('Ctrl Pts',(157.256249350176,-107.034545770237,-1.34183174189638));
#2317=CARTESIAN_POINT('Ctrl Pts',(157.429362746031,-107.108171893118,-2.33931875847206));
#2318=CARTESIAN_POINT('Ctrl Pts',(157.429362746031,-107.014604802794,-1.34370578165411));
#2319=CARTESIAN_POINT('Ctrl Pts',(157.608032401653,-107.103205257866,-2.33978551977393));
#2320=CARTESIAN_POINT('Ctrl Pts',(157.608032401653,-107.009638167542,-1.34417254295598));
#2321=CARTESIAN_POINT('Ctrl Pts',(157.781422821364,-107.110438078914,-2.33910578373596));
#2322=CARTESIAN_POINT('Ctrl Pts',(157.781422821364,-107.01687098859,-1.34349280691801));
#2323=CARTESIAN_POINT('Ctrl Pts',(157.907947922299,-107.123593809097,-2.33786941636927));
#2324=CARTESIAN_POINT('Ctrl Pts',(157.907947922299,-107.030026718773,-1.34225643955132));
#2325=CARTESIAN_POINT('Ctrl Pts',(157.992406945325,-107.136487357628,-2.33665768867178));
#2326=CARTESIAN_POINT('Ctrl Pts',(157.992406945325,-107.042920267304,-1.34104471185383));
#2327=CARTESIAN_POINT('Ctrl Pts',(158.043434960072,-107.146263167855,-2.33573896408728));
#2328=CARTESIAN_POINT('Ctrl Pts',(158.043434960072,-107.052696077531,-1.34012598726933));
#2329=CARTESIAN_POINT('Ctrl Pts',(158.06758530972,-107.151441890522,-2.3352522709416));
#2330=CARTESIAN_POINT('Ctrl Pts',(158.06758530972,-107.057874800198,-1.33963929412365));
#2331=CARTESIAN_POINT('',(158.06758530972,-107.151441890522,-2.3352522709416));
#2332=CARTESIAN_POINT('Ctrl Pts',(158.06758530972,-107.151441890522,-2.3352522709416));
#2333=CARTESIAN_POINT('Ctrl Pts',(158.091735659368,-107.156620613189,-2.33476557779591));
#2334=CARTESIAN_POINT('Ctrl Pts',(158.137309043215,-107.167559693632,-2.33373752979766));
#2335=CARTESIAN_POINT('Ctrl Pts',(158.197222227165,-107.185687958122,-2.33203384673961));
#2336=CARTESIAN_POINT('Ctrl Pts',(158.260014056714,-107.213591507405,-2.32941148847701));
#2337=CARTESIAN_POINT('Ctrl Pts',(158.312664380449,-107.256253021389,-2.32540218584116));
#2338=CARTESIAN_POINT('Ctrl Pts',(158.344101238737,-107.307856333595,-2.3205525385519));
#2339=CARTESIAN_POINT('Ctrl Pts',(158.359815992061,-107.368132472173,-2.31488782441694));
#2340=CARTESIAN_POINT('Ctrl Pts',(158.364952843347,-107.433849076556,-2.30871181867844));
#2341=CARTESIAN_POINT('Ctrl Pts',(158.363475720834,-107.499174551692,-2.30257257102418));
#2342=CARTESIAN_POINT('Ctrl Pts',(158.357600623391,-107.557912487739,-2.29705241620953));
#2343=CARTESIAN_POINT('Ctrl Pts',(158.347266416844,-107.605044823646,-2.29262294850096));
#2344=CARTESIAN_POINT('Ctrl Pts',(158.329306932351,-107.638947654791,-2.28943678144824));
#2345=CARTESIAN_POINT('Ctrl Pts',(158.29766182455,-107.66203139565,-2.28726738579324));
#2346=CARTESIAN_POINT('Ctrl Pts',(158.245745367408,-107.67848348569,-2.2857212285709));
#2347=CARTESIAN_POINT('Ctrl Pts',(158.168162646293,-107.692786812035,-2.28437701082844));
#2348=CARTESIAN_POINT('Ctrl Pts',(158.063089809115,-107.707620000538,-2.28298299696886));
#2349=CARTESIAN_POINT('Ctrl Pts',(157.932924873732,-107.723170373839,-2.28152158252662));
#2350=CARTESIAN_POINT('Ctrl Pts',(157.782956032562,-107.737992919488,-2.28012856887586));
#2351=CARTESIAN_POINT('Ctrl Pts',(157.62056186254,-107.749467775953,-2.27905016897923));
#2352=CARTESIAN_POINT('Ctrl Pts',(157.454185679128,-107.754422883898,-2.27858449100648));
#2353=CARTESIAN_POINT('Ctrl Pts',(157.29247506973,-107.749659550035,-2.27903214616984));
#2354=CARTESIAN_POINT('Ctrl Pts',(157.143207164379,-107.732575454385,-2.28063769888767));
#2355=CARTESIAN_POINT('Ctrl Pts',(157.01291909072,-107.701511264171,-2.28355709222551));
#2356=CARTESIAN_POINT('Ctrl Pts',(156.90709290895,-107.655878390981,-2.28784564135746));
#2357=CARTESIAN_POINT('Ctrl Pts',(156.830181975683,-107.596368316273,-2.29343836128483));
#2358=CARTESIAN_POINT('Ctrl Pts',(156.785681438455,-107.525107956782,-2.30013536569142));
#2359=CARTESIAN_POINT('Ctrl Pts',(156.776200413351,-107.445916457651,-2.30757773368438));
#2360=CARTESIAN_POINT('Ctrl Pts',(156.80343768124,-107.364323696389,-2.31524577080383));
#2361=CARTESIAN_POINT('Ctrl Pts',(156.867720573548,-107.286524706866,-2.32255727160715));
#2362=CARTESIAN_POINT('Ctrl Pts',(156.967555630414,-107.218439473253,-2.32895587965215));
#2363=CARTESIAN_POINT('Ctrl Pts',(157.099242455571,-107.164818008537,-2.33399519166313));
#2364=CARTESIAN_POINT('Ctrl Pts',(157.256249350176,-107.128112860561,-2.33744471871432));
#2365=CARTESIAN_POINT('Ctrl Pts',(157.429362746031,-107.108171893118,-2.33931875847206));
#2366=CARTESIAN_POINT('Ctrl Pts',(157.608032401653,-107.103205257866,-2.33978551977393));
#2367=CARTESIAN_POINT('Ctrl Pts',(157.781422821364,-107.110438078914,-2.33910578373596));
#2368=CARTESIAN_POINT('Ctrl Pts',(157.907947922299,-107.123593809097,-2.33786941636927));
#2369=CARTESIAN_POINT('Ctrl Pts',(157.992406945325,-107.136487357628,-2.33665768867178));
#2370=CARTESIAN_POINT('Ctrl Pts',(158.043434960072,-107.146263167855,-2.33573896408728));
#2371=CARTESIAN_POINT('Ctrl Pts',(158.06758530972,-107.151441890522,-2.3352522709416));
#2372=CARTESIAN_POINT('',(158.06758530972,-107.057874800198,-1.33963929412365));
#2373=CARTESIAN_POINT('',(158.06758530972,-107.151441890522,-2.3352522709416));
#2374=CARTESIAN_POINT('Ctrl Pts',(158.06758530972,-107.057874800198,-1.33963929412365));
#2375=CARTESIAN_POINT('Ctrl Pts',(158.091735659368,-107.063053522865,-1.33915260097796));
#2376=CARTESIAN_POINT('Ctrl Pts',(158.137309043215,-107.073992603308,-1.33812455297971));
#2377=CARTESIAN_POINT('Ctrl Pts',(158.197222227165,-107.092120867798,-1.33642086992167));
#2378=CARTESIAN_POINT('Ctrl Pts',(158.260014056714,-107.120024417081,-1.33379851165906));
#2379=CARTESIAN_POINT('Ctrl Pts',(158.312664380449,-107.162685931065,-1.32978920902322));
#2380=CARTESIAN_POINT('Ctrl Pts',(158.344101238737,-107.21428924327,-1.32493956173395));
#2381=CARTESIAN_POINT('Ctrl Pts',(158.359815992061,-107.274565381849,-1.319274847599));
#2382=CARTESIAN_POINT('Ctrl Pts',(158.364952843347,-107.340281986232,-1.31309884186049));
#2383=CARTESIAN_POINT('Ctrl Pts',(158.363475720834,-107.405607461368,-1.30695959420623));
#2384=CARTESIAN_POINT('Ctrl Pts',(158.357600623391,-107.464345397415,-1.30143943939159));
#2385=CARTESIAN_POINT('Ctrl Pts',(158.347266416844,-107.511477733322,-1.29700997168301));
#2386=CARTESIAN_POINT('Ctrl Pts',(158.329306932351,-107.545380564467,-1.29382380463029));
#2387=CARTESIAN_POINT('Ctrl Pts',(158.29766182455,-107.568464305326,-1.2916544089753));
#2388=CARTESIAN_POINT('Ctrl Pts',(158.245745367408,-107.584916395366,-1.29010825175295));
#2389=CARTESIAN_POINT('Ctrl Pts',(158.168162646293,-107.599219721711,-1.28876403401049));
#2390=CARTESIAN_POINT('Ctrl Pts',(158.063089809115,-107.614052910214,-1.28737002015091));
#2391=CARTESIAN_POINT('Ctrl Pts',(157.932924873732,-107.629603283515,-1.28590860570867));
#2392=CARTESIAN_POINT('Ctrl Pts',(157.782956032562,-107.644425829164,-1.28451559205791));
#2393=CARTESIAN_POINT('Ctrl Pts',(157.62056186254,-107.655900685629,-1.28343719216128));
#2394=CARTESIAN_POINT('Ctrl Pts',(157.454185679128,-107.660855793574,-1.28297151418853));
#2395=CARTESIAN_POINT('Ctrl Pts',(157.29247506973,-107.656092459711,-1.28341916935189));
#2396=CARTESIAN_POINT('Ctrl Pts',(157.143207164379,-107.639008364061,-1.28502472206972));
#2397=CARTESIAN_POINT('Ctrl Pts',(157.01291909072,-107.607944173847,-1.28794411540757));
#2398=CARTESIAN_POINT('Ctrl Pts',(156.90709290895,-107.562311300657,-1.29223266453951));
#2399=CARTESIAN_POINT('Ctrl Pts',(156.830181975683,-107.502801225949,-1.29782538446688));
#2400=CARTESIAN_POINT('Ctrl Pts',(156.785681438455,-107.431540866458,-1.30452238887348));
#2401=CARTESIAN_POINT('Ctrl Pts',(156.776200413351,-107.352349367327,-1.31196475686643));
#2402=CARTESIAN_POINT('Ctrl Pts',(156.80343768124,-107.270756606065,-1.31963279398588));
#2403=CARTESIAN_POINT('Ctrl Pts',(156.867720573548,-107.192957616542,-1.32694429478921));
#2404=CARTESIAN_POINT('Ctrl Pts',(156.967555630414,-107.124872382929,-1.3333429028342));
#2405=CARTESIAN_POINT('Ctrl Pts',(157.099242455571,-107.071250918213,-1.33838221484518));
#2406=CARTESIAN_POINT('Ctrl Pts',(157.256249350176,-107.034545770237,-1.34183174189638));
#2407=CARTESIAN_POINT('Ctrl Pts',(157.429362746031,-107.014604802794,-1.34370578165411));
#2408=CARTESIAN_POINT('Ctrl Pts',(157.608032401653,-107.009638167542,-1.34417254295599));
#2409=CARTESIAN_POINT('Ctrl Pts',(157.781422821364,-107.01687098859,-1.34349280691801));
#2410=CARTESIAN_POINT('Ctrl Pts',(157.907947922299,-107.030026718773,-1.34225643955132));
#2411=CARTESIAN_POINT('Ctrl Pts',(157.992406945325,-107.042920267304,-1.34104471185383));
#2412=CARTESIAN_POINT('Ctrl Pts',(158.043434960072,-107.052696077531,-1.34012598726933));
#2413=CARTESIAN_POINT('Ctrl Pts',(158.06758530972,-107.057874800198,-1.33963929412365));
#2414=CARTESIAN_POINT('Ctrl Pts',(173.199996128678,-131.979175898669,-0.00195722098594642));
#2415=CARTESIAN_POINT('Ctrl Pts',(173.199996128678,-131.885608808345,0.993655755832002));
#2416=CARTESIAN_POINT('Ctrl Pts',(173.202016009583,-131.971201777488,-0.00270662395100318));
#2417=CARTESIAN_POINT('Ctrl Pts',(173.202016009583,-131.877634687163,0.992906352866946));
#2418=CARTESIAN_POINT('Ctrl Pts',(173.201023708201,-131.950867563522,-0.00461762077309746));
#2419=CARTESIAN_POINT('Ctrl Pts',(173.201023708201,-131.857300473198,0.990995356044851));
#2420=CARTESIAN_POINT('Ctrl Pts',(173.183511070485,-131.906043628485,-0.00883014639904811));
#2421=CARTESIAN_POINT('Ctrl Pts',(173.183511070485,-131.812476538161,0.986782830418901));
#2422=CARTESIAN_POINT('Ctrl Pts',(173.129642129288,-131.817984524921,-0.0171058863590501));
#2423=CARTESIAN_POINT('Ctrl Pts',(173.129642129288,-131.724417434597,0.978507090458899));
#2424=CARTESIAN_POINT('Ctrl Pts',(173.030795834239,-131.676585058216,-0.0303945205784251));
#2425=CARTESIAN_POINT('Ctrl Pts',(173.030795834239,-131.583017967892,0.965218456239524));
#2426=CARTESIAN_POINT('Ctrl Pts',(172.926165012995,-131.525961153601,-0.044550061753752));
#2427=CARTESIAN_POINT('Ctrl Pts',(172.926165012995,-131.432394063277,0.951062915064197));
#2428=CARTESIAN_POINT('Ctrl Pts',(172.838830524507,-131.38595273339,-0.0577079662859536));
#2429=CARTESIAN_POINT('Ctrl Pts',(172.838830524507,-131.292385643066,0.937905010531995));
#2430=CARTESIAN_POINT('Ctrl Pts',(172.778131546738,-131.26361585474,-0.069205110297863));
#2431=CARTESIAN_POINT('Ctrl Pts',(172.778131546738,-131.170048764416,0.926407866520086));
#2432=CARTESIAN_POINT('Ctrl Pts',(172.740177918156,-131.153779625809,-0.079527450999104));
#2433=CARTESIAN_POINT('Ctrl Pts',(172.740177918156,-131.060212535485,0.916085525818845));
#2434=CARTESIAN_POINT('Ctrl Pts',(172.714257018808,-131.045233445198,-0.0897285537588854));
#2435=CARTESIAN_POINT('Ctrl Pts',(172.714257018808,-130.951666354874,0.905884423059063));
#2436=CARTESIAN_POINT('Ctrl Pts',(172.687014162844,-130.92477603768,-0.101049066239027));
#2437=CARTESIAN_POINT('Ctrl Pts',(172.687014162844,-130.831208947356,0.894563910578921));
#2438=CARTESIAN_POINT('Ctrl Pts',(172.648397511442,-130.782982090212,-0.114374773515893));
#2439=CARTESIAN_POINT('Ctrl Pts',(172.648397511442,-130.689414999888,0.881238203302056));
#2440=CARTESIAN_POINT('Ctrl Pts',(172.593528581918,-130.615955026923,-0.130071873374216));
#2441=CARTESIAN_POINT('Ctrl Pts',(172.593528581918,-130.522387936599,0.865541103443733));
#2442=CARTESIAN_POINT('Ctrl Pts',(172.521044524136,-130.423590009478,-0.148150218455605));
#2443=CARTESIAN_POINT('Ctrl Pts',(172.521044524136,-130.330022919154,0.847462758362344));
#2444=CARTESIAN_POINT('Ctrl Pts',(172.432376258311,-130.20876311436,-0.168339516875358));
#2445=CARTESIAN_POINT('Ctrl Pts',(172.432376258311,-130.115196024036,0.827273459942591));
#2446=CARTESIAN_POINT('Ctrl Pts',(172.330653538146,-129.976151799233,-0.190200184061919));
#2447=CARTESIAN_POINT('Ctrl Pts',(172.330653538146,-129.882584708909,0.805412792756029));
#2448=CARTESIAN_POINT('Ctrl Pts',(172.219750699948,-129.731193124068,-0.213221248490114));
#2449=CARTESIAN_POINT('Ctrl Pts',(172.219750699948,-129.637626033744,0.782391728327835));
#2450=CARTESIAN_POINT('Ctrl Pts',(172.103316671434,-129.479029999438,-0.23691938261251));
#2451=CARTESIAN_POINT('Ctrl Pts',(172.103316671434,-129.385462909114,0.758693594205438));
#2452=CARTESIAN_POINT('Ctrl Pts',(171.983693585815,-129.22333780581,-0.260949176451462));
#2453=CARTESIAN_POINT('Ctrl Pts',(171.983693585815,-129.129770715486,0.734663800366487));
#2454=CARTESIAN_POINT('Ctrl Pts',(171.861996403936,-128.966377910212,-0.285098108135675));
#2455=CARTESIAN_POINT('Ctrl Pts',(171.861996403936,-128.872810819888,0.710514868682274));
#2456=CARTESIAN_POINT('Ctrl Pts',(171.738408517617,-128.709278955906,-0.309260108471032));
#2457=CARTESIAN_POINT('Ctrl Pts',(171.738408517617,-128.615711865582,0.686352868346917));
#2458=CARTESIAN_POINT('Ctrl Pts',(171.612402004902,-128.452238598101,-0.333416601943488));
#2459=CARTESIAN_POINT('Ctrl Pts',(171.612402004902,-128.358671507777,0.662196374874461));
#2460=CARTESIAN_POINT('Ctrl Pts',(171.482988772682,-128.194758121728,-0.357614457486191));
#2461=CARTESIAN_POINT('Ctrl Pts',(171.482988772682,-128.101191031404,0.637998519331758));
#2462=CARTESIAN_POINT('Ctrl Pts',(171.348960309966,-127.935864286557,-0.381945139612496));
#2463=CARTESIAN_POINT('Ctrl Pts',(171.348960309966,-127.842297196233,0.613667837205453));
#2464=CARTESIAN_POINT('Ctrl Pts',(171.20912797603,-127.674333522006,-0.406523638727123));
#2465=CARTESIAN_POINT('Ctrl Pts',(171.20912797603,-127.580766431682,0.589089338090826));
#2466=CARTESIAN_POINT('Ctrl Pts',(171.062573207698,-127.408922422438,-0.431466809321104));
#2467=CARTESIAN_POINT('Ctrl Pts',(171.062573207698,-127.315355332114,0.564146167496845));
#2468=CARTESIAN_POINT('Ctrl Pts',(170.908869692679,-127.138578406127,-0.456873572372321));
#2469=CARTESIAN_POINT('Ctrl Pts',(170.908869692679,-127.045011315803,0.538739404445628));
#2470=CARTESIAN_POINT('Ctrl Pts',(170.748377252925,-126.862701888117,-0.482800276503264));
#2471=CARTESIAN_POINT('Ctrl Pts',(170.748377252925,-126.769134797793,0.512812700314685));
#2472=CARTESIAN_POINT('Ctrl Pts',(170.582231594901,-126.581189374941,-0.509256647965863));
#2473=CARTESIAN_POINT('Ctrl Pts',(170.582231594901,-126.487622284617,0.486356328852085));
#2474=CARTESIAN_POINT('Ctrl Pts',(170.412134080122,-126.294332432887,-0.536215285541128));
#2475=CARTESIAN_POINT('Ctrl Pts',(170.412134080122,-126.200765342563,0.45939769127682));
#2476=CARTESIAN_POINT('Ctrl Pts',(170.240201285117,-126.00275975108,-0.5636171054148));
#2477=CARTESIAN_POINT('Ctrl Pts',(170.240201285117,-125.909192660756,0.431995871403149));
#2478=CARTESIAN_POINT('Ctrl Pts',(170.068789876709,-125.707361411169,-0.591378458265293));
#2479=CARTESIAN_POINT('Ctrl Pts',(170.068789876709,-125.613794320845,0.404234518552656));
#2480=CARTESIAN_POINT('Ctrl Pts',(169.900332066299,-125.409220785506,-0.61939752943067));
#2481=CARTESIAN_POINT('Ctrl Pts',(169.900332066299,-125.315653695182,0.376215447387279));
#2482=CARTESIAN_POINT('Ctrl Pts',(169.737166523715,-125.10954315574,-0.647561047288818));
#2483=CARTESIAN_POINT('Ctrl Pts',(169.737166523715,-125.015976065416,0.348051929529131));
#2484=CARTESIAN_POINT('Ctrl Pts',(169.581371217515,-124.809585737427,-0.67575085950115));
#2485=CARTESIAN_POINT('Ctrl Pts',(169.581371217515,-124.716018647103,0.319862117316799));
#2486=CARTESIAN_POINT('Ctrl Pts',(169.434595490743,-124.510587114793,-0.703850564690021));
#2487=CARTESIAN_POINT('Ctrl Pts',(169.434595490743,-124.417020024469,0.291762412127928));
#2488=CARTESIAN_POINT('Ctrl Pts',(169.297892311493,-124.21369689397,-0.731752123583749));
#2489=CARTESIAN_POINT('Ctrl Pts',(169.297892311493,-124.120129803646,0.2638608532342));
#2490=CARTESIAN_POINT('Ctrl Pts',(169.171550808146,-123.919905346002,-0.759362471123644));
#2491=CARTESIAN_POINT('Ctrl Pts',(169.171550808146,-123.826338255678,0.236250505694305));
#2492=CARTESIAN_POINT('Ctrl Pts',(169.05492768101,-123.629972820864,-0.786610150090317));
#2493=CARTESIAN_POINT('Ctrl Pts',(169.05492768101,-123.53640573054,0.209002826727632));
#2494=CARTESIAN_POINT('Ctrl Pts',(168.946634508652,-123.344443979507,-0.813443973585419));
#2495=CARTESIAN_POINT('Ctrl Pts',(168.946634508652,-123.250876889183,0.182169003232529));
#2496=CARTESIAN_POINT('Ctrl Pts',(168.844726088049,-123.063662312304,-0.839831660596622));
#2497=CARTESIAN_POINT('Ctrl Pts',(168.844726088049,-122.97009522198,0.155781316221327));
#2498=CARTESIAN_POINT('Ctrl Pts',(168.746888678872,-122.787784552864,-0.86575848139641));
#2499=CARTESIAN_POINT('Ctrl Pts',(168.746888678872,-122.69421746254,0.129854495421538));
#2500=CARTESIAN_POINT('Ctrl Pts',(168.650627632048,-122.516795129398,-0.891225899411936));
#2501=CARTESIAN_POINT('Ctrl Pts',(168.650627632048,-122.423228039074,0.104387077406013));
#2502=CARTESIAN_POINT('Ctrl Pts',(168.553456797686,-122.250520613311,-0.916250213354977));
#2503=CARTESIAN_POINT('Ctrl Pts',(168.553456797686,-122.156953522987,0.0793627634629722));
#2504=CARTESIAN_POINT('Ctrl Pts',(168.453083647783,-121.98864413576,-0.940861202363055));
#2505=CARTESIAN_POINT('Ctrl Pts',(168.453083647783,-121.895077045436,0.0547517744548941));
#2506=CARTESIAN_POINT('Ctrl Pts',(168.347604423489,-121.730719893242,-0.965100762772884));
#2507=CARTESIAN_POINT('Ctrl Pts',(168.347604423489,-121.637152802918,0.0305122140450652));
#2508=CARTESIAN_POINT('Ctrl Pts',(168.235675823154,-121.476187436948,-0.98902156521619));
#2509=CARTESIAN_POINT('Ctrl Pts',(168.235675823154,-121.382620346624,0.00659141160175833));
#2510=CARTESIAN_POINT('Ctrl Pts',(168.116744707516,-121.224386497702,-1.0126856613808));
#2511=CARTESIAN_POINT('Ctrl Pts',(168.116744707516,-121.130819407378,-0.0170726845628501));
#2512=CARTESIAN_POINT('Ctrl Pts',(167.991039360069,-120.974569635942,-1.03616329517323));
#2513=CARTESIAN_POINT('Ctrl Pts',(167.991039360069,-120.881002545618,-0.0405503183552781));
#2514=CARTESIAN_POINT('Ctrl Pts',(167.859392624035,-120.725913476868,-1.05953184684684));
#2515=CARTESIAN_POINT('Ctrl Pts',(167.859392624035,-120.632346386544,-0.0639188700288863));
#2516=CARTESIAN_POINT('Ctrl Pts',(167.723114367087,-120.477530175117,-1.08287475555842));
#2517=CARTESIAN_POINT('Ctrl Pts',(167.723114367087,-120.383963084793,-0.0872617787404741));
#2518=CARTESIAN_POINT('Ctrl Pts',(167.583844057358,-120.228479193707,-1.10628041239043));
#2519=CARTESIAN_POINT('Ctrl Pts',(167.583844057358,-120.134912103383,-0.110667435572486));
#2520=CARTESIAN_POINT('Ctrl Pts',(167.443410841909,-119.977778005979,-1.12984115458909));
#2521=CARTESIAN_POINT('Ctrl Pts',(167.443410841909,-119.884210915655,-0.134228177771144));
#2522=CARTESIAN_POINT('Ctrl Pts',(167.303692774421,-119.724415446981,-1.15365201080983));
#2523=CARTESIAN_POINT('Ctrl Pts',(167.303692774421,-119.630848356657,-0.158039033991878));
#2524=CARTESIAN_POINT('Ctrl Pts',(167.166470885318,-119.467358844035,-1.17781003099066));
#2525=CARTESIAN_POINT('Ctrl Pts',(167.166470885318,-119.373791753711,-0.182197054172712));
#2526=CARTESIAN_POINT('Ctrl Pts',(167.03329838497,-119.205575700038,-1.20241224856912));
#2527=CARTESIAN_POINT('Ctrl Pts',(167.03329838497,-119.112008609714,-0.206799271751167));
#2528=CARTESIAN_POINT('Ctrl Pts',(166.905331439686,-118.938019761433,-1.22755698980601));
#2529=CARTESIAN_POINT('Ctrl Pts',(166.905331439686,-118.844452671109,-0.231944012988062));
#2530=CARTESIAN_POINT('Ctrl Pts',(166.783302168853,-118.663748124959,-1.25333286816527));
#2531=CARTESIAN_POINT('Ctrl Pts',(166.783302168853,-118.570181034635,-0.25771989134732));
#2532=CARTESIAN_POINT('Ctrl Pts',(166.667636147258,-118.382171991402,-1.27979521863177));
#2533=CARTESIAN_POINT('Ctrl Pts',(166.667636147258,-118.288604901078,-0.284182241813823));
#2534=CARTESIAN_POINT('Ctrl Pts',(166.558530922164,-118.093270410533,-1.30694601009525));
#2535=CARTESIAN_POINT('Ctrl Pts',(166.558530922164,-117.999703320209,-0.3113330332773));
#2536=CARTESIAN_POINT('Ctrl Pts',(166.456050405766,-117.797821186028,-1.33471214504846));
#2537=CARTESIAN_POINT('Ctrl Pts',(166.456050405766,-117.704254095703,-0.339099168230509));
#2538=CARTESIAN_POINT('Ctrl Pts',(166.360212580496,-117.497619743535,-1.36292489050184));
#2539=CARTESIAN_POINT('Ctrl Pts',(166.360212580496,-117.404052653211,-0.367311913683889));
#2540=CARTESIAN_POINT('Ctrl Pts',(166.27107982192,-117.195714065036,-1.39129779899865));
#2541=CARTESIAN_POINT('Ctrl Pts',(166.27107982192,-117.102146974712,-0.395684822180705));
#2542=CARTESIAN_POINT('Ctrl Pts',(166.188848698252,-116.896607435373,-1.41940765462106));
#2543=CARTESIAN_POINT('Ctrl Pts',(166.188848698252,-116.803040345049,-0.423794677803112));
#2544=CARTESIAN_POINT('Ctrl Pts',(166.113938592835,-116.606533821481,-1.4466685930215));
#2545=CARTESIAN_POINT('Ctrl Pts',(166.113938592835,-116.512966731157,-0.451055616203547));
#2546=CARTESIAN_POINT('Ctrl Pts',(166.047084116746,-116.333563908645,-1.47232213620021));
#2547=CARTESIAN_POINT('Ctrl Pts',(166.047084116746,-116.239996818321,-0.476709159382262));
#2548=CARTESIAN_POINT('Ctrl Pts',(165.989417695756,-116.088141582873,-1.49538677422492));
#2549=CARTESIAN_POINT('Ctrl Pts',(165.989417695756,-115.994574492549,-0.499773797406976));
#2550=CARTESIAN_POINT('Ctrl Pts',(165.942600976656,-115.880955932263,-1.51485795322304));
#2551=CARTESIAN_POINT('Ctrl Pts',(165.942600976656,-115.787388841939,-0.519244976405092));
#2552=CARTESIAN_POINT('Ctrl Pts',(165.908949424742,-115.720120235399,-1.52997319230305));
#2553=CARTESIAN_POINT('Ctrl Pts',(165.908949424742,-115.626553145075,-0.534360215485105));
#2554=CARTESIAN_POINT('Ctrl Pts',(165.891595573641,-115.608489827804,-1.54046414880282));
#2555=CARTESIAN_POINT('Ctrl Pts',(165.891595573641,-115.51492273748,-0.544851171984872));
#2556=CARTESIAN_POINT('Ctrl Pts',(165.89455502136,-115.541132552451,-1.54679434378187));
#2557=CARTESIAN_POINT('Ctrl Pts',(165.89455502136,-115.447565462127,-0.551181366963919));
#2558=CARTESIAN_POINT('Ctrl Pts',(165.923024075116,-115.502239048473,-1.55044953117341));
#2559=CARTESIAN_POINT('Ctrl Pts',(165.923024075116,-115.408671958149,-0.554836554355461));
#2560=CARTESIAN_POINT('Ctrl Pts',(165.983075400895,-115.463605426637,-1.55408029500232));
#2561=CARTESIAN_POINT('Ctrl Pts',(165.983075400895,-115.370038336313,-0.558467318184374));
#2562=CARTESIAN_POINT('Ctrl Pts',(166.075153846009,-115.402095370033,-1.5598609719884));
#2563=CARTESIAN_POINT('Ctrl Pts',(166.075153846009,-115.308528279709,-0.564247995170456));
#2564=CARTESIAN_POINT('Ctrl Pts',(166.186651525609,-115.318573346112,-1.56771032001638));
#2565=CARTESIAN_POINT('Ctrl Pts',(166.186651525609,-115.225006255788,-0.572097343198431));
#2566=CARTESIAN_POINT('Ctrl Pts',(166.29860436491,-115.229494118717,-1.57608193058169));
#2567=CARTESIAN_POINT('Ctrl Pts',(166.29860436491,-115.135927028393,-0.580468953763745));
#2568=CARTESIAN_POINT('Ctrl Pts',(166.394505007075,-115.154591166104,-1.5831212636316));
#2569=CARTESIAN_POINT('Ctrl Pts',(166.394505007075,-115.06102407578,-0.587508286813655));
#2570=CARTESIAN_POINT('Ctrl Pts',(166.467749846595,-115.106628100784,-1.58762880277536));
#2571=CARTESIAN_POINT('Ctrl Pts',(166.467749846595,-115.01306101046,-0.592015825957414));
#2572=CARTESIAN_POINT('Ctrl Pts',(166.531251683192,-115.07855499972,-1.59026709540924));
#2573=CARTESIAN_POINT('Ctrl Pts',(166.531251683192,-114.984987909396,-0.594654118591295));
#2574=CARTESIAN_POINT('Ctrl Pts',(166.606911160713,-115.052155255663,-1.59274812698901));
#2575=CARTESIAN_POINT('Ctrl Pts',(166.606911160713,-114.958588165339,-0.597135150171057));
#2576=CARTESIAN_POINT('Ctrl Pts',(166.711218129178,-115.010402869759,-1.5966719903316));
#2577=CARTESIAN_POINT('Ctrl Pts',(166.711218129178,-114.916835779435,-0.601059013513655));
#2578=CARTESIAN_POINT('Ctrl Pts',(166.84484546627,-114.946558739879,-1.60267202207712));
#2579=CARTESIAN_POINT('Ctrl Pts',(166.84484546627,-114.852991649555,-0.607059045259172));
#2580=CARTESIAN_POINT('Ctrl Pts',(166.999016315398,-114.860866721062,-1.61072530488013));
#2581=CARTESIAN_POINT('Ctrl Pts',(166.999016315398,-114.767299630738,-0.615112328062183));
#2582=CARTESIAN_POINT('Ctrl Pts',(167.160057069358,-114.758571122301,-1.62033898183277));
#2583=CARTESIAN_POINT('Ctrl Pts',(167.160057069358,-114.665004031977,-0.624726005014816));
#2584=CARTESIAN_POINT('Ctrl Pts',(167.314563722058,-114.647452821136,-1.63078181088769));
#2585=CARTESIAN_POINT('Ctrl Pts',(167.314563722058,-114.553885730812,-0.635168834069743));
#2586=CARTESIAN_POINT('Ctrl Pts',(167.454493575906,-114.535520779718,-1.64130111474715));
#2587=CARTESIAN_POINT('Ctrl Pts',(167.454493575906,-114.441953689394,-0.645688137929205));
#2588=CARTESIAN_POINT('Ctrl Pts',(167.581755994051,-114.428776080013,-1.65133291544829));
#2589=CARTESIAN_POINT('Ctrl Pts',(167.581755994051,-114.335208989689,-0.655719938630343));
#2590=CARTESIAN_POINT('Ctrl Pts',(167.703982759378,-114.331192921989,-1.66050372014201));
#2591=CARTESIAN_POINT('Ctrl Pts',(167.703982759378,-114.237625831665,-0.664890743324057));
#2592=CARTESIAN_POINT('Ctrl Pts',(167.830936622927,-114.244567787566,-1.66864469657123));
#2593=CARTESIAN_POINT('Ctrl Pts',(167.830936622927,-114.151000697242,-0.673031719753278));
#2594=CARTESIAN_POINT('Ctrl Pts',(167.970527387916,-114.168380822587,-1.67580470030728));
#2595=CARTESIAN_POINT('Ctrl Pts',(167.970527387916,-114.074813732263,-0.680191723489329));
#2596=CARTESIAN_POINT('Ctrl Pts',(168.125338186145,-114.099740591943,-1.68225546662923));
#2597=CARTESIAN_POINT('Ctrl Pts',(168.125338186145,-114.006173501619,-0.686642489811281));
#2598=CARTESIAN_POINT('Ctrl Pts',(168.288034713239,-114.033062375873,-1.68852184403777));
#2599=CARTESIAN_POINT('Ctrl Pts',(168.288034713239,-113.939495285549,-0.692908867219823));
#2600=CARTESIAN_POINT('Ctrl Pts',(168.445030935927,-113.96180971621,-1.69521812481936));
#2601=CARTESIAN_POINT('Ctrl Pts',(168.445030935927,-113.868242625886,-0.699605148001415));
#2602=CARTESIAN_POINT('Ctrl Pts',(168.581600949146,-113.88054766889,-1.70285508164747));
#2603=CARTESIAN_POINT('Ctrl Pts',(168.581600949146,-113.786980578566,-0.707242104829523));
#2604=CARTESIAN_POINT('Ctrl Pts',(168.686795867479,-113.787064892681,-1.71164053500027));
#2605=CARTESIAN_POINT('Ctrl Pts',(168.686795867479,-113.693497802357,-0.716027558182325));
#2606=CARTESIAN_POINT('Ctrl Pts',(168.757752881177,-113.684067121034,-1.72132020172552));
#2607=CARTESIAN_POINT('Ctrl Pts',(168.757752881177,-113.59050003071,-0.725707224907574));
#2608=CARTESIAN_POINT('Ctrl Pts',(168.806025449292,-113.582073004063,-1.7309055456065));
#2609=CARTESIAN_POINT('Ctrl Pts',(168.806025449292,-113.488505913739,-0.735292568788547));
#2610=CARTESIAN_POINT('Ctrl Pts',(168.852153684135,-113.495556496072,-1.73903631339089));
#2611=CARTESIAN_POINT('Ctrl Pts',(168.852153684135,-113.401989405748,-0.743423336572945));
#2612=CARTESIAN_POINT('Ctrl Pts',(168.917048820151,-113.437392675549,-1.7445025131846));
#2613=CARTESIAN_POINT('Ctrl Pts',(168.917048820151,-113.343825585225,-0.748889536366652));
#2614=CARTESIAN_POINT('Ctrl Pts',(169.013153678212,-113.412907170787,-1.74680364574218));
#2615=CARTESIAN_POINT('Ctrl Pts',(169.013153678212,-113.319340080463,-0.751190668924232));
#2616=CARTESIAN_POINT('Ctrl Pts',(169.139773639262,-113.417146976973,-1.74640519138533));
#2617=CARTESIAN_POINT('Ctrl Pts',(169.139773639262,-113.323579886649,-0.750792214567381));
#2618=CARTESIAN_POINT('Ctrl Pts',(169.288982635178,-113.440098212839,-1.74424824846736));
#2619=CARTESIAN_POINT('Ctrl Pts',(169.288982635178,-113.346531122515,-0.748635271649411));
#2620=CARTESIAN_POINT('Ctrl Pts',(169.449100350766,-113.470018240585,-1.74143638280898));
#2621=CARTESIAN_POINT('Ctrl Pts',(169.449100350766,-113.376451150261,-0.745823405991034));
#2622=CARTESIAN_POINT('Ctrl Pts',(169.609585973233,-113.498009227042,-1.73880580725494));
#2623=CARTESIAN_POINT('Ctrl Pts',(169.609585973233,-113.404442136718,-0.743192830436986));
#2624=CARTESIAN_POINT('Ctrl Pts',(169.763890583751,-113.520488893715,-1.73669318211747));
#2625=CARTESIAN_POINT('Ctrl Pts',(169.763890583751,-113.426921803391,-0.741080205299526));
#2626=CARTESIAN_POINT('Ctrl Pts',(169.908590656214,-113.53756187721,-1.73508867371308));
#2627=CARTESIAN_POINT('Ctrl Pts',(169.908590656214,-113.443994786886,-0.739475696895128));
#2628=CARTESIAN_POINT('Ctrl Pts',(170.043240585781,-113.552164755491,-1.73371630426541));
#2629=CARTESIAN_POINT('Ctrl Pts',(170.043240585781,-113.458597665167,-0.738103327447463));
#2630=CARTESIAN_POINT('Ctrl Pts',(170.169907353824,-113.568936135286,-1.73214014038984));
#2631=CARTESIAN_POINT('Ctrl Pts',(170.169907353824,-113.475369044962,-0.736527163571891));
#2632=CARTESIAN_POINT('Ctrl Pts',(170.29292428043,-113.593127575515,-1.72986664383471));
#2633=CARTESIAN_POINT('Ctrl Pts',(170.29292428043,-113.499560485191,-0.734253667016761));
#2634=CARTESIAN_POINT('Ctrl Pts',(170.418198913039,-113.62981790842,-1.72641850909478));
#2635=CARTESIAN_POINT('Ctrl Pts',(170.418198913039,-113.536250818096,-0.730805532276832));
#2636=CARTESIAN_POINT('Ctrl Pts',(170.552213245044,-113.683446522992,-1.72137852514474));
#2637=CARTESIAN_POINT('Ctrl Pts',(170.552213245044,-113.589879432668,-0.725765548326788));
#2638=CARTESIAN_POINT('Ctrl Pts',(170.701114081442,-113.757257100117,-1.71444185286588));
#2639=CARTESIAN_POINT('Ctrl Pts',(170.701114081442,-113.663690009793,-0.718828876047929));
#2640=CARTESIAN_POINT('Ctrl Pts',(170.869753699601,-113.852767580634,-1.70546583711935));
#2641=CARTESIAN_POINT('Ctrl Pts',(170.869753699601,-113.75920049031,-0.709852860301404));
#2642=CARTESIAN_POINT('Ctrl Pts',(171.060787665026,-113.96925885475,-1.69451805939753));
#2643=CARTESIAN_POINT('Ctrl Pts',(171.060787665026,-113.875691764426,-0.698905082579581));
#2644=CARTESIAN_POINT('Ctrl Pts',(171.274951629348,-114.104261008823,-1.68183064065329));
#2645=CARTESIAN_POINT('Ctrl Pts',(171.274951629348,-114.010693918499,-0.686217663835341));
#2646=CARTESIAN_POINT('Ctrl Pts',(171.511302056822,-114.254004101261,-1.66775787766027));
#2647=CARTESIAN_POINT('Ctrl Pts',(171.511302056822,-114.160437010937,-0.672144900842323));
#2648=CARTESIAN_POINT('Ctrl Pts',(171.767470326138,-114.413882315635,-1.65273262219103));
#2649=CARTESIAN_POINT('Ctrl Pts',(171.767470326138,-114.320315225311,-0.65711964537308));
#2650=CARTESIAN_POINT('Ctrl Pts',(172.039911141199,-114.578912630604,-1.63722317550196));
#2651=CARTESIAN_POINT('Ctrl Pts',(172.039911141199,-114.48534554028,-0.641610198684007));
#2652=CARTESIAN_POINT('Ctrl Pts',(172.324153428215,-114.744195374627,-1.62169000568687));
#2653=CARTESIAN_POINT('Ctrl Pts',(172.324153428215,-114.650628284303,-0.62607702886892));
#2654=CARTESIAN_POINT('Ctrl Pts',(172.615050054862,-114.905375062802,-1.60654243851662));
#2655=CARTESIAN_POINT('Ctrl Pts',(172.615050054862,-114.811807972478,-0.610929461698676));
#2656=CARTESIAN_POINT('Ctrl Pts',(172.907028295185,-115.059098568335,-1.59209559876865));
#2657=CARTESIAN_POINT('Ctrl Pts',(172.907028295185,-114.965531478011,-0.596482621950701));
#2658=CARTESIAN_POINT('Ctrl Pts',(173.194339400146,-115.203480478409,-1.5785266763705));
#2659=CARTESIAN_POINT('Ctrl Pts',(173.194339400146,-115.109913388085,-0.582913699552553));
#2660=CARTESIAN_POINT('Ctrl Pts',(173.471310126471,-115.338548523483,-1.56583306523081));
#2661=CARTESIAN_POINT('Ctrl Pts',(173.471310126471,-115.244981433159,-0.570220088412864));
#2662=CARTESIAN_POINT('Ctrl Pts',(173.732686813262,-115.465627528254,-1.55389025914596));
#2663=CARTESIAN_POINT('Ctrl Pts',(173.732686813262,-115.37206043793,-0.558277282328011));
#2664=CARTESIAN_POINT('Ctrl Pts',(173.973978549544,-115.586741598118,-1.54250803394568));
#2665=CARTESIAN_POINT('Ctrl Pts',(173.973978549544,-115.493174507794,-0.546895057127727));
#2666=CARTESIAN_POINT('Ctrl Pts',(174.191799259252,-115.704010885075,-1.53148713905941));
#2667=CARTESIAN_POINT('Ctrl Pts',(174.191799259252,-115.610443794751,-0.535874162241458));
#2668=CARTESIAN_POINT('Ctrl Pts',(174.384213467922,-115.819047534849,-1.5206760660314));
#2669=CARTESIAN_POINT('Ctrl Pts',(174.384213467922,-115.725480444525,-0.525063089213455));
#2670=CARTESIAN_POINT('Ctrl Pts',(174.551073037789,-115.932359204204,-1.51002710559387));
#2671=CARTESIAN_POINT('Ctrl Pts',(174.551073037789,-115.83879211388,-0.514414128775921));
#2672=CARTESIAN_POINT('Ctrl Pts',(174.694375139909,-116.042732522498,-1.49965428956726));
#2673=CARTESIAN_POINT('Ctrl Pts',(174.694375139909,-115.949165432174,-0.504041312749314));
#2674=CARTESIAN_POINT('Ctrl Pts',(174.8185699698,-116.146664917484,-1.48988678752015));
#2675=CARTESIAN_POINT('Ctrl Pts',(174.8185699698,-116.05309782716,-0.494273810702205));
#2676=CARTESIAN_POINT('Ctrl Pts',(174.93100519925,-116.237666290538,-1.48133453489742));
#2677=CARTESIAN_POINT('Ctrl Pts',(174.93100519925,-116.144099200214,-0.485721558079467));
#2678=CARTESIAN_POINT('Ctrl Pts',(175.039827019586,-116.307798974395,-1.47474350874782));
#2679=CARTESIAN_POINT('Ctrl Pts',(175.039827019586,-116.214231884071,-0.479130531929871));
#2680=CARTESIAN_POINT('Ctrl Pts',(175.15151733421,-116.349473019179,-1.47082700785518));
#2681=CARTESIAN_POINT('Ctrl Pts',(175.15151733421,-116.255905928855,-0.475214031037227));
#2682=CARTESIAN_POINT('Ctrl Pts',(175.26888295215,-116.356991323566,-1.47012044226991));
#2683=CARTESIAN_POINT('Ctrl Pts',(175.26888295215,-116.263424233242,-0.47450746545196));
#2684=CARTESIAN_POINT('Ctrl Pts',(175.388074006943,-116.328584073659,-1.47279013800489));
#2685=CARTESIAN_POINT('Ctrl Pts',(175.388074006943,-116.235016983335,-0.477177161186945));
#2686=CARTESIAN_POINT('Ctrl Pts',(175.499568641415,-116.26650353073,-1.47862442894205));
#2687=CARTESIAN_POINT('Ctrl Pts',(175.499568641415,-116.172936440406,-0.483011452124099));
#2688=CARTESIAN_POINT('Ctrl Pts',(175.591957180303,-116.175819400757,-1.48714686725661));
#2689=CARTESIAN_POINT('Ctrl Pts',(175.591957180303,-116.082252310433,-0.491533890438661));
#2690=CARTESIAN_POINT('Ctrl Pts',(175.654694275878,-116.063596223996,-1.4976935318351));
#2691=CARTESIAN_POINT('Ctrl Pts',(175.654694275878,-115.970029133672,-0.502080555017152));
#2692=CARTESIAN_POINT('Ctrl Pts',(175.681771795286,-115.937922259257,-1.50950429312885));
#2693=CARTESIAN_POINT('Ctrl Pts',(175.681771795286,-115.844355168932,-0.513891316310898));
#2694=CARTESIAN_POINT('Ctrl Pts',(175.671260518211,-115.806897109159,-1.52181795550501));
#2695=CARTESIAN_POINT('Ctrl Pts',(175.671260518211,-115.713330018835,-0.526204978687058));
#2696=CARTESIAN_POINT('Ctrl Pts',(175.623889055423,-115.677511339316,-1.53397754994125));
#2697=CARTESIAN_POINT('Ctrl Pts',(175.623889055423,-115.583944248992,-0.538364573123299));
#2698=CARTESIAN_POINT('Ctrl Pts',(175.542001663791,-115.554658613864,-1.54552317291579));
#2699=CARTESIAN_POINT('Ctrl Pts',(175.542001663791,-115.46109152354,-0.549910196097837));
#2700=CARTESIAN_POINT('Ctrl Pts',(175.428215936425,-115.439859722452,-1.55631190156037));
#2701=CARTESIAN_POINT('Ctrl Pts',(175.428215936425,-115.346292632128,-0.560698924742417));
#2702=CARTESIAN_POINT('Ctrl Pts',(175.285216861431,-115.331768566609,-1.56647024137454));
#2703=CARTESIAN_POINT('Ctrl Pts',(175.285216861431,-115.238201476285,-0.570857264556594));
#2704=CARTESIAN_POINT('Ctrl Pts',(175.115821317099,-115.227167891101,-1.57630054801087));
#2705=CARTESIAN_POINT('Ctrl Pts',(175.115821317099,-115.133600800777,-0.580687571192921));
#2706=CARTESIAN_POINT('Ctrl Pts',(174.922952757692,-115.121786458291,-1.58620422973437));
#2707=CARTESIAN_POINT('Ctrl Pts',(174.922952757692,-115.028219367967,-0.59059125291642));
#2708=CARTESIAN_POINT('Ctrl Pts',(174.709655052161,-115.011220784802,-1.59659512318296));
#2709=CARTESIAN_POINT('Ctrl Pts',(174.709655052161,-114.917653694478,-0.600982146365007));
#2710=CARTESIAN_POINT('Ctrl Pts',(174.479085658958,-114.891742694263,-1.60782360006046));
#2711=CARTESIAN_POINT('Ctrl Pts',(174.479085658958,-114.798175603939,-0.612210623242514));
#2712=CARTESIAN_POINT('Ctrl Pts',(174.23452727558,-114.761328037947,-1.62007988860954));
#2713=CARTESIAN_POINT('Ctrl Pts',(174.23452727558,-114.667760947623,-0.624466911791594));
#2714=CARTESIAN_POINT('Ctrl Pts',(173.979351936968,-114.619879047671,-1.63337317702341));
#2715=CARTESIAN_POINT('Ctrl Pts',(173.979351936968,-114.526311957347,-0.637760200205456));
#2716=CARTESIAN_POINT('Ctrl Pts',(173.716947608344,-114.468751969497,-1.64757600613791));
#2717=CARTESIAN_POINT('Ctrl Pts',(173.716947608344,-114.375184879173,-0.651963029319963));
#2718=CARTESIAN_POINT('Ctrl Pts',(173.450655064975,-114.310479419528,-1.6624503622618));
#2719=CARTESIAN_POINT('Ctrl Pts',(173.450655064975,-114.216912329204,-0.666837385443847));
#2720=CARTESIAN_POINT('Ctrl Pts',(173.183700689628,-114.148413061076,-1.67768125815492));
#2721=CARTESIAN_POINT('Ctrl Pts',(173.183700689628,-114.054845970752,-0.682068281336975));
#2722=CARTESIAN_POINT('Ctrl Pts',(172.919130728638,-113.986400047425,-1.69290714073668));
#2723=CARTESIAN_POINT('Ctrl Pts',(172.919130728638,-113.892832957101,-0.697294163918733));
#2724=CARTESIAN_POINT('Ctrl Pts',(172.659745591366,-113.82844580257,-1.70775158274335));
#2725=CARTESIAN_POINT('Ctrl Pts',(172.659745591366,-113.734878712246,-0.712138605925402));
#2726=CARTESIAN_POINT('Ctrl Pts',(172.408032569834,-113.678380671164,-1.7218546107589));
#2727=CARTESIAN_POINT('Ctrl Pts',(172.408032569834,-113.58481358084,-0.726241633940953));
#2728=CARTESIAN_POINT('Ctrl Pts',(172.166102870896,-113.539529593049,-1.73490374899842));
#2729=CARTESIAN_POINT('Ctrl Pts',(172.166102870896,-113.445962502725,-0.739290772180469));
#2730=CARTESIAN_POINT('Ctrl Pts',(171.935618125557,-113.414369268562,-1.74666623869971));
#2731=CARTESIAN_POINT('Ctrl Pts',(171.935618125557,-113.320802178238,-0.751053261881761));
#2732=CARTESIAN_POINT('Ctrl Pts',(171.717746806163,-113.304223960085,-1.75701762650501));
#2733=CARTESIAN_POINT('Ctrl Pts',(171.717746806163,-113.210656869761,-0.76140464968706));
#2734=CARTESIAN_POINT('Ctrl Pts',(171.513333244193,-113.209258654397,-1.76594240705915));
#2735=CARTESIAN_POINT('Ctrl Pts',(171.513333244193,-113.115691564073,-0.770329430241205));
#2736=CARTESIAN_POINT('Ctrl Pts',(171.323045949935,-113.128432699268,-1.77353838021358));
#2737=CARTESIAN_POINT('Ctrl Pts',(171.323045949935,-113.034865608944,-0.777925403395633));
#2738=CARTESIAN_POINT('Ctrl Pts',(171.147532130467,-113.059487470258,-1.78001781009288));
#2739=CARTESIAN_POINT('Ctrl Pts',(171.147532130467,-112.965920379934,-0.784404833274927));
#2740=CARTESIAN_POINT('Ctrl Pts',(170.987573554288,-112.998876692789,-1.7857139733833));
#2741=CARTESIAN_POINT('Ctrl Pts',(170.987573554288,-112.905309602465,-0.790100996565356));
#2742=CARTESIAN_POINT('Ctrl Pts',(170.844232587328,-112.941821287298,-1.79107600501944));
#2743=CARTESIAN_POINT('Ctrl Pts',(170.844232587328,-112.848254196974,-0.795463028201492));
#2744=CARTESIAN_POINT('Ctrl Pts',(170.719024429576,-112.882065713906,-1.79669179676095));
#2745=CARTESIAN_POINT('Ctrl Pts',(170.719024429576,-112.788498623582,-0.801078819942996));
#2746=CARTESIAN_POINT('Ctrl Pts',(170.614014974836,-112.812651362548,-1.80321531446766));
#2747=CARTESIAN_POINT('Ctrl Pts',(170.614014974836,-112.719084272224,-0.80760233764971));
#2748=CARTESIAN_POINT('Ctrl Pts',(170.531919806617,-112.728887791389,-1.81108736295537));
#2749=CARTESIAN_POINT('Ctrl Pts',(170.531919806617,-112.635320701065,-0.815474386137417));
#2750=CARTESIAN_POINT('Ctrl Pts',(170.476045789247,-112.630293870288,-1.82035315853638));
#2751=CARTESIAN_POINT('Ctrl Pts',(170.476045789247,-112.536726779964,-0.824740181718428));
#2752=CARTESIAN_POINT('Ctrl Pts',(170.450643945096,-112.52413598009,-1.83032981124388));
#2753=CARTESIAN_POINT('Ctrl Pts',(170.450643945096,-112.430568889766,-0.834716834425934));
#2754=CARTESIAN_POINT('Ctrl Pts',(170.459959704816,-112.424396285496,-1.83970328590743));
#2755=CARTESIAN_POINT('Ctrl Pts',(170.459959704816,-112.330829195172,-0.844090309089486));
#2756=CARTESIAN_POINT('Ctrl Pts',(170.505346855136,-112.343467923555,-1.84730888319054));
#2757=CARTESIAN_POINT('Ctrl Pts',(170.505346855136,-112.249900833231,-0.851695906372591));
#2758=CARTESIAN_POINT('Ctrl Pts',(170.582231207108,-112.284239174603,-1.85287516429784));
#2759=CARTESIAN_POINT('Ctrl Pts',(170.582231207108,-112.190672084279,-0.857262187479894));
#2760=CARTESIAN_POINT('Ctrl Pts',(170.678791073616,-112.235473947356,-1.85745809012213));
#2761=CARTESIAN_POINT('Ctrl Pts',(170.678791073616,-112.141906857032,-0.861845113304177));
#2762=CARTESIAN_POINT('Ctrl Pts',(170.781879461089,-112.182207728933,-1.86246401630679));
#2763=CARTESIAN_POINT('Ctrl Pts',(170.781879461089,-112.088640638609,-0.86685103948884));
#2764=CARTESIAN_POINT('Ctrl Pts',(170.881360591691,-112.112993775536,-1.86896870073731));
#2765=CARTESIAN_POINT('Ctrl Pts',(170.881360591691,-112.019426685212,-0.873355723919359));
#2766=CARTESIAN_POINT('Ctrl Pts',(170.976000989886,-112.029919590861,-1.87677596111061));
#2767=CARTESIAN_POINT('Ctrl Pts',(170.976000989886,-111.936352500537,-0.881162984292662));
#2768=CARTESIAN_POINT('Ctrl Pts',(171.071031247758,-111.944862256884,-1.88476959662592));
#2769=CARTESIAN_POINT('Ctrl Pts',(171.071031247758,-111.85129516656,-0.889156619807973));
#2770=CARTESIAN_POINT('Ctrl Pts',(171.173877054831,-111.872797619096,-1.89154218660821));
#2771=CARTESIAN_POINT('Ctrl Pts',(171.173877054831,-111.779230528772,-0.895929209790264));
#2772=CARTESIAN_POINT('Ctrl Pts',(171.290775171266,-111.826504854206,-1.89589275195311));
#2773=CARTESIAN_POINT('Ctrl Pts',(171.290775171266,-111.732937763882,-0.900279775135161));
#2774=CARTESIAN_POINT('Ctrl Pts',(171.422357422669,-111.80968586923,-1.89747338973405));
#2775=CARTESIAN_POINT('Ctrl Pts',(171.422357422669,-111.716118778906,-0.901860412916106));
#2776=CARTESIAN_POINT('Ctrl Pts',(171.56483722767,-111.818561361035,-1.89663927651663));
#2777=CARTESIAN_POINT('Ctrl Pts',(171.56483722767,-111.724994270711,-0.901026299698683));
#2778=CARTESIAN_POINT('Ctrl Pts',(171.712561894136,-111.845509569567,-1.89410670058553));
#2779=CARTESIAN_POINT('Ctrl Pts',(171.712561894136,-111.751942479243,-0.898493723767585));
#2780=CARTESIAN_POINT('Ctrl Pts',(171.859938129894,-111.881795871393,-1.89069653643593));
#2781=CARTESIAN_POINT('Ctrl Pts',(171.859938129894,-111.788228781069,-0.895083559617981));
#2782=CARTESIAN_POINT('Ctrl Pts',(172.004006364963,-111.921195553505,-1.88699377873708));
#2783=CARTESIAN_POINT('Ctrl Pts',(172.004006364963,-111.827628463181,-0.891380801919136));
#2784=CARTESIAN_POINT('Ctrl Pts',(172.145372210227,-111.961423788988,-1.88321315410625));
#2785=CARTESIAN_POINT('Ctrl Pts',(172.145372210227,-111.867856698664,-0.8876001772883));
#2786=CARTESIAN_POINT('Ctrl Pts',(172.28684607858,-112.002535912692,-1.87934946220831));
#2787=CARTESIAN_POINT('Ctrl Pts',(172.28684607858,-111.908968822368,-0.883736485390357));
#2788=CARTESIAN_POINT('Ctrl Pts',(172.432596996466,-112.046001354235,-1.87526460695879));
#2789=CARTESIAN_POINT('Ctrl Pts',(172.432596996466,-111.952434263911,-0.879651630140842));
#2790=CARTESIAN_POINT('Ctrl Pts',(172.587155137226,-112.093590650352,-1.87079219441303));
#2791=CARTESIAN_POINT('Ctrl Pts',(172.587155137226,-112.000023560028,-0.875179217595082));
#2792=CARTESIAN_POINT('Ctrl Pts',(172.754341012556,-112.146133937336,-1.86585420887686));
#2793=CARTESIAN_POINT('Ctrl Pts',(172.754341012556,-112.052566847012,-0.870241232058916));
#2794=CARTESIAN_POINT('Ctrl Pts',(172.936831026602,-112.203247165289,-1.8604867431216));
#2795=CARTESIAN_POINT('Ctrl Pts',(172.936831026602,-112.109680074965,-0.864873766303654));
#2796=CARTESIAN_POINT('Ctrl Pts',(173.136239883873,-112.263831009143,-1.85479311103554));
#2797=CARTESIAN_POINT('Ctrl Pts',(173.136239883873,-112.170263918819,-0.859180134217587));
#2798=CARTESIAN_POINT('Ctrl Pts',(173.353047643548,-112.326343872231,-1.84891819091787));
#2799=CARTESIAN_POINT('Ctrl Pts',(173.353047643548,-112.232776781907,-0.853305214099921));
#2800=CARTESIAN_POINT('Ctrl Pts',(173.586595372737,-112.389161864156,-1.84301459498114));
#2801=CARTESIAN_POINT('Ctrl Pts',(173.586595372737,-112.295594773832,-0.847401618163196));
#2802=CARTESIAN_POINT('Ctrl Pts',(173.835041058344,-112.45091589101,-1.83721098982225));
#2803=CARTESIAN_POINT('Ctrl Pts',(173.835041058344,-112.357348800686,-0.841598013004304));
#2804=CARTESIAN_POINT('Ctrl Pts',(174.095356861029,-112.510804798053,-1.83158266746692));
#2805=CARTESIAN_POINT('Ctrl Pts',(174.095356861029,-112.417237707729,-0.835969690648971));
#2806=CARTESIAN_POINT('Ctrl Pts',(174.363245821442,-112.569006281509,-1.8261129281342));
#2807=CARTESIAN_POINT('Ctrl Pts',(174.363245821442,-112.475439191185,-0.830499951316247));
#2808=CARTESIAN_POINT('Ctrl Pts',(174.633514310415,-112.626459552154,-1.82071350537753));
#2809=CARTESIAN_POINT('Ctrl Pts',(174.633514310415,-112.53289246183,-0.82510052855958));
#2810=CARTESIAN_POINT('Ctrl Pts',(174.900583513091,-112.684453051214,-1.81526331228931));
#2811=CARTESIAN_POINT('Ctrl Pts',(174.900583513091,-112.59088596089,-0.819650335471366));
#2812=CARTESIAN_POINT('Ctrl Pts',(175.15895101155,-112.744280065789,-1.80964080654979));
#2813=CARTESIAN_POINT('Ctrl Pts',(175.15895101155,-112.650712975465,-0.814027829731839));
#2814=CARTESIAN_POINT('Ctrl Pts',(175.403681108324,-112.806860078144,-1.80375957578553));
#2815=CARTESIAN_POINT('Ctrl Pts',(175.403681108324,-112.71329298782,-0.80814659896758));
#2816=CARTESIAN_POINT('Ctrl Pts',(175.630864633998,-112.872388349968,-1.79760126942424));
#2817=CARTESIAN_POINT('Ctrl Pts',(175.630864633998,-112.778821259644,-0.801988292606287));
#2818=CARTESIAN_POINT('Ctrl Pts',(175.838134126617,-112.939941929916,-1.79125262586107));
#2819=CARTESIAN_POINT('Ctrl Pts',(175.838134126617,-112.846374839592,-0.79563964904312));
#2820=CARTESIAN_POINT('Ctrl Pts',(176.025056211508,-113.007178050763,-1.78493381690737));
#2821=CARTESIAN_POINT('Ctrl Pts',(176.025056211508,-112.913610960439,-0.789320840089417));
#2822=CARTESIAN_POINT('Ctrl Pts',(176.193827235554,-113.06980638237,-1.7790480451298));
#2823=CARTESIAN_POINT('Ctrl Pts',(176.193827235554,-112.976239292046,-0.783435068311854));
#2824=CARTESIAN_POINT('Ctrl Pts',(176.348573871868,-113.122102149918,-1.77413332131679));
#2825=CARTESIAN_POINT('Ctrl Pts',(176.348573871868,-113.028535059594,-0.778520344498842));
#2826=CARTESIAN_POINT('Ctrl Pts',(176.493976345761,-113.157931324891,-1.77076611766541));
#2827=CARTESIAN_POINT('Ctrl Pts',(176.493976345761,-113.064364234567,-0.775153140847457));
#2828=CARTESIAN_POINT('Ctrl Pts',(176.634044111848,-113.171648716917,-1.76947696566695));
#2829=CARTESIAN_POINT('Ctrl Pts',(176.634044111848,-113.078081626593,-0.773863988849005));
#2830=CARTESIAN_POINT('Ctrl Pts',(176.770959696215,-113.158975778672,-1.77066796054659));
#2831=CARTESIAN_POINT('Ctrl Pts',(176.770959696215,-113.065408688348,-0.775054983728644));
#2832=CARTESIAN_POINT('Ctrl Pts',(176.903569941453,-113.118066661007,-1.77451257406282));
#2833=CARTESIAN_POINT('Ctrl Pts',(176.903569941453,-113.024499570683,-0.778899597244868));
#2834=CARTESIAN_POINT('Ctrl Pts',(177.027334574031,-113.049771713893,-1.78093089085269));
#2835=CARTESIAN_POINT('Ctrl Pts',(177.027334574031,-112.956204623569,-0.785317914034746));
#2836=CARTESIAN_POINT('Ctrl Pts',(177.135679392054,-112.95714127785,-1.78963624180513));
#2837=CARTESIAN_POINT('Ctrl Pts',(177.135679392054,-112.863574187526,-0.794023264987186));
#2838=CARTESIAN_POINT('Ctrl Pts',(177.220942887798,-112.845122911936,-1.80016365838714));
#2839=CARTESIAN_POINT('Ctrl Pts',(177.220942887798,-112.751555821612,-0.804550681569193));
#2840=CARTESIAN_POINT('Ctrl Pts',(177.275530517507,-112.72021692471,-1.81190224563029));
#2841=CARTESIAN_POINT('Ctrl Pts',(177.275530517507,-112.626649834386,-0.816289268812346));
#2842=CARTESIAN_POINT('Ctrl Pts',(177.292857932568,-112.590035688636,-1.82413659748966));
#2843=CARTESIAN_POINT('Ctrl Pts',(177.292857932568,-112.496468598312,-0.828523620671712));
#2844=CARTESIAN_POINT('Ctrl Pts',(177.267671369658,-112.462159064889,-1.83615436331139));
#2845=CARTESIAN_POINT('Ctrl Pts',(177.267671369658,-112.368591974565,-0.840541386493442));
#2846=CARTESIAN_POINT('Ctrl Pts',(177.19642506246,-112.343130891016,-1.84734055729967));
#2847=CARTESIAN_POINT('Ctrl Pts',(177.19642506246,-112.249563800692,-0.851727580481726));
#2848=CARTESIAN_POINT('Ctrl Pts',(177.077675527568,-112.237312551981,-1.85728529919929));
#2849=CARTESIAN_POINT('Ctrl Pts',(177.077675527568,-112.143745461657,-0.861672322381345));
#2850=CARTESIAN_POINT('Ctrl Pts',(176.912355617538,-112.146055095879,-1.86586161834804));
#2851=CARTESIAN_POINT('Ctrl Pts',(176.912355617538,-112.052488005555,-0.870248641530095));
#2852=CARTESIAN_POINT('Ctrl Pts',(176.70334763937,-112.068450156985,-1.87315488239357));
#2853=CARTESIAN_POINT('Ctrl Pts',(176.70334763937,-111.974883066661,-0.877541905575624));
#2854=CARTESIAN_POINT('Ctrl Pts',(176.4551462953,-112.001884325812,-1.87941069793928));
#2855=CARTESIAN_POINT('Ctrl Pts',(176.4551462953,-111.908317235488,-0.88379772112133));
#2856=CARTESIAN_POINT('Ctrl Pts',(176.173486679383,-111.942669694766,-1.88497565225449));
#2857=CARTESIAN_POINT('Ctrl Pts',(176.173486679383,-111.849102604442,-0.889362675436544));
#2858=CARTESIAN_POINT('Ctrl Pts',(175.864987266133,-111.886641635792,-1.89024113450183));
#2859=CARTESIAN_POINT('Ctrl Pts',(175.864987266133,-111.793074545468,-0.894628157683882));
#2860=CARTESIAN_POINT('Ctrl Pts',(175.536786214926,-111.82977144484,-1.89558575979045));
#2861=CARTESIAN_POINT('Ctrl Pts',(175.536786214926,-111.736204354516,-0.899972782972504));
#2862=CARTESIAN_POINT('Ctrl Pts',(175.196181112637,-111.768770779196,-1.90131856452989));
#2863=CARTESIAN_POINT('Ctrl Pts',(175.196181112637,-111.675203688872,-0.905705587711944));
#2864=CARTESIAN_POINT('Ctrl Pts',(174.850265914866,-111.701703912588,-1.9076214670751));
#2865=CARTESIAN_POINT('Ctrl Pts',(174.850265914866,-111.608136822264,-0.912008490257156));
#2866=CARTESIAN_POINT('Ctrl Pts',(174.505572764789,-111.628584672413,-1.91449316793599));
#2867=CARTESIAN_POINT('Ctrl Pts',(174.505572764789,-111.535017582089,-0.918880191118045));
#2868=CARTESIAN_POINT('Ctrl Pts',(174.168023665175,-111.550935782279,-1.92179056249178));
#2869=CARTESIAN_POINT('Ctrl Pts',(174.168023665175,-111.457368691955,-0.92617758567383));
#2870=CARTESIAN_POINT('Ctrl Pts',(173.842878618885,-111.471362280032,-1.92926883090078));
#2871=CARTESIAN_POINT('Ctrl Pts',(173.842878618885,-111.377795189708,-0.933655854082832));
#2872=CARTESIAN_POINT('Ctrl Pts',(173.534684106699,-111.393118754108,-1.93662210895952));
#2873=CARTESIAN_POINT('Ctrl Pts',(173.534684106699,-111.299551663784,-0.941009132141569));
#2874=CARTESIAN_POINT('Ctrl Pts',(173.247223612826,-111.319681365525,-1.94352370921051));
#2875=CARTESIAN_POINT('Ctrl Pts',(173.247223612826,-111.226114275201,-0.947910732392562));
#2876=CARTESIAN_POINT('Ctrl Pts',(172.983462190246,-111.25431280582,-1.94966700592591));
#2877=CARTESIAN_POINT('Ctrl Pts',(172.983462190246,-111.160745715495,-0.954054029107961));
#2878=CARTESIAN_POINT('Ctrl Pts',(172.745505377266,-111.199641924075,-1.95480494149862));
#2879=CARTESIAN_POINT('Ctrl Pts',(172.745505377266,-111.106074833751,-0.959191964680671));
#2880=CARTESIAN_POINT('Ctrl Pts',(172.534524531891,-111.157210010346,-1.95879266644496));
#2881=CARTESIAN_POINT('Ctrl Pts',(172.534524531891,-111.063642920022,-0.963179689627015));
#2882=CARTESIAN_POINT('Ctrl Pts',(172.35076077955,-111.127094665326,-1.96162288789971));
#2883=CARTESIAN_POINT('Ctrl Pts',(172.35076077955,-111.033527575002,-0.966009911081757));
#2884=CARTESIAN_POINT('Ctrl Pts',(172.193333989413,-111.107342568581,-1.9634791777063));
#2885=CARTESIAN_POINT('Ctrl Pts',(172.193333989413,-111.013775478257,-0.967866200888353));
#2886=CARTESIAN_POINT('Ctrl Pts',(172.060854767731,-111.094159113159,-1.96471815067372));
#2887=CARTESIAN_POINT('Ctrl Pts',(172.060854767731,-111.000592022835,-0.969105173855774));
#2888=CARTESIAN_POINT('Ctrl Pts',(171.952841430166,-111.082727461508,-1.96579249020873));
#2889=CARTESIAN_POINT('Ctrl Pts',(171.952841430166,-110.989160371184,-0.970179513390778));
#2890=CARTESIAN_POINT('Ctrl Pts',(171.87066348371,-111.067815000879,-1.9671939540136));
#2891=CARTESIAN_POINT('Ctrl Pts',(171.87066348371,-110.974247910555,-0.971580977195646));
#2892=CARTESIAN_POINT('Ctrl Pts',(171.819242821734,-111.044544229185,-1.96938092671053));
#2893=CARTESIAN_POINT('Ctrl Pts',(171.819242821734,-110.950977138861,-0.973767949892578));
#2894=CARTESIAN_POINT('Ctrl Pts',(171.806344204416,-111.008763164475,-1.97274360898919));
#2895=CARTESIAN_POINT('Ctrl Pts',(171.806344204416,-110.915196074151,-0.97713063217124));
#2896=CARTESIAN_POINT('Ctrl Pts',(171.832294947959,-110.955333703417,-1.97776487661546));
#2897=CARTESIAN_POINT('Ctrl Pts',(171.832294947959,-110.861766613093,-0.982151899797515));
#2898=CARTESIAN_POINT('Ctrl Pts',(171.888754053393,-110.879234969519,-1.9849165884493));
#2899=CARTESIAN_POINT('Ctrl Pts',(171.888754053393,-110.785667879195,-0.989303611631348));
#2900=CARTESIAN_POINT('Ctrl Pts',(171.965507970309,-110.780501060089,-1.99419554004675));
#2901=CARTESIAN_POINT('Ctrl Pts',(171.965507970309,-110.686933969765,-0.998582563228802));
#2902=CARTESIAN_POINT('Ctrl Pts',(172.052929659085,-110.664983564032,-2.00505180271024));
#2903=CARTESIAN_POINT('Ctrl Pts',(172.052929659085,-110.571416473708,-1.00943882589229));
#2904=CARTESIAN_POINT('Ctrl Pts',(172.1420225705,-110.540961184277,-2.01670734907109));
#2905=CARTESIAN_POINT('Ctrl Pts',(172.1420225705,-110.447394093953,-1.02109437225315));
#2906=CARTESIAN_POINT('Ctrl Pts',(172.224935779733,-110.416758579373,-2.02837983287963));
#2907=CARTESIAN_POINT('Ctrl Pts',(172.224935779733,-110.323191489049,-1.03276685606168));
#2908=CARTESIAN_POINT('Ctrl Pts',(172.295292610318,-110.297909178268,-2.03954922591401));
#2909=CARTESIAN_POINT('Ctrl Pts',(172.295292610318,-110.204342087944,-1.04393624909606));
#2910=CARTESIAN_POINT('Ctrl Pts',(172.348610957368,-110.184654177252,-2.05019286069625));
#2911=CARTESIAN_POINT('Ctrl Pts',(172.348610957368,-110.091087086928,-1.05457988387831));
#2912=CARTESIAN_POINT('Ctrl Pts',(172.383562083485,-110.074767244644,-2.06051996649752));
#2913=CARTESIAN_POINT('Ctrl Pts',(172.383562083485,-109.98120015432,-1.06490698967957));
#2914=CARTESIAN_POINT('Ctrl Pts',(172.403141312217,-109.966171298902,-2.07072574615356));
#2915=CARTESIAN_POINT('Ctrl Pts',(172.403141312217,-109.872604208578,-1.07511276933561));
#2916=CARTESIAN_POINT('Ctrl Pts',(172.416024245797,-109.859778774273,-2.08072444965933));
#2917=CARTESIAN_POINT('Ctrl Pts',(172.416024245797,-109.766211683949,-1.08511147284138));
#2918=CARTESIAN_POINT('Ctrl Pts',(172.437404018811,-109.761818540611,-2.0899306916878));
#2919=CARTESIAN_POINT('Ctrl Pts',(172.437404018811,-109.668251450287,-1.09431771486985));
#2920=CARTESIAN_POINT('Ctrl Pts',(172.483147761117,-109.680124129708,-2.09760828177744));
#2921=CARTESIAN_POINT('Ctrl Pts',(172.483147761117,-109.586557039384,-1.10199530495949));
#2922=CARTESIAN_POINT('Ctrl Pts',(172.564729260853,-109.621013275501,-2.10316348320957));
#2923=CARTESIAN_POINT('Ctrl Pts',(172.564729260853,-109.527446185177,-1.10755050639162));
#2924=CARTESIAN_POINT('Ctrl Pts',(172.683166866145,-109.58555909325,-2.1064954452775));
#2925=CARTESIAN_POINT('Ctrl Pts',(172.683166866145,-109.491992002926,-1.11088246845955));
#2926=CARTESIAN_POINT('Ctrl Pts',(172.831960022511,-109.570779667896,-2.10788440650966));
#2927=CARTESIAN_POINT('Ctrl Pts',(172.831960022511,-109.477212577572,-1.11227142969171));
#2928=CARTESIAN_POINT('Ctrl Pts',(173.001288208869,-109.571472006451,-2.10781934096145));
#2929=CARTESIAN_POINT('Ctrl Pts',(173.001288208869,-109.477904916127,-1.1122063641435));
#2930=CARTESIAN_POINT('Ctrl Pts',(173.181454361395,-109.581707816022,-2.10685738592373));
#2931=CARTESIAN_POINT('Ctrl Pts',(173.181454361395,-109.488140725698,-1.11124440910578));
#2932=CARTESIAN_POINT('Ctrl Pts',(173.367383125274,-109.596737199941,-2.10544493374064));
#2933=CARTESIAN_POINT('Ctrl Pts',(173.367383125274,-109.503170109617,-1.10983195692269));
#2934=CARTESIAN_POINT('Ctrl Pts',(173.559908543517,-109.613722871332,-2.1038486308737));
#2935=CARTESIAN_POINT('Ctrl Pts',(173.559908543517,-109.520155781008,-1.10823565405575));
#2936=CARTESIAN_POINT('Ctrl Pts',(173.763345968191,-109.631138191105,-2.10221194991818));
#2937=CARTESIAN_POINT('Ctrl Pts',(173.763345968191,-109.537571100781,-1.10659897310023));
#2938=CARTESIAN_POINT('Ctrl Pts',(173.984006443878,-109.648505294125,-2.10057980034323));
#2939=CARTESIAN_POINT('Ctrl Pts',(173.984006443878,-109.554938203801,-1.10496682352528));
#2940=CARTESIAN_POINT('Ctrl Pts',(174.228346094591,-109.66599707691,-2.09893593344123));
#2941=CARTESIAN_POINT('Ctrl Pts',(174.228346094591,-109.572429986586,-1.10332295662328));
#2942=CARTESIAN_POINT('Ctrl Pts',(174.501230702614,-109.68409294921,-2.0972352945811));
#2943=CARTESIAN_POINT('Ctrl Pts',(174.501230702614,-109.590525858886,-1.10162231776315));
#2944=CARTESIAN_POINT('Ctrl Pts',(174.804246183072,-109.703221930565,-2.09543756477248));
#2945=CARTESIAN_POINT('Ctrl Pts',(174.804246183072,-109.609654840241,-1.09982458795453));
#2946=CARTESIAN_POINT('Ctrl Pts',(175.133760594072,-109.723386084773,-2.09354255006094));
#2947=CARTESIAN_POINT('Ctrl Pts',(175.133760594072,-109.629818994449,-1.09792957324299));
#2948=CARTESIAN_POINT('Ctrl Pts',(175.47978773911,-109.743868900321,-2.09161758775422));
#2949=CARTESIAN_POINT('Ctrl Pts',(175.47978773911,-109.650301809997,-1.09600461093627));
#2950=CARTESIAN_POINT('Ctrl Pts',(175.828359913713,-109.763336835684,-2.08978800325813));
#2951=CARTESIAN_POINT('Ctrl Pts',(175.828359913713,-109.66976974536,-1.09417502644018));
#2952=CARTESIAN_POINT('Ctrl Pts',(176.163411763901,-109.779881434898,-2.08823315208089));
#2953=CARTESIAN_POINT('Ctrl Pts',(176.163411763901,-109.686314344574,-1.09262017526295));
#2954=CARTESIAN_POINT('Ctrl Pts',(176.468829326892,-109.79109054014,-2.08717972731948));
#2955=CARTESIAN_POINT('Ctrl Pts',(176.468829326892,-109.697523449816,-1.09156675050153));
#2956=CARTESIAN_POINT('Ctrl Pts',(176.730486763507,-109.794093665139,-2.08689749549385));
#2957=CARTESIAN_POINT('Ctrl Pts',(176.730486763507,-109.700526574815,-1.0912845186759));
#2958=CARTESIAN_POINT('Ctrl Pts',(176.938153785522,-109.78564962556,-2.08769106109855));
#2959=CARTESIAN_POINT('Ctrl Pts',(176.938153785522,-109.692082535236,-1.0920780842806));
#2960=CARTESIAN_POINT('Ctrl Pts',(177.08777149537,-109.762143617761,-2.08990014113872));
#2961=CARTESIAN_POINT('Ctrl Pts',(177.08777149537,-109.668576527437,-1.09428716432077));
#2962=CARTESIAN_POINT('Ctrl Pts',(177.182839097122,-109.719792258039,-2.09388029566941));
#2963=CARTESIAN_POINT('Ctrl Pts',(177.182839097122,-109.626225167715,-1.09826731885147));
#2964=CARTESIAN_POINT('Ctrl Pts',(177.237978248171,-109.654345089674,-2.10003097997792));
#2965=CARTESIAN_POINT('Ctrl Pts',(177.237978248171,-109.56077799935,-1.10441800315997));
#2966=CARTESIAN_POINT('Ctrl Pts',(177.274771177059,-109.562539731479,-2.10865879062573));
#2967=CARTESIAN_POINT('Ctrl Pts',(177.274771177059,-109.468972641155,-1.11304581380778));
#2968=CARTESIAN_POINT('Ctrl Pts',(177.310954982493,-109.44488324849,-2.11971607395502));
#2969=CARTESIAN_POINT('Ctrl Pts',(177.310954982493,-109.351316158166,-1.12410309713707));
#2970=CARTESIAN_POINT('Ctrl Pts',(177.349342390973,-109.308812151202,-2.13250395131992));
#2971=CARTESIAN_POINT('Ctrl Pts',(177.349342390973,-109.215245060878,-1.13689097450197));
#2972=CARTESIAN_POINT('Ctrl Pts',(177.373173410858,-109.16943649264,-2.14560238930464));
#2973=CARTESIAN_POINT('Ctrl Pts',(177.373173410858,-109.075869402316,-1.14998941248669));
#2974=CARTESIAN_POINT('Ctrl Pts',(177.359485355469,-109.043839447043,-2.15740592178505));
#2975=CARTESIAN_POINT('Ctrl Pts',(177.359485355469,-108.950272356719,-1.1617929449671));
#2976=CARTESIAN_POINT('Ctrl Pts',(177.288030622895,-108.947008197545,-2.16650606258171));
#2977=CARTESIAN_POINT('Ctrl Pts',(177.288030622895,-108.853441107221,-1.17089308576376));
#2978=CARTESIAN_POINT('Ctrl Pts',(177.153691883692,-108.886389077891,-2.17220300986551));
#2979=CARTESIAN_POINT('Ctrl Pts',(177.153691883692,-108.792821987567,-1.17659003304756));
#2980=CARTESIAN_POINT('Ctrl Pts',(176.971910078375,-108.859345766629,-2.17474452349222));
#2981=CARTESIAN_POINT('Ctrl Pts',(176.971910078375,-108.765778676305,-1.17913154667427));
#2982=CARTESIAN_POINT('Ctrl Pts',(176.768310081174,-108.857287229454,-2.17493798353972));
#2983=CARTESIAN_POINT('Ctrl Pts',(176.768310081174,-108.76372013913,-1.17932500672177));
#2984=CARTESIAN_POINT('Ctrl Pts',(176.571384484513,-108.868510243386,-2.17388325164818));
#2985=CARTESIAN_POINT('Ctrl Pts',(176.571384484513,-108.774943153062,-1.17827027483023));
#2986=CARTESIAN_POINT('Ctrl Pts',(176.403787287789,-108.88160638144,-2.17265248471288));
#2987=CARTESIAN_POINT('Ctrl Pts',(176.403787287789,-108.788039291116,-1.17703950789493));
#2988=CARTESIAN_POINT('Ctrl Pts',(176.274639619183,-108.888498785471,-2.17200474085506));
#2989=CARTESIAN_POINT('Ctrl Pts',(176.274639619183,-108.794931695147,-1.17639176403711));
#2990=CARTESIAN_POINT('Ctrl Pts',(176.170268910181,-108.887986875216,-2.17205284986344));
#2991=CARTESIAN_POINT('Ctrl Pts',(176.170268910181,-108.794419784892,-1.17643987304549));
#2992=CARTESIAN_POINT('Ctrl Pts',(176.064117956926,-108.88341988054,-2.1724820531918));
#2993=CARTESIAN_POINT('Ctrl Pts',(176.064117956926,-108.789852790216,-1.17686907637385));
#2994=CARTESIAN_POINT('Ctrl Pts',(175.928601516954,-108.879803735564,-2.1728218962548));
#2995=CARTESIAN_POINT('Ctrl Pts',(175.928601516954,-108.78623664524,-1.17720891943686));
#2996=CARTESIAN_POINT('Ctrl Pts',(175.745773300932,-108.881214926662,-2.17268927339021));
#2997=CARTESIAN_POINT('Ctrl Pts',(175.745773300932,-108.787647836338,-1.17707629657226));
#2998=CARTESIAN_POINT('Ctrl Pts',(175.519777059966,-108.887812960464,-2.17206919426401));
#2999=CARTESIAN_POINT('Ctrl Pts',(175.519777059966,-108.79424587014,-1.17645621744606));
#3000=CARTESIAN_POINT('Ctrl Pts',(175.270608364219,-108.896805842601,-2.17122404877598));
#3001=CARTESIAN_POINT('Ctrl Pts',(175.270608364219,-108.803238752277,-1.17561107195803));
#3002=CARTESIAN_POINT('Ctrl Pts',(175.025769820385,-108.903843714859,-2.17056263390437));
#3003=CARTESIAN_POINT('Ctrl Pts',(175.025769820385,-108.810276624535,-1.17494965708642));
#3004=CARTESIAN_POINT('Ctrl Pts',(174.812961214577,-108.904222768497,-2.17052701067844));
#3005=CARTESIAN_POINT('Ctrl Pts',(174.812961214577,-108.810655678173,-1.17491403386049));
#3006=CARTESIAN_POINT('Ctrl Pts',(174.651690112297,-108.894254281183,-2.17146384293616));
#3007=CARTESIAN_POINT('Ctrl Pts',(174.651690112297,-108.800687190859,-1.17585086611821));
#3008=CARTESIAN_POINT('Ctrl Pts',(174.546842332163,-108.872364611909,-2.17352102048389));
#3009=CARTESIAN_POINT('Ctrl Pts',(174.546842332163,-108.778797521585,-1.17790804366594));
#3010=CARTESIAN_POINT('Ctrl Pts',(174.477743784051,-108.840796739935,-2.17648774952127));
#3011=CARTESIAN_POINT('Ctrl Pts',(174.477743784051,-108.747229649611,-1.18087477270332));
#3012=CARTESIAN_POINT('Ctrl Pts',(174.402638190703,-108.805256240663,-2.17982782360932));
#3013=CARTESIAN_POINT('Ctrl Pts',(174.402638190703,-108.711689150339,-1.18421484679138));
#3014=CARTESIAN_POINT('Ctrl Pts',(174.2801388833,-108.772219009081,-2.18293264215169));
#3015=CARTESIAN_POINT('Ctrl Pts',(174.2801388833,-108.678651918757,-1.18731966533374));
#3016=CARTESIAN_POINT('Ctrl Pts',(174.088769674379,-108.746621883341,-2.18533824415963));
#3017=CARTESIAN_POINT('Ctrl Pts',(174.088769674379,-108.653054793017,-1.18972526734168));
#3018=CARTESIAN_POINT('Ctrl Pts',(173.840231998311,-108.73002300291,-2.18689819665199));
#3019=CARTESIAN_POINT('Ctrl Pts',(173.840231998311,-108.636455912586,-1.19128521983404));
#3020=CARTESIAN_POINT('Ctrl Pts',(173.565660645485,-108.721223678243,-2.18772515172896));
#3021=CARTESIAN_POINT('Ctrl Pts',(173.565660645485,-108.627656587919,-1.19211217491101));
#3022=CARTESIAN_POINT('Ctrl Pts',(173.306530697498,-108.716430329879,-2.18817562763651));
#3023=CARTESIAN_POINT('Ctrl Pts',(173.306530697498,-108.622863239555,-1.19256265081857));
#3024=CARTESIAN_POINT('Ctrl Pts',(173.103960040307,-108.709633342846,-2.18881440426409));
#3025=CARTESIAN_POINT('Ctrl Pts',(173.103960040307,-108.616066252522,-1.19320142744614));
#3026=CARTESIAN_POINT('Ctrl Pts',(172.988151030333,-108.692815137784,-2.19039496874923));
#3027=CARTESIAN_POINT('Ctrl Pts',(172.988151030333,-108.59924804746,-1.19478199193128));
#3028=CARTESIAN_POINT('Ctrl Pts',(172.969053821755,-108.65641540633,-2.19381579294501));
#3029=CARTESIAN_POINT('Ctrl Pts',(172.969053821755,-108.562848316006,-1.19820281612706));
#3030=CARTESIAN_POINT('Ctrl Pts',(173.02314607537,-108.589201185615,-2.20013254373787));
#3031=CARTESIAN_POINT('Ctrl Pts',(173.02314607537,-108.495634095291,-1.20451956691993));
#3032=CARTESIAN_POINT('Ctrl Pts',(173.108258913078,-108.482334654426,-2.21017579408633));
#3033=CARTESIAN_POINT('Ctrl Pts',(173.108258913078,-108.388767564102,-1.21456281726838));
#3034=CARTESIAN_POINT('Ctrl Pts',(173.186109558685,-108.334769614934,-2.22404386501377));
#3035=CARTESIAN_POINT('Ctrl Pts',(173.186109558685,-108.24120252461,-1.22843088819582));
#3036=CARTESIAN_POINT('Ctrl Pts',(173.240337027126,-108.157500420569,-2.24070351400096));
#3037=CARTESIAN_POINT('Ctrl Pts',(173.240337027126,-108.063933330245,-1.24509053718301));
#3038=CARTESIAN_POINT('Ctrl Pts',(173.269760225141,-107.968088001904,-2.25850437567948));
#3039=CARTESIAN_POINT('Ctrl Pts',(173.269760225141,-107.87452091158,-1.26289139886153));
#3040=CARTESIAN_POINT('Ctrl Pts',(173.28308136496,-107.785943030858,-2.27562224713631));
#3041=CARTESIAN_POINT('Ctrl Pts',(173.28308136496,-107.692375940534,-1.28000927031836));
#3042=CARTESIAN_POINT('Ctrl Pts',(173.292830489726,-107.627027395191,-2.29055704005542));
#3043=CARTESIAN_POINT('Ctrl Pts',(173.292830489726,-107.533460304867,-1.29494406323747));
#3044=CARTESIAN_POINT('Ctrl Pts',(173.310162281442,-107.499483715417,-2.30254351600902));
#3045=CARTESIAN_POINT('Ctrl Pts',(173.310162281442,-107.405916625093,-1.30693053919107));
#3046=CARTESIAN_POINT('Ctrl Pts',(173.337945351994,-107.397145428922,-2.31216120472845));
#3047=CARTESIAN_POINT('Ctrl Pts',(173.337945351994,-107.303578338598,-1.3165482279105));
#3048=CARTESIAN_POINT('Ctrl Pts',(173.371383483978,-107.302678269648,-2.32103916979146));
#3049=CARTESIAN_POINT('Ctrl Pts',(173.371383483978,-107.209111179324,-1.32542619297351));
#3050=CARTESIAN_POINT('Ctrl Pts',(173.402504139849,-107.195695552891,-2.3310933391875));
#3051=CARTESIAN_POINT('Ctrl Pts',(173.402504139849,-107.102128462567,-1.33548036236955));
#3052=CARTESIAN_POINT('Ctrl Pts',(173.423442797334,-107.059323621387,-2.34390948876552));
#3053=CARTESIAN_POINT('Ctrl Pts',(173.423442797334,-106.965756531063,-1.34829651194757));
#3054=CARTESIAN_POINT('Ctrl Pts',(173.430226892588,-106.887409513613,-2.36006587003476));
#3055=CARTESIAN_POINT('Ctrl Pts',(173.430226892588,-106.793842423289,-1.36445289321682));
#3056=CARTESIAN_POINT('Ctrl Pts',(173.421963745737,-106.682012689686,-2.37936893621017));
#3057=CARTESIAN_POINT('Ctrl Pts',(173.421963745737,-106.588445599362,-1.38375595939222));
#3058=CARTESIAN_POINT('Ctrl Pts',(173.400116261569,-106.450999443202,-2.40107941789646));
#3059=CARTESIAN_POINT('Ctrl Pts',(173.400116261569,-106.357432352878,-1.40546644107851));
#3060=CARTESIAN_POINT('Ctrl Pts',(173.36774774637,-106.205620273954,-2.42414000009781));
#3061=CARTESIAN_POINT('Ctrl Pts',(173.36774774637,-106.11205318363,-1.42852702327986));
#3062=CARTESIAN_POINT('Ctrl Pts',(173.328763894103,-105.958031305816,-2.44740825782891));
#3063=CARTESIAN_POINT('Ctrl Pts',(173.328763894103,-105.864464215492,-1.45179528101096));
#3064=CARTESIAN_POINT('Ctrl Pts',(173.287193629573,-105.71898745221,-2.46987345099384));
#3065=CARTESIAN_POINT('Ctrl Pts',(173.287193629573,-105.625420361886,-1.47426047417589));
#3066=CARTESIAN_POINT('Ctrl Pts',(173.246362209336,-105.495104571274,-2.49091382534641));
#3067=CARTESIAN_POINT('Ctrl Pts',(173.246362209336,-105.40153748095,-1.49530084852846));
#3068=CARTESIAN_POINT('Ctrl Pts',(173.208408464635,-105.287475110093,-2.5104267133869));
#3069=CARTESIAN_POINT('Ctrl Pts',(173.208408464635,-105.193908019769,-1.51481373656895));
#3070=CARTESIAN_POINT('Ctrl Pts',(173.17460912339,-105.093445049933,-2.52866153815036));
#3071=CARTESIAN_POINT('Ctrl Pts',(173.17460912339,-104.999877959609,-1.53304856133241));
#3072=CARTESIAN_POINT('Ctrl Pts',(173.145543605598,-104.907769488731,-2.54611121228129));
#3073=CARTESIAN_POINT('Ctrl Pts',(173.145543605598,-104.814202398407,-1.55049823546334));
#3074=CARTESIAN_POINT('Ctrl Pts',(173.121320386844,-104.724001356725,-2.56338162739887));
#3075=CARTESIAN_POINT('Ctrl Pts',(173.121320386844,-104.630434266401,-1.56776865058092));
#3076=CARTESIAN_POINT('Ctrl Pts',(173.101781434127,-104.535812820832,-2.58106746933328));
#3077=CARTESIAN_POINT('Ctrl Pts',(173.101781434127,-104.442245730508,-1.58545449251534));
#3078=CARTESIAN_POINT('Ctrl Pts',(173.086705814173,-104.338269864253,-2.59963243392437));
#3079=CARTESIAN_POINT('Ctrl Pts',(173.086705814173,-104.244702773929,-1.60401945710642));
#3080=CARTESIAN_POINT('Ctrl Pts',(173.076040647592,-104.129326365633,-2.61926881438866));
#3081=CARTESIAN_POINT('Ctrl Pts',(173.076040647592,-104.035759275309,-1.62365583757071));
#3082=CARTESIAN_POINT('Ctrl Pts',(173.0698792442,-103.909444338801,-2.63993319095294));
#3083=CARTESIAN_POINT('Ctrl Pts',(173.0698792442,-103.815877248477,-1.64432021413499));
#3084=CARTESIAN_POINT('Ctrl Pts',(173.068389196146,-103.680848995149,-2.66141643963));
#3085=CARTESIAN_POINT('Ctrl Pts',(173.068389196146,-103.587281904825,-1.66580346281205));
#3086=CARTESIAN_POINT('Ctrl Pts',(173.071757529273,-103.446906200542,-2.68340223843275));
#3087=CARTESIAN_POINT('Ctrl Pts',(173.071757529273,-103.353339110218,-1.6877892616148));
#3088=CARTESIAN_POINT('Ctrl Pts',(173.08012951377,-103.211458637743,-2.7055294544172));
#3089=CARTESIAN_POINT('Ctrl Pts',(173.08012951377,-103.117891547419,-1.70991647759925));
#3090=CARTESIAN_POINT('Ctrl Pts',(173.093548275528,-102.978156235362,-2.72745506955545));
#3091=CARTESIAN_POINT('Ctrl Pts',(173.093548275528,-102.884589145038,-1.7318420927375));
#3092=CARTESIAN_POINT('Ctrl Pts',(173.11189857006,-102.749844090422,-2.74891170339323));
#3093=CARTESIAN_POINT('Ctrl Pts',(173.11189857006,-102.656277000098,-1.75329872657528));
#3094=CARTESIAN_POINT('Ctrl Pts',(173.134837270857,-102.527785380804,-2.76978064325619));
#3095=CARTESIAN_POINT('Ctrl Pts',(173.134837270857,-102.43421829048,-1.77416766643824));
#3096=CARTESIAN_POINT('Ctrl Pts',(173.161792615023,-102.311723211646,-2.79008603196441));
#3097=CARTESIAN_POINT('Ctrl Pts',(173.161792615023,-102.218156121322,-1.79447305514646));
#3098=CARTESIAN_POINT('Ctrl Pts',(173.191994135532,-102.100312324666,-2.80995429605706));
#3099=CARTESIAN_POINT('Ctrl Pts',(173.191994135532,-102.006745234342,-1.81434131923911));
#3100=CARTESIAN_POINT('Ctrl Pts',(173.224492440388,-101.891434308113,-2.82958452255736));
#3101=CARTESIAN_POINT('Ctrl Pts',(173.224492440388,-101.797867217789,-1.83397154573941));
#3102=CARTESIAN_POINT('Ctrl Pts',(173.258183949951,-101.68255727201,-2.84921465691549));
#3103=CARTESIAN_POINT('Ctrl Pts',(173.258183949951,-101.588990181686,-1.85360168009754));
#3104=CARTESIAN_POINT('Ctrl Pts',(173.29183181232,-101.471085705391,-2.86908862364304));
#3105=CARTESIAN_POINT('Ctrl Pts',(173.29183181232,-101.377518615067,-1.87347564682509));
#3106=CARTESIAN_POINT('Ctrl Pts',(173.324092438052,-101.254692822302,-2.88942509264146));
#3107=CARTESIAN_POINT('Ctrl Pts',(173.324092438052,-101.161125731978,-1.89381211582351));
#3108=CARTESIAN_POINT('Ctrl Pts',(173.353529371793,-101.031716457844,-2.91038027313746));
#3109=CARTESIAN_POINT('Ctrl Pts',(173.353529371793,-100.93814936752,-1.91476729631951));
#3110=CARTESIAN_POINT('Ctrl Pts',(173.378697387248,-100.801173650333,-2.9320465432607));
#3111=CARTESIAN_POINT('Ctrl Pts',(173.378697387248,-100.707606560009,-1.93643356644275));
#3112=CARTESIAN_POINT('Ctrl Pts',(173.398250151367,-100.562645776791,-2.95446324493912));
#3113=CARTESIAN_POINT('Ctrl Pts',(173.398250151367,-100.469078686467,-1.95885026812118));
#3114=CARTESIAN_POINT('Ctrl Pts',(173.411039969816,-100.316206570629,-2.97762344875248));
#3115=CARTESIAN_POINT('Ctrl Pts',(173.411039969816,-100.222639480305,-1.98201047193453));
#3116=CARTESIAN_POINT('Ctrl Pts',(173.416221136498,-100.062332193897,-3.00148240528655));
#3117=CARTESIAN_POINT('Ctrl Pts',(173.416221136498,-99.9687651035727,-2.0058694284686));
#3118=CARTESIAN_POINT('Ctrl Pts',(173.413351054697,-99.8018190802522,-3.0259652661999));
#3119=CARTESIAN_POINT('Ctrl Pts',(173.413351054697,-99.7082519899282,-2.03035228938195));
#3120=CARTESIAN_POINT('Ctrl Pts',(173.402493905458,-99.5356982815001,-3.05097513388315));
#3121=CARTESIAN_POINT('Ctrl Pts',(173.402493905458,-99.4421311911761,-2.0553621570652));
#3122=CARTESIAN_POINT('Ctrl Pts',(173.384319470399,-99.2651516818379,-3.07640093559211));
#3123=CARTESIAN_POINT('Ctrl Pts',(173.384319470399,-99.1715845915139,-2.08078795877416));
#3124=CARTESIAN_POINT('Ctrl Pts',(173.360214284535,-98.9914264250032,-3.10212546553153));
#3125=CARTESIAN_POINT('Ctrl Pts',(173.360214284535,-98.8978593346792,-2.10651248871358));
#3126=CARTESIAN_POINT('Ctrl Pts',(173.332081449658,-98.7157790388139,-3.12803063599604));
#3127=CARTESIAN_POINT('Ctrl Pts',(173.332081449658,-98.6222119484899,-2.13241765917809));
#3128=CARTESIAN_POINT('Ctrl Pts',(173.302126514481,-98.4394206518769,-3.15400262587003));
#3129=CARTESIAN_POINT('Ctrl Pts',(173.302126514481,-98.3458535615529,-2.15838964905208));
#3130=CARTESIAN_POINT('Ctrl Pts',(173.272648891549,-98.1634619945235,-3.17993704940557));
#3131=CARTESIAN_POINT('Ctrl Pts',(173.272648891549,-98.0698949041995,-2.18432407258763));
#3132=CARTESIAN_POINT('Ctrl Pts',(173.245829916675,-97.8888580946945,-3.20574415366887));
#3133=CARTESIAN_POINT('Ctrl Pts',(173.245829916675,-97.7952910043705,-2.21013117685092));
#3134=CARTESIAN_POINT('Ctrl Pts',(173.223524704562,-97.6163540198331,-3.23135391768351));
#3135=CARTESIAN_POINT('Ctrl Pts',(173.223524704562,-97.522786929509,-2.23574094086556));
#3136=CARTESIAN_POINT('Ctrl Pts',(173.20704690379,-97.3464280418367,-3.25672139375308));
#3137=CARTESIAN_POINT('Ctrl Pts',(173.20704690379,-97.2528609515126,-2.26110841693513));
#3138=CARTESIAN_POINT('Ctrl Pts',(173.196969240448,-97.079240863479,-3.28183147913055));
#3139=CARTESIAN_POINT('Ctrl Pts',(173.196969240448,-96.985673773155,-2.2862185023126));
#3140=CARTESIAN_POINT('Ctrl Pts',(173.192886750649,-96.8145703663286,-3.30670504836838));
#3141=CARTESIAN_POINT('Ctrl Pts',(173.192886750649,-96.7210032760046,-2.31109207155044));
#3142=CARTESIAN_POINT('Ctrl Pts',(173.193288855124,-96.5517886724807,-3.33140110904283));
#3143=CARTESIAN_POINT('Ctrl Pts',(173.193288855124,-96.4582215821567,-2.33578813222488));
#3144=CARTESIAN_POINT('Ctrl Pts',(173.19589788376,-96.2900204275082,-3.35600192642027));
#3145=CARTESIAN_POINT('Ctrl Pts',(173.19589788376,-96.1964533371842,-2.36038894960232));
#3146=CARTESIAN_POINT('Ctrl Pts',(173.197941451833,-96.0282755258371,-3.38060055000871));
#3147=CARTESIAN_POINT('Ctrl Pts',(173.197941451833,-95.9347084355131,-2.38498757319076));
#3148=CARTESIAN_POINT('Ctrl Pts',(173.196449564698,-95.7655910929959,-3.40528747015405));
#3149=CARTESIAN_POINT('Ctrl Pts',(173.196449564698,-95.6720240026719,-2.4096744933361));
#3150=CARTESIAN_POINT('Ctrl Pts',(173.188543600899,-95.5011711356461,-3.43013749381675));
#3151=CARTESIAN_POINT('Ctrl Pts',(173.188543600899,-95.4076040453221,-2.4345245169988));
#3152=CARTESIAN_POINT('Ctrl Pts',(173.171723189348,-95.2345234589751,-3.45519687716017));
#3153=CARTESIAN_POINT('Ctrl Pts',(173.171723189348,-95.1409563686511,-2.45958390034222));
#3154=CARTESIAN_POINT('Ctrl Pts',(173.144167009806,-94.9656064465953,-3.48046953126661));
#3155=CARTESIAN_POINT('Ctrl Pts',(173.144167009806,-94.8720393562713,-2.48485655444866));
#3156=CARTESIAN_POINT('Ctrl Pts',(173.10499704059,-94.6949512031641,-3.50590554324963));
#3157=CARTESIAN_POINT('Ctrl Pts',(173.10499704059,-94.6013841128401,-2.51029256643168));
#3158=CARTESIAN_POINT('Ctrl Pts',(173.05463723781,-94.4238468192418,-3.53138376517756));
#3159=CARTESIAN_POINT('Ctrl Pts',(173.05463723781,-94.3302797289178,-2.53577078835961));
#3160=CARTESIAN_POINT('Ctrl Pts',(172.994640134586,-94.1541703901469,-3.55672778879608));
#3161=CARTESIAN_POINT('Ctrl Pts',(172.994640134586,-94.0606032998229,-2.56111481197814));
#3162=CARTESIAN_POINT('Ctrl Pts',(172.92732994507,-93.8880943128711,-3.58173345358271));
#3163=CARTESIAN_POINT('Ctrl Pts',(172.92732994507,-93.7945272225471,-2.58612047676476));
#3164=CARTESIAN_POINT('Ctrl Pts',(172.855507142884,-93.6278351194567,-3.60619245123026));
#3165=CARTESIAN_POINT('Ctrl Pts',(172.855507142884,-93.5342680291326,-2.61057947441232));
#3166=CARTESIAN_POINT('Ctrl Pts',(172.782125255015,-93.3753826073167,-3.62991778181145));
#3167=CARTESIAN_POINT('Ctrl Pts',(172.782125255015,-93.2818155169927,-2.6343048049935));
#3168=CARTESIAN_POINT('Ctrl Pts',(172.709984457846,-93.1322428646679,-3.65276790408938));
#3169=CARTESIAN_POINT('Ctrl Pts',(172.709984457846,-93.0386757743439,-2.65715492727143));
#3170=CARTESIAN_POINT('Ctrl Pts',(172.641406620952,-92.899162685495,-3.67467263482833));
#3171=CARTESIAN_POINT('Ctrl Pts',(172.641406620952,-92.805595595171,-2.67905965801038));
#3172=CARTESIAN_POINT('Ctrl Pts',(172.577944741867,-92.6758914509967,-3.69565552702789));
#3173=CARTESIAN_POINT('Ctrl Pts',(172.577944741867,-92.5823243606727,-2.70004255020994));
#3174=CARTESIAN_POINT('Ctrl Pts',(172.520013542083,-92.4608554479769,-3.7158644772786));
#3175=CARTESIAN_POINT('Ctrl Pts',(172.520013542083,-92.3672883576528,-2.72025150046065));
#3176=CARTESIAN_POINT('Ctrl Pts',(172.466768122259,-92.2511087317007,-3.73557634364027));
#3177=CARTESIAN_POINT('Ctrl Pts',(172.466768122259,-92.1575416413766,-2.73996336682232));
#3178=CARTESIAN_POINT('Ctrl Pts',(172.416488859327,-92.0428486066172,-3.75514850108327));
#3179=CARTESIAN_POINT('Ctrl Pts',(172.416488859327,-91.9492815162932,-2.75953552426532));
#3180=CARTESIAN_POINT('Ctrl Pts',(172.366860014973,-91.8318127364516,-3.77498152132825));
#3181=CARTESIAN_POINT('Ctrl Pts',(172.366860014973,-91.7382456461276,-2.7793685445103));
#3182=CARTESIAN_POINT('Ctrl Pts',(172.315289935717,-91.6137221724361,-3.79547753732763));
#3183=CARTESIAN_POINT('Ctrl Pts',(172.315289935717,-91.5201550821121,-2.79986456050968));
#3184=CARTESIAN_POINT('Ctrl Pts',(172.259215501016,-91.3847079338417,-3.81700015349173));
#3185=CARTESIAN_POINT('Ctrl Pts',(172.259215501016,-91.2911408435177,-2.82138717667378));
#3186=CARTESIAN_POINT('Ctrl Pts',(172.196408655363,-91.1417372955666,-3.83983438344545));
#3187=CARTESIAN_POINT('Ctrl Pts',(172.196408655363,-91.0481702052426,-2.8442214066275));
#3188=CARTESIAN_POINT('Ctrl Pts',(172.12529320468,-90.8830577329855,-3.86414492836659));
#3189=CARTESIAN_POINT('Ctrl Pts',(172.12529320468,-90.7894906426615,-2.86853195154864));
#3190=CARTESIAN_POINT('Ctrl Pts',(172.045225164751,-90.608582962239,-3.88993989715876));
#3191=CARTESIAN_POINT('Ctrl Pts',(172.045225164751,-90.515015871915,-2.89432692034081));
#3192=CARTESIAN_POINT('Ctrl Pts',(171.956326609948,-90.3195779911499,-3.91710040517103));
#3193=CARTESIAN_POINT('Ctrl Pts',(171.956326609948,-90.2260109008259,-2.92148742835309));
#3194=CARTESIAN_POINT('Ctrl Pts',(171.859350614756,-90.0183928885377,-3.94540559439269));
#3195=CARTESIAN_POINT('Ctrl Pts',(171.859350614756,-89.9248257982136,-2.94979261757474));
#3196=CARTESIAN_POINT('Ctrl Pts',(171.755534352885,-89.708177992335,-3.97455939801789));
#3197=CARTESIAN_POINT('Ctrl Pts',(171.755534352885,-89.614610902011,-2.97894642119994));
#3198=CARTESIAN_POINT('Ctrl Pts',(171.646457282961,-89.3926071177907,-4.00421655316716));
#3199=CARTESIAN_POINT('Ctrl Pts',(171.646457282961,-89.2990400274667,-3.00860357634921));
#3200=CARTESIAN_POINT('Ctrl Pts',(171.53389702536,-89.0755970708294,-4.03400896084795));
#3201=CARTESIAN_POINT('Ctrl Pts',(171.53389702536,-88.9820299805054,-3.03839598403));
#3202=CARTESIAN_POINT('Ctrl Pts',(171.419686519805,-88.7610293504432,-4.06357184019135));
#3203=CARTESIAN_POINT('Ctrl Pts',(171.419686519805,-88.6674622601192,-3.0679588633734));
#3204=CARTESIAN_POINT('Ctrl Pts',(171.305569967916,-88.4524695217409,-4.09257010159893));
#3205=CARTESIAN_POINT('Ctrl Pts',(171.305569967916,-88.3589024314169,-3.09695712478098));
#3206=CARTESIAN_POINT('Ctrl Pts',(171.193060844252,-88.1528908195965,-4.12072432230052));
#3207=CARTESIAN_POINT('Ctrl Pts',(171.193060844252,-88.0593237292724,-3.12511134548258));
#3208=CARTESIAN_POINT('Ctrl Pts',(171.083295345783,-87.8643882618038,-4.14783761382267));
#3209=CARTESIAN_POINT('Ctrl Pts',(171.083295345783,-87.7708211714798,-3.15222463700472));
#3210=CARTESIAN_POINT('Ctrl Pts',(170.976898204316,-87.587918569172,-4.17382006413685));
#3211=CARTESIAN_POINT('Ctrl Pts',(170.976898204316,-87.494351478848,-3.1782070873189));
#3212=CARTESIAN_POINT('Ctrl Pts',(170.874074793954,-87.3235125493071,-4.19866877796337));
#3213=CARTESIAN_POINT('Ctrl Pts',(170.874074793954,-87.2299454589831,-3.20305580114542));
#3214=CARTESIAN_POINT('Ctrl Pts',(170.774692652913,-87.0704654356437,-4.2224499888271));
#3215=CARTESIAN_POINT('Ctrl Pts',(170.774692652913,-86.9768983453197,-3.22683701200915));
#3216=CARTESIAN_POINT('Ctrl Pts',(170.678366728559,-86.8275348614717,-4.24528045358125));
#3217=CARTESIAN_POINT('Ctrl Pts',(170.678366728559,-86.7339677711477,-3.2496674767633));
#3218=CARTESIAN_POINT('Ctrl Pts',(170.584543640311,-86.593137107831,-4.26730900915185));
#3219=CARTESIAN_POINT('Ctrl Pts',(170.584543640311,-86.499570017507,-3.2716960323339));
#3220=CARTESIAN_POINT('Ctrl Pts',(170.492584976509,-86.3655405796929,-4.28869838976618));
#3221=CARTESIAN_POINT('Ctrl Pts',(170.492584976509,-86.2719734893689,-3.29308541294823));
#3222=CARTESIAN_POINT('Ctrl Pts',(170.40185423036,-86.1430686345406,-4.30960616524853));
#3223=CARTESIAN_POINT('Ctrl Pts',(170.40185423036,-86.0495015442166,-3.31399318843058));
#3224=CARTESIAN_POINT('Ctrl Pts',(170.311794636375,-85.9242793169519,-4.33016784967553));
#3225=CARTESIAN_POINT('Ctrl Pts',(170.311794636375,-85.8307122266279,-3.33455487285758));
#3226=CARTESIAN_POINT('Ctrl Pts',(170.222029487404,-85.7082020228591,-4.35047465981572));
#3227=CARTESIAN_POINT('Ctrl Pts',(170.222029487404,-85.6146349325351,-3.35486168299777));
#3228=CARTESIAN_POINT('Ctrl Pts',(170.132381524067,-85.4943693484258,-4.37057052199188));
#3229=CARTESIAN_POINT('Ctrl Pts',(170.132381524067,-85.4008022581017,-3.37495754517393));
#3230=CARTESIAN_POINT('Ctrl Pts',(170.042802699441,-85.282622393666,-4.39047036952618));
#3231=CARTESIAN_POINT('Ctrl Pts',(170.042802699441,-85.189055303342,-3.39485739270823));
#3232=CARTESIAN_POINT('Ctrl Pts',(169.953327405457,-85.0729750010989,-4.41017290150724));
#3233=CARTESIAN_POINT('Ctrl Pts',(169.953327405457,-84.9794079107749,-3.41455992468929));
#3234=CARTESIAN_POINT('Ctrl Pts',(169.864016420341,-84.86545548617,-4.42967545686705));
#3235=CARTESIAN_POINT('Ctrl Pts',(169.864016420341,-84.771888395846,-3.43406248004911));
#3236=CARTESIAN_POINT('Ctrl Pts',(169.774904184049,-84.6599545456718,-4.44898830785331));
#3237=CARTESIAN_POINT('Ctrl Pts',(169.774904184049,-84.5663874553478,-3.45337533103537));
#3238=CARTESIAN_POINT('Ctrl Pts',(169.68594614157,-84.4560785539889,-4.4681484471573));
#3239=CARTESIAN_POINT('Ctrl Pts',(169.68594614157,-84.3625114636649,-3.47253547033935));
#3240=CARTESIAN_POINT('Ctrl Pts',(169.596962473491,-84.2529813120133,-4.4872354000466));
#3241=CARTESIAN_POINT('Ctrl Pts',(169.596962473491,-84.1594142216893,-3.49162242322865));
#3242=CARTESIAN_POINT('Ctrl Pts',(169.507594028824,-84.0492623066746,-4.50638078587127));
#3243=CARTESIAN_POINT('Ctrl Pts',(169.507594028824,-83.9556952163506,-3.51076780905333));
#3244=CARTESIAN_POINT('Ctrl Pts',(169.417329733116,-83.8432523809411,-4.52574147097439));
#3245=CARTESIAN_POINT('Ctrl Pts',(169.417329733116,-83.7496852906171,-3.53012849415644));
#3246=CARTESIAN_POINT('Ctrl Pts',(169.325525671052,-83.6332520421318,-4.54547717262449));
#3247=CARTESIAN_POINT('Ctrl Pts',(169.325525671052,-83.5396849518078,-3.54986419580654));
#3248=CARTESIAN_POINT('Ctrl Pts',(169.231426973689,-83.4177906557467,-4.56572610014015));
#3249=CARTESIAN_POINT('Ctrl Pts',(169.231426973689,-83.3242235654227,-3.5701131233222));
#3250=CARTESIAN_POINT('Ctrl Pts',(169.134189456876,-83.1958708941041,-4.58658198175859));
#3251=CARTESIAN_POINT('Ctrl Pts',(169.134189456876,-83.1023038037801,-3.59096900494064));
#3252=CARTESIAN_POINT('Ctrl Pts',(169.032899173082,-82.9672331088748,-4.60806921906882));
#3253=CARTESIAN_POINT('Ctrl Pts',(169.032899173082,-82.8736660185508,-3.61245624225087));
#3254=CARTESIAN_POINT('Ctrl Pts',(168.926598005821,-82.7325792752137,-4.63012184088097));
#3255=CARTESIAN_POINT('Ctrl Pts',(168.926598005821,-82.6390121848897,-3.63450886406302));
#3256=CARTESIAN_POINT('Ctrl Pts',(168.814293507505,-82.4938957389696,-4.65255317164364));
#3257=CARTESIAN_POINT('Ctrl Pts',(168.814293507505,-82.4003286486456,-3.65694019482569));
#3258=CARTESIAN_POINT('Ctrl Pts',(168.695049981243,-82.2542745650528,-4.6750726210135));
#3259=CARTESIAN_POINT('Ctrl Pts',(168.695049981243,-82.1607074747288,-3.67945964419555));
#3260=CARTESIAN_POINT('Ctrl Pts',(168.568114314826,-82.0175252335201,-4.69732217641651));
#3261=CARTESIAN_POINT('Ctrl Pts',(168.568114314826,-81.9239581431961,-3.70170919959856));
#3262=CARTESIAN_POINT('Ctrl Pts',(168.433029150297,-81.7878555497223,-4.71890639091447));
#3263=CARTESIAN_POINT('Ctrl Pts',(168.433029150297,-81.6942884593983,-3.72329341409652));
#3264=CARTESIAN_POINT('Ctrl Pts',(168.289754582243,-81.5695199669451,-4.73942543362518));
#3265=CARTESIAN_POINT('Ctrl Pts',(168.289754582243,-81.4759528766211,-3.74381245680723));
#3266=CARTESIAN_POINT('Ctrl Pts',(168.138778691708,-81.3664905790279,-4.75850600963213));
#3267=CARTESIAN_POINT('Ctrl Pts',(168.138778691708,-81.2729234887039,-3.76289303281418));
#3268=CARTESIAN_POINT('Ctrl Pts',(167.981250319507,-81.1820981830334,-4.77583509269232));
#3269=CARTESIAN_POINT('Ctrl Pts',(167.981250319507,-81.0885310927094,-3.78022211587437));
#3270=CARTESIAN_POINT('Ctrl Pts',(167.819061514847,-81.0187333797641,-4.7911880156244));
#3271=CARTESIAN_POINT('Ctrl Pts',(167.819061514847,-80.9251662894401,-3.79557503880645));
#3272=CARTESIAN_POINT('Ctrl Pts',(167.655052540577,-80.8774051428092,-4.80446995571597));
#3273=CARTESIAN_POINT('Ctrl Pts',(167.655052540577,-80.7838380524852,-3.80885697889802));
#3274=CARTESIAN_POINT('Ctrl Pts',(167.492761513145,-80.7578249639376,-4.81570802679175));
#3275=CARTESIAN_POINT('Ctrl Pts',(167.492761513145,-80.6642578736136,-3.8200950499738));
#3276=CARTESIAN_POINT('Ctrl Pts',(167.335705982139,-80.659022668991,-4.82499340521764));
#3277=CARTESIAN_POINT('Ctrl Pts',(167.335705982139,-80.565455578667,-3.8293804283997));
#3278=CARTESIAN_POINT('Ctrl Pts',(167.186814079093,-80.5798035549992,-4.83243836843814));
#3279=CARTESIAN_POINT('Ctrl Pts',(167.186814079093,-80.4862364646752,-3.83682539162019));
#3280=CARTESIAN_POINT('Ctrl Pts',(167.047745675961,-80.5193015918652,-4.83812430542485));
#3281=CARTESIAN_POINT('Ctrl Pts',(167.047745675961,-80.4257345015412,-3.8425113286069));
#3282=CARTESIAN_POINT('Ctrl Pts',(166.918373953989,-80.4774190997537,-4.84206039606814));
#3283=CARTESIAN_POINT('Ctrl Pts',(166.918373953989,-80.3838520094297,-3.84644741925019));
#3284=CARTESIAN_POINT('Ctrl Pts',(166.795911958522,-80.4554978525543,-4.84412054128971));
#3285=CARTESIAN_POINT('Ctrl Pts',(166.795911958522,-80.3619307622303,-3.84850756447176));
#3286=CARTESIAN_POINT('Ctrl Pts',(166.675581721978,-80.4560067037429,-4.84407271977047));
#3287=CARTESIAN_POINT('Ctrl Pts',(166.675581721978,-80.3624396134189,-3.84845974295252));
#3288=CARTESIAN_POINT('Ctrl Pts',(166.552274881159,-80.4816105261978,-4.84166648840942));
#3289=CARTESIAN_POINT('Ctrl Pts',(166.552274881159,-80.3880434358738,-3.84605351159148));
#3290=CARTESIAN_POINT('Ctrl Pts',(166.421781126018,-80.5344920881243,-4.83669671200388));
#3291=CARTESIAN_POINT('Ctrl Pts',(166.421781126018,-80.4409249978003,-3.84108373518593));
#3292=CARTESIAN_POINT('Ctrl Pts',(166.282505119645,-80.6154155867183,-4.82909157177511));
#3293=CARTESIAN_POINT('Ctrl Pts',(166.282505119645,-80.5218484963943,-3.83347859495716));
#3294=CARTESIAN_POINT('Ctrl Pts',(166.135543948848,-80.7236101572424,-4.81892351311325));
#3295=CARTESIAN_POINT('Ctrl Pts',(166.135543948848,-80.6300430669184,-3.8233105362953));
#3296=CARTESIAN_POINT('Ctrl Pts',(165.983774382946,-80.8571395068622,-4.80637450761845));
#3297=CARTESIAN_POINT('Ctrl Pts',(165.983774382946,-80.7635724165382,-3.8107615308005));
#3298=CARTESIAN_POINT('Ctrl Pts',(165.831243387274,-81.0131262764313,-4.79171496771945));
#3299=CARTESIAN_POINT('Ctrl Pts',(165.831243387274,-80.9195591861073,-3.7961019909015));
#3300=CARTESIAN_POINT('Ctrl Pts',(165.682416001829,-81.1880378592519,-4.77527688560365));
#3301=CARTESIAN_POINT('Ctrl Pts',(165.682416001829,-81.0944707689279,-3.7796639087857));
#3302=CARTESIAN_POINT('Ctrl Pts',(165.541524858312,-81.377942327269,-4.75742978143203));
#3303=CARTESIAN_POINT('Ctrl Pts',(165.541524858312,-81.2843752369449,-3.76181680461408));
#3304=CARTESIAN_POINT('Ctrl Pts',(165.411777115876,-81.5787858760885,-4.73855462922835));
#3305=CARTESIAN_POINT('Ctrl Pts',(165.411777115876,-81.4852187857645,-3.74294165241041));
#3306=CARTESIAN_POINT('Ctrl Pts',(165.29497476795,-81.7866300734885,-4.71902156041119));
#3307=CARTESIAN_POINT('Ctrl Pts',(165.29497476795,-81.6930629831645,-3.72340858359324));
#3308=CARTESIAN_POINT('Ctrl Pts',(165.191733664043,-81.997837254692,-4.69917244046107));
#3309=CARTESIAN_POINT('Ctrl Pts',(165.191733664043,-81.904270164368,-3.70355946364312));
#3310=CARTESIAN_POINT('Ctrl Pts',(165.101559767494,-82.209269152523,-4.67930220178162));
#3311=CARTESIAN_POINT('Ctrl Pts',(165.101559767494,-82.115702062199,-3.68368922496367));
#3312=CARTESIAN_POINT('Ctrl Pts',(165.022984135553,-82.4184775621476,-4.65964092514534));
#3313=CARTESIAN_POINT('Ctrl Pts',(165.022984135553,-82.3249104718236,-3.66402794832739));
#3314=CARTESIAN_POINT('Ctrl Pts',(164.953670198541,-82.6239044850584,-4.64033503028606));
#3315=CARTESIAN_POINT('Ctrl Pts',(164.953670198541,-82.5303373947344,-3.64472205346811));
#3316=CARTESIAN_POINT('Ctrl Pts',(164.890538961559,-82.8250640777408,-4.62143017647609));
#3317=CARTESIAN_POINT('Ctrl Pts',(164.890538961559,-82.7314969874168,-3.62581719965814));
#3318=CARTESIAN_POINT('Ctrl Pts',(164.829872150934,-83.0227661353757,-4.60285025966636));
#3319=CARTESIAN_POINT('Ctrl Pts',(164.829872150934,-82.9291990450517,-3.60723728284841));
#3320=CARTESIAN_POINT('Ctrl Pts',(164.767467154645,-83.2192222982278,-4.58438743127591));
#3321=CARTESIAN_POINT('Ctrl Pts',(164.767467154645,-83.1256552079038,-3.58877445445796));
#3322=CARTESIAN_POINT('Ctrl Pts',(164.699117050799,-83.4173876606537,-4.56576397336914));
#3323=CARTESIAN_POINT('Ctrl Pts',(164.699117050799,-83.3238205703297,-3.5701509965512));
#3324=CARTESIAN_POINT('Ctrl Pts',(164.621055077849,-83.6203859013989,-4.54668632455412));
#3325=CARTESIAN_POINT('Ctrl Pts',(164.621055077849,-83.5268188110749,-3.55107334773617));
#3326=CARTESIAN_POINT('Ctrl Pts',(164.530413989673,-83.8309008951299,-4.52690225595354));
#3327=CARTESIAN_POINT('Ctrl Pts',(164.530413989673,-83.7373338048059,-3.53128927913559));
#3328=CARTESIAN_POINT('Ctrl Pts',(164.425676336138,-84.0505856724556,-4.50625641677561));
#3329=CARTESIAN_POINT('Ctrl Pts',(164.425676336138,-83.9570185821316,-3.51064343995766));
#3330=CARTESIAN_POINT('Ctrl Pts',(164.307135021505,-84.2794567493468,-4.48474725485962));
#3331=CARTESIAN_POINT('Ctrl Pts',(164.307135021505,-84.1858896590228,-3.48913427804168));
#3332=CARTESIAN_POINT('Ctrl Pts',(164.17733439528,-84.5153116794562,-4.46258175474788));
#3333=CARTESIAN_POINT('Ctrl Pts',(164.17733439528,-84.4217445891322,-3.46696877792993));
#3334=CARTESIAN_POINT('Ctrl Pts',(164.041560646621,-84.753090558873,-4.440235443073));
#3335=CARTESIAN_POINT('Ctrl Pts',(164.041560646621,-84.659523468549,-3.44462246625505));
#3336=CARTESIAN_POINT('Ctrl Pts',(163.906782540905,-84.9859846669612,-4.41834819917922));
#3337=CARTESIAN_POINT('Ctrl Pts',(163.906782540905,-84.8924175766372,-3.42273522236127));
#3338=CARTESIAN_POINT('Ctrl Pts',(163.780552702892,-85.2065900554895,-4.39761584153121));
#3339=CARTESIAN_POINT('Ctrl Pts',(163.780552702892,-85.1130229651655,-3.40200286471326));
#3340=CARTESIAN_POINT('Ctrl Pts',(163.669901118153,-85.4080686280233,-4.37868101019256));
#3341=CARTESIAN_POINT('Ctrl Pts',(163.669901118153,-85.3145015376993,-3.38306803337461));
#3342=CARTESIAN_POINT('Ctrl Pts',(163.580282077068,-85.5852520326959,-4.36202942366754));
#3343=CARTESIAN_POINT('Ctrl Pts',(163.580282077068,-85.4916849423719,-3.36641644684959));
#3344=CARTESIAN_POINT('Ctrl Pts',(163.514381987732,-85.7358952522619,-4.34787206728505));
#3345=CARTESIAN_POINT('Ctrl Pts',(163.514381987732,-85.6423281619379,-3.35225909046711));
#3346=CARTESIAN_POINT('Ctrl Pts',(163.47125900291,-85.8615728634189,-4.33606096330325));
#3347=CARTESIAN_POINT('Ctrl Pts',(163.47125900291,-85.7680057730949,-3.3404479864853));
#3348=CARTESIAN_POINT('Ctrl Pts',(163.444655896107,-85.9694657797376,-4.3259212539166));
#3349=CARTESIAN_POINT('Ctrl Pts',(163.444655896107,-85.8758986894136,-3.33030827709865));
#3350=CARTESIAN_POINT('Ctrl Pts',(163.424855525357,-86.0703318549208,-4.31644192270352));
#3351=CARTESIAN_POINT('Ctrl Pts',(163.424855525357,-85.9767647645968,-3.32082894588557));
#3352=CARTESIAN_POINT('Ctrl Pts',(163.402904028625,-86.173924690802,-4.30670633221052));
#3353=CARTESIAN_POINT('Ctrl Pts',(163.402904028625,-86.080357600478,-3.31109335539257));
#3354=CARTESIAN_POINT('Ctrl Pts',(163.37397556421,-86.2853394983073,-4.29623563767357));
#3355=CARTESIAN_POINT('Ctrl Pts',(163.37397556421,-86.1917724079833,-3.30062266085562));
#3356=CARTESIAN_POINT('Ctrl Pts',(163.341458113918,-86.4005767720477,-4.28540571012962));
#3357=CARTESIAN_POINT('Ctrl Pts',(163.341458113918,-86.3070096817236,-3.28979273331167));
#3358=CARTESIAN_POINT('Ctrl Pts',(163.312340135755,-86.5115311730525,-4.27497828431016));
#3359=CARTESIAN_POINT('Ctrl Pts',(163.312340135755,-86.4179640827285,-3.27936530749221));
#3360=CARTESIAN_POINT('Ctrl Pts',(163.292779379189,-86.6107672409863,-4.26565214016784));
#3361=CARTESIAN_POINT('Ctrl Pts',(163.292779379189,-86.5172001506623,-3.2700391633499));
#3362=CARTESIAN_POINT('Ctrl Pts',(163.282559000888,-86.6975380990008,-4.25749746872585));
#3363=CARTESIAN_POINT('Ctrl Pts',(163.282559000888,-86.6039710086768,-3.2618844919079));
#3364=CARTESIAN_POINT('Ctrl Pts',(163.273243221263,-86.7796931585392,-4.24977658716304));
#3365=CARTESIAN_POINT('Ctrl Pts',(163.273243221263,-86.6861260682152,-3.25416361034509));
#3366=CARTESIAN_POINT('Ctrl Pts',(163.254548336522,-86.8666265902993,-4.24160663714123));
#3367=CARTESIAN_POINT('Ctrl Pts',(163.254548336522,-86.7730594999753,-3.24599366032328));
#3368=CARTESIAN_POINT('Ctrl Pts',(163.220104639158,-86.9626881596311,-4.23257883040948));
#3369=CARTESIAN_POINT('Ctrl Pts',(163.220104639158,-86.8691210693071,-3.23696585359153));
#3370=CARTESIAN_POINT('Ctrl Pts',(163.170286813455,-87.0645219675311,-4.22300855227562));
#3371=CARTESIAN_POINT('Ctrl Pts',(163.170286813455,-86.9709548772071,-3.22739557545767));
#3372=CARTESIAN_POINT('Ctrl Pts',(163.108968886912,-87.1662989060807,-4.21344361868807));
#3373=CARTESIAN_POINT('Ctrl Pts',(163.108968886912,-87.0727318157567,-3.21783064187012));
#3374=CARTESIAN_POINT('Ctrl Pts',(163.04181620338,-87.2628625163796,-4.20436863045748));
#3375=CARTESIAN_POINT('Ctrl Pts',(163.04181620338,-87.1692954260556,-3.20875565363953));
#3376=CARTESIAN_POINT('Ctrl Pts',(162.973800390098,-87.3541655183521,-4.19578803093605));
#3377=CARTESIAN_POINT('Ctrl Pts',(162.973800390098,-87.2605984280281,-3.2001750541181));
#3378=CARTESIAN_POINT('Ctrl Pts',(162.908955386654,-87.4437433799793,-4.18736955903475));
#3379=CARTESIAN_POINT('Ctrl Pts',(162.908955386654,-87.3501762896553,-3.1917565822168));
#3380=CARTESIAN_POINT('Ctrl Pts',(162.850270410834,-87.5367040500583,-4.17863317289235));
#3381=CARTESIAN_POINT('Ctrl Pts',(162.850270410834,-87.4431369597343,-3.1830201960744));
#3382=CARTESIAN_POINT('Ctrl Pts',(162.799536922182,-87.6377512281304,-4.16913682174206));
#3383=CARTESIAN_POINT('Ctrl Pts',(162.799536922182,-87.5441841378064,-3.17352384492411));
#3384=CARTESIAN_POINT('Ctrl Pts',(162.757226197744,-87.7495692693946,-4.15862823154644));
#3385=CARTESIAN_POINT('Ctrl Pts',(162.757226197744,-87.6560021790706,-3.16301525472849));
#3386=CARTESIAN_POINT('Ctrl Pts',(162.722299126406,-87.8728625627395,-4.14704120427443));
#3387=CARTESIAN_POINT('Ctrl Pts',(162.722299126406,-87.7792954724155,-3.15142822745649));
#3388=CARTESIAN_POINT('Ctrl Pts',(162.692123473574,-88.0062071782207,-4.13450955997945));
#3389=CARTESIAN_POINT('Ctrl Pts',(162.692123473574,-87.9126400878967,-3.1388965831615));
#3390=CARTESIAN_POINT('Ctrl Pts',(162.662145518276,-88.1458225605371,-4.12138859290491));
#3391=CARTESIAN_POINT('Ctrl Pts',(162.662145518276,-88.0522554702131,-3.12577561608696));
#3392=CARTESIAN_POINT('Ctrl Pts',(162.62628486034,-88.285846907117,-4.10822919162242));
#3393=CARTESIAN_POINT('Ctrl Pts',(162.62628486034,-88.192279816793,-3.11261621480447));
#3394=CARTESIAN_POINT('Ctrl Pts',(162.579316424937,-88.4201730161031,-4.09560530717633));
#3395=CARTESIAN_POINT('Ctrl Pts',(162.579316424937,-88.3266059257791,-3.09999233035838));
#3396=CARTESIAN_POINT('Ctrl Pts',(162.519105795168,-88.5441281277183,-4.08395608263358));
#3397=CARTESIAN_POINT('Ctrl Pts',(162.519105795168,-88.4505610373943,-3.08834310581563));
#3398=CARTESIAN_POINT('Ctrl Pts',(162.448483109332,-88.6559619003614,-4.07344601401272));
#3399=CARTESIAN_POINT('Ctrl Pts',(162.448483109332,-88.5623948100374,-3.07783303719477));
#3400=CARTESIAN_POINT('Ctrl Pts',(162.378338233279,-88.7590620285399,-4.06375672788416));
#3401=CARTESIAN_POINT('Ctrl Pts',(162.378338233279,-88.6654949382159,-3.06814375106621));
#3402=CARTESIAN_POINT('Ctrl Pts',(162.32316512324,-88.8595988520905,-4.0543083395354));
#3403=CARTESIAN_POINT('Ctrl Pts',(162.32316512324,-88.7660317617665,-3.05869536271745));
#3404=CARTESIAN_POINT('Ctrl Pts',(162.294000020123,-88.9625775341331,-4.0446304668394));
#3405=CARTESIAN_POINT('Ctrl Pts',(162.294000020123,-88.8690104438091,-3.04901749002145));
#3406=CARTESIAN_POINT('Ctrl Pts',(162.292537055014,-89.0686275383704,-4.03466395318763));
#3407=CARTESIAN_POINT('Ctrl Pts',(162.292537055014,-88.9750604480464,-3.03905097636968));
#3408=CARTESIAN_POINT('Ctrl Pts',(162.303968173697,-89.1699645661125,-4.02514036214504));
#3409=CARTESIAN_POINT('Ctrl Pts',(162.303968173697,-89.0763974757885,-3.02952738532709));
#3410=CARTESIAN_POINT('Ctrl Pts',(162.307661685542,-89.2575828827004,-4.01690604707171));
#3411=CARTESIAN_POINT('Ctrl Pts',(162.307661685542,-89.1640157923764,-3.02129307025376));
#3412=CARTESIAN_POINT('Ctrl Pts',(162.287693933897,-89.3281592460517,-4.01027332419827));
#3413=CARTESIAN_POINT('Ctrl Pts',(162.287693933897,-89.2345921557277,-3.01466034738032));
#3414=CARTESIAN_POINT('Ctrl Pts',(162.24554348957,-89.3928225095499,-4.00419631078315));
#3415=CARTESIAN_POINT('Ctrl Pts',(162.24554348957,-89.2992554192259,-3.0085833339652));
#3416=CARTESIAN_POINT('Ctrl Pts',(162.19377846105,-89.4698579506884,-3.99695656778363));
#3417=CARTESIAN_POINT('Ctrl Pts',(162.19377846105,-89.3762908603644,-3.00134359096568));
#3418=CARTESIAN_POINT('Ctrl Pts',(162.145299887983,-89.5734865196762,-3.98721761911542));
#3419=CARTESIAN_POINT('Ctrl Pts',(162.145299887983,-89.4799194293522,-2.99160464229747));
#3420=CARTESIAN_POINT('Ctrl Pts',(162.105265878648,-89.7053851757437,-3.97482186518971));
#3421=CARTESIAN_POINT('Ctrl Pts',(162.105265878648,-89.6118180854196,-2.97920888837176));
#3422=CARTESIAN_POINT('Ctrl Pts',(162.073649671087,-89.8591900758878,-3.9603673760266));
#3423=CARTESIAN_POINT('Ctrl Pts',(162.073649671087,-89.7656229855638,-2.96475439920865));
#3424=CARTESIAN_POINT('Ctrl Pts',(162.047136459799,-90.0241718161301,-3.94486249436023));
#3425=CARTESIAN_POINT('Ctrl Pts',(162.047136459799,-89.9306047258061,-2.94924951754228));
#3426=CARTESIAN_POINT('Ctrl Pts',(162.021119114113,-90.1889340351807,-3.92937824315937));
#3427=CARTESIAN_POINT('Ctrl Pts',(162.021119114113,-90.0953669448567,-2.93376526634142));
#3428=CARTESIAN_POINT('Ctrl Pts',(161.991994686769,-90.345785484209,-3.91463744122086));
#3429=CARTESIAN_POINT('Ctrl Pts',(161.991994686769,-90.252218393885,-2.91902446440291));
#3430=CARTESIAN_POINT('Ctrl Pts',(161.958003508618,-90.4921699629828,-3.9008803186578));
#3431=CARTESIAN_POINT('Ctrl Pts',(161.958003508618,-90.3986028726588,-2.90526734183985));
#3432=CARTESIAN_POINT('Ctrl Pts',(161.918475663671,-90.6289131751995,-3.8880292763486));
#3433=CARTESIAN_POINT('Ctrl Pts',(161.918475663671,-90.5353460848755,-2.89241629953065));
#3434=CARTESIAN_POINT('Ctrl Pts',(161.873487475126,-90.7593096582483,-3.87577469571189));
#3435=CARTESIAN_POINT('Ctrl Pts',(161.873487475126,-90.6657425679243,-2.88016171889394));
#3436=CARTESIAN_POINT('Ctrl Pts',(161.823391777204,-90.8878993256101,-3.86368991849331));
#3437=CARTESIAN_POINT('Ctrl Pts',(161.823391777204,-90.7943322352861,-2.86807694167536));
#3438=CARTESIAN_POINT('Ctrl Pts',(161.768297994192,-91.0192939339726,-3.85134153465843));
#3439=CARTESIAN_POINT('Ctrl Pts',(161.768297994192,-90.9257268436485,-2.85572855784048));
#3440=CARTESIAN_POINT('Ctrl Pts',(161.708156148671,-91.1574623900538,-3.83835654881443));
#3441=CARTESIAN_POINT('Ctrl Pts',(161.708156148671,-91.0638952997298,-2.84274357199648));
#3442=CARTESIAN_POINT('Ctrl Pts',(161.643105350079,-91.3052893128069,-3.82446386626044));
#3443=CARTESIAN_POINT('Ctrl Pts',(161.643105350079,-91.2117222224828,-2.82885088944249));
#3444=CARTESIAN_POINT('Ctrl Pts',(161.573758155751,-91.4639940216213,-3.80954889611617));
#3445=CARTESIAN_POINT('Ctrl Pts',(161.573758155751,-91.3704269312973,-2.81393591929822));
#3446=CARTESIAN_POINT('Ctrl Pts',(161.501461185183,-91.6327161730109,-3.79369249292908));
#3447=CARTESIAN_POINT('Ctrl Pts',(161.501461185183,-91.5391490826869,-2.79807951611113));
#3448=CARTESIAN_POINT('Ctrl Pts',(161.42869353158,-91.8077563030529,-3.7772423300251));
#3449=CARTESIAN_POINT('Ctrl Pts',(161.42869353158,-91.7141892127289,-2.78162935320715));
#3450=CARTESIAN_POINT('Ctrl Pts',(161.358731783066,-91.9834099477226,-3.76073450939677));
#3451=CARTESIAN_POINT('Ctrl Pts',(161.358731783066,-91.8898428573986,-2.76512153257882));
#3452=CARTESIAN_POINT('Ctrl Pts',(161.294963333816,-92.1535463900788,-3.74474519202143));
#3453=CARTESIAN_POINT('Ctrl Pts',(161.294963333816,-92.0599792997548,-2.74913221520348));
#3454=CARTESIAN_POINT('Ctrl Pts',(161.240308860374,-92.3129576237401,-3.72976382311007));
#3455=CARTESIAN_POINT('Ctrl Pts',(161.240308860374,-92.2193905334161,-2.73415084629212));
#3456=CARTESIAN_POINT('Ctrl Pts',(161.196604793777,-92.4587907448927,-3.71605851679443));
#3457=CARTESIAN_POINT('Ctrl Pts',(161.196604793777,-92.3652236545686,-2.72044553997648));
#3458=CARTESIAN_POINT('Ctrl Pts',(161.163990376348,-92.5919727292695,-3.70354215646981));
#3459=CARTESIAN_POINT('Ctrl Pts',(161.163990376348,-92.4984056389455,-2.70792917965186));
#3460=CARTESIAN_POINT('Ctrl Pts',(161.140325602252,-92.7185643721006,-3.69164515235793));
#3461=CARTESIAN_POINT('Ctrl Pts',(161.140325602252,-92.6249972817766,-2.69603217553998));
#3462=CARTESIAN_POINT('Ctrl Pts',(161.122284925591,-92.847115976498,-3.67956395227314));
#3463=CARTESIAN_POINT('Ctrl Pts',(161.122284925591,-92.753548886174,-2.6839509754552));
#3464=CARTESIAN_POINT('Ctrl Pts',(161.106496786025,-92.9859405653405,-3.66651730347901));
#3465=CARTESIAN_POINT('Ctrl Pts',(161.106496786025,-92.8923734750165,-2.67090432666107));
#3466=CARTESIAN_POINT('Ctrl Pts',(161.0905237823,-93.1407033885696,-3.65197278929825));
#3467=CARTESIAN_POINT('Ctrl Pts',(161.0905237823,-93.0471362982456,-2.6563598124803));
#3468=CARTESIAN_POINT('Ctrl Pts',(161.074257871867,-93.3111797655114,-3.63595152508131));
#3469=CARTESIAN_POINT('Ctrl Pts',(161.074257871867,-93.2176126751874,-2.64033854826336));
#3470=CARTESIAN_POINT('Ctrl Pts',(161.059565864879,-93.4915293011592,-3.6190023875301));
#3471=CARTESIAN_POINT('Ctrl Pts',(161.059565864879,-93.3979622108352,-2.62338941071215));
#3472=CARTESIAN_POINT('Ctrl Pts',(161.048781746653,-93.6729050978445,-3.60195680260283));
#3473=CARTESIAN_POINT('Ctrl Pts',(161.048781746653,-93.5793380075205,-2.60634382578488));
#3474=CARTESIAN_POINT('Ctrl Pts',(161.043513317981,-93.8453996633957,-3.58574587027155));
#3475=CARTESIAN_POINT('Ctrl Pts',(161.043513317981,-93.7518325730717,-2.5901328934536));
#3476=CARTESIAN_POINT('Ctrl Pts',(161.043383437684,-94.0001932500042,-3.57119846496747));
#3477=CARTESIAN_POINT('Ctrl Pts',(161.043383437684,-93.9066261596802,-2.57558548814953));
#3478=CARTESIAN_POINT('Ctrl Pts',(161.044646360659,-94.1317850778629,-3.5588315465666));
#3479=CARTESIAN_POINT('Ctrl Pts',(161.044646360659,-94.0382179875389,-2.56321856974865));
#3480=CARTESIAN_POINT('Ctrl Pts',(161.03932289229,-94.2396715048313,-3.54869244704507));
#3481=CARTESIAN_POINT('Ctrl Pts',(161.03932289229,-94.1461044145073,-2.55307947022712));
#3482=CARTESIAN_POINT('Ctrl Pts',(161.018432202026,-94.3254025162798,-3.54063549973869));
#3483=CARTESIAN_POINT('Ctrl Pts',(161.018432202026,-94.2318354259558,-2.54502252292074));
#3484=CARTESIAN_POINT('Ctrl Pts',(160.974438681712,-94.3905545370605,-3.53451255321717));
#3485=CARTESIAN_POINT('Ctrl Pts',(160.974438681712,-94.2969874467365,-2.53889957639923));
#3486=CARTESIAN_POINT('Ctrl Pts',(160.904741399125,-94.433454707848,-3.53048082176283));
#3487=CARTESIAN_POINT('Ctrl Pts',(160.904741399125,-94.339887617524,-2.53486784494489));
#3488=CARTESIAN_POINT('Ctrl Pts',(160.811038417295,-94.4508693417139,-3.52884420526844));
#3489=CARTESIAN_POINT('Ctrl Pts',(160.811038417295,-94.3573022513899,-2.53323122845049));
#3490=CARTESIAN_POINT('Ctrl Pts',(160.696703923114,-94.4420284025938,-3.52967507124594));
#3491=CARTESIAN_POINT('Ctrl Pts',(160.696703923114,-94.3484613122698,-2.534062094428));
#3492=CARTESIAN_POINT('Ctrl Pts',(160.564680350175,-94.4121639539369,-3.53248171361604));
#3493=CARTESIAN_POINT('Ctrl Pts',(160.564680350175,-94.3185968636129,-2.53686873679809));
#3494=CARTESIAN_POINT('Ctrl Pts',(160.417663982492,-94.3703559746109,-3.53641080159395));
#3495=CARTESIAN_POINT('Ctrl Pts',(160.417663982492,-94.2767888842869,-2.540797824776));
#3496=CARTESIAN_POINT('Ctrl Pts',(160.258573636195,-94.3268342378783,-3.54050094743047));
#3497=CARTESIAN_POINT('Ctrl Pts',(160.258573636195,-94.2332671475543,-2.54488797061252));
#3498=CARTESIAN_POINT('Ctrl Pts',(160.090848086974,-94.2906445244343,-3.54390203426386));
#3499=CARTESIAN_POINT('Ctrl Pts',(160.090848086974,-94.1970774341103,-2.54828905744591));
#3500=CARTESIAN_POINT('Ctrl Pts',(159.918958415905,-94.2667920867496,-3.54614367156999));
#3501=CARTESIAN_POINT('Ctrl Pts',(159.918958415905,-94.1732249964256,-2.55053069475204));
#3502=CARTESIAN_POINT('Ctrl Pts',(159.748376896578,-94.2547809999516,-3.5472724660609));
#3503=CARTESIAN_POINT('Ctrl Pts',(159.748376896578,-94.1612139096276,-2.55165948924295));
#3504=CARTESIAN_POINT('Ctrl Pts',(159.584127656169,-94.2508831735201,-3.54763878137245));
#3505=CARTESIAN_POINT('Ctrl Pts',(159.584127656169,-94.1573160831961,-2.5520258045545));
#3506=CARTESIAN_POINT('Ctrl Pts',(159.429573038983,-94.2497439383224,-3.54774584599006));
#3507=CARTESIAN_POINT('Ctrl Pts',(159.429573038983,-94.1561768479983,-2.55213286917211));
#3508=CARTESIAN_POINT('Ctrl Pts',(159.285153392204,-94.246215370277,-3.5480774586274));
#3509=CARTESIAN_POINT('Ctrl Pts',(159.285153392204,-94.152648279953,-2.55246448180945));
#3510=CARTESIAN_POINT('Ctrl Pts',(159.147037552723,-94.2371732838878,-3.54892722830055));
#3511=CARTESIAN_POINT('Ctrl Pts',(159.147037552723,-94.1436061935638,-2.5533142514826));
#3512=CARTESIAN_POINT('Ctrl Pts',(159.006129139195,-94.2231077159529,-3.55024910165502));
#3513=CARTESIAN_POINT('Ctrl Pts',(159.006129139195,-94.1295406256289,-2.55463612483707));
#3514=CARTESIAN_POINT('Ctrl Pts',(158.851247291755,-94.2067240004548,-3.55178883308033));
#3515=CARTESIAN_POINT('Ctrl Pts',(158.851247291755,-94.1131569101308,-2.55617585626238));
#3516=CARTESIAN_POINT('Ctrl Pts',(158.671897980185,-94.1918035389291,-3.55319104880447));
#3517=CARTESIAN_POINT('Ctrl Pts',(158.671897980185,-94.0982364486051,-2.55757807198652));
#3518=CARTESIAN_POINT('Ctrl Pts',(158.461384220088,-94.181912648241,-3.55412058857941));
#3519=CARTESIAN_POINT('Ctrl Pts',(158.461384220088,-94.088345557917,-2.55850761176146));
#3520=CARTESIAN_POINT('Ctrl Pts',(158.219353677275,-94.1792964262693,-3.55436645949837));
#3521=CARTESIAN_POINT('Ctrl Pts',(158.219353677275,-94.0857293359453,-2.55875348268042));
#3522=CARTESIAN_POINT('Ctrl Pts',(157.95563959046,-94.1833905998008,-3.55398169160809));
#3523=CARTESIAN_POINT('Ctrl Pts',(157.95563959046,-94.0898235094767,-2.55836871479014));
#3524=CARTESIAN_POINT('Ctrl Pts',(157.688549543724,-94.1909336451453,-3.55327280088297));
#3525=CARTESIAN_POINT('Ctrl Pts',(157.688549543724,-94.0973665548213,-2.55765982406503));
#3526=CARTESIAN_POINT('Ctrl Pts',(157.439808357715,-94.1970345943243,-3.55269943746146));
#3527=CARTESIAN_POINT('Ctrl Pts',(157.439808357715,-94.1034675040003,-2.55708646064351));
#3528=CARTESIAN_POINT('Ctrl Pts',(157.230540274576,-94.195950997069,-3.55280127325973));
#3529=CARTESIAN_POINT('Ctrl Pts',(157.230540274576,-94.102383906745,-2.55718829644178));
#3530=CARTESIAN_POINT('Ctrl Pts',(157.076770972208,-94.1819862331488,-3.55411367311539));
#3531=CARTESIAN_POINT('Ctrl Pts',(157.076770972208,-94.0884191428248,-2.55850069629744));
#3532=CARTESIAN_POINT('Ctrl Pts',(156.985251346599,-94.1503368577178,-3.55708806179714));
#3533=CARTESIAN_POINT('Ctrl Pts',(156.985251346599,-94.0567697673938,-2.5614750849792));
#3534=CARTESIAN_POINT('Ctrl Pts',(156.948872144157,-94.0979587566566,-3.5620105232627));
#3535=CARTESIAN_POINT('Ctrl Pts',(156.948872144157,-94.0043916663326,-2.56639754644475));
#3536=CARTESIAN_POINT('Ctrl Pts',(156.942923340641,-94.0244288097275,-3.56892082208968));
#3537=CARTESIAN_POINT('Ctrl Pts',(156.942923340641,-93.9308617194035,-2.57330784527174));
#3538=CARTESIAN_POINT('Ctrl Pts',(156.938284469446,-93.9315260729992,-3.5776517636917));
#3539=CARTESIAN_POINT('Ctrl Pts',(156.938284469446,-93.8379589826752,-2.58203878687375));
#3540=CARTESIAN_POINT('Ctrl Pts',(156.917453074012,-93.8229710590832,-3.58785369660007));
#3541=CARTESIAN_POINT('Ctrl Pts',(156.917453074012,-93.7294039687592,-2.59224071978212));
#3542=CARTESIAN_POINT('Ctrl Pts',(156.876072265594,-93.7034708943482,-3.59908424799689));
#3543=CARTESIAN_POINT('Ctrl Pts',(156.876072265594,-93.6099038040242,-2.60347127117894));
#3544=CARTESIAN_POINT('Ctrl Pts',(156.816969055981,-93.5773560935293,-3.61093643879209));
#3545=CARTESIAN_POINT('Ctrl Pts',(156.816969055981,-93.4837890032053,-2.61532346197414));
#3546=CARTESIAN_POINT('Ctrl Pts',(156.746759782415,-93.4474553153468,-3.62314443339277));
#3547=CARTESIAN_POINT('Ctrl Pts',(156.746759782415,-93.3538882250228,-2.62753145657482));
#3548=CARTESIAN_POINT('Ctrl Pts',(156.670860349614,-93.3135993467147,-3.63572413433986));
#3549=CARTESIAN_POINT('Ctrl Pts',(156.670860349614,-93.2200322563906,-2.64011115752191));
#3550=CARTESIAN_POINT('Ctrl Pts',(156.593029753993,-93.1732491881162,-3.64891415523387));
#3551=CARTESIAN_POINT('Ctrl Pts',(156.593029753993,-93.0796820977922,-2.65330117841592));
#3552=CARTESIAN_POINT('Ctrl Pts',(156.515812485782,-93.0226461851582,-3.66306773208446));
#3553=CARTESIAN_POINT('Ctrl Pts',(156.515812485782,-92.9290790948342,-2.66745475526651));
#3554=CARTESIAN_POINT('Ctrl Pts',(156.440695984466,-92.8578224176073,-3.67855776757523));
#3555=CARTESIAN_POINT('Ctrl Pts',(156.440695984466,-92.7642553272832,-2.68294479075728));
#3556=CARTESIAN_POINT('Ctrl Pts',(156.368379193415,-92.6755880977702,-3.69568403597605));
#3557=CARTESIAN_POINT('Ctrl Pts',(156.368379193415,-92.5820210074462,-2.7000710591581));
#3558=CARTESIAN_POINT('Ctrl Pts',(156.299011503297,-92.4747275142432,-3.71456078909097));
#3559=CARTESIAN_POINT('Ctrl Pts',(156.299011503297,-92.3811604239192,-2.71894781227302));
#3560=CARTESIAN_POINT('Ctrl Pts',(156.232378465682,-92.2563788395368,-3.73508106217307));
#3561=CARTESIAN_POINT('Ctrl Pts',(156.232378465682,-92.1628117492128,-2.73946808535512));
#3562=CARTESIAN_POINT('Ctrl Pts',(156.167977751473,-92.0233005180656,-3.75698561832637));
#3563=CARTESIAN_POINT('Ctrl Pts',(156.167977751473,-91.9297334277416,-2.76137264150842));
#3564=CARTESIAN_POINT('Ctrl Pts',(156.1051237679,-91.7794170935604,-3.77990563136411));
#3565=CARTESIAN_POINT('Ctrl Pts',(156.1051237679,-91.6858500032364,-2.78429265454616));
#3566=CARTESIAN_POINT('Ctrl Pts',(156.043041306306,-91.5292480955201,-3.8034163587059));
#3567=CARTESIAN_POINT('Ctrl Pts',(156.043041306306,-91.435681005196,-2.80780338188795));
#3568=CARTESIAN_POINT('Ctrl Pts',(155.980962167881,-91.2773953242273,-3.82708532601408));
#3569=CARTESIAN_POINT('Ctrl Pts',(155.980962167881,-91.1838282339033,-2.83147234919613));
#3570=CARTESIAN_POINT('Ctrl Pts',(155.918224501194,-91.0279856054826,-3.85052469675837));
#3571=CARTESIAN_POINT('Ctrl Pts',(155.918224501194,-90.9344185151586,-2.85491171994042));
#3572=CARTESIAN_POINT('Ctrl Pts',(155.854361600965,-90.7841782469066,-3.87343756116724));
#3573=CARTESIAN_POINT('Ctrl Pts',(155.854361600965,-90.6906111565826,-2.87782458434929));
#3574=CARTESIAN_POINT('Ctrl Pts',(155.789219280849,-90.5475278536379,-3.89567781841354));
#3575=CARTESIAN_POINT('Ctrl Pts',(155.789219280849,-90.4539607633139,-2.9000648415956));
#3576=CARTESIAN_POINT('Ctrl Pts',(155.722918465622,-90.3181018094807,-3.91723913580913));
#3577=CARTESIAN_POINT('Ctrl Pts',(155.722918465622,-90.2245347191567,-2.92162615899119));
#3578=CARTESIAN_POINT('Ctrl Pts',(155.655759447466,-90.0948804903954,-3.93821733698913));
#3579=CARTESIAN_POINT('Ctrl Pts',(155.655759447466,-90.0013134000714,-2.94260436017118));
#3580=CARTESIAN_POINT('Ctrl Pts',(155.588144846585,-89.8760663831574,-3.958781351132));
#3581=CARTESIAN_POINT('Ctrl Pts',(155.588144846585,-89.7824992928334,-2.96316837431405));
#3582=CARTESIAN_POINT('Ctrl Pts',(155.520495507322,-89.6594288473427,-3.97914081244188));
#3583=CARTESIAN_POINT('Ctrl Pts',(155.520495507322,-89.5658617570187,-2.98352783562393));
#3584=CARTESIAN_POINT('Ctrl Pts',(155.453167725045,-89.4426389906766,-3.99951458877095));
#3585=CARTESIAN_POINT('Ctrl Pts',(155.453167725045,-89.3490719003526,-3.003901611953));
#3586=CARTESIAN_POINT('Ctrl Pts',(155.3863738616,-89.2235961960935,-4.02010009480874));
#3587=CARTESIAN_POINT('Ctrl Pts',(155.3863738616,-89.1300291057695,-3.02448711799079));
#3588=CARTESIAN_POINT('Ctrl Pts',(155.320092005839,-89.0007884517447,-4.04103942849139));
#3589=CARTESIAN_POINT('Ctrl Pts',(155.320092005839,-88.9072213614207,-3.04542645167345));
#3590=CARTESIAN_POINT('Ctrl Pts',(155.254009313491,-88.7735460025866,-4.0623955329827));
#3591=CARTESIAN_POINT('Ctrl Pts',(155.254009313491,-88.6799789122625,-3.06678255616475));
#3592=CARTESIAN_POINT('Ctrl Pts',(155.187607678879,-88.5418424571299,-4.08417088853846));
#3593=CARTESIAN_POINT('Ctrl Pts',(155.187607678879,-88.4482753668059,-3.08855791172051));
#3594=CARTESIAN_POINT('Ctrl Pts',(155.120228490401,-88.306162152443,-4.10631997746126));
#3595=CARTESIAN_POINT('Ctrl Pts',(155.120228490401,-88.212595062119,-3.11070700064331));
#3596=CARTESIAN_POINT('Ctrl Pts',(155.051145977756,-88.0673409132764,-4.12876424945921));
#3597=CARTESIAN_POINT('Ctrl Pts',(155.051145977756,-87.9737738229524,-3.13315127264126));
#3598=CARTESIAN_POINT('Ctrl Pts',(154.979635921292,-87.8264198431942,-4.15140586226481));
#3599=CARTESIAN_POINT('Ctrl Pts',(154.979635921292,-87.7328527528702,-3.15579288544686));
#3600=CARTESIAN_POINT('Ctrl Pts',(154.905048620043,-87.5844895862027,-4.17414231783049));
#3601=CARTESIAN_POINT('Ctrl Pts',(154.905048620043,-87.4909224958787,-3.17852934101254));
#3602=CARTESIAN_POINT('Ctrl Pts',(154.826874743499,-87.342547850855,-4.19687985212497));
#3603=CARTESIAN_POINT('Ctrl Pts',(154.826874743499,-87.248980760531,-3.20126687530702));
#3604=CARTESIAN_POINT('Ctrl Pts',(154.744827126428,-87.1013288956176,-4.21954945999277));
#3605=CARTESIAN_POINT('Ctrl Pts',(154.744827126428,-87.0077618052936,-3.22393648317482));
#3606=CARTESIAN_POINT('Ctrl Pts',(154.658870705435,-86.8612230925462,-4.24211445451012));
#3607=CARTESIAN_POINT('Ctrl Pts',(154.658870705435,-86.7676560022222,-3.24650147769217));
#3608=CARTESIAN_POINT('Ctrl Pts',(154.569168213778,-86.6223424445488,-4.26456430971317));
#3609=CARTESIAN_POINT('Ctrl Pts',(154.569168213778,-86.5287753542248,-3.26895133289522));
#3610=CARTESIAN_POINT('Ctrl Pts',(154.476045348712,-86.384552408296,-4.28691166990058));
#3611=CARTESIAN_POINT('Ctrl Pts',(154.476045348712,-86.290985317972,-3.29129869308263));
#3612=CARTESIAN_POINT('Ctrl Pts',(154.379948102357,-86.1475172166228,-4.30918809026238));
#3613=CARTESIAN_POINT('Ctrl Pts',(154.379948102357,-86.0539501262988,-3.31357511344443));
#3614=CARTESIAN_POINT('Ctrl Pts',(154.281403436393,-85.9107395775794,-4.3314403059877));
#3615=CARTESIAN_POINT('Ctrl Pts',(154.281403436393,-85.8171724872554,-3.33582732916975));
#3616=CARTESIAN_POINT('Ctrl Pts',(154.180978535607,-85.6736024453301,-4.35372630666163));
#3617=CARTESIAN_POINT('Ctrl Pts',(154.180978535607,-85.5800353550061,-3.35811332984369));
#3618=CARTESIAN_POINT('Ctrl Pts',(154.079240633317,-85.4354107070751,-4.37611141855418));
#3619=CARTESIAN_POINT('Ctrl Pts',(154.079240633317,-85.3418436167511,-3.38049844173624));
#3620=CARTESIAN_POINT('Ctrl Pts',(153.976716686451,-85.1954309677183,-4.39866456568179));
#3621=CARTESIAN_POINT('Ctrl Pts',(153.976716686451,-85.1018638773943,-3.40305158886384));
#3622=CARTESIAN_POINT('Ctrl Pts',(153.87385283421,-84.9529380638086,-4.42145389845603));
#3623=CARTESIAN_POINT('Ctrl Pts',(153.87385283421,-84.8593709734846,-3.42584092163808));
#3624=CARTESIAN_POINT('Ctrl Pts',(153.770972737782,-84.7072899110673,-4.44453975955934));
#3625=CARTESIAN_POINT('Ctrl Pts',(153.770972737782,-84.6137228207433,-3.44892678274139));
#3626=CARTESIAN_POINT('Ctrl Pts',(153.668235868228,-84.4579983381879,-4.46796802702846));
#3627=CARTESIAN_POINT('Ctrl Pts',(153.668235868228,-84.3644312478639,-3.47235505021051));
#3628=CARTESIAN_POINT('Ctrl Pts',(153.565596287124,-84.2048011391811,-4.49176334281972));
#3629=CARTESIAN_POINT('Ctrl Pts',(153.565596287124,-84.1112340488571,-3.49615036600177));
#3630=CARTESIAN_POINT('Ctrl Pts',(153.462760136153,-83.9477344062622,-4.51592231500909));
#3631=CARTESIAN_POINT('Ctrl Pts',(153.462760136153,-83.8541673159382,-3.52030933819114));
#3632=CARTESIAN_POINT('Ctrl Pts',(153.359146185139,-83.6872028909724,-4.54040690529766));
#3633=CARTESIAN_POINT('Ctrl Pts',(153.359146185139,-83.5936358006484,-3.54479392847971));
#3634=CARTESIAN_POINT('Ctrl Pts',(153.253839244149,-83.4240555190331,-4.56513733217244));
#3635=CARTESIAN_POINT('Ctrl Pts',(153.253839244149,-83.3304884287091,-3.56952435535449));
#3636=CARTESIAN_POINT('Ctrl Pts',(153.145560248361,-83.1596486270871,-4.58998612795659));
#3637=CARTESIAN_POINT('Ctrl Pts',(153.145560248361,-83.0660815367631,-3.59437315113864));
#3638=CARTESIAN_POINT('Ctrl Pts',(153.032595502067,-82.8959393875358,-4.6147693588012));
#3639=CARTESIAN_POINT('Ctrl Pts',(153.032595502067,-82.8023722972118,-3.61915638198326));
#3640=CARTESIAN_POINT('Ctrl Pts',(152.912877849573,-82.6354668190187,-4.63924840930862));
#3641=CARTESIAN_POINT('Ctrl Pts',(152.912877849573,-82.5418997286947,-3.64363543249068));
#3642=CARTESIAN_POINT('Ctrl Pts',(152.784215019826,-82.381223653882,-4.66314202434831));
#3643=CARTESIAN_POINT('Ctrl Pts',(152.784215019826,-82.287656563558,-3.66752904753037));
#3644=CARTESIAN_POINT('Ctrl Pts',(152.644478149769,-82.1365580743443,-4.68613554383111));
#3645=CARTESIAN_POINT('Ctrl Pts',(152.644478149769,-82.0429909840203,-3.69052256701316));
#3646=CARTESIAN_POINT('Ctrl Pts',(152.491805765186,-81.9050631210099,-4.70789129602854));
#3647=CARTESIAN_POINT('Ctrl Pts',(152.491805765186,-81.8114960306858,-3.71227831921059));
#3648=CARTESIAN_POINT('Ctrl Pts',(152.32480304671,-81.6904716431753,-4.72805847007792));
#3649=CARTESIAN_POINT('Ctrl Pts',(152.32480304671,-81.5969045528513,-3.73244549325997));
#3650=CARTESIAN_POINT('Ctrl Pts',(152.142738706749,-81.496548259756,-4.74628326942748));
#3651=CARTESIAN_POINT('Ctrl Pts',(152.142738706749,-81.402981169432,-3.75067029260954));
#3652=CARTESIAN_POINT('Ctrl Pts',(151.945753173513,-81.3269840145175,-4.76221881207244));
#3653=CARTESIAN_POINT('Ctrl Pts',(151.945753173513,-81.2334169241935,-3.76660583525449));
#3654=CARTESIAN_POINT('Ctrl Pts',(151.73503774652,-81.1852865638793,-4.77553545063708));
#3655=CARTESIAN_POINT('Ctrl Pts',(151.73503774652,-81.0917194735553,-3.77992247381913));
#3656=CARTESIAN_POINT('Ctrl Pts',(151.513089268866,-81.0746808859682,-4.78593010367639));
#3657=CARTESIAN_POINT('Ctrl Pts',(151.513089268866,-80.9811137956442,-3.79031712685844));
#3658=CARTESIAN_POINT('Ctrl Pts',(151.283451888568,-80.9979410468745,-4.79314206617901));
#3659=CARTESIAN_POINT('Ctrl Pts',(151.283451888568,-80.9043739565505,-3.79752908936106));
#3660=CARTESIAN_POINT('Ctrl Pts',(151.050334425392,-80.957206877582,-4.79697023815568));
#3661=CARTESIAN_POINT('Ctrl Pts',(151.050334425392,-80.863639787258,-3.80135726133773));
#3662=CARTESIAN_POINT('Ctrl Pts',(150.818267733903,-80.9538026493807,-4.79729016541156));
#3663=CARTESIAN_POINT('Ctrl Pts',(150.818267733903,-80.8602355590567,-3.80167718859361));
#3664=CARTESIAN_POINT('Ctrl Pts',(150.591750643253,-80.9880619081095,-4.7940705015155));
#3665=CARTESIAN_POINT('Ctrl Pts',(150.591750643253,-80.8944948177855,-3.79845752469755));
#3666=CARTESIAN_POINT('Ctrl Pts',(150.37488844225,-81.0591334764209,-4.78739123958691));
#3667=CARTESIAN_POINT('Ctrl Pts',(150.37488844225,-80.9655663860969,-3.79177826276897));
#3668=CARTESIAN_POINT('Ctrl Pts',(150.171063509683,-81.1648334457657,-4.77745762199734));
#3669=CARTESIAN_POINT('Ctrl Pts',(150.171063509683,-81.0712663554417,-3.78184464517939));
#3670=CARTESIAN_POINT('Ctrl Pts',(149.982519177598,-81.3013819004262,-4.76462488288253));
#3671=CARTESIAN_POINT('Ctrl Pts',(149.982519177598,-81.2078148101022,-3.76901190606458));
#3672=CARTESIAN_POINT('Ctrl Pts',(149.810330521152,-81.4636463610485,-4.74937536947025));
#3673=CARTESIAN_POINT('Ctrl Pts',(149.810330521152,-81.3700792707245,-3.7537623926523));
#3674=CARTESIAN_POINT('Ctrl Pts',(149.654603670653,-81.6456820405094,-4.73226776916883));
#3675=CARTESIAN_POINT('Ctrl Pts',(149.654603670653,-81.5521149501854,-3.73665479235088));
#3676=CARTESIAN_POINT('Ctrl Pts',(149.514605138171,-81.8411840117932,-4.71389461511041));
#3677=CARTESIAN_POINT('Ctrl Pts',(149.514605138171,-81.7476169214692,-3.71828163829246));
#3678=CARTESIAN_POINT('Ctrl Pts',(149.38892057895,-82.0439703535801,-4.69483688042812));
#3679=CARTESIAN_POINT('Ctrl Pts',(149.38892057895,-81.950403263256,-3.69922390361017));
#3680=CARTESIAN_POINT('Ctrl Pts',(149.275599841539,-82.2484646388972,-4.6756186342717));
#3681=CARTESIAN_POINT('Ctrl Pts',(149.275599841539,-82.1548975485731,-3.68000565745375));
#3682=CARTESIAN_POINT('Ctrl Pts',(149.172310445333,-82.4501492982153,-4.65666443502482));
#3683=CARTESIAN_POINT('Ctrl Pts',(149.172310445333,-82.3565822078913,-3.66105145820687));
#3684=CARTESIAN_POINT('Ctrl Pts',(149.076481351659,-82.6461023113065,-4.63824889233697));
#3685=CARTESIAN_POINT('Ctrl Pts',(149.076481351659,-82.5525352209825,-3.64263591551902));
#3686=CARTESIAN_POINT('Ctrl Pts',(148.985469863053,-82.8352749465873,-4.6204705653522));
#3687=CARTESIAN_POINT('Ctrl Pts',(148.985469863053,-82.7417078562632,-3.62485758853425));
#3688=CARTESIAN_POINT('Ctrl Pts',(148.896791694539,-83.0179781691632,-4.60330022976268));
#3689=CARTESIAN_POINT('Ctrl Pts',(148.896791694539,-82.9244110788392,-3.60768725294473));
#3690=CARTESIAN_POINT('Ctrl Pts',(148.808343809386,-83.195504207774,-4.58661644271256));
#3691=CARTESIAN_POINT('Ctrl Pts',(148.808343809386,-83.10193711745,-3.59100346589461));
#3692=CARTESIAN_POINT('Ctrl Pts',(148.718622512999,-83.3697002542616,-4.57024560625773));
#3693=CARTESIAN_POINT('Ctrl Pts',(148.718622512999,-83.2761331639376,-3.57463262943978));
#3694=CARTESIAN_POINT('Ctrl Pts',(148.62696092094,-83.542550176703,-4.55400127770622));
#3695=CARTESIAN_POINT('Ctrl Pts',(148.62696092094,-83.448983086379,-3.55838830088828));
#3696=CARTESIAN_POINT('Ctrl Pts',(148.533717453372,-83.7157818549649,-4.53772107197938));
#3697=CARTESIAN_POINT('Ctrl Pts',(148.533717453372,-83.6222147646409,-3.54210809516143));
#3698=CARTESIAN_POINT('Ctrl Pts',(148.440589666437,-83.8903890045565,-4.52131160030971));
#3699=CARTESIAN_POINT('Ctrl Pts',(148.440589666437,-83.7968219142324,-3.52569862349176));
#3700=CARTESIAN_POINT('Ctrl Pts',(148.350259352081,-84.0666262277632,-4.50474893533226));
#3701=CARTESIAN_POINT('Ctrl Pts',(148.350259352081,-83.9730591374392,-3.50913595851431));
#3702=CARTESIAN_POINT('Ctrl Pts',(148.265770987744,-84.2441881101729,-4.48806177970414));
#3703=CARTESIAN_POINT('Ctrl Pts',(148.265770987744,-84.1506210198489,-3.4924488028862));
#3704=CARTESIAN_POINT('Ctrl Pts',(148.190011384155,-84.4223285397334,-4.47132025257348));
#3705=CARTESIAN_POINT('Ctrl Pts',(148.190011384155,-84.3287614494093,-3.47570727575553));
#3706=CARTESIAN_POINT('Ctrl Pts',(148.125115080881,-84.600004571702,-4.45462236924058));
#3707=CARTESIAN_POINT('Ctrl Pts',(148.125115080881,-84.506437481378,-3.45900939242263));
#3708=CARTESIAN_POINT('Ctrl Pts',(148.071976061009,-84.776010643836,-4.43808142769764));
#3709=CARTESIAN_POINT('Ctrl Pts',(148.071976061009,-84.682443553512,-3.44246845087969));
#3710=CARTESIAN_POINT('Ctrl Pts',(148.029529736146,-84.949114763629,-4.42181320983663));
#3711=CARTESIAN_POINT('Ctrl Pts',(148.029529736146,-84.855547673305,-3.42620023301868));
#3712=CARTESIAN_POINT('Ctrl Pts',(147.994861755224,-85.1182022607532,-4.40592247168388));
#3713=CARTESIAN_POINT('Ctrl Pts',(147.994861755224,-85.0246351704292,-3.41030949486594));
#3714=CARTESIAN_POINT('Ctrl Pts',(147.964132739754,-85.282428631057,-4.39048857921604));
#3715=CARTESIAN_POINT('Ctrl Pts',(147.964132739754,-85.188861540733,-3.39487560239809));
#3716=CARTESIAN_POINT('Ctrl Pts',(147.933287234069,-85.4413716214179,-4.37555121551976));
#3717=CARTESIAN_POINT('Ctrl Pts',(147.933287234069,-85.3478045310939,-3.37993823870181));
#3718=CARTESIAN_POINT('Ctrl Pts',(147.898839220994,-85.595179632402,-4.36109643400184));
#3719=CARTESIAN_POINT('Ctrl Pts',(147.898839220994,-85.501612542078,-3.3654834571839));
#3720=CARTESIAN_POINT('Ctrl Pts',(147.858652156697,-85.7447311125884,-4.34704167860942));
#3721=CARTESIAN_POINT('Ctrl Pts',(147.858652156697,-85.6511640222644,-3.35142870179148));
#3722=CARTESIAN_POINT('Ctrl Pts',(147.812643632916,-85.8917624314032,-4.33322376642033));
#3723=CARTESIAN_POINT('Ctrl Pts',(147.812643632916,-85.7981953410791,-3.33761078960238));
#3724=CARTESIAN_POINT('Ctrl Pts',(147.762129557754,-86.0385293562906,-4.3194307018086));
#3725=CARTESIAN_POINT('Ctrl Pts',(147.762129557754,-85.9449622659666,-3.32381772499066));
#3726=CARTESIAN_POINT('Ctrl Pts',(147.709248576004,-86.1874951034443,-4.30543099324347));
#3727=CARTESIAN_POINT('Ctrl Pts',(147.709248576004,-86.0939280131203,-3.30981801642552));
#3728=CARTESIAN_POINT('Ctrl Pts',(147.656357035902,-86.3410087944226,-4.29100387173723));
#3729=CARTESIAN_POINT('Ctrl Pts',(147.656357035902,-86.2474417040986,-3.29539089491928));
#3730=CARTESIAN_POINT('Ctrl Pts',(147.605434038395,-86.5009869374335,-4.27596922503665));
#3731=CARTESIAN_POINT('Ctrl Pts',(147.605434038395,-86.4074198471095,-3.2803562482187));
#3732=CARTESIAN_POINT('Ctrl Pts',(147.557488956906,-86.668596349811,-4.26021739637207));
#3733=CARTESIAN_POINT('Ctrl Pts',(147.557488956906,-86.575029259487,-3.26460441955412));
#3734=CARTESIAN_POINT('Ctrl Pts',(147.512778966706,-86.8441512323095,-4.24371885735136));
#3735=CARTESIAN_POINT('Ctrl Pts',(147.512778966706,-86.7505841419854,-3.24810588053341));
#3736=CARTESIAN_POINT('Ctrl Pts',(147.471015721309,-87.0270133810556,-4.22653358597888));
#3737=CARTESIAN_POINT('Ctrl Pts',(147.471015721309,-86.9334462907316,-3.23092060916093));
#3738=CARTESIAN_POINT('Ctrl Pts',(147.431579348612,-87.2154801961094,-4.20882159154147));
#3739=CARTESIAN_POINT('Ctrl Pts',(147.431579348612,-87.1219131057853,-3.21320861472352));
#3740=CARTESIAN_POINT('Ctrl Pts',(147.393722029839,-87.4067029210119,-4.19085059840501));
#3741=CARTESIAN_POINT('Ctrl Pts',(147.393722029839,-87.3131358306879,-3.19523762158706));
#3742=CARTESIAN_POINT('Ctrl Pts',(147.35679348328,-87.596532100942,-4.17301056976113));
#3743=CARTESIAN_POINT('Ctrl Pts',(147.35679348328,-87.502965010618,-3.17739759294318));
#3744=CARTESIAN_POINT('Ctrl Pts',(147.320404851419,-87.7795740629271,-4.15580839965193));
#3745=CARTESIAN_POINT('Ctrl Pts',(147.320404851419,-87.6860069726031,-3.16019542283398));
#3746=CARTESIAN_POINT('Ctrl Pts',(147.284240744619,-87.9504844965595,-4.1397463430563));
#3747=CARTESIAN_POINT('Ctrl Pts',(147.284240744619,-87.8569174062355,-3.14413336623835));
#3748=CARTESIAN_POINT('Ctrl Pts',(147.247919737061,-88.1050755160006,-4.12521797488903));
#3749=CARTESIAN_POINT('Ctrl Pts',(147.247919737061,-88.0115084256765,-3.12960499807108));
#3750=CARTESIAN_POINT('Ctrl Pts',(147.210823738432,-88.2415711618167,-4.11239019871667));
#3751=CARTESIAN_POINT('Ctrl Pts',(147.210823738432,-88.1480040714927,-3.11677722189873));
#3752=CARTESIAN_POINT('Ctrl Pts',(147.171969122734,-88.3616241370835,-4.1011076945288));
#3753=CARTESIAN_POINT('Ctrl Pts',(147.171969122734,-88.2680570467595,-3.10549471771085));
#3754=CARTESIAN_POINT('Ctrl Pts',(147.129786415866,-88.4718873331335,-4.09074522772247));
#3755=CARTESIAN_POINT('Ctrl Pts',(147.129786415866,-88.3783202428095,-3.09513225090452));
#3756=CARTESIAN_POINT('Ctrl Pts',(147.082402234311,-88.5825156024195,-4.08034845155975));
#3757=CARTESIAN_POINT('Ctrl Pts',(147.082402234311,-88.4889485120954,-3.0847354747418));
#3758=CARTESIAN_POINT('Ctrl Pts',(147.028122483816,-88.7044677952951,-4.06888746007843));
#3759=CARTESIAN_POINT('Ctrl Pts',(147.028122483816,-88.6109007049711,-3.07327448326048));
#3760=CARTESIAN_POINT('Ctrl Pts',(146.965807167686,-88.8474039649314,-4.0554544074703));
#3761=CARTESIAN_POINT('Ctrl Pts',(146.965807167686,-88.7538368746074,-3.05984143065235));
#3762=CARTESIAN_POINT('Ctrl Pts',(146.895391335058,-89.0168545567953,-4.03952954589903));
#3763=CARTESIAN_POINT('Ctrl Pts',(146.895391335058,-88.9232874664713,-3.04391656908108));
#3764=CARTESIAN_POINT('Ctrl Pts',(146.817908551724,-89.2137685310584,-4.021023692676));
#3765=CARTESIAN_POINT('Ctrl Pts',(146.817908551724,-89.1202014407344,-3.02541071585805));
#3766=CARTESIAN_POINT('Ctrl Pts',(146.735149040968,-89.4357917425463,-4.00015808890523));
#3767=CARTESIAN_POINT('Ctrl Pts',(146.735149040968,-89.3422246522223,-3.00454511208728));
#3768=CARTESIAN_POINT('Ctrl Pts',(146.649423172722,-89.6780473382733,-3.97739105820689));
#3769=CARTESIAN_POINT('Ctrl Pts',(146.649423172722,-89.5844802479493,-2.98177808138894));
#3770=CARTESIAN_POINT('Ctrl Pts',(146.563281515757,-89.9341212490802,-3.9533253908241));
#3771=CARTESIAN_POINT('Ctrl Pts',(146.563281515757,-89.8405541587561,-2.95771241400615));
#3772=CARTESIAN_POINT('Ctrl Pts',(146.479253784711,-90.1969588837822,-3.92862407286286));
#3773=CARTESIAN_POINT('Ctrl Pts',(146.479253784711,-90.1033917934582,-2.93301109604492));
#3774=CARTESIAN_POINT('Ctrl Pts',(146.399579007005,-90.4598021304,-3.90392222749726));
#3775=CARTESIAN_POINT('Ctrl Pts',(146.399579007005,-90.366235040076,-2.90830925067931));
#3776=CARTESIAN_POINT('Ctrl Pts',(146.325941004013,-90.7171040464567,-3.8797411529424));
#3777=CARTESIAN_POINT('Ctrl Pts',(146.325941004013,-90.6235369561327,-2.88412817612445));
#3778=CARTESIAN_POINT('Ctrl Pts',(146.259197353255,-90.9654668050017,-3.8564001748686));
#3779=CARTESIAN_POINT('Ctrl Pts',(146.259197353255,-90.8718997146777,-2.86078719805065));
#3780=CARTESIAN_POINT('Ctrl Pts',(146.199507643846,-91.203296269292,-3.83404910925866));
#3781=CARTESIAN_POINT('Ctrl Pts',(146.199507643846,-91.109729178968,-2.83843613244071));
#3782=CARTESIAN_POINT('Ctrl Pts',(146.146466440864,-91.4304422940933,-3.81270206666863));
#3783=CARTESIAN_POINT('Ctrl Pts',(146.146466440864,-91.3368752037692,-2.81708908985068));
#3784=CARTESIAN_POINT('Ctrl Pts',(146.099234903179,-91.6478421646332,-3.79227096161387));
#3785=CARTESIAN_POINT('Ctrl Pts',(146.099234903179,-91.5542750743092,-2.79665798479592));
#3786=CARTESIAN_POINT('Ctrl Pts',(146.056672119335,-91.857167354607,-3.77259871003278));
#3787=CARTESIAN_POINT('Ctrl Pts',(146.056672119335,-91.763600264283,-2.77698573321483));
#3788=CARTESIAN_POINT('Ctrl Pts',(146.017468530729,-92.0604581159863,-3.7534935703099));
#3789=CARTESIAN_POINT('Ctrl Pts',(146.017468530729,-91.9668910256623,-2.75788059349195));
#3790=CARTESIAN_POINT('Ctrl Pts',(145.980273856479,-92.2597884263866,-3.73476063131473));
#3791=CARTESIAN_POINT('Ctrl Pts',(145.980273856479,-92.1662213360626,-2.73914765449678));
#3792=CARTESIAN_POINT('Ctrl Pts',(145.943838793788,-92.4568555414169,-3.71624038601734));
#3793=CARTESIAN_POINT('Ctrl Pts',(145.943838793788,-92.3632884510929,-2.72062740919939));
#3794=CARTESIAN_POINT('Ctrl Pts',(145.907104183752,-92.6528570426144,-3.69782028644731));
#3795=CARTESIAN_POINT('Ctrl Pts',(145.907104183752,-92.5592899522904,-2.70220730962936));
#3796=CARTESIAN_POINT('Ctrl Pts',(145.869243295155,-92.8486266401025,-3.67942198104413));
#3797=CARTESIAN_POINT('Ctrl Pts',(145.869243295155,-92.7550595497785,-2.68380900422619));
#3798=CARTESIAN_POINT('Ctrl Pts',(145.829716640286,-93.0446974394116,-3.66099536888055));
#3799=CARTESIAN_POINT('Ctrl Pts',(145.829716640286,-92.9511303490876,-2.6653823920626));
#3800=CARTESIAN_POINT('Ctrl Pts',(145.788322818463,-93.241395854426,-3.64250977378208));
#3801=CARTESIAN_POINT('Ctrl Pts',(145.788322818463,-93.147828764102,-2.64689679696413));
#3802=CARTESIAN_POINT('Ctrl Pts',(145.745248382111,-93.4389202682756,-3.62394655182515));
#3803=CARTESIAN_POINT('Ctrl Pts',(145.745248382111,-93.3453531779516,-2.6283335750072));
#3804=CARTESIAN_POINT('Ctrl Pts',(145.701124493901,-93.6374312984339,-3.6052906082792));
#3805=CARTESIAN_POINT('Ctrl Pts',(145.701124493901,-93.5438642081099,-2.60967763146125));
#3806=CARTESIAN_POINT('Ctrl Pts',(145.657062381461,-93.8371226563899,-3.58652373825857));
#3807=CARTESIAN_POINT('Ctrl Pts',(145.657062381461,-93.7435555660659,-2.59091076144063));
#3808=CARTESIAN_POINT('Ctrl Pts',(145.614463489284,-94.0381193975428,-3.56763418913439));
#3809=CARTESIAN_POINT('Ctrl Pts',(145.614463489284,-93.9445523072187,-2.57202121231644));
#3810=CARTESIAN_POINT('Ctrl Pts',(145.57484489486,-94.2403858244385,-3.54862531573123));
#3811=CARTESIAN_POINT('Ctrl Pts',(145.57484489486,-94.1468187341145,-2.55301233891328));
#3812=CARTESIAN_POINT('Ctrl Pts',(145.539662373672,-94.4436356630725,-3.52952402190258));
#3813=CARTESIAN_POINT('Ctrl Pts',(145.539662373672,-94.3500685727485,-2.53391104508463));
#3814=CARTESIAN_POINT('Ctrl Pts',(145.510126602756,-94.6472278142368,-3.51039055775456));
#3815=CARTESIAN_POINT('Ctrl Pts',(145.510126602756,-94.5536607239128,-2.51477758093662));
#3816=CARTESIAN_POINT('Ctrl Pts',(145.487040646913,-94.8500996954654,-3.49132478412857));
#3817=CARTESIAN_POINT('Ctrl Pts',(145.487040646913,-94.7565326051414,-2.49571180731062));
#3818=CARTESIAN_POINT('Ctrl Pts',(145.470582796065,-95.0506064404423,-3.47248128454122));
#3819=CARTESIAN_POINT('Ctrl Pts',(145.470582796065,-94.9570393501183,-2.47686830772327));
#3820=CARTESIAN_POINT('Ctrl Pts',(145.460299222968,-95.2467219888929,-3.45405046688106));
#3821=CARTESIAN_POINT('Ctrl Pts',(145.460299222968,-95.1531548985689,-2.45843749006311));
#3822=CARTESIAN_POINT('Ctrl Pts',(145.455285843689,-95.4365769305338,-3.43620801716757));
#3823=CARTESIAN_POINT('Ctrl Pts',(145.455285843689,-95.3430098402098,-2.44059504034962));
#3824=CARTESIAN_POINT('Ctrl Pts',(145.454316485685,-95.6188850637449,-3.41907481183161));
#3825=CARTESIAN_POINT('Ctrl Pts',(145.454316485685,-95.5253179734208,-2.42346183501366));
#3826=CARTESIAN_POINT('Ctrl Pts',(145.455995088687,-95.7934534050682,-3.40266898733893));
#3827=CARTESIAN_POINT('Ctrl Pts',(145.455995088687,-95.6998863147442,-2.40705601052098));
#3828=CARTESIAN_POINT('Ctrl Pts',(145.45889291507,-95.9615688676637,-3.38686960038858));
#3829=CARTESIAN_POINT('Ctrl Pts',(145.45889291507,-95.8680017773397,-2.39125662357063));
#3830=CARTESIAN_POINT('Ctrl Pts',(145.461703768907,-96.1266540797389,-3.3713549945035));
#3831=CARTESIAN_POINT('Ctrl Pts',(145.461703768907,-96.0330869894149,-2.37574201768555));
#3832=CARTESIAN_POINT('Ctrl Pts',(145.463346895378,-96.2939639125627,-3.35563132013964));
#3833=CARTESIAN_POINT('Ctrl Pts',(145.463346895378,-96.2003968222387,-2.36001834332169));
#3834=CARTESIAN_POINT('Ctrl Pts',(145.463019185554,-96.469247460132,-3.33915828100736));
#3835=CARTESIAN_POINT('Ctrl Pts',(145.463019185554,-96.3756803698079,-2.34354530418941));
#3836=CARTESIAN_POINT('Ctrl Pts',(145.4602576216,-96.6577162474603,-3.3214461012168));
#3837=CARTESIAN_POINT('Ctrl Pts',(145.4602576216,-96.5641491571363,-2.32583312439886));
#3838=CARTESIAN_POINT('Ctrl Pts',(145.455004377997,-96.862821156354,-3.30217046903522));
#3839=CARTESIAN_POINT('Ctrl Pts',(145.455004377997,-96.76925406603,-2.30655749221727));
#3840=CARTESIAN_POINT('Ctrl Pts',(145.447654965711,-97.0852650708863,-3.28126532785316));
#3841=CARTESIAN_POINT('Ctrl Pts',(145.447654965711,-96.9916979805623,-2.28565235103521));
#3842=CARTESIAN_POINT('Ctrl Pts',(145.439153537538,-97.3215264807906,-3.25906162702229));
#3843=CARTESIAN_POINT('Ctrl Pts',(145.439153537538,-97.2279593904666,-2.26344865020434));
#3844=CARTESIAN_POINT('Ctrl Pts',(145.430874514096,-97.5644747298144,-3.23622950119653));
#3845=CARTESIAN_POINT('Ctrl Pts',(145.430874514096,-97.4709076394904,-2.24061652437858));
#3846=CARTESIAN_POINT('Ctrl Pts',(145.424383817341,-97.8051534365549,-3.21361066554753));
#3847=CARTESIAN_POINT('Ctrl Pts',(145.424383817341,-97.7115863462309,-2.21799768872958));
#3848=CARTESIAN_POINT('Ctrl Pts',(145.421234504652,-98.0342264577862,-3.19208252502766));
#3849=CARTESIAN_POINT('Ctrl Pts',(145.421234504652,-97.9406593674622,-2.19646954820971));
#3850=CARTESIAN_POINT('Ctrl Pts',(145.422753842388,-98.2435179941137,-3.17241343619538));
#3851=CARTESIAN_POINT('Ctrl Pts',(145.422753842388,-98.1499509037897,-2.17680045937743));
#3852=CARTESIAN_POINT('Ctrl Pts',(145.429820930732,-98.4276174786508,-3.15511188077236));
#3853=CARTESIAN_POINT('Ctrl Pts',(145.429820930732,-98.3340503883268,-2.15949890395441));
#3854=CARTESIAN_POINT('Ctrl Pts',(145.442679095278,-98.5852104993,-3.14030138639266));
#3855=CARTESIAN_POINT('Ctrl Pts',(145.442679095278,-98.491643408976,-2.14468840957471));
#3856=CARTESIAN_POINT('Ctrl Pts',(145.460656058633,-98.7211472997544,-3.12752613016094));
#3857=CARTESIAN_POINT('Ctrl Pts',(145.460656058633,-98.6275802094304,-2.13191315334299));
#3858=CARTESIAN_POINT('Ctrl Pts',(145.482286925401,-98.8452696499049,-3.11586118864433));
#3859=CARTESIAN_POINT('Ctrl Pts',(145.482286925401,-98.7517025595809,-2.12024821182638));
#3860=CARTESIAN_POINT('Ctrl Pts',(145.505693456723,-98.9691331887476,-3.10422057005397));
#3861=CARTESIAN_POINT('Ctrl Pts',(145.505693456723,-98.8755660984236,-2.10860759323602));
#3862=CARTESIAN_POINT('Ctrl Pts',(145.528877955946,-99.1034954443794,-3.09159328856853));
#3863=CARTESIAN_POINT('Ctrl Pts',(145.528877955946,-99.0099283540554,-2.09598031175058));
#3864=CARTESIAN_POINT('Ctrl Pts',(145.550070469949,-99.2551930270085,-3.07733684379904));
#3865=CARTESIAN_POINT('Ctrl Pts',(145.550070469949,-99.1616259366845,-2.08172386698109));
#3866=CARTESIAN_POINT('Ctrl Pts',(145.567998480952,-99.4251802996962,-3.06136154529667));
#3867=CARTESIAN_POINT('Ctrl Pts',(145.567998480952,-99.3316132093722,-2.06574856847872));
#3868=CARTESIAN_POINT('Ctrl Pts',(145.581925710515,-99.6105733916038,-3.04393841745496));
#3869=CARTESIAN_POINT('Ctrl Pts',(145.581925710515,-99.5170063012797,-2.04832544063701));
#3870=CARTESIAN_POINT('Ctrl Pts',(145.591718581574,-99.806062257243,-3.02556649505689));
#3871=CARTESIAN_POINT('Ctrl Pts',(145.591718581574,-99.712495166919,-2.02995351823894));
#3872=CARTESIAN_POINT('Ctrl Pts',(145.597914677608,-100.005632492446,-3.00681100807754));
#3873=CARTESIAN_POINT('Ctrl Pts',(145.597914677608,-99.9120654021216,-2.01119803125959));
#3874=CARTESIAN_POINT('Ctrl Pts',(145.601761177263,-100.204010151548,-2.98816759866076));
#3875=CARTESIAN_POINT('Ctrl Pts',(145.601761177263,-100.110443061224,-1.99255462184281));
#3876=CARTESIAN_POINT('Ctrl Pts',(145.605337520981,-100.398580102312,-2.96988203531298));
#3877=CARTESIAN_POINT('Ctrl Pts',(145.605337520981,-100.305013011988,-1.97426905849503));
#3878=CARTESIAN_POINT('Ctrl Pts',(145.611382412268,-100.589813347888,-2.95191005345013));
#3879=CARTESIAN_POINT('Ctrl Pts',(145.611382412268,-100.496246257564,-1.95629707663218));
#3880=CARTESIAN_POINT('Ctrl Pts',(145.622703967955,-100.779651168082,-2.93406921279956));
#3881=CARTESIAN_POINT('Ctrl Pts',(145.622703967955,-100.686084077758,-1.93845623598161));
#3882=CARTESIAN_POINT('Ctrl Pts',(145.641701303565,-100.970413992136,-2.91614144085974));
#3883=CARTESIAN_POINT('Ctrl Pts',(145.641701303565,-100.876846901812,-1.92052846404179));
#3884=CARTESIAN_POINT('Ctrl Pts',(145.669821680982,-101.163445257931,-2.89800048217142));
#3885=CARTESIAN_POINT('Ctrl Pts',(145.669821680982,-101.069878167607,-1.90238750535347));
#3886=CARTESIAN_POINT('Ctrl Pts',(145.707089708694,-101.357989958711,-2.87971729180153));
#3887=CARTESIAN_POINT('Ctrl Pts',(145.707089708694,-101.264422868387,-1.88410431498358));
#3888=CARTESIAN_POINT('Ctrl Pts',(145.751498912666,-101.549681570821,-2.86170223293598));
#3889=CARTESIAN_POINT('Ctrl Pts',(145.751498912666,-101.456114480497,-1.86608925611803));
#3890=CARTESIAN_POINT('Ctrl Pts',(145.798790687544,-101.730089288013,-2.84474762751933));
#3891=CARTESIAN_POINT('Ctrl Pts',(145.798790687544,-101.636522197689,-1.84913465070138));
#3892=CARTESIAN_POINT('Ctrl Pts',(145.843632045505,-101.890004062932,-2.82971893611277));
#3893=CARTESIAN_POINT('Ctrl Pts',(145.843632045505,-101.796436972608,-1.83410595929482));
#3894=CARTESIAN_POINT('Ctrl Pts',(145.880591291872,-102.02223726402,-2.81729174185346));
#3895=CARTESIAN_POINT('Ctrl Pts',(145.880591291872,-101.928670173696,-1.82167876503551));
#3896=CARTESIAN_POINT('Ctrl Pts',(145.905159312097,-102.124413023751,-2.80768932729847));
#3897=CARTESIAN_POINT('Ctrl Pts',(145.905159312097,-102.030845933427,-1.81207635048052));
#3898=CARTESIAN_POINT('Ctrl Pts',(145.914829173775,-102.202219850023,-2.80037709000236));
#3899=CARTESIAN_POINT('Ctrl Pts',(145.914829173775,-102.108652759699,-1.80476411318441));
#3900=CARTESIAN_POINT('Ctrl Pts',(145.909940978213,-102.271247251831,-2.79388993757449));
#3901=CARTESIAN_POINT('Ctrl Pts',(145.909940978213,-102.177680161507,-1.79827696075654));
#3902=CARTESIAN_POINT('Ctrl Pts',(145.892469539371,-102.347961487262,-2.78668038128823));
#3903=CARTESIAN_POINT('Ctrl Pts',(145.892469539371,-102.254394396938,-1.79106740447028));
#3904=CARTESIAN_POINT('Ctrl Pts',(145.86458085278,-102.438826214493,-2.77814097055525));
#3905=CARTESIAN_POINT('Ctrl Pts',(145.86458085278,-102.345259124169,-1.7825279937373));
#3906=CARTESIAN_POINT('Ctrl Pts',(145.828518764141,-102.539019488571,-2.76872486877297));
#3907=CARTESIAN_POINT('Ctrl Pts',(145.828518764141,-102.445452398247,-1.77311189195502));
#3908=CARTESIAN_POINT('Ctrl Pts',(145.787559935715,-102.640062938754,-2.75922886796735));
#3909=CARTESIAN_POINT('Ctrl Pts',(145.787559935715,-102.54649584843,-1.7636158911494));
#3910=CARTESIAN_POINT('Ctrl Pts',(145.747075891714,-102.735855103161,-2.75022637974337));
#3911=CARTESIAN_POINT('Ctrl Pts',(145.747075891714,-102.642288012837,-1.75461340292542));
#3912=CARTESIAN_POINT('Ctrl Pts',(145.714330624916,-102.826690485578,-2.74168972681793));
#3913=CARTESIAN_POINT('Ctrl Pts',(145.714330624916,-102.733123395254,-1.74607674999998));
#3914=CARTESIAN_POINT('Ctrl Pts',(145.6951001569,-102.915660277151,-2.73332840096328));
#3915=CARTESIAN_POINT('Ctrl Pts',(145.6951001569,-102.822093186827,-1.73771542414533));
#3916=CARTESIAN_POINT('Ctrl Pts',(145.690711892059,-103.006567960263,-2.72478495326331));
#3917=CARTESIAN_POINT('Ctrl Pts',(145.690711892059,-102.913000869939,-1.72917197644537));
#3918=CARTESIAN_POINT('Ctrl Pts',(145.695500782808,-103.101489497959,-2.71586428599793));
#3919=CARTESIAN_POINT('Ctrl Pts',(145.695500782808,-103.007922407635,-1.72025130917998));
#3920=CARTESIAN_POINT('Ctrl Pts',(145.701317409996,-103.201589237001,-2.7064569745803));
#3921=CARTESIAN_POINT('Ctrl Pts',(145.701317409996,-103.108022146677,-1.71084399776235));
#3922=CARTESIAN_POINT('Ctrl Pts',(145.701378679371,-103.307568414216,-2.69649711720821));
#3923=CARTESIAN_POINT('Ctrl Pts',(145.701378679371,-103.214001323892,-1.70088414039026));
#3924=CARTESIAN_POINT('Ctrl Pts',(145.694515198394,-103.420288855146,-2.68590372005144));
#3925=CARTESIAN_POINT('Ctrl Pts',(145.694515198394,-103.326721764822,-1.69029074323349));
#3926=CARTESIAN_POINT('Ctrl Pts',(145.683109716559,-103.540284011274,-2.67462664967035));
#3927=CARTESIAN_POINT('Ctrl Pts',(145.683109716559,-103.44671692095,-1.6790136728524));
#3928=CARTESIAN_POINT('Ctrl Pts',(145.671007658206,-103.667318156568,-2.66268805945135));
#3929=CARTESIAN_POINT('Ctrl Pts',(145.671007658206,-103.573751066244,-1.6670750826334));
#3930=CARTESIAN_POINT('Ctrl Pts',(145.661249550709,-103.799826769899,-2.65023498212016));
#3931=CARTESIAN_POINT('Ctrl Pts',(145.661249550709,-103.706259679575,-1.65462200530221));
#3932=CARTESIAN_POINT('Ctrl Pts',(145.654430248631,-103.934702027672,-2.63755948901151));
#3933=CARTESIAN_POINT('Ctrl Pts',(145.654430248631,-103.841134937348,-1.64194651219356));
#3934=CARTESIAN_POINT('Ctrl Pts',(145.649678185659,-104.068461121723,-2.62498889227747));
#3935=CARTESIAN_POINT('Ctrl Pts',(145.649678185659,-103.974894031399,-1.62937591545952));
#3936=CARTESIAN_POINT('Ctrl Pts',(145.645250661547,-104.198224347402,-2.61279382477584));
#3937=CARTESIAN_POINT('Ctrl Pts',(145.645250661547,-104.104657257078,-1.61718084795789));
#3938=CARTESIAN_POINT('Ctrl Pts',(145.639268314628,-104.322738148797,-2.60109209491399));
#3939=CARTESIAN_POINT('Ctrl Pts',(145.639268314628,-104.229171058473,-1.60547911809604));
#3940=CARTESIAN_POINT('Ctrl Pts',(145.630419260883,-104.443457361015,-2.58974697819041));
#3941=CARTESIAN_POINT('Ctrl Pts',(145.630419260883,-104.349890270691,-1.59413400137246));
#3942=CARTESIAN_POINT('Ctrl Pts',(145.61801375797,-104.563767393056,-2.57844031596627));
#3943=CARTESIAN_POINT('Ctrl Pts',(145.61801375797,-104.470200302732,-1.58282733914832));
#3944=CARTESIAN_POINT('Ctrl Pts',(145.601991170467,-104.688086845,-2.56675685094527));
#3945=CARTESIAN_POINT('Ctrl Pts',(145.601991170467,-104.594519754676,-1.57114387412733));
#3946=CARTESIAN_POINT('Ctrl Pts',(145.582938006208,-104.821022578425,-2.55426363313249));
#3947=CARTESIAN_POINT('Ctrl Pts',(145.582938006208,-104.727455488101,-1.55865065631454));
#3948=CARTESIAN_POINT('Ctrl Pts',(145.562119526206,-104.966479546876,-2.54059367741452));
#3949=CARTESIAN_POINT('Ctrl Pts',(145.562119526206,-104.872912456552,-1.54498070059657));
#3950=CARTESIAN_POINT('Ctrl Pts',(145.541170675662,-105.127298782387,-2.52547998536224));
#3951=CARTESIAN_POINT('Ctrl Pts',(145.541170675662,-105.033731692063,-1.52986700854429));
#3952=CARTESIAN_POINT('Ctrl Pts',(145.521772177771,-105.304948523772,-2.5087845728021));
#3953=CARTESIAN_POINT('Ctrl Pts',(145.521772177771,-105.211381433448,-1.51317159598415));
#3954=CARTESIAN_POINT('Ctrl Pts',(145.505311795555,-105.499157835981,-2.4905329020421));
#3955=CARTESIAN_POINT('Ctrl Pts',(145.505311795555,-105.405590745657,-1.49491992522415));
#3956=CARTESIAN_POINT('Ctrl Pts',(145.492597883113,-105.70766179529,-2.47093782920978));
#3957=CARTESIAN_POINT('Ctrl Pts',(145.492597883113,-105.614094704966,-1.47532485239184));
#3958=CARTESIAN_POINT('Ctrl Pts',(145.483436333929,-105.925682283578,-2.45044839888379));
#3959=CARTESIAN_POINT('Ctrl Pts',(145.483436333929,-105.832115193254,-1.45483542206584));
#3960=CARTESIAN_POINT('Ctrl Pts',(145.476747067985,-106.146434330969,-2.42970225832678));
#3961=CARTESIAN_POINT('Ctrl Pts',(145.476747067985,-106.052867240645,-1.43408928150884));
#3962=CARTESIAN_POINT('Ctrl Pts',(145.471128527604,-106.36248141896,-2.40939828693733));
#3963=CARTESIAN_POINT('Ctrl Pts',(145.471128527604,-106.268914328636,-1.41378531011938));
#3964=CARTESIAN_POINT('Ctrl Pts',(145.465291685833,-106.566843225029,-2.39019249109858));
#3965=CARTESIAN_POINT('Ctrl Pts',(145.465291685833,-106.473276134705,-1.39457951428063));
#3966=CARTESIAN_POINT('Ctrl Pts',(145.458554111767,-106.754218228335,-2.37258310445229));
#3967=CARTESIAN_POINT('Ctrl Pts',(145.458554111767,-106.660651138011,-1.37697012763434));
#3968=CARTESIAN_POINT('Ctrl Pts',(145.451293408033,-106.922126699849,-2.35680317039551));
#3969=CARTESIAN_POINT('Ctrl Pts',(145.451293408033,-106.828559609525,-1.36119019357756));
#3970=CARTESIAN_POINT('Ctrl Pts',(145.445453359363,-107.072159864992,-2.34270314654947));
#3971=CARTESIAN_POINT('Ctrl Pts',(145.445453359363,-106.978592774668,-1.34709016973152));
#3972=CARTESIAN_POINT('Ctrl Pts',(145.444930227174,-107.210984907267,-2.32965645514202));
#3973=CARTESIAN_POINT('Ctrl Pts',(145.444930227174,-107.117417816943,-1.33404347832407));
#3974=CARTESIAN_POINT('Ctrl Pts',(145.454056741351,-107.347449779296,-2.31683157107113));
#3975=CARTESIAN_POINT('Ctrl Pts',(145.454056741351,-107.253882688972,-1.32121859425319));
#3976=CARTESIAN_POINT('Ctrl Pts',(145.476095768529,-107.489712228194,-2.30346183432025));
#3977=CARTESIAN_POINT('Ctrl Pts',(145.476095768529,-107.39614513787,-1.3078488575023));
#3978=CARTESIAN_POINT('Ctrl Pts',(145.511883310575,-107.642664807973,-2.28908744569671));
#3979=CARTESIAN_POINT('Ctrl Pts',(145.511883310575,-107.549097717649,-1.29347446887876));
#3980=CARTESIAN_POINT('Ctrl Pts',(145.558044975714,-107.804510530481,-2.27387728503283));
#3981=CARTESIAN_POINT('Ctrl Pts',(145.558044975714,-107.710943440157,-1.27826430821488));
#3982=CARTESIAN_POINT('Ctrl Pts',(145.606646007637,-107.966182365614,-2.25868346619662));
#3983=CARTESIAN_POINT('Ctrl Pts',(145.606646007637,-107.87261527529,-1.26307048937867));
#3984=CARTESIAN_POINT('Ctrl Pts',(145.647294473715,-108.115499206172,-2.24465076209102));
#3985=CARTESIAN_POINT('Ctrl Pts',(145.647294473715,-108.021932115848,-1.24903778527307));
#3986=CARTESIAN_POINT('Ctrl Pts',(145.66870847101,-108.240445990145,-2.23290834079487));
#3987=CARTESIAN_POINT('Ctrl Pts',(145.66870847101,-108.146878899821,-1.23729536397693));
#3988=CARTESIAN_POINT('Ctrl Pts',(145.660453984096,-108.332377928664,-2.22426863420672));
#3989=CARTESIAN_POINT('Ctrl Pts',(145.660453984096,-108.23881083834,-1.22865565738877));
#3990=CARTESIAN_POINT('Ctrl Pts',(145.614720400665,-108.390320535412,-2.21882322394647));
#3991=CARTESIAN_POINT('Ctrl Pts',(145.614720400665,-108.296753445088,-1.22321024712852));
#3992=CARTESIAN_POINT('Ctrl Pts',(145.52758065572,-108.419785948094,-2.2160540827299));
#3993=CARTESIAN_POINT('Ctrl Pts',(145.52758065572,-108.32621885777,-1.22044110591195));
#3994=CARTESIAN_POINT('Ctrl Pts',(145.3999586328,-108.428009218632,-2.21528126486281));
#3995=CARTESIAN_POINT('Ctrl Pts',(145.3999586328,-108.334442128308,-1.21966828804486));
#3996=CARTESIAN_POINT('Ctrl Pts',(145.238550748543,-108.420468116955,-2.21598997292322));
#3997=CARTESIAN_POINT('Ctrl Pts',(145.238550748543,-108.326901026631,-1.22037699610527));
#3998=CARTESIAN_POINT('Ctrl Pts',(145.053507683658,-108.401305050855,-2.21779090599504));
#3999=CARTESIAN_POINT('Ctrl Pts',(145.053507683658,-108.307737960531,-1.22217792917709));
#4000=CARTESIAN_POINT('Ctrl Pts',(144.856330304214,-108.373731658822,-2.22038223628402));
#4001=CARTESIAN_POINT('Ctrl Pts',(144.856330304214,-108.280164568498,-1.22476925946607));
#4002=CARTESIAN_POINT('Ctrl Pts',(144.6575826144,-108.340449822729,-2.22351004260667));
#4003=CARTESIAN_POINT('Ctrl Pts',(144.6575826144,-108.246882732405,-1.22789706578872));
#4004=CARTESIAN_POINT('Ctrl Pts',(144.464913339629,-108.304020499907,-2.22693364778087));
#4005=CARTESIAN_POINT('Ctrl Pts',(144.464913339629,-108.210453409583,-1.23132067096292));
#4006=CARTESIAN_POINT('Ctrl Pts',(144.280376113413,-108.267367540583,-2.23037827017493));
#4007=CARTESIAN_POINT('Ctrl Pts',(144.280376113413,-108.173800450259,-1.23476529335698));
#4008=CARTESIAN_POINT('Ctrl Pts',(144.100278024122,-108.233782480249,-2.23353457332383));
#4009=CARTESIAN_POINT('Ctrl Pts',(144.100278024122,-108.140215389925,-1.23792159650588));
#4010=CARTESIAN_POINT('Ctrl Pts',(143.917650503665,-108.206408174896,-2.23610719356998));
#4011=CARTESIAN_POINT('Ctrl Pts',(143.917650503665,-108.112841084572,-1.24049421675203));
#4012=CARTESIAN_POINT('Ctrl Pts',(143.724004981744,-108.187866312209,-2.23784974633011));
#4013=CARTESIAN_POINT('Ctrl Pts',(143.724004981744,-108.094299221885,-1.24223676951216));
#4014=CARTESIAN_POINT('Ctrl Pts',(143.511406553746,-108.179817500485,-2.238606168666));
#4015=CARTESIAN_POINT('Ctrl Pts',(143.511406553746,-108.086250410161,-1.24299319184806));
#4016=CARTESIAN_POINT('Ctrl Pts',(143.274351420981,-108.182570234643,-2.23834746841645));
#4017=CARTESIAN_POINT('Ctrl Pts',(143.274351420981,-108.089003144319,-1.2427344915985));
#4018=CARTESIAN_POINT('Ctrl Pts',(143.011871826396,-108.194621161399,-2.23721492979101));
#4019=CARTESIAN_POINT('Ctrl Pts',(143.011871826396,-108.101054071075,-1.24160195297306));
#4020=CARTESIAN_POINT('Ctrl Pts',(142.729124044104,-108.212364521822,-2.23554741977856));
#4021=CARTESIAN_POINT('Ctrl Pts',(142.729124044104,-108.118797431498,-1.23993444296061));
#4022=CARTESIAN_POINT('Ctrl Pts',(142.435380226279,-108.231000578887,-2.23379601468916));
#4023=CARTESIAN_POINT('Ctrl Pts',(142.435380226279,-108.137433488563,-1.23818303787122));
#4024=CARTESIAN_POINT('Ctrl Pts',(142.142375251314,-108.245325511933,-2.23244976636228));
#4025=CARTESIAN_POINT('Ctrl Pts',(142.142375251314,-108.151758421609,-1.23683678954433));
#4026=CARTESIAN_POINT('Ctrl Pts',(141.86251973965,-108.250565493327,-2.23195731615944));
#4027=CARTESIAN_POINT('Ctrl Pts',(141.86251973965,-108.156998403003,-1.23634433934149));
#4028=CARTESIAN_POINT('Ctrl Pts',(141.607164856322,-108.243194897268,-2.2326500002076));
#4029=CARTESIAN_POINT('Ctrl Pts',(141.607164856322,-108.149627806944,-1.23703702338965));
#4030=CARTESIAN_POINT('Ctrl Pts',(141.38485673483,-108.221754565134,-2.2346649493295));
#4031=CARTESIAN_POINT('Ctrl Pts',(141.38485673483,-108.12818747481,-1.23905197251155));
#4032=CARTESIAN_POINT('Ctrl Pts',(141.199567681739,-108.187685811055,-2.23786670971672));
#4033=CARTESIAN_POINT('Ctrl Pts',(141.199567681739,-108.094118720731,-1.24225373289877));
#4034=CARTESIAN_POINT('Ctrl Pts',(141.049003113548,-108.146120230545,-2.24177301720413));
#4035=CARTESIAN_POINT('Ctrl Pts',(141.049003113548,-108.052553140221,-1.24616004038618));
#4036=CARTESIAN_POINT('Ctrl Pts',(140.922689088442,-108.106794832996,-2.24546879368573));
#4037=CARTESIAN_POINT('Ctrl Pts',(140.922689088442,-108.013227742672,-1.24985581686779));
#4038=CARTESIAN_POINT('Ctrl Pts',(140.80655042777,-108.081280086244,-2.24786665376744));
#4039=CARTESIAN_POINT('Ctrl Pts',(140.80655042777,-107.98771299592,-1.25225367694949));
#4040=CARTESIAN_POINT('Ctrl Pts',(140.68808382833,-108.079871466645,-2.24799903496409));
#4041=CARTESIAN_POINT('Ctrl Pts',(140.68808382833,-107.986304376321,-1.25238605814615));
#4042=CARTESIAN_POINT('Ctrl Pts',(140.560748652546,-108.10892211475,-2.24526887306533));
#4043=CARTESIAN_POINT('Ctrl Pts',(140.560748652546,-108.015355024426,-1.24965589624738));
#4044=CARTESIAN_POINT('Ctrl Pts',(140.430102724678,-108.167193065366,-2.23979260525192));
#4045=CARTESIAN_POINT('Ctrl Pts',(140.430102724678,-108.073625975042,-1.24417962843397));
#4046=CARTESIAN_POINT('Ctrl Pts',(140.310553740639,-108.247465297681,-2.2322486706243));
#4047=CARTESIAN_POINT('Ctrl Pts',(140.310553740639,-108.153898207357,-1.23663569380636));
#4048=CARTESIAN_POINT('Ctrl Pts',(140.218136196586,-108.340339395662,-2.22352042047404));
#4049=CARTESIAN_POINT('Ctrl Pts',(140.218136196586,-108.246772305338,-1.22790744365609));
#4050=CARTESIAN_POINT('Ctrl Pts',(140.165427369309,-108.436919770467,-2.21444385672554));
#4051=CARTESIAN_POINT('Ctrl Pts',(140.165427369309,-108.343352680143,-1.21883087990759));
#4052=CARTESIAN_POINT('Ctrl Pts',(140.153574146278,-108.532916347517,-2.20542215792815));
#4053=CARTESIAN_POINT('Ctrl Pts',(140.153574146278,-108.439349257193,-1.2098091811102));
#4054=CARTESIAN_POINT('Ctrl Pts',(140.173890899635,-108.628167519224,-2.19647051186278));
#4055=CARTESIAN_POINT('Ctrl Pts',(140.173890899635,-108.5346004289,-1.20085753504483));
#4056=CARTESIAN_POINT('Ctrl Pts',(140.2157713316,-108.723171202078,-2.18754212464637));
#4057=CARTESIAN_POINT('Ctrl Pts',(140.2157713316,-108.629604111754,-1.19192914782842));
#4058=CARTESIAN_POINT('Ctrl Pts',(140.27421375658,-108.815777783154,-2.17883901556889));
#4059=CARTESIAN_POINT('Ctrl Pts',(140.27421375658,-108.72221069283,-1.18322603875095));
#4060=CARTESIAN_POINT('Ctrl Pts',(140.352590383295,-108.900220565517,-2.1709031352333));
#4061=CARTESIAN_POINT('Ctrl Pts',(140.352590383295,-108.806653475193,-1.17529015841535));
#4062=CARTESIAN_POINT('Ctrl Pts',(140.457473107619,-108.970065376245,-2.16433916322188));
#4063=CARTESIAN_POINT('Ctrl Pts',(140.457473107619,-108.876498285921,-1.16872618640393));
#4064=CARTESIAN_POINT('Ctrl Pts',(140.595751632721,-109.019978268951,-2.15964838050927));
#4065=CARTESIAN_POINT('Ctrl Pts',(140.595751632721,-108.926411178627,-1.16403540369132));
#4066=CARTESIAN_POINT('Ctrl Pts',(140.770219132126,-109.048393718585,-2.15697791416903));
#4067=CARTESIAN_POINT('Ctrl Pts',(140.770219132126,-108.954826628261,-1.16136493735108));
#4068=CARTESIAN_POINT('Ctrl Pts',(140.979452744804,-109.057251651232,-2.15614545115038));
#4069=CARTESIAN_POINT('Ctrl Pts',(140.979452744804,-108.963684560908,-1.16053247433243));
#4070=CARTESIAN_POINT('Ctrl Pts',(141.218938242288,-109.050834755,-2.15674850708009));
#4071=CARTESIAN_POINT('Ctrl Pts',(141.218938242288,-108.957267664676,-1.16113553026214));
#4072=CARTESIAN_POINT('Ctrl Pts',(141.481803116655,-109.034888459355,-2.15824713005874));
#4073=CARTESIAN_POINT('Ctrl Pts',(141.481803116655,-108.941321369031,-1.16263415324079));
#4074=CARTESIAN_POINT('Ctrl Pts',(141.759707871844,-109.015635593837,-2.16005650242415));
#4075=CARTESIAN_POINT('Ctrl Pts',(141.759707871844,-108.922068503513,-1.1644435256062));
#4076=CARTESIAN_POINT('Ctrl Pts',(142.043679628282,-108.998807919779,-2.16163795679971));
#4077=CARTESIAN_POINT('Ctrl Pts',(142.043679628282,-108.905240829455,-1.16602497998176));
#4078=CARTESIAN_POINT('Ctrl Pts',(142.3249468214,-108.988736366253,-2.16258447515615));
#4079=CARTESIAN_POINT('Ctrl Pts',(142.3249468214,-108.895169275929,-1.1669714983382));
#4080=CARTESIAN_POINT('Ctrl Pts',(142.59583060068,-108.987257158835,-2.16272349015226));
#4081=CARTESIAN_POINT('Ctrl Pts',(142.59583060068,-108.893690068511,-1.16711051333431));
#4082=CARTESIAN_POINT('Ctrl Pts',(142.850430395971,-108.993199107431,-2.16216506950698));
#4083=CARTESIAN_POINT('Ctrl Pts',(142.850430395971,-108.899632017107,-1.16655209268903));
#4084=CARTESIAN_POINT('Ctrl Pts',(143.08467036568,-109.003597483987,-2.16118783652482));
#4085=CARTESIAN_POINT('Ctrl Pts',(143.08467036568,-108.910030393663,-1.16557485970688));
#4086=CARTESIAN_POINT('Ctrl Pts',(143.296467882554,-109.014614354044,-2.16015247790682));
#4087=CARTESIAN_POINT('Ctrl Pts',(143.296467882554,-108.92104726372,-1.16453950108887));
#4088=CARTESIAN_POINT('Ctrl Pts',(143.485835739296,-109.022550773796,-2.15940661809874));
#4089=CARTESIAN_POINT('Ctrl Pts',(143.485835739296,-108.928983683472,-1.16379364128079));
#4090=CARTESIAN_POINT('Ctrl Pts',(143.655053971741,-109.024874640897,-2.15918822250933));
#4091=CARTESIAN_POINT('Ctrl Pts',(143.655053971741,-108.931307550573,-1.16357524569138));
#4092=CARTESIAN_POINT('Ctrl Pts',(143.808715523169,-109.021114114072,-2.15954163448895));
#4093=CARTESIAN_POINT('Ctrl Pts',(143.808715523169,-108.927547023748,-1.163928657671));
#4094=CARTESIAN_POINT('Ctrl Pts',(143.954059200587,-109.01411818472,-2.16019910759231));
#4095=CARTESIAN_POINT('Ctrl Pts',(143.954059200587,-108.920551094396,-1.16458613077436));
#4096=CARTESIAN_POINT('Ctrl Pts',(144.100407773274,-109.010133651989,-2.16057357150807));
#4097=CARTESIAN_POINT('Ctrl Pts',(144.100407773274,-108.916566561665,-1.16496059469012));
#4098=CARTESIAN_POINT('Ctrl Pts',(144.256758075338,-109.016399908613,-2.15998467259536));
#4099=CARTESIAN_POINT('Ctrl Pts',(144.256758075338,-108.922832818289,-1.16437169577741));
#4100=CARTESIAN_POINT('Ctrl Pts',(144.429707095296,-109.039221306633,-2.15783993175777));
#4101=CARTESIAN_POINT('Ctrl Pts',(144.429707095296,-108.945654216309,-1.16222695493983));
#4102=CARTESIAN_POINT('Ctrl Pts',(144.621344950509,-109.081930088732,-2.15382618689367));
#4103=CARTESIAN_POINT('Ctrl Pts',(144.621344950509,-108.988362998408,-1.15821321007572));
#4104=CARTESIAN_POINT('Ctrl Pts',(144.826924249799,-109.142704962742,-2.14811460191207));
#4105=CARTESIAN_POINT('Ctrl Pts',(144.826924249799,-109.049137872418,-1.15250162509413));
#4106=CARTESIAN_POINT('Ctrl Pts',(145.033329555657,-109.213015080428,-2.14150690064119));
#4107=CARTESIAN_POINT('Ctrl Pts',(145.033329555657,-109.119447990104,-1.14589392382324));
#4108=CARTESIAN_POINT('Ctrl Pts',(145.224230623723,-109.281308284961,-2.135088747618));
#4109=CARTESIAN_POINT('Ctrl Pts',(145.224230623723,-109.187741194637,-1.13947577080005));
#4110=CARTESIAN_POINT('Ctrl Pts',(145.384344554846,-109.336054400177,-2.12994374165024));
#4111=CARTESIAN_POINT('Ctrl Pts',(145.384344554846,-109.242487309853,-1.13433076483229));
#4112=CARTESIAN_POINT('Ctrl Pts',(145.504512442637,-109.369292531008,-2.126820042721));
#4113=CARTESIAN_POINT('Ctrl Pts',(145.504512442637,-109.275725440684,-1.13120706590305));
#4114=CARTESIAN_POINT('Ctrl Pts',(145.585348114653,-109.379377490246,-2.12587226450408));
#4115=CARTESIAN_POINT('Ctrl Pts',(145.585348114653,-109.285810399922,-1.13025928768613));
#4116=CARTESIAN_POINT('Ctrl Pts',(145.644191113813,-109.375526005292,-2.12623422467226));
#4117=CARTESIAN_POINT('Ctrl Pts',(145.644191113813,-109.281958914968,-1.13062124785431));
#4118=CARTESIAN_POINT('Ctrl Pts',(145.709350235486,-109.375572075792,-2.12622989499523));
#4119=CARTESIAN_POINT('Ctrl Pts',(145.709350235486,-109.282004985468,-1.13061691817728));
#4120=CARTESIAN_POINT('Ctrl Pts',(145.799881901827,-109.396488195522,-2.1242642110301));
#4121=CARTESIAN_POINT('Ctrl Pts',(145.799881901827,-109.302921105198,-1.12865123421215));
#4122=CARTESIAN_POINT('Ctrl Pts',(145.914148809878,-109.448524947472,-2.1193738293424));
#4123=CARTESIAN_POINT('Ctrl Pts',(145.914148809878,-109.354957857148,-1.12376085252445));
#4124=CARTESIAN_POINT('Ctrl Pts',(146.039277747123,-109.536031839054,-2.11114998592201));
#4125=CARTESIAN_POINT('Ctrl Pts',(146.039277747123,-109.44246474873,-1.11553700910406));
#4126=CARTESIAN_POINT('Ctrl Pts',(146.157779282202,-109.657564543119,-2.09972841773905));
#4127=CARTESIAN_POINT('Ctrl Pts',(146.157779282202,-109.563997452795,-1.1041154409211));
#4128=CARTESIAN_POINT('Ctrl Pts',(146.255673212249,-109.806156209963,-2.08576386500956));
#4129=CARTESIAN_POINT('Ctrl Pts',(146.255673212249,-109.712589119639,-1.09015088819161));
#4130=CARTESIAN_POINT('Ctrl Pts',(146.328756822065,-109.969811666488,-2.07038362666473));
#4131=CARTESIAN_POINT('Ctrl Pts',(146.328756822065,-109.876244576163,-1.07477064984678));
#4132=CARTESIAN_POINT('Ctrl Pts',(146.37884267274,-110.134495602048,-2.05490673249777));
#4133=CARTESIAN_POINT('Ctrl Pts',(146.37884267274,-110.040928511724,-1.05929375567982));
#4134=CARTESIAN_POINT('Ctrl Pts',(146.410950115149,-110.286857647655,-2.04058784190952));
#4135=CARTESIAN_POINT('Ctrl Pts',(146.410950115149,-110.193290557331,-1.04497486509157));
#4136=CARTESIAN_POINT('Ctrl Pts',(146.430144339438,-110.417044632181,-2.02835294981415));
#4137=CARTESIAN_POINT('Ctrl Pts',(146.430144339438,-110.323477541857,-1.0327399729962));
#4138=CARTESIAN_POINT('Ctrl Pts',(146.43850150645,-110.521510147148,-2.01853534548164));
#4139=CARTESIAN_POINT('Ctrl Pts',(146.43850150645,-110.427943056824,-1.02292236866369));
#4140=CARTESIAN_POINT('Ctrl Pts',(146.432082857507,-110.605734546546,-2.0106199886417));
#4141=CARTESIAN_POINT('Ctrl Pts',(146.432082857507,-110.512167456222,-1.01500701182375));
#4142=CARTESIAN_POINT('Ctrl Pts',(146.404292571756,-110.678612655182,-2.00377094917345));
#4143=CARTESIAN_POINT('Ctrl Pts',(146.404292571756,-110.585045564858,-1.0081579723555));
#4144=CARTESIAN_POINT('Ctrl Pts',(146.349251271543,-110.746755408209,-1.99736693548952));
#4145=CARTESIAN_POINT('Ctrl Pts',(146.349251271543,-110.653188317885,-1.00175395867157));
#4146=CARTESIAN_POINT('Ctrl Pts',(146.264958833107,-110.809230139383,-1.99149559898541));
#4147=CARTESIAN_POINT('Ctrl Pts',(146.264958833107,-110.715663049059,-0.995882622167462));
#4148=CARTESIAN_POINT('Ctrl Pts',(146.152450419919,-110.861346090195,-1.98659777423776));
#4149=CARTESIAN_POINT('Ctrl Pts',(146.152450419919,-110.767778999871,-0.990984797419808));
#4150=CARTESIAN_POINT('Ctrl Pts',(146.015151156066,-110.897674881859,-1.98318361691948));
#4151=CARTESIAN_POINT('Ctrl Pts',(146.015151156066,-110.804107791535,-0.987570640101531));
#4152=CARTESIAN_POINT('Ctrl Pts',(145.85817601565,-110.916008917714,-1.98146059559615));
#4153=CARTESIAN_POINT('Ctrl Pts',(145.85817601565,-110.82244182739,-0.985847618778201));
#4154=CARTESIAN_POINT('Ctrl Pts',(145.687559689826,-110.91778466777,-1.98129371170679));
#4155=CARTESIAN_POINT('Ctrl Pts',(145.687559689826,-110.824217577446,-0.985680734888838));
#4156=CARTESIAN_POINT('Ctrl Pts',(145.509432777521,-110.906664891044,-1.98233874142973));
#4157=CARTESIAN_POINT('Ctrl Pts',(145.509432777521,-110.81309780072,-0.986725764611783));
#4158=CARTESIAN_POINT('Ctrl Pts',(145.329188419221,-110.887666100536,-1.98412423598318));
#4159=CARTESIAN_POINT('Ctrl Pts',(145.329188419221,-110.794099010212,-0.988511259165236));
#4160=CARTESIAN_POINT('Ctrl Pts',(145.150714453412,-110.866105340387,-1.98615050285526));
#4161=CARTESIAN_POINT('Ctrl Pts',(145.150714453412,-110.772538250063,-0.990537526037311));
#4162=CARTESIAN_POINT('Ctrl Pts',(144.975449880235,-110.846516535399,-1.98799144660387));
#4163=CARTESIAN_POINT('Ctrl Pts',(144.975449880235,-110.752949445075,-0.992378469785921));
#4164=CARTESIAN_POINT('Ctrl Pts',(144.801988729399,-110.831924348509,-1.9893628112812));
#4165=CARTESIAN_POINT('Ctrl Pts',(144.801988729399,-110.738357258185,-0.993749834463252));
#4166=CARTESIAN_POINT('Ctrl Pts',(144.627229715296,-110.8242554801,-1.99008352677994));
#4167=CARTESIAN_POINT('Ctrl Pts',(144.627229715296,-110.730688389776,-0.994470549961991));
#4168=CARTESIAN_POINT('Ctrl Pts',(144.44722501168,-110.824533360791,-1.99005741172487));
#4169=CARTESIAN_POINT('Ctrl Pts',(144.44722501168,-110.730966270467,-0.994444434906922));
#4170=CARTESIAN_POINT('Ctrl Pts',(144.258186848566,-110.833167899409,-1.98924594313858));
#4171=CARTESIAN_POINT('Ctrl Pts',(144.258186848566,-110.739600809085,-0.993632966320629));
#4172=CARTESIAN_POINT('Ctrl Pts',(144.057337520972,-110.850183719964,-1.9876468068719));
#4173=CARTESIAN_POINT('Ctrl Pts',(144.057337520972,-110.75661662964,-0.99203383005395));
#4174=CARTESIAN_POINT('Ctrl Pts',(143.84404672146,-110.875526445213,-1.98526511326442));
#4175=CARTESIAN_POINT('Ctrl Pts',(143.84404672146,-110.781959354889,-0.989652136446474));
#4176=CARTESIAN_POINT('Ctrl Pts',(143.619984993001,-110.909133731729,-1.98210672131274));
#4177=CARTESIAN_POINT('Ctrl Pts',(143.619984993001,-110.815566641405,-0.986493744494793));
#4178=CARTESIAN_POINT('Ctrl Pts',(143.388271155927,-110.95077298102,-1.9781934904789));
#4179=CARTESIAN_POINT('Ctrl Pts',(143.388271155927,-110.857205890696,-0.982580513660952));
#4180=CARTESIAN_POINT('Ctrl Pts',(143.152886361427,-110.999939779188,-1.97357282526837));
#4181=CARTESIAN_POINT('Ctrl Pts',(143.152886361427,-110.906372688864,-0.977959848450422));
#4182=CARTESIAN_POINT('Ctrl Pts',(142.917984977598,-111.055734578325,-1.96832926463584));
#4183=CARTESIAN_POINT('Ctrl Pts',(142.917984977598,-110.962167488001,-0.972716287817889));
#4184=CARTESIAN_POINT('Ctrl Pts',(142.687236696831,-111.116741782091,-1.9625958454478));
#4185=CARTESIAN_POINT('Ctrl Pts',(142.687236696831,-111.023174691767,-0.966982868629852));
#4186=CARTESIAN_POINT('Ctrl Pts',(142.463185350262,-111.180923872098,-1.95656405241911));
#4187=CARTESIAN_POINT('Ctrl Pts',(142.463185350262,-111.087356781774,-0.960951075601165));
#4188=CARTESIAN_POINT('Ctrl Pts',(142.246528515241,-111.245470657688,-1.95049798552552));
#4189=CARTESIAN_POINT('Ctrl Pts',(142.246528515241,-111.151903567364,-0.95488500870757));
#4190=CARTESIAN_POINT('Ctrl Pts',(142.035645246065,-111.306781788833,-1.94473600343083));
#4191=CARTESIAN_POINT('Ctrl Pts',(142.035645246065,-111.213214698509,-0.94912302661288));
#4192=CARTESIAN_POINT('Ctrl Pts',(141.827555961355,-111.361205002167,-1.93962134358174));
#4193=CARTESIAN_POINT('Ctrl Pts',(141.827555961355,-111.267637911843,-0.94400836676379));
#4194=CARTESIAN_POINT('Ctrl Pts',(141.618715213847,-111.405690447043,-1.93544062905141));
#4195=CARTESIAN_POINT('Ctrl Pts',(141.618715213847,-111.312123356719,-0.939827652233464));
#4196=CARTESIAN_POINT('Ctrl Pts',(141.405861509214,-111.438465065048,-1.93236049077011));
#4197=CARTESIAN_POINT('Ctrl Pts',(141.405861509214,-111.344897974724,-0.936747513952158));
#4198=CARTESIAN_POINT('Ctrl Pts',(141.186860088867,-111.459726649576,-1.93036234023744));
#4199=CARTESIAN_POINT('Ctrl Pts',(141.186860088867,-111.366159559252,-0.934749363419495));
#4200=CARTESIAN_POINT('Ctrl Pts',(140.961508654586,-111.472263884066,-1.92918409871261));
#4201=CARTESIAN_POINT('Ctrl Pts',(140.961508654586,-111.378696793742,-0.93357112189466));
#4202=CARTESIAN_POINT('Ctrl Pts',(140.732454916384,-111.482264990307,-1.92824420094831));
#4203=CARTESIAN_POINT('Ctrl Pts',(140.732454916384,-111.388697899983,-0.932631224130366));
#4204=CARTESIAN_POINT('Ctrl Pts',(140.505778532532,-111.499576347008,-1.92661729037789));
#4205=CARTESIAN_POINT('Ctrl Pts',(140.505778532532,-111.406009256684,-0.931004313559946));
#4206=CARTESIAN_POINT('Ctrl Pts',(140.289857585912,-111.535200008575,-1.92326940074896));
#4207=CARTESIAN_POINT('Ctrl Pts',(140.289857585912,-111.441632918251,-0.92765642393101));
#4208=CARTESIAN_POINT('Ctrl Pts',(140.094454298978,-111.599118519997,-1.91726237867225));
#4209=CARTESIAN_POINT('Ctrl Pts',(140.094454298978,-111.505551429673,-0.921649401854298));
#4210=CARTESIAN_POINT('Ctrl Pts',(139.929718552186,-111.698049083203,-1.90796494567488));
#4211=CARTESIAN_POINT('Ctrl Pts',(139.929718552186,-111.604481992879,-0.912351968856936));
#4212=CARTESIAN_POINT('Ctrl Pts',(139.805219908601,-111.83309941161,-1.89527299953655));
#4213=CARTESIAN_POINT('Ctrl Pts',(139.805219908601,-111.739532321286,-0.899660022718601));
#4214=CARTESIAN_POINT('Ctrl Pts',(139.728982606608,-111.997767365425,-1.87979760732416));
#4215=CARTESIAN_POINT('Ctrl Pts',(139.728982606608,-111.904200275101,-0.88418463050621));
#4216=CARTESIAN_POINT('Ctrl Pts',(139.706479970794,-112.17499938342,-1.86314145214924));
#4217=CARTESIAN_POINT('Ctrl Pts',(139.706479970794,-112.081432293096,-0.867528475331289));
#4218=CARTESIAN_POINT('Ctrl Pts',(139.739949706862,-112.341511325221,-1.84749276308904));
#4219=CARTESIAN_POINT('Ctrl Pts',(139.739949706862,-112.247944234897,-0.851879786271094));
#4220=CARTESIAN_POINT('Ctrl Pts',(139.827740290012,-112.473716678323,-1.83506818596611));
#4221=CARTESIAN_POINT('Ctrl Pts',(139.827740290012,-112.380149587999,-0.839455209148165));
#4222=CARTESIAN_POINT('Ctrl Pts',(139.963714134688,-112.55291456876,-1.82762521732214));
#4223=CARTESIAN_POINT('Ctrl Pts',(139.963714134688,-112.459347478436,-0.832012240504193));
#4224=CARTESIAN_POINT('Ctrl Pts',(140.136471387715,-112.57121417358,-1.82590543180611));
#4225=CARTESIAN_POINT('Ctrl Pts',(140.136471387715,-112.477647083256,-0.830292454988163));
#4226=CARTESIAN_POINT('Ctrl Pts',(140.32911173516,-112.535891576122,-1.82922502761675));
#4227=CARTESIAN_POINT('Ctrl Pts',(140.32911173516,-112.442324485798,-0.833612050798806));
#4228=CARTESIAN_POINT('Ctrl Pts',(140.522909942973,-112.463570693915,-1.83602169929069));
#4229=CARTESIAN_POINT('Ctrl Pts',(140.522909942973,-112.370003603591,-0.840408722472742));
#4230=CARTESIAN_POINT('Ctrl Pts',(140.700443115853,-112.375596031386,-1.84428950353472));
#4231=CARTESIAN_POINT('Ctrl Pts',(140.700443115853,-112.282028941062,-0.848676526716766));
#4232=CARTESIAN_POINT('Ctrl Pts',(140.849203144716,-112.292679740464,-1.85208192515097));
#4233=CARTESIAN_POINT('Ctrl Pts',(140.849203144716,-112.19911265014,-0.856468948333024));
#4234=CARTESIAN_POINT('Ctrl Pts',(140.964375149351,-112.230470854842,-1.85792827765487));
#4235=CARTESIAN_POINT('Ctrl Pts',(140.964375149351,-112.136903764518,-0.862315300836917));
#4236=CARTESIAN_POINT('Ctrl Pts',(141.053523475721,-112.193212376005,-1.8614298063973));
#4237=CARTESIAN_POINT('Ctrl Pts',(141.053523475721,-112.099645285681,-0.865816829579355));
#4238=CARTESIAN_POINT('Ctrl Pts',(141.13423910718,-112.174345588359,-1.86320289540373));
#4239=CARTESIAN_POINT('Ctrl Pts',(141.13423910718,-112.080778498035,-0.867589918585786));
#4240=CARTESIAN_POINT('Ctrl Pts',(141.226147716028,-112.162869557123,-1.8642814057046));
#4241=CARTESIAN_POINT('Ctrl Pts',(141.226147716028,-112.069302466799,-0.868668428886653));
#4242=CARTESIAN_POINT('Ctrl Pts',(141.343494977507,-112.148749117965,-1.86560843582266));
#4243=CARTESIAN_POINT('Ctrl Pts',(141.343494977507,-112.055182027641,-0.869995459004714));
#4244=CARTESIAN_POINT('Ctrl Pts',(141.490566688611,-112.126701051002,-1.86768049948699));
#4245=CARTESIAN_POINT('Ctrl Pts',(141.490566688611,-112.033133960678,-0.872067522669037));
#4246=CARTESIAN_POINT('Ctrl Pts',(141.665246638846,-112.094550214287,-1.87070201518924));
#4247=CARTESIAN_POINT('Ctrl Pts',(141.665246638846,-112.000983123963,-0.875089038371294));
#4248=CARTESIAN_POINT('Ctrl Pts',(141.860849592343,-112.052757908886,-1.87462963014147));
#4249=CARTESIAN_POINT('Ctrl Pts',(141.860849592343,-111.959190818562,-0.879016653323525));
#4250=CARTESIAN_POINT('Ctrl Pts',(142.068649529427,-112.003478045047,-1.87926092119366));
#4251=CARTESIAN_POINT('Ctrl Pts',(142.068649529427,-111.909910954723,-0.883647944375713));
#4252=CARTESIAN_POINT('Ctrl Pts',(142.280102117251,-111.949817340071,-1.88430392097993));
#4253=CARTESIAN_POINT('Ctrl Pts',(142.280102117251,-111.856250249747,-0.88869094416198));
#4254=CARTESIAN_POINT('Ctrl Pts',(142.489222489715,-111.895001921608,-1.88945544002389));
#4255=CARTESIAN_POINT('Ctrl Pts',(142.489222489715,-111.801434831284,-0.893842463205944));
#4256=CARTESIAN_POINT('Ctrl Pts',(142.692264247963,-111.842158188859,-1.89442166126679));
#4257=CARTESIAN_POINT('Ctrl Pts',(142.692264247963,-111.748591098535,-0.898808684448841));
#4258=CARTESIAN_POINT('Ctrl Pts',(142.887392633228,-111.794079731851,-1.89894004484978));
#4259=CARTESIAN_POINT('Ctrl Pts',(142.887392633228,-111.700512641527,-0.903327068031828));
#4260=CARTESIAN_POINT('Ctrl Pts',(143.074358840512,-111.753008628151,-1.90279988171318));
#4261=CARTESIAN_POINT('Ctrl Pts',(143.074358840512,-111.659441537827,-0.907186904895235));
#4262=CARTESIAN_POINT('Ctrl Pts',(143.254172964066,-111.720391968356,-1.90586517517978));
#4263=CARTESIAN_POINT('Ctrl Pts',(143.254172964066,-111.626824878032,-0.910252198361826));
#4264=CARTESIAN_POINT('Ctrl Pts',(143.428779781049,-111.696692486765,-1.90809243776712));
#4265=CARTESIAN_POINT('Ctrl Pts',(143.428779781049,-111.603125396441,-0.912479460949175));
#4266=CARTESIAN_POINT('Ctrl Pts',(143.600727716211,-111.681067308841,-1.90956088230144));
#4267=CARTESIAN_POINT('Ctrl Pts',(143.600727716211,-111.587500218517,-0.913947905483487));
#4268=CARTESIAN_POINT('Ctrl Pts',(143.772864892015,-111.671580028607,-1.91045249101615));
#4269=CARTESIAN_POINT('Ctrl Pts',(143.772864892015,-111.578012938283,-0.914839514198197));
#4270=CARTESIAN_POINT('Ctrl Pts',(143.948053599926,-111.665811964519,-1.91099457010314));
#4271=CARTESIAN_POINT('Ctrl Pts',(143.948053599926,-111.572244874195,-0.915381593285186));
#4272=CARTESIAN_POINT('Ctrl Pts',(144.128881851788,-111.661349362782,-1.91141396264774));
#4273=CARTESIAN_POINT('Ctrl Pts',(144.128881851788,-111.567782272458,-0.915800985829788));
#4274=CARTESIAN_POINT('Ctrl Pts',(144.317370767574,-111.656338383643,-1.91188489136063));
#4275=CARTESIAN_POINT('Ctrl Pts',(144.317370767574,-111.562771293319,-0.916271914542685));
#4276=CARTESIAN_POINT('Ctrl Pts',(144.51469627624,-111.649972035146,-1.91248319684554));
#4277=CARTESIAN_POINT('Ctrl Pts',(144.51469627624,-111.556404944822,-0.916870220027596));
#4278=CARTESIAN_POINT('Ctrl Pts',(144.720871425081,-111.643109893154,-1.91312809669575));
#4279=CARTESIAN_POINT('Ctrl Pts',(144.720871425081,-111.54954280283,-0.917515119877802));
#4280=CARTESIAN_POINT('Ctrl Pts',(144.934805011267,-111.637717291909,-1.91363489001752));
#4281=CARTESIAN_POINT('Ctrl Pts',(144.934805011267,-111.544150201585,-0.918021913199575));
#4282=CARTESIAN_POINT('Ctrl Pts',(145.154415450546,-111.636130369372,-1.91378402801374));
#4283=CARTESIAN_POINT('Ctrl Pts',(145.154415450546,-111.542563279048,-0.918171051195794));
#4284=CARTESIAN_POINT('Ctrl Pts',(145.376726129572,-111.640385610228,-1.9133841231162));
#4285=CARTESIAN_POINT('Ctrl Pts',(145.376726129572,-111.546818519904,-0.917771146298246));
#4286=CARTESIAN_POINT('Ctrl Pts',(145.597966430831,-111.651514848876,-1.91233820416766));
#4287=CARTESIAN_POINT('Ctrl Pts',(145.597966430831,-111.557947758552,-0.916725227349712));
#4288=CARTESIAN_POINT('Ctrl Pts',(145.813675231045,-111.668872244085,-1.91070696692677));
#4289=CARTESIAN_POINT('Ctrl Pts',(145.813675231045,-111.575305153761,-0.915093990108823));
#4290=CARTESIAN_POINT('Ctrl Pts',(146.018791620137,-111.689406679744,-1.90877715339402));
#4291=CARTESIAN_POINT('Ctrl Pts',(146.018791620137,-111.59583958942,-0.91316417657607));
#4292=CARTESIAN_POINT('Ctrl Pts',(146.207785412444,-111.707076182834,-1.907116584448));
#4293=CARTESIAN_POINT('Ctrl Pts',(146.207785412444,-111.61350909251,-0.91150360763005));
#4294=CARTESIAN_POINT('Ctrl Pts',(146.375732478699,-111.715415552949,-1.90633285561458));
#4295=CARTESIAN_POINT('Ctrl Pts',(146.375732478699,-111.621848462625,-0.910719878796634));
#4296=CARTESIAN_POINT('Ctrl Pts',(146.519314066304,-111.709874210102,-1.90685362757999));
#4297=CARTESIAN_POINT('Ctrl Pts',(146.519314066304,-111.616307119778,-0.911240650762043));
#4298=CARTESIAN_POINT('Ctrl Pts',(146.637912269925,-111.690419789321,-1.90868194198408));
#4299=CARTESIAN_POINT('Ctrl Pts',(146.637912269925,-111.596852698997,-0.91306896516613));
#4300=CARTESIAN_POINT('Ctrl Pts',(146.73450968341,-111.663617462113,-1.91120080807878));
#4301=CARTESIAN_POINT('Ctrl Pts',(146.73450968341,-111.570050371789,-0.915587831260832));
#4302=CARTESIAN_POINT('Ctrl Pts',(146.817079992066,-111.646013484422,-1.91285521898846));
#4303=CARTESIAN_POINT('Ctrl Pts',(146.817079992066,-111.552446394098,-0.917242242170507));
#4304=CARTESIAN_POINT('Ctrl Pts',(146.896055381003,-111.657157945917,-1.91180786940629));
#4305=CARTESIAN_POINT('Ctrl Pts',(146.896055381003,-111.563590855593,-0.916194892588339));
#4306=CARTESIAN_POINT('Ctrl Pts',(146.981100079459,-111.710844171795,-1.90676247118138));
#4307=CARTESIAN_POINT('Ctrl Pts',(146.981100079459,-111.617277081471,-0.911149494363427));
#4308=CARTESIAN_POINT('Ctrl Pts',(147.07805486678,-111.806677779412,-1.89775608815024));
#4309=CARTESIAN_POINT('Ctrl Pts',(147.07805486678,-111.713110689088,-0.902143111332295));
#4310=CARTESIAN_POINT('Ctrl Pts',(147.188897434132,-111.934271229659,-1.88576493479851));
#4311=CARTESIAN_POINT('Ctrl Pts',(147.188897434132,-111.840704139335,-0.890151957980557));
#4312=CARTESIAN_POINT('Ctrl Pts',(147.311833443015,-112.077911377002,-1.87226572280198));
#4313=CARTESIAN_POINT('Ctrl Pts',(147.311833443015,-111.984344286678,-0.876652745984031));
#4314=CARTESIAN_POINT('Ctrl Pts',(147.441339213711,-112.221054609449,-1.85881321055927));
#4315=CARTESIAN_POINT('Ctrl Pts',(147.441339213711,-112.127487519125,-0.86320023374132));
#4316=CARTESIAN_POINT('Ctrl Pts',(147.56821958648,-112.350874909943,-1.84661277920185));
#4317=CARTESIAN_POINT('Ctrl Pts',(147.56821958648,-112.257307819619,-0.850999802383904));
#4318=CARTESIAN_POINT('Ctrl Pts',(147.679666810295,-112.462847473948,-1.83608966705483));
#4319=CARTESIAN_POINT('Ctrl Pts',(147.679666810295,-112.369280383624,-0.840476690236879));
#4320=CARTESIAN_POINT('Ctrl Pts',(147.76239694941,-112.558297181038,-1.82711936275721));
#4321=CARTESIAN_POINT('Ctrl Pts',(147.76239694941,-112.464730090714,-0.831506385939259));
#4322=CARTESIAN_POINT('Ctrl Pts',(147.806081736765,-112.641777757194,-1.8192739099645));
#4323=CARTESIAN_POINT('Ctrl Pts',(147.806081736765,-112.54821066687,-0.82366093314655));
#4324=CARTESIAN_POINT('Ctrl Pts',(147.806161506188,-112.718665975061,-1.81204800291674));
#4325=CARTESIAN_POINT('Ctrl Pts',(147.806161506188,-112.625098884737,-0.816435026098789));
#4326=CARTESIAN_POINT('Ctrl Pts',(147.768186084772,-112.792286520137,-1.8051291897321));
#4327=CARTESIAN_POINT('Ctrl Pts',(147.768186084772,-112.698719429813,-0.809516212914147));
#4328=CARTESIAN_POINT('Ctrl Pts',(147.704432238583,-112.863369991303,-1.79844880918063));
#4329=CARTESIAN_POINT('Ctrl Pts',(147.704432238583,-112.769802900979,-0.802835832362682));
#4330=CARTESIAN_POINT('Ctrl Pts',(147.627320306583,-112.93052045886,-1.79213804986998));
#4331=CARTESIAN_POINT('Ctrl Pts',(147.627320306583,-112.836953368536,-0.796525073052036));
#4332=CARTESIAN_POINT('Ctrl Pts',(147.543785750415,-112.990293731907,-1.78652059472588));
#4333=CARTESIAN_POINT('Ctrl Pts',(147.543785750415,-112.896726641583,-0.790907617907936));
#4334=CARTESIAN_POINT('Ctrl Pts',(147.456138414635,-113.039332996712,-1.78191191502182));
#4335=CARTESIAN_POINT('Ctrl Pts',(147.456138414635,-112.945765906388,-0.786298938203872));
#4336=CARTESIAN_POINT('Ctrl Pts',(147.363244150382,-113.076198039509,-1.77844736115442));
#4337=CARTESIAN_POINT('Ctrl Pts',(147.363244150382,-112.982630949185,-0.782834384336472));
#4338=CARTESIAN_POINT('Ctrl Pts',(147.261487799273,-113.103904738485,-1.77584350276169));
#4339=CARTESIAN_POINT('Ctrl Pts',(147.261487799273,-113.010337648161,-0.780230525943745));
#4340=CARTESIAN_POINT('Ctrl Pts',(147.146358502758,-113.128710376203,-1.77351228430737));
#4341=CARTESIAN_POINT('Ctrl Pts',(147.146358502758,-113.035143285879,-0.777899307489417));
#4342=CARTESIAN_POINT('Ctrl Pts',(147.01426774442,-113.157457497723,-1.77081064764893));
#4343=CARTESIAN_POINT('Ctrl Pts',(147.01426774442,-113.063890407399,-0.775197670830979));
#4344=CARTESIAN_POINT('Ctrl Pts',(146.864225640306,-113.195453710885,-1.76723978709198));
#4345=CARTESIAN_POINT('Ctrl Pts',(146.864225640306,-113.101886620561,-0.771626810274034));
#4346=CARTESIAN_POINT('Ctrl Pts',(146.699750912096,-113.243958467482,-1.76268134013779));
#4347=CARTESIAN_POINT('Ctrl Pts',(146.699750912096,-113.150391377158,-0.76706836331984));
#4348=CARTESIAN_POINT('Ctrl Pts',(146.527287915658,-113.301192679132,-1.75730250440972));
#4349=CARTESIAN_POINT('Ctrl Pts',(146.527287915658,-113.207625588808,-0.76168952759177));
#4350=CARTESIAN_POINT('Ctrl Pts',(146.354437669082,-113.363526006703,-1.75144445692858));
#4351=CARTESIAN_POINT('Ctrl Pts',(146.354437669082,-113.269958916379,-0.75583148011063));
#4352=CARTESIAN_POINT('Ctrl Pts',(146.188167209314,-113.426643138179,-1.74551274804243));
#4353=CARTESIAN_POINT('Ctrl Pts',(146.188167209314,-113.333076047854,-0.749899771224479));
#4354=CARTESIAN_POINT('Ctrl Pts',(146.033228769054,-113.486626310143,-1.73987556672822));
#4355=CARTESIAN_POINT('Ctrl Pts',(146.033228769054,-113.393059219819,-0.744262589910271));
#4356=CARTESIAN_POINT('Ctrl Pts',(145.889999974563,-113.541299298143,-1.73473743321083));
#4357=CARTESIAN_POINT('Ctrl Pts',(145.889999974563,-113.447732207819,-0.739124456392885));
#4358=CARTESIAN_POINT('Ctrl Pts',(145.754329935766,-113.590645636351,-1.73009989493865));
#4359=CARTESIAN_POINT('Ctrl Pts',(145.754329935766,-113.497078546027,-0.734486918120706));
#4360=CARTESIAN_POINT('Ctrl Pts',(145.620108283474,-113.635941801383,-1.72584298943071));
#4361=CARTESIAN_POINT('Ctrl Pts',(145.620108283474,-113.542374711058,-0.730230012612762));
#4362=CARTESIAN_POINT('Ctrl Pts',(145.481280759884,-113.679184070961,-1.72177910774407));
#4363=CARTESIAN_POINT('Ctrl Pts',(145.481280759884,-113.585616980637,-0.726166130926119));
#4364=CARTESIAN_POINT('Ctrl Pts',(145.333844135249,-113.722442148715,-1.71771374041493));
#4365=CARTESIAN_POINT('Ctrl Pts',(145.333844135249,-113.628875058391,-0.722100763596983));
#4366=CARTESIAN_POINT('Ctrl Pts',(145.178459964005,-113.767130221191,-1.71351398306826));
#4367=CARTESIAN_POINT('Ctrl Pts',(145.178459964005,-113.673563130867,-0.717901006250311));
#4368=CARTESIAN_POINT('Ctrl Pts',(145.019818410341,-113.813874889802,-1.70912094809196));
#4369=CARTESIAN_POINT('Ctrl Pts',(145.019818410341,-113.720307799478,-0.713507971274013));
#4370=CARTESIAN_POINT('Ctrl Pts',(144.864230546651,-113.862735566652,-1.70452905197307));
#4371=CARTESIAN_POINT('Ctrl Pts',(144.864230546651,-113.769168476328,-0.708916075155123));
#4372=CARTESIAN_POINT('Ctrl Pts',(144.71765947596,-113.913313908182,-1.69977573079251));
#4373=CARTESIAN_POINT('Ctrl Pts',(144.71765947596,-113.819746817858,-0.704162753974559));
#4374=CARTESIAN_POINT('Ctrl Pts',(144.583815074426,-113.964911309885,-1.69492663896861));
#4375=CARTESIAN_POINT('Ctrl Pts',(144.583815074426,-113.871344219561,-0.699313662150657));
#4376=CARTESIAN_POINT('Ctrl Pts',(144.461612154397,-114.016660680283,-1.69006326522105));
#4377=CARTESIAN_POINT('Ctrl Pts',(144.461612154397,-113.923093589959,-0.694450288403098));
#4378=CARTESIAN_POINT('Ctrl Pts',(144.345565035197,-114.067694952432,-1.68526709596349));
#4379=CARTESIAN_POINT('Ctrl Pts',(144.345565035197,-113.974127862108,-0.689654119145545));
#4380=CARTESIAN_POINT('Ctrl Pts',(144.228548651638,-114.117348849893,-1.68060065346339));
#4381=CARTESIAN_POINT('Ctrl Pts',(144.228548651638,-114.023781759569,-0.68498767664544));
#4382=CARTESIAN_POINT('Ctrl Pts',(144.103731918924,-114.165327780861,-1.67609162327589));
#4383=CARTESIAN_POINT('Ctrl Pts',(144.103731918924,-114.071760690537,-0.680478646457942));
#4384=CARTESIAN_POINT('Ctrl Pts',(143.967166854224,-114.211944153296,-1.67171064549462));
#4385=CARTESIAN_POINT('Ctrl Pts',(143.967166854224,-114.118377062972,-0.676097668676675));
#4386=CARTESIAN_POINT('Ctrl Pts',(143.819075660989,-114.25815087119,-1.66736816679314));
#4387=CARTESIAN_POINT('Ctrl Pts',(143.819075660989,-114.164583780866,-0.671755189975186));
#4388=CARTESIAN_POINT('Ctrl Pts',(143.662435671263,-114.305118237975,-1.66295420278045));
#4389=CARTESIAN_POINT('Ctrl Pts',(143.662435671263,-114.211551147651,-0.667341225962505));
#4390=CARTESIAN_POINT('Ctrl Pts',(143.502079484229,-114.353886770973,-1.65837096628368));
#4391=CARTESIAN_POINT('Ctrl Pts',(143.502079484229,-114.260319680649,-0.662757989465731));
#4392=CARTESIAN_POINT('Ctrl Pts',(143.343612093119,-114.405020947204,-1.65356540810249));
#4393=CARTESIAN_POINT('Ctrl Pts',(143.343612093119,-114.31145385688,-0.657952431284542));
#4394=CARTESIAN_POINT('Ctrl Pts',(143.192355492591,-114.458188648634,-1.64856874048375));
#4395=CARTESIAN_POINT('Ctrl Pts',(143.192355492591,-114.36462155831,-0.652955763665798));
#4396=CARTESIAN_POINT('Ctrl Pts',(143.052447127829,-114.512007844783,-1.64351084579534));
#4397=CARTESIAN_POINT('Ctrl Pts',(143.052447127829,-114.418440754459,-0.647897868977393));
#4398=CARTESIAN_POINT('Ctrl Pts',(142.926553698323,-114.564644820959,-1.63856405540691));
#4399=CARTESIAN_POINT('Ctrl Pts',(142.926553698323,-114.471077730635,-0.642951078588966));
#4400=CARTESIAN_POINT('Ctrl Pts',(142.815400731978,-114.614280837225,-1.63389929337042));
#4401=CARTESIAN_POINT('Ctrl Pts',(142.815400731978,-114.520713746901,-0.638286316552476));
#4402=CARTESIAN_POINT('Ctrl Pts',(142.717517676019,-114.659616317183,-1.62963869307006));
#4403=CARTESIAN_POINT('Ctrl Pts',(142.717517676019,-114.566049226859,-0.634025716252108));
#4404=CARTESIAN_POINT('Ctrl Pts',(142.62853365309,-114.700398049535,-1.62580605114657));
#4405=CARTESIAN_POINT('Ctrl Pts',(142.62853365309,-114.606830959211,-0.630193074328621));
#4406=CARTESIAN_POINT('Ctrl Pts',(142.542775160637,-114.737615939102,-1.62230833695854));
#4407=CARTESIAN_POINT('Ctrl Pts',(142.542775160637,-114.644048848778,-0.626695360140589));
#4408=CARTESIAN_POINT('Ctrl Pts',(142.455407273192,-114.773429644755,-1.61894258710425));
#4409=CARTESIAN_POINT('Ctrl Pts',(142.455407273192,-114.679862554431,-0.623329610286304));
#4410=CARTESIAN_POINT('Ctrl Pts',(142.364837155735,-114.811458965691,-1.61536861509923));
#4411=CARTESIAN_POINT('Ctrl Pts',(142.364837155735,-114.717891875367,-0.619755638281278));
#4412=CARTESIAN_POINT('Ctrl Pts',(142.273291221876,-114.855911972967,-1.61119094903436));
#4413=CARTESIAN_POINT('Ctrl Pts',(142.273291221876,-114.762344882643,-0.615577972216407));
#4414=CARTESIAN_POINT('Ctrl Pts',(142.18543169975,-114.909890831937,-1.60611804933292));
#4415=CARTESIAN_POINT('Ctrl Pts',(142.18543169975,-114.816323741613,-0.610505072514968));
#4416=CARTESIAN_POINT('Ctrl Pts',(142.107661202784,-114.973548903893,-1.60013550319578));
#4417=CARTESIAN_POINT('Ctrl Pts',(142.107661202784,-114.879981813569,-0.604522526377828));
#4418=CARTESIAN_POINT('Ctrl Pts',(142.046753703052,-115.043410512458,-1.59356995253407));
#4419=CARTESIAN_POINT('Ctrl Pts',(142.046753703052,-114.949843422134,-0.59795697571612));
#4420=CARTESIAN_POINT('Ctrl Pts',(142.007867986629,-115.114895021297,-1.58685188271074));
#4421=CARTESIAN_POINT('Ctrl Pts',(142.007867986629,-115.021327930973,-0.591238905892794));
#4422=CARTESIAN_POINT('Ctrl Pts',(141.992117948723,-115.184518690535,-1.5803086934394));
#4423=CARTESIAN_POINT('Ctrl Pts',(141.992117948723,-115.090951600211,-0.584695716621454));
#4424=CARTESIAN_POINT('Ctrl Pts',(141.995872620208,-115.251411287285,-1.57402216866734));
#4425=CARTESIAN_POINT('Ctrl Pts',(141.995872620208,-115.157844196961,-0.578409191849395));
#4426=CARTESIAN_POINT('Ctrl Pts',(142.014733871925,-115.316433747146,-1.56791139820075));
#4427=CARTESIAN_POINT('Ctrl Pts',(142.014733871925,-115.222866656822,-0.572298421382805));
#4428=CARTESIAN_POINT('Ctrl Pts',(142.046629520172,-115.381638850452,-1.56178346301646));
#4429=CARTESIAN_POINT('Ctrl Pts',(142.046629520172,-115.288071760128,-0.566170486198515));
#4430=CARTESIAN_POINT('Ctrl Pts',(142.090383171392,-115.447602297611,-1.55558425914696));
#4431=CARTESIAN_POINT('Ctrl Pts',(142.090383171392,-115.354035207287,-0.559971282329014));
#4432=CARTESIAN_POINT('Ctrl Pts',(142.143240472409,-115.509558505027,-1.54976165318419));
#4433=CARTESIAN_POINT('Ctrl Pts',(142.143240472409,-115.415991414703,-0.554148676366239));
#4434=CARTESIAN_POINT('Ctrl Pts',(142.201756220071,-115.558675504661,-1.54514566800904));
#4435=CARTESIAN_POINT('Ctrl Pts',(142.201756220071,-115.465108414337,-0.549532691191089));
#4436=CARTESIAN_POINT('Ctrl Pts',(142.264940928185,-115.586718860426,-1.54251017081994));
#4437=CARTESIAN_POINT('Ctrl Pts',(142.264940928185,-115.493151770102,-0.546897194001993));
#4438=CARTESIAN_POINT('Ctrl Pts',(142.336367585061,-115.589602920208,-1.54223912866959));
#4439=CARTESIAN_POINT('Ctrl Pts',(142.336367585061,-115.496035829884,-0.54662615185164));
#4440=CARTESIAN_POINT('Ctrl Pts',(142.420720993487,-115.567430595517,-1.54432286999814));
#4441=CARTESIAN_POINT('Ctrl Pts',(142.420720993487,-115.473863505193,-0.548709893180187));
#4442=CARTESIAN_POINT('Ctrl Pts',(142.519713559585,-115.524917326312,-1.54831824068164));
#4443=CARTESIAN_POINT('Ctrl Pts',(142.519713559585,-115.431350235988,-0.55270526386369));
#4444=CARTESIAN_POINT('Ctrl Pts',(142.63191531274,-115.469751580313,-1.55350268329018));
#4445=CARTESIAN_POINT('Ctrl Pts',(142.63191531274,-115.376184489989,-0.557889706472236));
#4446=CARTESIAN_POINT('Ctrl Pts',(142.754265390889,-115.410053659719,-1.55911305685747));
#4447=CARTESIAN_POINT('Ctrl Pts',(142.754265390889,-115.316486569395,-0.563500080039517));
#4448=CARTESIAN_POINT('Ctrl Pts',(142.883026254255,-115.352168829105,-1.56455303735248));
#4449=CARTESIAN_POINT('Ctrl Pts',(142.883026254255,-115.258601738781,-0.568940060534532));
#4450=CARTESIAN_POINT('Ctrl Pts',(143.015005213143,-115.298207544179,-1.56962428545616));
#4451=CARTESIAN_POINT('Ctrl Pts',(143.015005213143,-115.204640453855,-0.57401130863821));
#4452=CARTESIAN_POINT('Ctrl Pts',(143.147689631807,-115.247337363629,-1.57440503348692));
#4453=CARTESIAN_POINT('Ctrl Pts',(143.147689631807,-115.153770273305,-0.578792056668972));
#4454=CARTESIAN_POINT('Ctrl Pts',(143.279399202459,-115.197275942602,-1.57910977479908));
#4455=CARTESIAN_POINT('Ctrl Pts',(143.279399202459,-115.103708852278,-0.583496797981135));
#4456=CARTESIAN_POINT('Ctrl Pts',(143.409393302947,-115.145593586687,-1.58396685056711));
#4457=CARTESIAN_POINT('Ctrl Pts',(143.409393302947,-115.052026496363,-0.588353873749165));
#4458=CARTESIAN_POINT('Ctrl Pts',(143.538082802361,-115.091377430733,-1.58906205129199));
#4459=CARTESIAN_POINT('Ctrl Pts',(143.538082802361,-114.997810340409,-0.593449074474041));
#4460=CARTESIAN_POINT('Ctrl Pts',(143.66689224636,-115.035733244602,-1.59429145740754));
#4461=CARTESIAN_POINT('Ctrl Pts',(143.66689224636,-114.942166154278,-0.598678480589595));
#4462=CARTESIAN_POINT('Ctrl Pts',(143.79763750849,-114.980667754303,-1.59946647804763));
#4463=CARTESIAN_POINT('Ctrl Pts',(143.79763750849,-114.887100663979,-0.603853501229682));
#4464=CARTESIAN_POINT('Ctrl Pts',(143.932006269755,-114.928343205825,-1.60438390667462));
#4465=CARTESIAN_POINT('Ctrl Pts',(143.932006269755,-114.834776115501,-0.608770929856674));
#4466=CARTESIAN_POINT('Ctrl Pts',(144.071029279164,-114.88022623592,-1.60890590967589));
#4467=CARTESIAN_POINT('Ctrl Pts',(144.071029279164,-114.786659145596,-0.613292932857937));
#4468=CARTESIAN_POINT('Ctrl Pts',(144.2144706157,-114.836164363918,-1.61304681709015));
#4469=CARTESIAN_POINT('Ctrl Pts',(144.2144706157,-114.742597273594,-0.6174338402722));
#4470=CARTESIAN_POINT('Ctrl Pts',(144.361185292084,-114.794784504419,-1.6169356706321));
#4471=CARTESIAN_POINT('Ctrl Pts',(144.361185292084,-114.701217414095,-0.621322693814147));
#4472=CARTESIAN_POINT('Ctrl Pts',(144.509622387409,-114.75410027315,-1.62075914946429));
#4473=CARTESIAN_POINT('Ctrl Pts',(144.509622387409,-114.660533182826,-0.625146172646346));
#4474=CARTESIAN_POINT('Ctrl Pts',(144.658276392304,-114.712044502651,-1.62471152470296));
#4475=CARTESIAN_POINT('Ctrl Pts',(144.658276392304,-114.618477412327,-0.629098547885015));
#4476=CARTESIAN_POINT('Ctrl Pts',(144.806160807788,-114.667033758808,-1.62894160650463));
#4477=CARTESIAN_POINT('Ctrl Pts',(144.806160807788,-114.573466668484,-0.633328629686681));
#4478=CARTESIAN_POINT('Ctrl Pts',(144.95327096662,-114.618517838418,-1.63350110262515));
#4479=CARTESIAN_POINT('Ctrl Pts',(144.95327096662,-114.524950748094,-0.637888125807199));
#4480=CARTESIAN_POINT('Ctrl Pts',(145.100236058645,-114.566752692044,-1.63836595898916));
#4481=CARTESIAN_POINT('Ctrl Pts',(145.100236058645,-114.47318560172,-0.642752982171208));
#4482=CARTESIAN_POINT('Ctrl Pts',(145.247971688024,-114.512572352394,-1.64345779371999));
#4483=CARTESIAN_POINT('Ctrl Pts',(145.247971688024,-114.41900526207,-0.64784481690204));
#4484=CARTESIAN_POINT('Ctrl Pts',(145.397330979327,-114.457161375483,-1.64866528297767));
#4485=CARTESIAN_POINT('Ctrl Pts',(145.397330979327,-114.363594285159,-0.653052306159719));
#4486=CARTESIAN_POINT('Ctrl Pts',(145.54875941188,-114.401827083585,-1.65386556542537));
#4487=CARTESIAN_POINT('Ctrl Pts',(145.54875941188,-114.308259993261,-0.658252588607425));
#4488=CARTESIAN_POINT('Ctrl Pts',(145.70193970496,-114.347771669372,-1.65894565974104));
#4489=CARTESIAN_POINT('Ctrl Pts',(145.70193970496,-114.254204579048,-0.663332682923094));
#4490=CARTESIAN_POINT('Ctrl Pts',(145.856108830534,-114.295961229505,-1.66381477275949));
#4491=CARTESIAN_POINT('Ctrl Pts',(145.856108830534,-114.202394139181,-0.668201795941544));
#4492=CARTESIAN_POINT('Ctrl Pts',(146.010375706585,-114.247001634497,-1.66841596514554));
#4493=CARTESIAN_POINT('Ctrl Pts',(146.010375706585,-114.153434544173,-0.672802988327589));
#4494=CARTESIAN_POINT('Ctrl Pts',(146.164054489456,-114.201001088617,-1.67273906792893));
#4495=CARTESIAN_POINT('Ctrl Pts',(146.164054489456,-114.107433998293,-0.677126091110979));
#4496=CARTESIAN_POINT('Ctrl Pts',(146.316955024215,-114.157462978055,-1.6768307525678));
#4497=CARTESIAN_POINT('Ctrl Pts',(146.316955024215,-114.063895887731,-0.681217775749855));
#4498=CARTESIAN_POINT('Ctrl Pts',(146.469785991883,-114.115101601177,-1.68081184850456));
#4499=CARTESIAN_POINT('Ctrl Pts',(146.469785991883,-114.021534510853,-0.685198871686615));
#4500=CARTESIAN_POINT('Ctrl Pts',(146.623746285859,-114.072207795,-1.68484298181672));
#4501=CARTESIAN_POINT('Ctrl Pts',(146.623746285859,-113.978640704676,-0.689230004998768));
#4502=CARTESIAN_POINT('Ctrl Pts',(146.779961385611,-114.027116696815,-1.68908061526967));
#4503=CARTESIAN_POINT('Ctrl Pts',(146.779961385611,-113.93354960649,-0.693467638451718));
#4504=CARTESIAN_POINT('Ctrl Pts',(146.938935249587,-113.978670927094,-1.6936335186737));
#4505=CARTESIAN_POINT('Ctrl Pts',(146.938935249587,-113.88510383677,-0.698020541855754));
#4506=CARTESIAN_POINT('Ctrl Pts',(147.10008085942,-113.926616876026,-1.69852552612181));
#4507=CARTESIAN_POINT('Ctrl Pts',(147.10008085942,-113.833049785702,-0.702912549303864));
#4508=CARTESIAN_POINT('Ctrl Pts',(147.261003877708,-113.872201886254,-1.70363941312559));
#4509=CARTESIAN_POINT('Ctrl Pts',(147.261003877708,-113.77863479593,-0.708026436307637));
#4510=CARTESIAN_POINT('Ctrl Pts',(147.417899482032,-113.817872501782,-1.70874525499642));
#4511=CARTESIAN_POINT('Ctrl Pts',(147.417899482032,-113.724305411458,-0.713132278178469));
#4512=CARTESIAN_POINT('Ctrl Pts',(147.566575014224,-113.766471374389,-1.71357590108233));
#4513=CARTESIAN_POINT('Ctrl Pts',(147.566575014224,-113.672904284065,-0.717962924264378));
#4514=CARTESIAN_POINT('Ctrl Pts',(147.703343217337,-113.720531947354,-1.71789325995457));
#4515=CARTESIAN_POINT('Ctrl Pts',(147.703343217337,-113.62696485703,-0.722280283136624));
#4516=CARTESIAN_POINT('Ctrl Pts',(147.825832728979,-113.681654847193,-1.72154690572556));
#4517=CARTESIAN_POINT('Ctrl Pts',(147.825832728979,-113.588087756869,-0.725933928907606));
#4518=CARTESIAN_POINT('Ctrl Pts',(147.934170851687,-113.649547277434,-1.72456435522617));
#4519=CARTESIAN_POINT('Ctrl Pts',(147.934170851687,-113.55598018711,-0.728951378408217));
#4520=CARTESIAN_POINT('Ctrl Pts',(148.030562430951,-113.622504050473,-1.72710586093033));
#4521=CARTESIAN_POINT('Ctrl Pts',(148.030562430951,-113.528936960149,-0.731492884112383));
#4522=CARTESIAN_POINT('Ctrl Pts',(148.117800760217,-113.598856685502,-1.72932822562995));
#4523=CARTESIAN_POINT('Ctrl Pts',(148.117800760217,-113.505289595178,-0.733715248812005));
#4524=CARTESIAN_POINT('Ctrl Pts',(148.1978832857,-113.578310972098,-1.73125909903827));
#4525=CARTESIAN_POINT('Ctrl Pts',(148.1978832857,-113.484743881774,-0.73564612222032));
#4526=CARTESIAN_POINT('Ctrl Pts',(148.271119465263,-113.562880877345,-1.73270920977711));
#4527=CARTESIAN_POINT('Ctrl Pts',(148.271119465263,-113.469313787021,-0.737096232959164));
#4528=CARTESIAN_POINT('Ctrl Pts',(148.338324568228,-113.554882543929,-1.73346088819293));
#4529=CARTESIAN_POINT('Ctrl Pts',(148.338324568228,-113.461315453605,-0.737847911374979));
#4530=CARTESIAN_POINT('Ctrl Pts',(148.40365618844,-113.554631915317,-1.73348444211454));
#4531=CARTESIAN_POINT('Ctrl Pts',(148.40365618844,-113.461064824993,-0.737871465296595));
#4532=CARTESIAN_POINT('Ctrl Pts',(148.473300992938,-113.560563479609,-1.7329269973797));
#4533=CARTESIAN_POINT('Ctrl Pts',(148.473300992938,-113.466996389285,-0.737314020561747));
#4534=CARTESIAN_POINT('Ctrl Pts',(148.549587333699,-113.571542397791,-1.73189520545535));
#4535=CARTESIAN_POINT('Ctrl Pts',(148.549587333699,-113.477975307467,-0.736282228637398));
#4536=CARTESIAN_POINT('Ctrl Pts',(148.62898224499,-113.588124324498,-1.73033684626353));
#4537=CARTESIAN_POINT('Ctrl Pts',(148.62898224499,-113.494557234174,-0.734723869445585));
#4538=CARTESIAN_POINT('Ctrl Pts',(148.706201342403,-113.612473241214,-1.72804855016581));
#4539=CARTESIAN_POINT('Ctrl Pts',(148.706201342403,-113.51890615089,-0.732435573347866));
#4540=CARTESIAN_POINT('Ctrl Pts',(148.777632676401,-113.649046363867,-1.72461143077271));
#4541=CARTESIAN_POINT('Ctrl Pts',(148.777632676401,-113.555479273543,-0.728998453954758));
#4542=CARTESIAN_POINT('Ctrl Pts',(148.84282136238,-113.701671587714,-1.71966574486092));
#4543=CARTESIAN_POINT('Ctrl Pts',(148.84282136238,-113.60810449739,-0.724052768042968));
#4544=CARTESIAN_POINT('Ctrl Pts',(148.905048225583,-113.769211006065,-1.71331843219584));
#4545=CARTESIAN_POINT('Ctrl Pts',(148.905048225583,-113.675643915741,-0.71770545537789));
#4546=CARTESIAN_POINT('Ctrl Pts',(148.972013015698,-113.842172299968,-1.70646157502772));
#4547=CARTESIAN_POINT('Ctrl Pts',(148.972013015698,-113.748605209644,-0.710848598209771));
#4548=CARTESIAN_POINT('Ctrl Pts',(149.051617408491,-113.909028781913,-1.70017844430267));
#4549=CARTESIAN_POINT('Ctrl Pts',(149.051617408491,-113.815461691589,-0.704565467484725));
#4550=CARTESIAN_POINT('Ctrl Pts',(149.148354421842,-113.961705730892,-1.6952278972951));
#4551=CARTESIAN_POINT('Ctrl Pts',(149.148354421842,-113.868138640568,-0.699614920477146));
#4552=CARTESIAN_POINT('Ctrl Pts',(149.258813840988,-114.002220860794,-1.6914203105045));
#4553=CARTESIAN_POINT('Ctrl Pts',(149.258813840988,-113.90865377047,-0.69580733368655));
#4554=CARTESIAN_POINT('Ctrl Pts',(149.375107388578,-114.039026267295,-1.68796136121933));
#4555=CARTESIAN_POINT('Ctrl Pts',(149.375107388578,-113.945459176971,-0.692348384401377));
#4556=CARTESIAN_POINT('Ctrl Pts',(149.489170408951,-114.082176919855,-1.68390608964329));
#4557=CARTESIAN_POINT('Ctrl Pts',(149.489170408951,-113.988609829531,-0.688293112825337));
#4558=CARTESIAN_POINT('Ctrl Pts',(149.596960091412,-114.138713730819,-1.67859279519933));
#4559=CARTESIAN_POINT('Ctrl Pts',(149.596960091412,-114.045146640495,-0.682979818381376));
#4560=CARTESIAN_POINT('Ctrl Pts',(149.702130384288,-114.208506311716,-1.67203373171503));
#4561=CARTESIAN_POINT('Ctrl Pts',(149.702130384288,-114.114939221392,-0.676420754897081));
#4562=CARTESIAN_POINT('Ctrl Pts',(149.812540593767,-114.28713395459,-1.66464435458348));
#4563=CARTESIAN_POINT('Ctrl Pts',(149.812540593767,-114.193566864266,-0.669031377765527));
#4564=CARTESIAN_POINT('Ctrl Pts',(149.937185584483,-114.36831819668,-1.65701470984263));
#4565=CARTESIAN_POINT('Ctrl Pts',(149.937185584483,-114.274751106356,-0.661401733024679));
#4566=CARTESIAN_POINT('Ctrl Pts',(150.083208236897,-114.446343320419,-1.64968195708588));
#4567=CARTESIAN_POINT('Ctrl Pts',(150.083208236897,-114.352776230095,-0.654068980267929));
#4568=CARTESIAN_POINT('Ctrl Pts',(150.252262480929,-114.518946269588,-1.64285877693365));
#4569=CARTESIAN_POINT('Ctrl Pts',(150.252262480929,-114.425379179264,-0.647245800115702));
#4570=CARTESIAN_POINT('Ctrl Pts',(150.441060978764,-114.587054000923,-1.63645805456665));
#4571=CARTESIAN_POINT('Ctrl Pts',(150.441060978764,-114.493486910599,-0.640845077748703));
#4572=CARTESIAN_POINT('Ctrl Pts',(150.64335581151,-114.653434930033,-1.63021961600222));
#4573=CARTESIAN_POINT('Ctrl Pts',(150.64335581151,-114.559867839709,-0.634606639184271));
#4574=CARTESIAN_POINT('Ctrl Pts',(150.851419818304,-114.721727786547,-1.6238014956857));
#4575=CARTESIAN_POINT('Ctrl Pts',(150.851419818304,-114.628160696223,-0.628188518867755));
#4576=CARTESIAN_POINT('Ctrl Pts',(151.057788579682,-114.795276404768,-1.61688944214223));
#4577=CARTESIAN_POINT('Ctrl Pts',(151.057788579682,-114.701709314444,-0.621276465324278));
#4578=CARTESIAN_POINT('Ctrl Pts',(151.256770196205,-114.87613191103,-1.60929069179075));
#4579=CARTESIAN_POINT('Ctrl Pts',(151.256770196205,-114.782564820706,-0.613677714972799));
#4580=CARTESIAN_POINT('Ctrl Pts',(151.446344971509,-114.963780209896,-1.60105355900148));
#4581=CARTESIAN_POINT('Ctrl Pts',(151.446344971509,-114.870213119572,-0.605440582183531));
#4582=CARTESIAN_POINT('Ctrl Pts',(151.628970142003,-115.054635627104,-1.59251502321876));
#4583=CARTESIAN_POINT('Ctrl Pts',(151.628970142003,-114.96106853678,-0.596902046400812));
#4584=CARTESIAN_POINT('Ctrl Pts',(151.809490912074,-115.143555682686,-1.58415837152178));
#4585=CARTESIAN_POINT('Ctrl Pts',(151.809490912074,-115.049988592362,-0.588545394703827));
#4586=CARTESIAN_POINT('Ctrl Pts',(151.993562195534,-115.224999979239,-1.57650428702365));
#4587=CARTESIAN_POINT('Ctrl Pts',(151.993562195534,-115.131432888915,-0.580891310205697));
#4588=CARTESIAN_POINT('Ctrl Pts',(152.185915754273,-115.294295231475,-1.56999196217856));
#4589=CARTESIAN_POINT('Ctrl Pts',(152.185915754273,-115.200728141151,-0.574378985360614));
#4590=CARTESIAN_POINT('Ctrl Pts',(152.388584733544,-115.348934297006,-1.56485701667385));
#4591=CARTESIAN_POINT('Ctrl Pts',(152.388584733544,-115.255367206682,-0.569244039855902));
#4592=CARTESIAN_POINT('Ctrl Pts',(152.599400905588,-115.389674807769,-1.56102824872971));
#4593=CARTESIAN_POINT('Ctrl Pts',(152.599400905588,-115.296107717445,-0.565415271911761));
#4594=CARTESIAN_POINT('Ctrl Pts',(152.809721987657,-115.422200593933,-1.55797149551067));
#4595=CARTESIAN_POINT('Ctrl Pts',(152.809721987657,-115.328633503609,-0.562358518692722));
#4596=CARTESIAN_POINT('Ctrl Pts',(153.00640002027,-115.455686311974,-1.55482452848881));
#4597=CARTESIAN_POINT('Ctrl Pts',(153.00640002027,-115.36211922165,-0.559211551670861));
#4598=CARTESIAN_POINT('Ctrl Pts',(153.175256333031,-115.50026331265,-1.55063520960119));
#4599=CARTESIAN_POINT('Ctrl Pts',(153.175256333031,-115.406696222326,-0.555022232783241));
#4600=CARTESIAN_POINT('Ctrl Pts',(153.304150865806,-115.564779263828,-1.54457204050658));
#4601=CARTESIAN_POINT('Ctrl Pts',(153.304150865806,-115.471212173504,-0.548959063688627));
#4602=CARTESIAN_POINT('Ctrl Pts',(153.386025171655,-115.654582454531,-1.53613239231846));
#4603=CARTESIAN_POINT('Ctrl Pts',(153.386025171655,-115.561015364207,-0.540519415500515));
#4604=CARTESIAN_POINT('Ctrl Pts',(153.422422477263,-115.768944790003,-1.52538469093054));
#4605=CARTESIAN_POINT('Ctrl Pts',(153.422422477263,-115.675377699679,-0.529771714112594));
#4606=CARTESIAN_POINT('Ctrl Pts',(153.425388090555,-115.899706242695,-1.51309581067301));
#4607=CARTESIAN_POINT('Ctrl Pts',(153.425388090555,-115.806139152371,-0.517482833855058));
#4608=CARTESIAN_POINT('Ctrl Pts',(153.41138143853,-116.035966086946,-1.50029019498555));
#4609=CARTESIAN_POINT('Ctrl Pts',(153.41138143853,-115.942398996622,-0.504677218167601));
#4610=CARTESIAN_POINT('Ctrl Pts',(153.396455350147,-116.167795682534,-1.48790093132088));
#4611=CARTESIAN_POINT('Ctrl Pts',(153.396455350147,-116.07422859221,-0.492287954502929));
#4612=CARTESIAN_POINT('Ctrl Pts',(153.390567861512,-116.290656228839,-1.47635457334739));
#4613=CARTESIAN_POINT('Ctrl Pts',(153.390567861512,-116.197089138515,-0.480741596529438));
#4614=CARTESIAN_POINT('Ctrl Pts',(153.39334708574,-116.40857686654,-1.46527246492197));
#4615=CARTESIAN_POINT('Ctrl Pts',(153.39334708574,-116.315009776216,-0.469659488104018));
#4616=CARTESIAN_POINT('Ctrl Pts',(153.399230072187,-116.529160150677,-1.4539401226353));
#4617=CARTESIAN_POINT('Ctrl Pts',(153.399230072187,-116.435593060353,-0.458327145817349));
#4618=CARTESIAN_POINT('Ctrl Pts',(153.401516491472,-116.659556772324,-1.44168552897321));
#4619=CARTESIAN_POINT('Ctrl Pts',(153.401516491472,-116.565989682,-0.446072552155265));
#4620=CARTESIAN_POINT('Ctrl Pts',(153.397174876088,-116.801733018899,-1.42832389346326));
#4621=CARTESIAN_POINT('Ctrl Pts',(153.397174876088,-116.708165928575,-0.43271091664531));
#4622=CARTESIAN_POINT('Ctrl Pts',(153.390386420404,-116.948982039179,-1.41448552182539));
#4623=CARTESIAN_POINT('Ctrl Pts',(153.390386420404,-116.855414948855,-0.418872545007442));
#4624=CARTESIAN_POINT('Ctrl Pts',(153.387906472992,-117.090824514304,-1.40115525394942));
#4625=CARTESIAN_POINT('Ctrl Pts',(153.387906472992,-116.99725742398,-0.405542277131476));
#4626=CARTESIAN_POINT('Ctrl Pts',(153.39468138075,-117.217534929076,-1.38924708772419));
#4627=CARTESIAN_POINT('Ctrl Pts',(153.39468138075,-117.123967838752,-0.393634110906241));
#4628=CARTESIAN_POINT('Ctrl Pts',(153.410323686944,-117.324053545539,-1.37923653418596));
#4629=CARTESIAN_POINT('Ctrl Pts',(153.410323686944,-117.230486455215,-0.383623557368008));
#4630=CARTESIAN_POINT('Ctrl Pts',(153.422859423724,-117.41603556189,-1.37059212131416));
#4631=CARTESIAN_POINT('Ctrl Pts',(153.422859423724,-117.322468471566,-0.374979144496212));
#4632=CARTESIAN_POINT('Ctrl Pts',(153.416630142384,-117.504536599563,-1.36227484866051));
#4633=CARTESIAN_POINT('Ctrl Pts',(153.416630142384,-117.410969509239,-0.366661871842556));
#4634=CARTESIAN_POINT('Ctrl Pts',(153.382802844617,-117.598285523331,-1.35346438292509));
#4635=CARTESIAN_POINT('Ctrl Pts',(153.382802844617,-117.504718433007,-0.357851406107145));
#4636=CARTESIAN_POINT('Ctrl Pts',(153.333822154842,-117.693472386098,-1.34451878057409));
#4637=CARTESIAN_POINT('Ctrl Pts',(153.333822154842,-117.599905295774,-0.34890580375614));
#4638=CARTESIAN_POINT('Ctrl Pts',(153.296152851758,-117.778205675443,-1.33655559857242));
#4639=CARTESIAN_POINT('Ctrl Pts',(153.296152851758,-117.684638585119,-0.340942621754471));
#4640=CARTESIAN_POINT('Ctrl Pts',(153.291306137771,-117.844691715225,-1.33030728177221));
#4641=CARTESIAN_POINT('Ctrl Pts',(153.291306137771,-117.751124624901,-0.334694304954261));
#4642=CARTESIAN_POINT('Ctrl Pts',(153.314706088186,-117.903433003036,-1.32478681196082));
#4643=CARTESIAN_POINT('Ctrl Pts',(153.314706088186,-117.809865912712,-0.329173835142872));
#4644=CARTESIAN_POINT('Ctrl Pts',(153.339107529794,-117.978315088184,-1.31774944002223));
#4645=CARTESIAN_POINT('Ctrl Pts',(153.339107529794,-117.88474799786,-0.322136463204278));
#4646=CARTESIAN_POINT('Ctrl Pts',(153.342522554651,-118.082009325373,-1.30800431989722));
#4647=CARTESIAN_POINT('Ctrl Pts',(153.342522554651,-117.988442235049,-0.312391343079269));
#4648=CARTESIAN_POINT('Ctrl Pts',(153.322920152216,-118.203547770016,-1.29658221221825));
#4649=CARTESIAN_POINT('Ctrl Pts',(153.322920152216,-118.109980679692,-0.3009692354003));
#4650=CARTESIAN_POINT('Ctrl Pts',(153.2888324628,-118.323613949696,-1.28529846708783));
#4651=CARTESIAN_POINT('Ctrl Pts',(153.2888324628,-118.230046859372,-0.289685490269885));
#4652=CARTESIAN_POINT('Ctrl Pts',(153.253409519269,-118.424472750156,-1.27581981954876));
#4653=CARTESIAN_POINT('Ctrl Pts',(153.253409519269,-118.330905659832,-0.280206842730814));
#4654=CARTESIAN_POINT('Ctrl Pts',(153.225970433036,-118.505827009754,-1.26817419666788));
#4655=CARTESIAN_POINT('Ctrl Pts',(153.225970433036,-118.41225991943,-0.272561219849931));
#4656=CARTESIAN_POINT('Ctrl Pts',(153.210311990528,-118.580334293711,-1.26117204831295));
#4657=CARTESIAN_POINT('Ctrl Pts',(153.210311990528,-118.486767203387,-0.265559071495004));
#4658=CARTESIAN_POINT('Ctrl Pts',(153.20647565256,-118.659626946631,-1.25372017394952));
#4659=CARTESIAN_POINT('Ctrl Pts',(153.20647565256,-118.566059856307,-0.258107197131573));
#4660=CARTESIAN_POINT('Ctrl Pts',(153.211466890337,-118.740100612556,-1.24615730871616));
#4661=CARTESIAN_POINT('Ctrl Pts',(153.211466890337,-118.646533522232,-0.250544331898209));
#4662=CARTESIAN_POINT('Ctrl Pts',(153.220390162543,-118.81066565163,-1.23952565009125));
#4663=CARTESIAN_POINT('Ctrl Pts',(153.220390162543,-118.717098561306,-0.2439126732733));
#4664=CARTESIAN_POINT('Ctrl Pts',(153.227221223196,-118.871200788904,-1.23383659541944));
#4665=CARTESIAN_POINT('Ctrl Pts',(153.227221223196,-118.77763369858,-0.238223618601493));
#4666=CARTESIAN_POINT('Ctrl Pts',(153.226116979641,-118.939953025175,-1.22737530287808));
#4667=CARTESIAN_POINT('Ctrl Pts',(153.226116979641,-118.846385934851,-0.231762326060129));
#4668=CARTESIAN_POINT('Ctrl Pts',(153.213936483082,-119.034176952938,-1.21852019656175));
#4669=CARTESIAN_POINT('Ctrl Pts',(153.213936483082,-118.940609862614,-0.222907219743797));
#4670=CARTESIAN_POINT('Ctrl Pts',(153.192922481847,-119.153034610903,-1.20735002755282));
#4671=CARTESIAN_POINT('Ctrl Pts',(153.192922481847,-119.059467520579,-0.211737050734874));
#4672=CARTESIAN_POINT('Ctrl Pts',(153.168591863994,-119.283456806938,-1.19509303042563));
#4673=CARTESIAN_POINT('Ctrl Pts',(153.168591863994,-119.189889716614,-0.199480053607678));
#4674=CARTESIAN_POINT('Ctrl Pts',(153.147210914391,-119.408711264079,-1.18332169419596));
#4675=CARTESIAN_POINT('Ctrl Pts',(153.147210914391,-119.315144173755,-0.187708717378007));
#4676=CARTESIAN_POINT('Ctrl Pts',(153.133296091645,-119.516370163394,-1.17320397758224));
#4677=CARTESIAN_POINT('Ctrl Pts',(153.133296091645,-119.42280307307,-0.177591000764293));
#4678=CARTESIAN_POINT('Ctrl Pts',(153.127461043289,-119.605347765239,-1.16484191772313));
#4679=CARTESIAN_POINT('Ctrl Pts',(153.127461043289,-119.511780674915,-0.169228940905185));
#4680=CARTESIAN_POINT('Ctrl Pts',(153.127642823375,-119.68175165939,-1.15766152711788));
#4681=CARTESIAN_POINT('Ctrl Pts',(153.127642823375,-119.588184569066,-0.162048550299935));
#4682=CARTESIAN_POINT('Ctrl Pts',(153.129968087757,-119.755889649298,-1.15069408478877));
#4683=CARTESIAN_POINT('Ctrl Pts',(153.129968087757,-119.662322558974,-0.155081107970822));
#4684=CARTESIAN_POINT('Ctrl Pts',(153.129820853566,-119.838775896792,-1.1429044866352));
#4685=CARTESIAN_POINT('Ctrl Pts',(153.129820853566,-119.745208806468,-0.147291509817248));
#4686=CARTESIAN_POINT('Ctrl Pts',(153.123338201662,-119.93941927154,-1.13344608467091));
#4687=CARTESIAN_POINT('Ctrl Pts',(153.123338201662,-119.845852181216,-0.137833107852964));
#4688=CARTESIAN_POINT('Ctrl Pts',(153.109164081721,-120.061549070306,-1.12196840189811));
#4689=CARTESIAN_POINT('Ctrl Pts',(153.109164081721,-119.967981979982,-0.126355425080161));
#4690=CARTESIAN_POINT('Ctrl Pts',(153.089440346161,-120.201751468211,-1.10879226746251));
#4691=CARTESIAN_POINT('Ctrl Pts',(153.089440346161,-120.108184377887,-0.113179290644557));
#4692=CARTESIAN_POINT('Ctrl Pts',(153.067985184259,-120.352680936631,-1.0946080095902));
#4693=CARTESIAN_POINT('Ctrl Pts',(153.067985184259,-120.259113846307,-0.0989950327722479));
#4694=CARTESIAN_POINT('Ctrl Pts',(153.048827758053,-120.505604348016,-1.08023636219422));
#4695=CARTESIAN_POINT('Ctrl Pts',(153.048827758053,-120.412037257692,-0.0846233853762714));
#4696=CARTESIAN_POINT('Ctrl Pts',(153.034761016377,-120.652982737794,-1.06638583249111));
#4697=CARTESIAN_POINT('Ctrl Pts',(153.034761016377,-120.55941564747,-0.0707728556731659));
#4698=CARTESIAN_POINT('Ctrl Pts',(153.02549043066,-120.791597598329,-1.05335889383335));
#4699=CARTESIAN_POINT('Ctrl Pts',(153.02549043066,-120.698030508005,-0.0577459170154006));
#4700=CARTESIAN_POINT('Ctrl Pts',(153.018217274665,-120.922272836337,-1.04107811597833));
#4701=CARTESIAN_POINT('Ctrl Pts',(153.018217274665,-120.828705746013,-0.0454651391603779));
#4702=CARTESIAN_POINT('Ctrl Pts',(153.00934011505,-121.04808638723,-1.02925423646444));
#4703=CARTESIAN_POINT('Ctrl Pts',(153.00934011505,-120.954519296906,-0.0336412596464943));
#4704=CARTESIAN_POINT('Ctrl Pts',(152.99566263099,-121.173147128444,-1.01750110553746));
#4705=CARTESIAN_POINT('Ctrl Pts',(152.99566263099,-121.07958003812,-0.0218881287195084));
#4706=CARTESIAN_POINT('Ctrl Pts',(152.976113280915,-121.30095943466,-1.00548938423739));
#4707=CARTESIAN_POINT('Ctrl Pts',(152.976113280915,-121.207392344336,-0.00987640741944365));
#4708=CARTESIAN_POINT('Ctrl Pts',(152.952198355495,-121.433570157197,-0.993026710746296));
#4709=CARTESIAN_POINT('Ctrl Pts',(152.952198355495,-121.340003066873,0.00258626607165233));
#4710=CARTESIAN_POINT('Ctrl Pts',(152.926395948724,-121.571894076391,-0.980027114575361));
#4711=CARTESIAN_POINT('Ctrl Pts',(152.926395948724,-121.478326986067,0.0155858622425874));
#4712=CARTESIAN_POINT('Ctrl Pts',(152.900991859256,-121.715779566425,-0.966504845424805));
#4713=CARTESIAN_POINT('Ctrl Pts',(152.900991859256,-121.622212476101,0.0291081313931439));
#4714=CARTESIAN_POINT('Ctrl Pts',(152.876774707687,-121.864181806823,-0.952558094875204));
#4715=CARTESIAN_POINT('Ctrl Pts',(152.876774707687,-121.770614716499,0.0430548819427444));
#4716=CARTESIAN_POINT('Ctrl Pts',(152.851692993676,-122.015280244948,-0.938357957334761));
#4717=CARTESIAN_POINT('Ctrl Pts',(152.851692993676,-121.921713154624,0.0572550194831876));
#4718=CARTESIAN_POINT('Ctrl Pts',(152.822215812031,-122.166891933604,-0.924109584827644));
#4719=CARTESIAN_POINT('Ctrl Pts',(152.822215812031,-122.07332484328,0.0715033919903051));
#4720=CARTESIAN_POINT('Ctrl Pts',(152.784850869588,-122.316892215777,-0.910012651302752));
#4721=CARTESIAN_POINT('Ctrl Pts',(152.784850869588,-122.223325125453,0.085600325515197));
#4722=CARTESIAN_POINT('Ctrl Pts',(152.737587799238,-122.463629531192,-0.896222369370903));
#4723=CARTESIAN_POINT('Ctrl Pts',(152.737587799238,-122.370062440868,0.0993906074470462));
#4724=CARTESIAN_POINT('Ctrl Pts',(152.681410723123,-122.606351266299,-0.882809469186883));
#4725=CARTESIAN_POINT('Ctrl Pts',(152.681410723123,-122.512784175975,0.112803507631066));
#4726=CARTESIAN_POINT('Ctrl Pts',(152.621679593613,-122.745601433003,-0.86972282484916));
#4727=CARTESIAN_POINT('Ctrl Pts',(152.621679593613,-122.652034342679,0.125890151968789));
#4728=CARTESIAN_POINT('Ctrl Pts',(152.565701221668,-122.882671277369,-0.856841085853108));
#4729=CARTESIAN_POINT('Ctrl Pts',(152.565701221668,-122.789104187045,0.13877189096484));
#4730=CARTESIAN_POINT('Ctrl Pts',(152.520277849012,-123.019055619954,-0.844023769889446));
#4731=CARTESIAN_POINT('Ctrl Pts',(152.520277849012,-122.92548852963,0.151589206928503));
#4732=CARTESIAN_POINT('Ctrl Pts',(152.489487334137,-123.155940934149,-0.831159372924346));
#4733=CARTESIAN_POINT('Ctrl Pts',(152.489487334137,-123.062373843825,0.164453603893603));
#4734=CARTESIAN_POINT('Ctrl Pts',(152.47184129102,-123.293600385173,-0.818222223060099));
#4735=CARTESIAN_POINT('Ctrl Pts',(152.47184129102,-123.200033294849,0.17739075375785));
#4736=CARTESIAN_POINT('Ctrl Pts',(152.459372978775,-123.431082453966,-0.805301743467959));
#4737=CARTESIAN_POINT('Ctrl Pts',(152.459372978775,-123.337515363642,0.19031123334999));
#4738=CARTESIAN_POINT('Ctrl Pts',(152.441910254479,-123.566707563225,-0.792555779781476));
#4739=CARTESIAN_POINT('Ctrl Pts',(152.441910254479,-123.473140472901,0.203057197036472));
#4740=CARTESIAN_POINT('Ctrl Pts',(152.41051507049,-123.69841742188,-0.780177768919583));
#4741=CARTESIAN_POINT('Ctrl Pts',(152.41051507049,-123.604850331556,0.215435207898366));
#4742=CARTESIAN_POINT('Ctrl Pts',(152.360997258753,-123.824179732049,-0.768358704977139));
#4743=CARTESIAN_POINT('Ctrl Pts',(152.360997258753,-123.730612641725,0.22725427184081));
#4744=CARTESIAN_POINT('Ctrl Pts',(152.298066561446,-123.942375049834,-0.757250782287704));
#4745=CARTESIAN_POINT('Ctrl Pts',(152.298066561446,-123.84880795951,0.238362194530245));
#4746=CARTESIAN_POINT('Ctrl Pts',(152.23210832941,-124.052236477432,-0.746926073431466));
#4747=CARTESIAN_POINT('Ctrl Pts',(152.23210832941,-123.958669387108,0.248686903386482));
#4748=CARTESIAN_POINT('Ctrl Pts',(152.17455977466,-124.154384164939,-0.737326297086733));
#4749=CARTESIAN_POINT('Ctrl Pts',(152.17455977466,-124.060817074615,0.258286679731215));
#4750=CARTESIAN_POINT('Ctrl Pts',(152.134134130831,-124.25115391893,-0.728231935599748));
#4751=CARTESIAN_POINT('Ctrl Pts',(152.134134130831,-124.157586828606,0.267381041218201));
#4752=CARTESIAN_POINT('Ctrl Pts',(152.111802810152,-124.347438723804,-0.719183149330149));
#4753=CARTESIAN_POINT('Ctrl Pts',(152.111802810152,-124.25387163348,0.2764298274878));
#4754=CARTESIAN_POINT('Ctrl Pts',(152.102443328051,-124.448585817278,-0.709677408192311));
#4755=CARTESIAN_POINT('Ctrl Pts',(152.102443328051,-124.355018726954,0.285935568625638));
#4756=CARTESIAN_POINT('Ctrl Pts',(152.098113113433,-124.557917111496,-0.699402520942416));
#4757=CARTESIAN_POINT('Ctrl Pts',(152.098113113433,-124.464350021172,0.296210455875533));
#4758=CARTESIAN_POINT('Ctrl Pts',(152.091084417721,-124.673555416814,-0.688534904699436));
#4759=CARTESIAN_POINT('Ctrl Pts',(152.091084417721,-124.57998832649,0.307078072118513));
#4760=CARTESIAN_POINT('Ctrl Pts',(152.075942049759,-124.788454320602,-0.677736776953821));
#4761=CARTESIAN_POINT('Ctrl Pts',(152.075942049759,-124.694887230278,0.317876199864128));
#4762=CARTESIAN_POINT('Ctrl Pts',(152.050211415571,-124.895346231382,-0.66769114144708));
#4763=CARTESIAN_POINT('Ctrl Pts',(152.050211415571,-124.801779141058,0.327921835370869));
#4764=CARTESIAN_POINT('Ctrl Pts',(152.015039570955,-124.989978914701,-0.658797620536991));
#4765=CARTESIAN_POINT('Ctrl Pts',(152.015039570955,-124.896411824377,0.336815356280958));
#4766=CARTESIAN_POINT('Ctrl Pts',(151.976628887221,-125.076211443559,-0.650693540935379));
#4767=CARTESIAN_POINT('Ctrl Pts',(151.976628887221,-124.982644353235,0.34491943588257));
#4768=CARTESIAN_POINT('Ctrl Pts',(151.942128308472,-125.161822318126,-0.642647884018666));
#4769=CARTESIAN_POINT('Ctrl Pts',(151.942128308472,-125.068255227802,0.352965092799283));
#4770=CARTESIAN_POINT('Ctrl Pts',(151.915362483371,-125.253231890091,-0.634057269115347));
#4771=CARTESIAN_POINT('Ctrl Pts',(151.915362483371,-125.159664799767,0.361555707702602));
#4772=CARTESIAN_POINT('Ctrl Pts',(151.890370063996,-125.348813697017,-0.625074550157081));
#4773=CARTESIAN_POINT('Ctrl Pts',(151.890370063996,-125.255246606693,0.370538426660868));
#4774=CARTESIAN_POINT('Ctrl Pts',(151.856405892844,-125.441362507111,-0.616376870360802));
#4775=CARTESIAN_POINT('Ctrl Pts',(151.856405892844,-125.347795416787,0.379236106457147));
#4776=CARTESIAN_POINT('Ctrl Pts',(151.806574226474,-125.524263683641,-0.608585869185654));
#4777=CARTESIAN_POINT('Ctrl Pts',(151.806574226474,-125.430696593317,0.387027107632295));
#4778=CARTESIAN_POINT('Ctrl Pts',(151.748979424235,-125.598223616138,-0.601635160581522));
#4779=CARTESIAN_POINT('Ctrl Pts',(151.748979424235,-125.504656525814,0.393977816236427));
#4780=CARTESIAN_POINT('Ctrl Pts',(151.703584407275,-125.671365995322,-0.59476128513098));
#4781=CARTESIAN_POINT('Ctrl Pts',(151.703584407275,-125.577798904998,0.400851691686969));
#4782=CARTESIAN_POINT('Ctrl Pts',(151.686833414316,-125.752603649509,-0.587126620754321));
#4783=CARTESIAN_POINT('Ctrl Pts',(151.686833414316,-125.659036559185,0.408486356063627));
#4784=CARTESIAN_POINT('Ctrl Pts',(151.694860297314,-125.845657291469,-0.578381497172171));
#4785=CARTESIAN_POINT('Ctrl Pts',(151.694860297314,-125.752090201145,0.417231479645778));
#4786=CARTESIAN_POINT('Ctrl Pts',(151.706444966332,-125.947843928633,-0.568778060362856));
#4787=CARTESIAN_POINT('Ctrl Pts',(151.706444966332,-125.854276838309,0.426834916455093));
#4788=CARTESIAN_POINT('Ctrl Pts',(151.699707830412,-126.05330432089,-0.558866958079463));
#4789=CARTESIAN_POINT('Ctrl Pts',(151.699707830412,-125.959737230566,0.436746018738486));
#4790=CARTESIAN_POINT('Ctrl Pts',(151.668395378928,-126.154760775133,-0.549332143408392));
#4791=CARTESIAN_POINT('Ctrl Pts',(151.668395378928,-126.061193684809,0.446280833409557));
#4792=CARTESIAN_POINT('Ctrl Pts',(151.625393370524,-126.246186574939,-0.540740003422644));
#4793=CARTESIAN_POINT('Ctrl Pts',(151.625393370524,-126.152619484615,0.454872973395305));
#4794=CARTESIAN_POINT('Ctrl Pts',(151.588467934868,-126.324881018718,-0.53334434838352));
#4795=CARTESIAN_POINT('Ctrl Pts',(151.588467934868,-126.231313928394,0.462268628434429));
#4796=CARTESIAN_POINT('Ctrl Pts',(151.569265602958,-126.394846033728,-0.526769079648197));
#4797=CARTESIAN_POINT('Ctrl Pts',(151.569265602958,-126.301278943404,0.468843897169752));
#4798=CARTESIAN_POINT('Ctrl Pts',(151.565090490378,-126.466559910368,-0.520029453981043));
#4799=CARTESIAN_POINT('Ctrl Pts',(151.565090490378,-126.372992820044,0.475583522836905));
#4800=CARTESIAN_POINT('Ctrl Pts',(151.566611421612,-126.547920468877,-0.512383239132495));
#4801=CARTESIAN_POINT('Ctrl Pts',(151.566611421612,-126.454353378553,0.483229737685454));
#4802=CARTESIAN_POINT('Ctrl Pts',(151.563063879125,-126.633883233531,-0.504304511803528));
#4803=CARTESIAN_POINT('Ctrl Pts',(151.563063879125,-126.540316143207,0.49130846501442));
#4804=CARTESIAN_POINT('Ctrl Pts',(151.546276235532,-126.71332095371,-0.496839004109053));
#4805=CARTESIAN_POINT('Ctrl Pts',(151.546276235532,-126.619753863386,0.498773972708896));
#4806=CARTESIAN_POINT('Ctrl Pts',(151.513687196815,-126.782445224177,-0.490342748024621));
#4807=CARTESIAN_POINT('Ctrl Pts',(151.513687196815,-126.688878133853,0.505270228793327));
#4808=CARTESIAN_POINT('Ctrl Pts',(151.47127813357,-126.854675621454,-0.483554580068351));
#4809=CARTESIAN_POINT('Ctrl Pts',(151.47127813357,-126.76110853113,0.512058396749598));
#4810=CARTESIAN_POINT('Ctrl Pts',(151.428277105654,-126.948352727854,-0.474750863684654));
#4811=CARTESIAN_POINT('Ctrl Pts',(151.428277105654,-126.85478563753,0.520862113133295));
#4812=CARTESIAN_POINT('Ctrl Pts',(151.391955890072,-127.074133290491,-0.46293008438653));
#4813=CARTESIAN_POINT('Ctrl Pts',(151.391955890072,-126.980566200167,0.532682892431419));
#4814=CARTESIAN_POINT('Ctrl Pts',(151.363360529906,-127.225257217668,-0.448727551400769));
#4815=CARTESIAN_POINT('Ctrl Pts',(151.363360529906,-127.131690127344,0.546885425417179));
#4816=CARTESIAN_POINT('Ctrl Pts',(151.339676016808,-127.38582614579,-0.433637383081744));
#4817=CARTESIAN_POINT('Ctrl Pts',(151.339676016808,-127.292259055466,0.561975593736205));
#4818=CARTESIAN_POINT('Ctrl Pts',(151.315818125677,-127.537346306713,-0.419397612294221));
#4819=CARTESIAN_POINT('Ctrl Pts',(151.315818125677,-127.443779216389,0.576215364523728));
#4820=CARTESIAN_POINT('Ctrl Pts',(151.286274835039,-127.665127333422,-0.40738883062281));
#4821=CARTESIAN_POINT('Ctrl Pts',(151.286274835039,-127.571560243098,0.588224146195139));
#4822=CARTESIAN_POINT('Ctrl Pts',(151.246963606975,-127.766719008653,-0.397841307967144));
#4823=CARTESIAN_POINT('Ctrl Pts',(151.246963606975,-127.673151918329,0.597771668850805));
#4824=CARTESIAN_POINT('Ctrl Pts',(151.196597959903,-127.851708126806,-0.389854083332684));
#4825=CARTESIAN_POINT('Ctrl Pts',(151.196597959903,-127.758141036482,0.605758893485265));
#4826=CARTESIAN_POINT('Ctrl Pts',(151.137455507148,-127.932617139714,-0.382250304459772));
#4827=CARTESIAN_POINT('Ctrl Pts',(151.137455507148,-127.83905004939,0.613362672358176));
#4828=CARTESIAN_POINT('Ctrl Pts',(151.076341610122,-128.018122222905,-0.374214589750881));
#4829=CARTESIAN_POINT('Ctrl Pts',(151.076341610122,-127.924555132581,0.621398387067068));
#4830=CARTESIAN_POINT('Ctrl Pts',(151.025380164898,-128.105586214773,-0.365994778019136));
#4831=CARTESIAN_POINT('Ctrl Pts',(151.025380164898,-128.012019124448,0.629618198798812));
#4832=CARTESIAN_POINT('Ctrl Pts',(150.995494247971,-128.189273262497,-0.358129921156378));
#4833=CARTESIAN_POINT('Ctrl Pts',(150.995494247971,-128.095706172173,0.637483055661571));
#4834=CARTESIAN_POINT('Ctrl Pts',(150.990510915856,-128.267490512458,-0.350779112496362));
#4835=CARTESIAN_POINT('Ctrl Pts',(150.990510915856,-128.173923422134,0.644833864321587));
#4836=CARTESIAN_POINT('Ctrl Pts',(151.000014604694,-128.351287252785,-0.342903946790798));
#4837=CARTESIAN_POINT('Ctrl Pts',(151.000014604694,-128.257720162461,0.652709030027151));
#4838=CARTESIAN_POINT('Ctrl Pts',(151.00642239207,-128.457124156244,-0.332957460218133));
#4839=CARTESIAN_POINT('Ctrl Pts',(151.00642239207,-128.36355706592,0.662655516599816));
#4840=CARTESIAN_POINT('Ctrl Pts',(150.992828252014,-128.598725883165,-0.319649817709089));
#4841=CARTESIAN_POINT('Ctrl Pts',(150.992828252014,-128.505158792841,0.67596315910886));
#4842=CARTESIAN_POINT('Ctrl Pts',(150.951867209258,-128.777729602546,-0.302827159136219));
#4843=CARTESIAN_POINT('Ctrl Pts',(150.951867209258,-128.684162512222,0.69278581768173));
#4844=CARTESIAN_POINT('Ctrl Pts',(150.885146848372,-128.985237936003,-0.283325654604265));
#4845=CARTESIAN_POINT('Ctrl Pts',(150.885146848372,-128.891670845679,0.712287322213684));
#4846=CARTESIAN_POINT('Ctrl Pts',(150.7999616195,-129.206518354504,-0.262529858057896));
#4847=CARTESIAN_POINT('Ctrl Pts',(150.7999616195,-129.11295126418,0.733083118760053));
#4848=CARTESIAN_POINT('Ctrl Pts',(150.706963621683,-129.424571118652,-0.242037394466623));
#4849=CARTESIAN_POINT('Ctrl Pts',(150.706963621683,-129.331004028328,0.753575582351326));
#4850=CARTESIAN_POINT('Ctrl Pts',(150.617364457639,-129.624304532865,-0.223266572024976));
#4851=CARTESIAN_POINT('Ctrl Pts',(150.617364457639,-129.530737442541,0.772346404792973));
#4852=CARTESIAN_POINT('Ctrl Pts',(150.540495785386,-129.796141310526,-0.207117458191828));
#4853=CARTESIAN_POINT('Ctrl Pts',(150.540495785386,-129.702574220202,0.788495518626121));
#4854=CARTESIAN_POINT('Ctrl Pts',(150.480837066374,-129.940610764561,-0.193540308466555));
#4855=CARTESIAN_POINT('Ctrl Pts',(150.480837066374,-129.847043674237,0.802072668351393));
#4856=CARTESIAN_POINT('Ctrl Pts',(150.436463219788,-130.070188058424,-0.181362714721631));
#4857=CARTESIAN_POINT('Ctrl Pts',(150.436463219788,-129.9766209681,0.814250262096318));
#4858=CARTESIAN_POINT('Ctrl Pts',(150.401717064821,-130.202906714515,-0.168889897702063));
#4859=CARTESIAN_POINT('Ctrl Pts',(150.401717064821,-130.109339624191,0.826723079115886));
#4860=CARTESIAN_POINT('Ctrl Pts',(150.369181621148,-130.357292089779,-0.154380855847114));
#4861=CARTESIAN_POINT('Ctrl Pts',(150.369181621148,-130.263724999455,0.841232120970835));
#4862=CARTESIAN_POINT('Ctrl Pts',(150.331869246034,-130.546983355632,-0.136553788282696));
#4863=CARTESIAN_POINT('Ctrl Pts',(150.331869246034,-130.453416265308,0.859059188535253));
#4864=CARTESIAN_POINT('Ctrl Pts',(150.285456692355,-130.774997816726,-0.115125130588218));
#4865=CARTESIAN_POINT('Ctrl Pts',(150.285456692355,-130.681430726402,0.88048784622973));
#4866=CARTESIAN_POINT('Ctrl Pts',(150.230090394578,-131.029596329409,-0.0911981202064771));
#4867=CARTESIAN_POINT('Ctrl Pts',(150.230090394578,-130.936029239085,0.904414856611472));
#4868=CARTESIAN_POINT('Ctrl Pts',(150.169260952576,-131.290250420904,-0.0667020102820914));
#4869=CARTESIAN_POINT('Ctrl Pts',(150.169260952576,-131.19668333058,0.928910966535857));
#4870=CARTESIAN_POINT('Ctrl Pts',(150.109031945351,-131.532529794337,-0.0439327449697169));
#4871=CARTESIAN_POINT('Ctrl Pts',(150.109031945351,-131.438962704013,0.951680231848232));
#4872=CARTESIAN_POINT('Ctrl Pts',(150.057110770522,-131.733212170233,-0.025072739697436));
#4873=CARTESIAN_POINT('Ctrl Pts',(150.057110770522,-131.639645079909,0.970540237120513));
#4874=CARTESIAN_POINT('Ctrl Pts',(150.022034052582,-131.875742873843,-0.0116777925350653));
#4875=CARTESIAN_POINT('Ctrl Pts',(150.022034052582,-131.782175783519,0.983935184282884));
#4876=CARTESIAN_POINT('Ctrl Pts',(150.012193200486,-131.954508179614,-0.00427547792980487));
#4877=CARTESIAN_POINT('Ctrl Pts',(150.012193200486,-131.86094108929,0.991337498888144));
#4878=CARTESIAN_POINT('Ctrl Pts',(150.035208076785,-131.982167021361,-0.00167611712975191));
#4879=CARTESIAN_POINT('Ctrl Pts',(150.035208076785,-131.888599931037,0.993936859688197));
#4880=CARTESIAN_POINT('Ctrl Pts',(150.09594218482,-131.986210032015,-0.00129615749500989));
#4881=CARTESIAN_POINT('Ctrl Pts',(150.09594218482,-131.892642941691,0.994316819322939));
#4882=CARTESIAN_POINT('Ctrl Pts',(150.190036055371,-131.983137429652,-0.00158491876018241));
#4883=CARTESIAN_POINT('Ctrl Pts',(150.190036055371,-131.889570339328,0.994028058057766));
#4884=CARTESIAN_POINT('Ctrl Pts',(150.307854232841,-131.979725902318,-0.00190553198403665));
#4885=CARTESIAN_POINT('Ctrl Pts',(150.307854232841,-131.886158811994,0.993707444833912));
#4886=CARTESIAN_POINT('Ctrl Pts',(150.43979963959,-131.977403894531,-0.00212375283631605));
#4887=CARTESIAN_POINT('Ctrl Pts',(150.43979963959,-131.883836804207,0.993489223981633));
#4888=CARTESIAN_POINT('Ctrl Pts',(150.582309992464,-131.976251648353,-0.00223204021776002));
#4889=CARTESIAN_POINT('Ctrl Pts',(150.582309992464,-131.882684558029,0.993380936600189));
#4890=CARTESIAN_POINT('Ctrl Pts',(150.737521731097,-131.976261375473,-0.00223112606902998));
#4891=CARTESIAN_POINT('Ctrl Pts',(150.737521731097,-131.882694285149,0.993381850748919));
#4892=CARTESIAN_POINT('Ctrl Pts',(150.910093589545,-131.977093487414,-0.00215292470467698));
#4893=CARTESIAN_POINT('Ctrl Pts',(150.910093589545,-131.88352639709,0.993460052113272));
#4894=CARTESIAN_POINT('Ctrl Pts',(151.104873947871,-131.978338065674,-0.00203596001145723));
#4895=CARTESIAN_POINT('Ctrl Pts',(151.104873947871,-131.88477097535,0.993577016806492));
#4896=CARTESIAN_POINT('Ctrl Pts',(151.324397752305,-131.979559323981,-0.00192118691284993));
#4897=CARTESIAN_POINT('Ctrl Pts',(151.324397752305,-131.885992233657,0.993691789905099));
#4898=CARTESIAN_POINT('Ctrl Pts',(151.566021524239,-131.980446556223,-0.00183780537681866));
#4899=CARTESIAN_POINT('Ctrl Pts',(151.566021524239,-131.886879465899,0.99377517144113));
#4900=CARTESIAN_POINT('Ctrl Pts',(151.820606875855,-131.980876586604,-0.00179739138819635));
#4901=CARTESIAN_POINT('Ctrl Pts',(151.820606875855,-131.88730949628,0.993815585429752));
#4902=CARTESIAN_POINT('Ctrl Pts',(152.075565367247,-131.980859891346,-0.00179896039821159));
#4903=CARTESIAN_POINT('Ctrl Pts',(152.075565367247,-131.887292801022,0.993814016419737));
#4904=CARTESIAN_POINT('Ctrl Pts',(152.317106584799,-131.980504016884,-0.00183240525950756));
#4905=CARTESIAN_POINT('Ctrl Pts',(152.317106584799,-131.88693692656,0.993780571558441));
#4906=CARTESIAN_POINT('Ctrl Pts',(152.532758458385,-131.97997084534,-0.00188251239062742));
#4907=CARTESIAN_POINT('Ctrl Pts',(152.532758458385,-131.886403755016,0.993730464427321));
#4908=CARTESIAN_POINT('Ctrl Pts',(152.713871350184,-131.979435452705,-0.00193282825859731));
#4909=CARTESIAN_POINT('Ctrl Pts',(152.713871350184,-131.885868362381,0.993680148559351));
#4910=CARTESIAN_POINT('Ctrl Pts',(152.857896455993,-131.979046660408,-0.00196936671762016));
#4911=CARTESIAN_POINT('Ctrl Pts',(152.857896455993,-131.885479570084,0.993643610100329));
#4912=CARTESIAN_POINT('Ctrl Pts',(152.971322144285,-131.978881131778,-0.00198492299563258));
#4913=CARTESIAN_POINT('Ctrl Pts',(152.971322144285,-131.885314041454,0.993628053822316));
#4914=CARTESIAN_POINT('Ctrl Pts',(153.070543008156,-131.978918355941,-0.00198142469192142));
#4915=CARTESIAN_POINT('Ctrl Pts',(153.070543008156,-131.885351265617,0.993631552126027));
#4916=CARTESIAN_POINT('Ctrl Pts',(153.175562264906,-131.979086401346,-0.00196563188888277));
#4917=CARTESIAN_POINT('Ctrl Pts',(153.175562264906,-131.885519311022,0.993647344929066));
#4918=CARTESIAN_POINT('Ctrl Pts',(153.305369771493,-131.979292880481,-0.00194622710780079));
#4919=CARTESIAN_POINT('Ctrl Pts',(153.305369771493,-131.885725790157,0.993666749710148));
#4920=CARTESIAN_POINT('Ctrl Pts',(153.471629554597,-131.979467952826,-0.00192977391738181));
#4921=CARTESIAN_POINT('Ctrl Pts',(153.471629554597,-131.885900862502,0.993683202900567));
#4922=CARTESIAN_POINT('Ctrl Pts',(153.677545590471,-131.979575320049,-0.0019196836123192));
#4923=CARTESIAN_POINT('Ctrl Pts',(153.677545590471,-131.886008229725,0.99369329320563));
#4924=CARTESIAN_POINT('Ctrl Pts',(153.920285899603,-131.979602113638,-0.0019171655674266));
#4925=CARTESIAN_POINT('Ctrl Pts',(153.920285899603,-131.886035023314,0.993695811250522));
#4926=CARTESIAN_POINT('Ctrl Pts',(154.192373981065,-131.979554849147,-0.0019216074550088));
#4927=CARTESIAN_POINT('Ctrl Pts',(154.192373981065,-131.885987758823,0.99369136936294));
#4928=CARTESIAN_POINT('Ctrl Pts',(154.483513584902,-131.979452861132,-0.00193119222540838));
#4929=CARTESIAN_POINT('Ctrl Pts',(154.483513584902,-131.885885770808,0.99368178459254));
#4930=CARTESIAN_POINT('Ctrl Pts',(154.782207798247,-131.979322880518,-0.00194340772295964));
#4931=CARTESIAN_POINT('Ctrl Pts',(154.782207798247,-131.885755790194,0.993669569094989));
#4932=CARTESIAN_POINT('Ctrl Pts',(155.077513031754,-131.979192974323,-0.00195561622655882));
#4933=CARTESIAN_POINT('Ctrl Pts',(155.077513031754,-131.885625883999,0.99365736059139));
#4934=CARTESIAN_POINT('Ctrl Pts',(155.36062584852,-131.979087103282,-0.00196556592143571));
#4935=CARTESIAN_POINT('Ctrl Pts',(155.36062584852,-131.885520012958,0.993647410896513));
#4936=CARTESIAN_POINT('Ctrl Pts',(155.626826598628,-131.979018516813,-0.00197201163526728));
#4937=CARTESIAN_POINT('Ctrl Pts',(155.626826598628,-131.885451426489,0.993640965182682));
#4938=CARTESIAN_POINT('Ctrl Pts',(155.875053798502,-131.978990624614,-0.00197463292683775));
#4939=CARTESIAN_POINT('Ctrl Pts',(155.875053798502,-131.88542353429,0.993638343891111));
#4940=CARTESIAN_POINT('Ctrl Pts',(156.106921915808,-131.978999615473,-0.00197378797143211));
#4941=CARTESIAN_POINT('Ctrl Pts',(156.106921915808,-131.885432525149,0.993639188846517));
#4942=CARTESIAN_POINT('Ctrl Pts',(156.325924191298,-131.979036492156,-0.00197032232360783));
#4943=CARTESIAN_POINT('Ctrl Pts',(156.325924191298,-131.885469401832,0.993642654494341));
#4944=CARTESIAN_POINT('Ctrl Pts',(156.536568685478,-131.979089325488,-0.00196535707989387));
#4945=CARTESIAN_POINT('Ctrl Pts',(156.536568685478,-131.885522235164,0.993647619738055));
#4946=CARTESIAN_POINT('Ctrl Pts',(156.743518012224,-131.979145473509,-0.00196008032364636));
#4947=CARTESIAN_POINT('Ctrl Pts',(156.743518012224,-131.885578383185,0.993652896494302));
#4948=CARTESIAN_POINT('Ctrl Pts',(156.950785752907,-131.979193677613,-0.00195555013188464));
#4949=CARTESIAN_POINT('Ctrl Pts',(156.950785752907,-131.885626587289,0.993657426686064));
#4950=CARTESIAN_POINT('Ctrl Pts',(157.160767280249,-131.979226546182,-0.00195246116415193));
#4951=CARTESIAN_POINT('Ctrl Pts',(157.160767280249,-131.885659455858,0.993660515653797));
#4952=CARTESIAN_POINT('Ctrl Pts',(157.373811402505,-131.979241758471,-0.00195103152264453));
#4953=CARTESIAN_POINT('Ctrl Pts',(157.373811402505,-131.885674668147,0.993661945295304));
#4954=CARTESIAN_POINT('Ctrl Pts',(157.58893191854,-131.979240561085,-0.00195114405221242));
#4955=CARTESIAN_POINT('Ctrl Pts',(157.58893191854,-131.885673470761,0.993661832765736));
#4956=CARTESIAN_POINT('Ctrl Pts',(157.804287065243,-131.97922682116,-0.00195243532181921));
#4957=CARTESIAN_POINT('Ctrl Pts',(157.804287065243,-131.885659730836,0.99366054149613));
#4958=CARTESIAN_POINT('Ctrl Pts',(158.01773987132,-131.979205874172,-0.00195440390681423));
#4959=CARTESIAN_POINT('Ctrl Pts',(158.01773987132,-131.885638783848,0.993658572911135));
#4960=CARTESIAN_POINT('Ctrl Pts',(158.227410927112,-131.979183420682,-0.00195651407184139));
#4961=CARTESIAN_POINT('Ctrl Pts',(158.227410927112,-131.885616330358,0.993656462746107));
#4962=CARTESIAN_POINT('Ctrl Pts',(158.432171375224,-131.979164492699,-0.00195829291195437));
#4963=CARTESIAN_POINT('Ctrl Pts',(158.432171375224,-131.885597402375,0.993654683905994));
#4964=CARTESIAN_POINT('Ctrl Pts',(158.632319149374,-131.97915216358,-0.00195945159496613));
#4965=CARTESIAN_POINT('Ctrl Pts',(158.632319149374,-131.885585073256,0.993653525222983));
#4966=CARTESIAN_POINT('Ctrl Pts',(158.829486389357,-131.979147359571,-0.00195990307268357));
#4967=CARTESIAN_POINT('Ctrl Pts',(158.829486389357,-131.885580269247,0.993653073745265));
#4968=CARTESIAN_POINT('Ctrl Pts',(159.02597018018,-131.979149497729,-0.00195970212993224));
#4969=CARTESIAN_POINT('Ctrl Pts',(159.02597018018,-131.885582407405,0.993653274688017));
#4970=CARTESIAN_POINT('Ctrl Pts',(159.22423679204,-131.979156880426,-0.00195900830866957));
#4971=CARTESIAN_POINT('Ctrl Pts',(159.22423679204,-131.885589790102,0.993653968509279));
#4972=CARTESIAN_POINT('Ctrl Pts',(159.426343174279,-131.979167194479,-0.00195803900035152));
#4973=CARTESIAN_POINT('Ctrl Pts',(159.426343174279,-131.885600104155,0.993654937817597));
#4974=CARTESIAN_POINT('Ctrl Pts',(159.633419980763,-131.979177955363,-0.0019570276991665));
#4975=CARTESIAN_POINT('Ctrl Pts',(159.633419980763,-131.885610865039,0.993655949118782));
#4976=CARTESIAN_POINT('Ctrl Pts',(159.845065872444,-131.979186999116,-0.00195617777288826));
#4977=CARTESIAN_POINT('Ctrl Pts',(159.845065872444,-131.885619908792,0.993656799045061));
#4978=CARTESIAN_POINT('Ctrl Pts',(160.058965460615,-131.979192881699,-0.00195562493139567));
#4979=CARTESIAN_POINT('Ctrl Pts',(160.058965460615,-131.885625791375,0.993657351886553));
#4980=CARTESIAN_POINT('Ctrl Pts',(160.271671879212,-131.979194818441,-0.00195544291751837));
#4981=CARTESIAN_POINT('Ctrl Pts',(160.271671879212,-131.885627728117,0.99365753390043));
#4982=CARTESIAN_POINT('Ctrl Pts',(160.479254480794,-131.979192682921,-0.00195564361240796));
#4983=CARTESIAN_POINT('Ctrl Pts',(160.479254480794,-131.885625592597,0.993657333205541));
#4984=CARTESIAN_POINT('Ctrl Pts',(160.677982352052,-131.979186975199,-0.00195618002055031));
#4985=CARTESIAN_POINT('Ctrl Pts',(160.677982352052,-131.885619884875,0.993656796797398));
#4986=CARTESIAN_POINT('Ctrl Pts',(160.865029836878,-131.979178820641,-0.00195694638087662));
#4987=CARTESIAN_POINT('Ctrl Pts',(160.865029836878,-131.885611730317,0.993656030437072));
#4988=CARTESIAN_POINT('Ctrl Pts',(161.039085448149,-131.979169914584,-0.0019577833666018));
#4989=CARTESIAN_POINT('Ctrl Pts',(161.039085448149,-131.88560282426,0.993655193451347));
#4990=CARTESIAN_POINT('Ctrl Pts',(161.201223807896,-131.979162594032,-0.00195847134753624));
#4991=CARTESIAN_POINT('Ctrl Pts',(161.201223807896,-131.885595503708,0.993654505470413));
#4992=CARTESIAN_POINT('Ctrl Pts',(161.354489355781,-131.979159318861,-0.00195877914607623));
#4993=CARTESIAN_POINT('Ctrl Pts',(161.354489355781,-131.885592228537,0.993654197671873));
#4994=CARTESIAN_POINT('Ctrl Pts',(161.502896830081,-131.979161925591,-0.00195853416716352));
#4995=CARTESIAN_POINT('Ctrl Pts',(161.502896830081,-131.885594835267,0.993654442650785));
#4996=CARTESIAN_POINT('Ctrl Pts',(161.650588377395,-131.979170875857,-0.0019576930267462));
#4997=CARTESIAN_POINT('Ctrl Pts',(161.650588377395,-131.885603785533,0.993655283791203));
#4998=CARTESIAN_POINT('Ctrl Pts',(161.800988980839,-131.979184679571,-0.0019563957622859));
#4999=CARTESIAN_POINT('Ctrl Pts',(161.800988980839,-131.885617589247,0.993656581055663));
#5000=CARTESIAN_POINT('Ctrl Pts',(161.955802188116,-131.979198809128,-0.00195506787527888));
#5001=CARTESIAN_POINT('Ctrl Pts',(161.955802188116,-131.885631718804,0.99365790894267));
#5002=CARTESIAN_POINT('Ctrl Pts',(162.114934944149,-131.97920709063,-0.00195428958483124));
#5003=CARTESIAN_POINT('Ctrl Pts',(162.114934944149,-131.885640000306,0.993658687233118));
#5004=CARTESIAN_POINT('Ctrl Pts',(162.276885470192,-131.979204116846,-0.00195456905923042));
#5005=CARTESIAN_POINT('Ctrl Pts',(162.276885470192,-131.885637026522,0.993658407758718));
#5006=CARTESIAN_POINT('Ctrl Pts',(162.438955395329,-131.979187567865,-0.00195612432215331));
#5007=CARTESIAN_POINT('Ctrl Pts',(162.438955395329,-131.885620477541,0.993656852495795));
#5008=CARTESIAN_POINT('Ctrl Pts',(162.597597891786,-131.979160053601,-0.00195871009567528));
#5009=CARTESIAN_POINT('Ctrl Pts',(162.597597891786,-131.885592963277,0.993654266722274));
#5010=CARTESIAN_POINT('Ctrl Pts',(162.748549525245,-131.979132455254,-0.00196130377114523));
#5011=CARTESIAN_POINT('Ctrl Pts',(162.748549525245,-131.88556536493,0.993651673046804));
#5012=CARTESIAN_POINT('Ctrl Pts',(162.887817987961,-131.979120455657,-0.00196243148586239));
#5013=CARTESIAN_POINT('Ctrl Pts',(162.887817987961,-131.885553365333,0.993650545332086));
#5014=CARTESIAN_POINT('Ctrl Pts',(163.013274150818,-131.979136414943,-0.00196093164211097));
#5015=CARTESIAN_POINT('Ctrl Pts',(163.013274150818,-131.885569324619,0.993652045175838));
#5016=CARTESIAN_POINT('Ctrl Pts',(163.125928485155,-131.979183276914,-0.00195652758307352));
#5017=CARTESIAN_POINT('Ctrl Pts',(163.125928485155,-131.88561618659,0.993656449234875));
#5018=CARTESIAN_POINT('Ctrl Pts',(163.231641422429,-131.979246221072,-0.00195061213010161));
#5019=CARTESIAN_POINT('Ctrl Pts',(163.231641422429,-131.885679130748,0.993662364687847));
#5020=CARTESIAN_POINT('Ctrl Pts',(163.341713252685,-131.979289644186,-0.00194653125285438));
#5021=CARTESIAN_POINT('Ctrl Pts',(163.341713252685,-131.885722553862,0.993666445565094));
#5022=CARTESIAN_POINT('Ctrl Pts',(163.469198535718,-131.979274217668,-0.00194798102737925));
#5023=CARTESIAN_POINT('Ctrl Pts',(163.469198535718,-131.885707127344,0.99366499579057));
#5024=CARTESIAN_POINT('Ctrl Pts',(163.62601661492,-131.979170089732,-0.00195776690625982));
#5025=CARTESIAN_POINT('Ctrl Pts',(163.62601661492,-131.885602999408,0.993655209911689));
#5026=CARTESIAN_POINT('Ctrl Pts',(163.81945324152,-131.978973266623,-0.00197626422002273));
#5027=CARTESIAN_POINT('Ctrl Pts',(163.81945324152,-131.885406176299,0.993636712597926));
#5028=CARTESIAN_POINT('Ctrl Pts',(164.04981312578,-131.978715630146,-0.00200047673643455));
#5029=CARTESIAN_POINT('Ctrl Pts',(164.04981312578,-131.885148539822,0.993612500081514));
#5030=CARTESIAN_POINT('Ctrl Pts',(164.312337981568,-131.978450960948,-0.00202535018352323));
#5031=CARTESIAN_POINT('Ctrl Pts',(164.312337981568,-131.884883870624,0.993587626634426));
#5032=CARTESIAN_POINT('Ctrl Pts',(164.598515903148,-131.978244384034,-0.00204476415383903));
#5033=CARTESIAN_POINT('Ctrl Pts',(164.598515903148,-131.88467729371,0.99356821266411));
#5034=CARTESIAN_POINT('Ctrl Pts',(164.897623815103,-131.978160532637,-0.00205264445621633));
#5035=CARTESIAN_POINT('Ctrl Pts',(164.897623815103,-131.884593442313,0.993560332361732));
#5036=CARTESIAN_POINT('Ctrl Pts',(165.198179075964,-131.97825214307,-0.00204403496449235));
#5037=CARTESIAN_POINT('Ctrl Pts',(165.198179075964,-131.884685052746,0.993568941853456));
#5038=CARTESIAN_POINT('Ctrl Pts',(165.48941057334,-131.978548730758,-0.00201616183742148));
#5039=CARTESIAN_POINT('Ctrl Pts',(165.48941057334,-131.884981640434,0.993596814980527));
#5040=CARTESIAN_POINT('Ctrl Pts',(165.762766949655,-131.979044611413,-0.00196955928093878));
#5041=CARTESIAN_POINT('Ctrl Pts',(165.762766949655,-131.885477521089,0.99364341753701));
#5042=CARTESIAN_POINT('Ctrl Pts',(166.013301682636,-131.979688663186,-0.00190903169453138));
#5043=CARTESIAN_POINT('Ctrl Pts',(166.013301682636,-131.886121572862,0.993703945123417));
#5044=CARTESIAN_POINT('Ctrl Pts',(166.24139361893,-131.980369494488,-0.00184504759090265));
#5045=CARTESIAN_POINT('Ctrl Pts',(166.24139361893,-131.886802404164,0.993767929227046));
#5046=CARTESIAN_POINT('Ctrl Pts',(166.451717084374,-131.980938024267,-0.0017916175147592));
#5047=CARTESIAN_POINT('Ctrl Pts',(166.451717084374,-131.887370933943,0.99382135930319));
#5048=CARTESIAN_POINT('Ctrl Pts',(166.651705880923,-131.981236896878,-0.00176352965204796));
#5049=CARTESIAN_POINT('Ctrl Pts',(166.651705880923,-131.887669806554,0.993849447165901));
#5050=CARTESIAN_POINT('Ctrl Pts',(166.85018933212,-131.98112765231,-0.00177379638884645));
#5051=CARTESIAN_POINT('Ctrl Pts',(166.85018933212,-131.887560561986,0.993839180429102));
#5052=CARTESIAN_POINT('Ctrl Pts',(167.055965030007,-131.980518543248,-0.00183104008086632));
#5053=CARTESIAN_POINT('Ctrl Pts',(167.055965030007,-131.886951452924,0.993781936737082));
#5054=CARTESIAN_POINT('Ctrl Pts',(167.27637789351,-131.979392761483,-0.0019368403531983));
#5055=CARTESIAN_POINT('Ctrl Pts',(167.27637789351,-131.885825671159,0.993676136464751));
#5056=CARTESIAN_POINT('Ctrl Pts',(167.515945772379,-131.977834867042,-0.00208325030695011));
#5057=CARTESIAN_POINT('Ctrl Pts',(167.515945772379,-131.884267776718,0.993529726510999));
#5058=CARTESIAN_POINT('Ctrl Pts',(167.774832013716,-131.976062371725,-0.0022498283179595));
#5059=CARTESIAN_POINT('Ctrl Pts',(167.774832013716,-131.882495281401,0.993363148499989));
#5060=CARTESIAN_POINT('Ctrl Pts',(168.049700285507,-131.974378465876,-0.00240808074565946));
#5061=CARTESIAN_POINT('Ctrl Pts',(168.049700285507,-131.880811375552,0.993204896072289));
#5062=CARTESIAN_POINT('Ctrl Pts',(168.334767438567,-131.973118059242,-0.00252653297973193));
#5063=CARTESIAN_POINT('Ctrl Pts',(168.334767438567,-131.879550968918,0.993086443838217));
#5064=CARTESIAN_POINT('Ctrl Pts',(168.622780327116,-131.972596679799,-0.00257553189656479));
#5065=CARTESIAN_POINT('Ctrl Pts',(168.622780327116,-131.879029589475,0.993037444921384));
#5066=CARTESIAN_POINT('Ctrl Pts',(168.90603508689,-131.97305715841,-0.0025322564021546));
#5067=CARTESIAN_POINT('Ctrl Pts',(168.90603508689,-131.879490068086,0.993080720415794));
#5068=CARTESIAN_POINT('Ctrl Pts',(169.177354203686,-131.974619595595,-0.00238541952416682));
#5069=CARTESIAN_POINT('Ctrl Pts',(169.177354203686,-131.881052505271,0.993227557293782));
#5070=CARTESIAN_POINT('Ctrl Pts',(169.431137412868,-131.977224500761,-0.00214061215158212));
#5071=CARTESIAN_POINT('Ctrl Pts',(169.431137412868,-131.883657410437,0.993472364666367));
#5072=CARTESIAN_POINT('Ctrl Pts',(169.664250824241,-131.980591515441,-0.00182418219938363));
#5073=CARTESIAN_POINT('Ctrl Pts',(169.664250824241,-131.887024425117,0.993788794618565));
#5074=CARTESIAN_POINT('Ctrl Pts',(169.877304507959,-131.984140409412,-0.00149065934417658));
#5075=CARTESIAN_POINT('Ctrl Pts',(169.877304507959,-131.890573319088,0.994122317473772));
#5076=CARTESIAN_POINT('Ctrl Pts',(170.074590826671,-131.987042468379,-0.00121792564160561));
#5077=CARTESIAN_POINT('Ctrl Pts',(170.074590826671,-131.893475378055,0.994395051176343));
#5078=CARTESIAN_POINT('Ctrl Pts',(170.262257203262,-131.9884447644,-0.00108613873083918));
#5079=CARTESIAN_POINT('Ctrl Pts',(170.262257203262,-131.894877674076,0.99452683808711));
#5080=CARTESIAN_POINT('Ctrl Pts',(170.44693403198,-131.987648625619,-0.00116095935996485));
#5081=CARTESIAN_POINT('Ctrl Pts',(170.44693403198,-131.894081535295,0.994452017457984));
#5082=CARTESIAN_POINT('Ctrl Pts',(170.634147629448,-131.98431230214,-0.00147450497208546));
#5083=CARTESIAN_POINT('Ctrl Pts',(170.634147629448,-131.890745211816,0.994138471845863));
#5084=CARTESIAN_POINT('Ctrl Pts',(170.826895222524,-131.978630326062,-0.00200849356131405));
#5085=CARTESIAN_POINT('Ctrl Pts',(170.826895222524,-131.885063235738,0.993604483256635));
#5086=CARTESIAN_POINT('Ctrl Pts',(171.023982970616,-131.971553851324,-0.00267353627010358));
#5087=CARTESIAN_POINT('Ctrl Pts',(171.023982970616,-131.877986761,0.992939440547845));
#5088=CARTESIAN_POINT('Ctrl Pts',(171.218964386904,-131.964900470303,-0.00329881689365319));
#5089=CARTESIAN_POINT('Ctrl Pts',(171.218964386904,-131.871333379979,0.992314159924296));
#5090=CARTESIAN_POINT('Ctrl Pts',(171.403018745699,-131.96070465113,-0.00369313737835553));
#5091=CARTESIAN_POINT('Ctrl Pts',(171.403018745699,-131.867137560806,0.991919839439593));
#5092=CARTESIAN_POINT('Ctrl Pts',(171.567287965728,-131.960686922805,-0.00369480347533369));
#5093=CARTESIAN_POINT('Ctrl Pts',(171.567287965728,-131.867119832481,0.991918173342615));
#5094=CARTESIAN_POINT('Ctrl Pts',(171.705648329577,-131.965604823478,-0.00323262221890941));
#5095=CARTESIAN_POINT('Ctrl Pts',(171.705648329577,-131.872037733154,0.992380354599039));
#5096=CARTESIAN_POINT('Ctrl Pts',(171.816778169703,-131.974820371512,-0.00236655072794356));
#5097=CARTESIAN_POINT('Ctrl Pts',(171.816778169703,-131.881253281188,0.993246426090005));
#5098=CARTESIAN_POINT('Ctrl Pts',(171.907830747156,-131.985358279836,-0.00137620463674937));
#5099=CARTESIAN_POINT('Ctrl Pts',(171.907830747156,-131.891791189512,0.994236772181199));
#5100=CARTESIAN_POINT('Ctrl Pts',(171.991039979014,-131.993190966745,-0.000640093576966816));
#5101=CARTESIAN_POINT('Ctrl Pts',(171.991039979014,-131.899623876421,0.994972883240982));
#5102=CARTESIAN_POINT('Ctrl Pts',(172.077756561586,-131.995245548179,-0.000447005287524949));
#5103=CARTESIAN_POINT('Ctrl Pts',(172.077756561586,-131.901678457855,0.995165971530424));
#5104=CARTESIAN_POINT('Ctrl Pts',(172.171597390824,-131.991875356277,-0.000763733833055724));
#5105=CARTESIAN_POINT('Ctrl Pts',(172.171597390824,-131.898308265953,0.994849242984893));
#5106=CARTESIAN_POINT('Ctrl Pts',(172.269103327691,-131.98623784658,-0.00129354349937216));
#5107=CARTESIAN_POINT('Ctrl Pts',(172.269103327691,-131.892670756256,0.994319433318577));
#5108=CARTESIAN_POINT('Ctrl Pts',(172.365140287397,-131.981819148165,-0.0017088100370577));
#5109=CARTESIAN_POINT('Ctrl Pts',(172.365140287397,-131.888252057841,0.993904166780891));
#5110=CARTESIAN_POINT('Ctrl Pts',(172.458070384262,-131.979931555162,-0.00188620485721103));
#5111=CARTESIAN_POINT('Ctrl Pts',(172.458070384262,-131.886364464838,0.993726771960738));
#5112=CARTESIAN_POINT('Ctrl Pts',(172.550371761315,-131.979498510515,-0.001926902124747));
#5113=CARTESIAN_POINT('Ctrl Pts',(172.550371761315,-131.88593142019,0.993686074693202));
#5114=CARTESIAN_POINT('Ctrl Pts',(172.645059306655,-131.978964024941,-0.00197713274759037));
#5115=CARTESIAN_POINT('Ctrl Pts',(172.645059306655,-131.885396934617,0.993635844070358));
#5116=CARTESIAN_POINT('Ctrl Pts',(172.742511667771,-131.977843978603,-0.00208239400809385));
#5117=CARTESIAN_POINT('Ctrl Pts',(172.742511667771,-131.884276888279,0.993530582809855));
#5118=CARTESIAN_POINT('Ctrl Pts',(172.839954457591,-131.977394658267,-0.00212462085465104));
#5119=CARTESIAN_POINT('Ctrl Pts',(172.839954457591,-131.883827567943,0.993488355963298));
#5120=CARTESIAN_POINT('Ctrl Pts',(172.933761326225,-131.979311853835,-0.00194444400373861));
#5121=CARTESIAN_POINT('Ctrl Pts',(172.933761326225,-131.885744763511,0.99366853281421));
#5122=CARTESIAN_POINT('Ctrl Pts',(173.022295434088,-131.985831392867,-0.00133174176740747));
#5123=CARTESIAN_POINT('Ctrl Pts',(173.022295434088,-131.892264302543,0.994281235050541));
#5124=CARTESIAN_POINT('Ctrl Pts',(173.104711112294,-131.996878603334,-0.000293531776458522));
#5125=CARTESIAN_POINT('Ctrl Pts',(173.104711112294,-131.90331151301,0.99531944504149));
#5126=CARTESIAN_POINT('Ctrl Pts',(173.161128491757,-132.00406248124,0.000381604615387054));
#5127=CARTESIAN_POINT('Ctrl Pts',(173.161128491757,-131.910495390916,0.995994581433336));
#5128=CARTESIAN_POINT('Ctrl Pts',(173.188904422771,-131.998712290614,-0.000121202982750201));
#5129=CARTESIAN_POINT('Ctrl Pts',(173.188904422771,-131.90514520029,0.995491773835199));
#5130=CARTESIAN_POINT('Ctrl Pts',(173.197976247773,-131.987150019851,-0.00120781802087189));
#5131=CARTESIAN_POINT('Ctrl Pts',(173.197976247773,-131.893582929527,0.994405158797077));
#5132=CARTESIAN_POINT('Ctrl Pts',(173.199996128678,-131.979175898669,-0.00195722098594642));
#5133=CARTESIAN_POINT('Ctrl Pts',(173.199996128678,-131.885608808345,0.993655755832002));
#5134=CARTESIAN_POINT('',(173.199996128678,-131.979175898669,-0.00195722098594642));
#5135=CARTESIAN_POINT('',(173.141412204847,-132.000001966952,3.43260101874805E-18));
#5136=CARTESIAN_POINT('Ctrl Pts',(173.199996128678,-131.979175898669,-0.00195722098594642));
#5137=CARTESIAN_POINT('Ctrl Pts',(173.202016009583,-131.971201777488,-0.00270662395100318));
#5138=CARTESIAN_POINT('Ctrl Pts',(173.201023708201,-131.950867563522,-0.00461762077309746));
#5139=CARTESIAN_POINT('Ctrl Pts',(173.183511070485,-131.906043628485,-0.00883014639904811));
#5140=CARTESIAN_POINT('Ctrl Pts',(173.129642129288,-131.817984524921,-0.0171058863590501));
#5141=CARTESIAN_POINT('Ctrl Pts',(173.030795834239,-131.676585058216,-0.0303945205784251));
#5142=CARTESIAN_POINT('Ctrl Pts',(172.926165012995,-131.525961153601,-0.044550061753752));
#5143=CARTESIAN_POINT('Ctrl Pts',(172.838830524507,-131.38595273339,-0.0577079662859536));
#5144=CARTESIAN_POINT('Ctrl Pts',(172.778131546738,-131.26361585474,-0.069205110297863));
#5145=CARTESIAN_POINT('Ctrl Pts',(172.740177918156,-131.153779625809,-0.079527450999104));
#5146=CARTESIAN_POINT('Ctrl Pts',(172.714257018808,-131.045233445198,-0.0897285537588854));
#5147=CARTESIAN_POINT('Ctrl Pts',(172.687014162844,-130.92477603768,-0.101049066239027));
#5148=CARTESIAN_POINT('Ctrl Pts',(172.648397511442,-130.782982090212,-0.114374773515893));
#5149=CARTESIAN_POINT('Ctrl Pts',(172.593528581918,-130.615955026923,-0.130071873374216));
#5150=CARTESIAN_POINT('Ctrl Pts',(172.521044524136,-130.423590009478,-0.148150218455605));
#5151=CARTESIAN_POINT('Ctrl Pts',(172.432376258311,-130.20876311436,-0.168339516875358));
#5152=CARTESIAN_POINT('Ctrl Pts',(172.330653538146,-129.976151799233,-0.190200184061919));
#5153=CARTESIAN_POINT('Ctrl Pts',(172.219750699948,-129.731193124068,-0.213221248490114));
#5154=CARTESIAN_POINT('Ctrl Pts',(172.103316671434,-129.479029999438,-0.23691938261251));
#5155=CARTESIAN_POINT('Ctrl Pts',(171.983693585815,-129.22333780581,-0.260949176451462));
#5156=CARTESIAN_POINT('Ctrl Pts',(171.861996403936,-128.966377910212,-0.285098108135675));
#5157=CARTESIAN_POINT('Ctrl Pts',(171.738408517617,-128.709278955906,-0.309260108471032));
#5158=CARTESIAN_POINT('Ctrl Pts',(171.612402004902,-128.452238598101,-0.333416601943488));
#5159=CARTESIAN_POINT('Ctrl Pts',(171.482988772682,-128.194758121728,-0.357614457486191));
#5160=CARTESIAN_POINT('Ctrl Pts',(171.348960309966,-127.935864286557,-0.381945139612496));
#5161=CARTESIAN_POINT('Ctrl Pts',(171.20912797603,-127.674333522006,-0.406523638727123));
#5162=CARTESIAN_POINT('Ctrl Pts',(171.062573207698,-127.408922422438,-0.431466809321104));
#5163=CARTESIAN_POINT('Ctrl Pts',(170.908869692679,-127.138578406127,-0.456873572372321));
#5164=CARTESIAN_POINT('Ctrl Pts',(170.748377252925,-126.862701888117,-0.482800276503264));
#5165=CARTESIAN_POINT('Ctrl Pts',(170.582231594901,-126.581189374941,-0.509256647965863));
#5166=CARTESIAN_POINT('Ctrl Pts',(170.412134080122,-126.294332432887,-0.536215285541128));
#5167=CARTESIAN_POINT('Ctrl Pts',(170.240201285117,-126.00275975108,-0.5636171054148));
#5168=CARTESIAN_POINT('Ctrl Pts',(170.068789876709,-125.707361411169,-0.591378458265293));
#5169=CARTESIAN_POINT('Ctrl Pts',(169.900332066299,-125.409220785506,-0.61939752943067));
#5170=CARTESIAN_POINT('Ctrl Pts',(169.737166523715,-125.10954315574,-0.647561047288818));
#5171=CARTESIAN_POINT('Ctrl Pts',(169.581371217515,-124.809585737427,-0.67575085950115));
#5172=CARTESIAN_POINT('Ctrl Pts',(169.434595490743,-124.510587114793,-0.703850564690021));
#5173=CARTESIAN_POINT('Ctrl Pts',(169.297892311493,-124.21369689397,-0.731752123583749));
#5174=CARTESIAN_POINT('Ctrl Pts',(169.171550808146,-123.919905346002,-0.759362471123644));
#5175=CARTESIAN_POINT('Ctrl Pts',(169.05492768101,-123.629972820864,-0.786610150090317));
#5176=CARTESIAN_POINT('Ctrl Pts',(168.946634508652,-123.344443979507,-0.813443973585419));
#5177=CARTESIAN_POINT('Ctrl Pts',(168.844726088049,-123.063662312304,-0.839831660596622));
#5178=CARTESIAN_POINT('Ctrl Pts',(168.746888678872,-122.787784552864,-0.86575848139641));
#5179=CARTESIAN_POINT('Ctrl Pts',(168.650627632048,-122.516795129398,-0.891225899411936));
#5180=CARTESIAN_POINT('Ctrl Pts',(168.553456797686,-122.250520613311,-0.916250213354977));
#5181=CARTESIAN_POINT('Ctrl Pts',(168.453083647783,-121.98864413576,-0.940861202363055));
#5182=CARTESIAN_POINT('Ctrl Pts',(168.347604423489,-121.730719893242,-0.965100762772884));
#5183=CARTESIAN_POINT('Ctrl Pts',(168.235675823154,-121.476187436948,-0.98902156521619));
#5184=CARTESIAN_POINT('Ctrl Pts',(168.116744707516,-121.224386497702,-1.0126856613808));
#5185=CARTESIAN_POINT('Ctrl Pts',(167.991039360069,-120.974569635942,-1.03616329517323));
#5186=CARTESIAN_POINT('Ctrl Pts',(167.859392624035,-120.725913476868,-1.05953184684684));
#5187=CARTESIAN_POINT('Ctrl Pts',(167.723114367087,-120.477530175117,-1.08287475555842));
#5188=CARTESIAN_POINT('Ctrl Pts',(167.583844057358,-120.228479193707,-1.10628041239043));
#5189=CARTESIAN_POINT('Ctrl Pts',(167.443410841909,-119.977778005979,-1.12984115458909));
#5190=CARTESIAN_POINT('Ctrl Pts',(167.303692774421,-119.724415446981,-1.15365201080983));
#5191=CARTESIAN_POINT('Ctrl Pts',(167.166470885318,-119.467358844035,-1.17781003099066));
#5192=CARTESIAN_POINT('Ctrl Pts',(167.03329838497,-119.205575700038,-1.20241224856912));
#5193=CARTESIAN_POINT('Ctrl Pts',(166.905331439686,-118.938019761433,-1.22755698980601));
#5194=CARTESIAN_POINT('Ctrl Pts',(166.783302168853,-118.663748124959,-1.25333286816527));
#5195=CARTESIAN_POINT('Ctrl Pts',(166.667636147258,-118.382171991402,-1.27979521863177));
#5196=CARTESIAN_POINT('Ctrl Pts',(166.558530922164,-118.093270410533,-1.30694601009525));
#5197=CARTESIAN_POINT('Ctrl Pts',(166.456050405766,-117.797821186028,-1.33471214504846));
#5198=CARTESIAN_POINT('Ctrl Pts',(166.360212580496,-117.497619743535,-1.36292489050184));
#5199=CARTESIAN_POINT('Ctrl Pts',(166.27107982192,-117.195714065036,-1.39129779899865));
#5200=CARTESIAN_POINT('Ctrl Pts',(166.188848698252,-116.896607435373,-1.41940765462106));
#5201=CARTESIAN_POINT('Ctrl Pts',(166.113938592835,-116.606533821481,-1.4466685930215));
#5202=CARTESIAN_POINT('Ctrl Pts',(166.047084116746,-116.333563908645,-1.47232213620021));
#5203=CARTESIAN_POINT('Ctrl Pts',(165.989417695756,-116.088141582873,-1.49538677422492));
#5204=CARTESIAN_POINT('Ctrl Pts',(165.942600976656,-115.880955932263,-1.51485795322304));
#5205=CARTESIAN_POINT('Ctrl Pts',(165.908949424742,-115.720120235399,-1.52997319230305));
#5206=CARTESIAN_POINT('Ctrl Pts',(165.891595573641,-115.608489827804,-1.54046414880282));
#5207=CARTESIAN_POINT('Ctrl Pts',(165.89455502136,-115.541132552451,-1.54679434378187));
#5208=CARTESIAN_POINT('Ctrl Pts',(165.923024075116,-115.502239048473,-1.55044953117341));
#5209=CARTESIAN_POINT('Ctrl Pts',(165.983075400895,-115.463605426637,-1.55408029500232));
#5210=CARTESIAN_POINT('Ctrl Pts',(166.075153846009,-115.402095370033,-1.5598609719884));
#5211=CARTESIAN_POINT('Ctrl Pts',(166.186651525609,-115.318573346112,-1.56771032001638));
#5212=CARTESIAN_POINT('Ctrl Pts',(166.29860436491,-115.229494118717,-1.57608193058169));
#5213=CARTESIAN_POINT('Ctrl Pts',(166.394505007075,-115.154591166104,-1.5831212636316));
#5214=CARTESIAN_POINT('Ctrl Pts',(166.467749846595,-115.106628100784,-1.58762880277536));
#5215=CARTESIAN_POINT('Ctrl Pts',(166.531251683192,-115.07855499972,-1.59026709540924));
#5216=CARTESIAN_POINT('Ctrl Pts',(166.606911160713,-115.052155255663,-1.59274812698901));
#5217=CARTESIAN_POINT('Ctrl Pts',(166.711218129178,-115.010402869759,-1.5966719903316));
#5218=CARTESIAN_POINT('Ctrl Pts',(166.84484546627,-114.946558739879,-1.60267202207712));
#5219=CARTESIAN_POINT('Ctrl Pts',(166.999016315398,-114.860866721062,-1.61072530488013));
#5220=CARTESIAN_POINT('Ctrl Pts',(167.160057069358,-114.758571122301,-1.62033898183277));
#5221=CARTESIAN_POINT('Ctrl Pts',(167.314563722058,-114.647452821136,-1.63078181088769));
#5222=CARTESIAN_POINT('Ctrl Pts',(167.454493575906,-114.535520779718,-1.64130111474715));
#5223=CARTESIAN_POINT('Ctrl Pts',(167.581755994051,-114.428776080013,-1.65133291544829));
#5224=CARTESIAN_POINT('Ctrl Pts',(167.703982759378,-114.331192921989,-1.66050372014201));
#5225=CARTESIAN_POINT('Ctrl Pts',(167.830936622927,-114.244567787566,-1.66864469657123));
#5226=CARTESIAN_POINT('Ctrl Pts',(167.970527387916,-114.168380822587,-1.67580470030728));
#5227=CARTESIAN_POINT('Ctrl Pts',(168.125338186145,-114.099740591943,-1.68225546662923));
#5228=CARTESIAN_POINT('Ctrl Pts',(168.288034713239,-114.033062375873,-1.68852184403777));
#5229=CARTESIAN_POINT('Ctrl Pts',(168.445030935927,-113.96180971621,-1.69521812481936));
#5230=CARTESIAN_POINT('Ctrl Pts',(168.581600949146,-113.88054766889,-1.70285508164747));
#5231=CARTESIAN_POINT('Ctrl Pts',(168.686795867479,-113.787064892681,-1.71164053500027));
#5232=CARTESIAN_POINT('Ctrl Pts',(168.757752881177,-113.684067121034,-1.72132020172552));
#5233=CARTESIAN_POINT('Ctrl Pts',(168.806025449292,-113.582073004063,-1.7309055456065));
#5234=CARTESIAN_POINT('Ctrl Pts',(168.852153684135,-113.495556496072,-1.73903631339089));
#5235=CARTESIAN_POINT('Ctrl Pts',(168.917048820151,-113.437392675549,-1.7445025131846));
#5236=CARTESIAN_POINT('Ctrl Pts',(169.013153678212,-113.412907170787,-1.74680364574218));
#5237=CARTESIAN_POINT('Ctrl Pts',(169.139773639262,-113.417146976973,-1.74640519138533));
#5238=CARTESIAN_POINT('Ctrl Pts',(169.288982635178,-113.440098212839,-1.74424824846736));
#5239=CARTESIAN_POINT('Ctrl Pts',(169.449100350766,-113.470018240585,-1.74143638280898));
#5240=CARTESIAN_POINT('Ctrl Pts',(169.609585973233,-113.498009227042,-1.73880580725494));
#5241=CARTESIAN_POINT('Ctrl Pts',(169.763890583751,-113.520488893715,-1.73669318211747));
#5242=CARTESIAN_POINT('Ctrl Pts',(169.908590656214,-113.53756187721,-1.73508867371308));
#5243=CARTESIAN_POINT('Ctrl Pts',(170.043240585781,-113.552164755491,-1.73371630426541));
#5244=CARTESIAN_POINT('Ctrl Pts',(170.169907353824,-113.568936135286,-1.73214014038984));
#5245=CARTESIAN_POINT('Ctrl Pts',(170.29292428043,-113.593127575515,-1.72986664383471));
#5246=CARTESIAN_POINT('Ctrl Pts',(170.418198913039,-113.62981790842,-1.72641850909478));
#5247=CARTESIAN_POINT('Ctrl Pts',(170.552213245044,-113.683446522992,-1.72137852514474));
#5248=CARTESIAN_POINT('Ctrl Pts',(170.701114081442,-113.757257100117,-1.71444185286588));
#5249=CARTESIAN_POINT('Ctrl Pts',(170.869753699601,-113.852767580634,-1.70546583711935));
#5250=CARTESIAN_POINT('Ctrl Pts',(171.060787665026,-113.96925885475,-1.69451805939753));
#5251=CARTESIAN_POINT('Ctrl Pts',(171.274951629348,-114.104261008823,-1.68183064065329));
#5252=CARTESIAN_POINT('Ctrl Pts',(171.511302056822,-114.254004101261,-1.66775787766027));
#5253=CARTESIAN_POINT('Ctrl Pts',(171.767470326138,-114.413882315635,-1.65273262219103));
#5254=CARTESIAN_POINT('Ctrl Pts',(172.039911141199,-114.578912630604,-1.63722317550196));
#5255=CARTESIAN_POINT('Ctrl Pts',(172.324153428215,-114.744195374627,-1.62169000568687));
#5256=CARTESIAN_POINT('Ctrl Pts',(172.615050054862,-114.905375062802,-1.60654243851662));
#5257=CARTESIAN_POINT('Ctrl Pts',(172.907028295185,-115.059098568335,-1.59209559876865));
#5258=CARTESIAN_POINT('Ctrl Pts',(173.194339400146,-115.203480478409,-1.5785266763705));
#5259=CARTESIAN_POINT('Ctrl Pts',(173.471310126471,-115.338548523483,-1.56583306523081));
#5260=CARTESIAN_POINT('Ctrl Pts',(173.732686813262,-115.465627528254,-1.55389025914596));
#5261=CARTESIAN_POINT('Ctrl Pts',(173.973978549544,-115.586741598118,-1.54250803394568));
#5262=CARTESIAN_POINT('Ctrl Pts',(174.191799259252,-115.704010885075,-1.53148713905941));
#5263=CARTESIAN_POINT('Ctrl Pts',(174.384213467922,-115.819047534849,-1.5206760660314));
#5264=CARTESIAN_POINT('Ctrl Pts',(174.551073037789,-115.932359204204,-1.51002710559387));
#5265=CARTESIAN_POINT('Ctrl Pts',(174.694375139909,-116.042732522498,-1.49965428956726));
#5266=CARTESIAN_POINT('Ctrl Pts',(174.8185699698,-116.146664917484,-1.48988678752015));
#5267=CARTESIAN_POINT('Ctrl Pts',(174.93100519925,-116.237666290538,-1.48133453489742));
#5268=CARTESIAN_POINT('Ctrl Pts',(175.039827019586,-116.307798974395,-1.47474350874782));
#5269=CARTESIAN_POINT('Ctrl Pts',(175.15151733421,-116.349473019179,-1.47082700785518));
#5270=CARTESIAN_POINT('Ctrl Pts',(175.26888295215,-116.356991323566,-1.47012044226991));
#5271=CARTESIAN_POINT('Ctrl Pts',(175.388074006943,-116.328584073659,-1.47279013800489));
#5272=CARTESIAN_POINT('Ctrl Pts',(175.499568641415,-116.26650353073,-1.47862442894205));
#5273=CARTESIAN_POINT('Ctrl Pts',(175.591957180303,-116.175819400757,-1.48714686725661));
#5274=CARTESIAN_POINT('Ctrl Pts',(175.654694275878,-116.063596223996,-1.4976935318351));
#5275=CARTESIAN_POINT('Ctrl Pts',(175.681771795286,-115.937922259257,-1.50950429312885));
#5276=CARTESIAN_POINT('Ctrl Pts',(175.671260518211,-115.806897109159,-1.52181795550501));
#5277=CARTESIAN_POINT('Ctrl Pts',(175.623889055423,-115.677511339316,-1.53397754994125));
#5278=CARTESIAN_POINT('Ctrl Pts',(175.542001663791,-115.554658613864,-1.54552317291579));
#5279=CARTESIAN_POINT('Ctrl Pts',(175.428215936425,-115.439859722452,-1.55631190156037));
#5280=CARTESIAN_POINT('Ctrl Pts',(175.285216861431,-115.331768566609,-1.56647024137454));
#5281=CARTESIAN_POINT('Ctrl Pts',(175.115821317099,-115.227167891101,-1.57630054801087));
#5282=CARTESIAN_POINT('Ctrl Pts',(174.922952757692,-115.121786458291,-1.58620422973437));
#5283=CARTESIAN_POINT('Ctrl Pts',(174.709655052161,-115.011220784802,-1.59659512318296));
#5284=CARTESIAN_POINT('Ctrl Pts',(174.479085658958,-114.891742694263,-1.60782360006046));
#5285=CARTESIAN_POINT('Ctrl Pts',(174.23452727558,-114.761328037947,-1.62007988860954));
#5286=CARTESIAN_POINT('Ctrl Pts',(173.979351936968,-114.619879047671,-1.63337317702341));
#5287=CARTESIAN_POINT('Ctrl Pts',(173.716947608344,-114.468751969497,-1.64757600613791));
#5288=CARTESIAN_POINT('Ctrl Pts',(173.450655064975,-114.310479419528,-1.6624503622618));
#5289=CARTESIAN_POINT('Ctrl Pts',(173.183700689628,-114.148413061076,-1.67768125815492));
#5290=CARTESIAN_POINT('Ctrl Pts',(172.919130728638,-113.986400047425,-1.69290714073668));
#5291=CARTESIAN_POINT('Ctrl Pts',(172.659745591366,-113.82844580257,-1.70775158274335));
#5292=CARTESIAN_POINT('Ctrl Pts',(172.408032569834,-113.678380671164,-1.7218546107589));
#5293=CARTESIAN_POINT('Ctrl Pts',(172.166102870896,-113.539529593049,-1.73490374899842));
#5294=CARTESIAN_POINT('Ctrl Pts',(171.935618125557,-113.414369268562,-1.74666623869971));
#5295=CARTESIAN_POINT('Ctrl Pts',(171.717746806163,-113.304223960085,-1.75701762650501));
#5296=CARTESIAN_POINT('Ctrl Pts',(171.513333244193,-113.209258654397,-1.76594240705915));
#5297=CARTESIAN_POINT('Ctrl Pts',(171.323045949935,-113.128432699268,-1.77353838021358));
#5298=CARTESIAN_POINT('Ctrl Pts',(171.147532130467,-113.059487470258,-1.78001781009288));
#5299=CARTESIAN_POINT('Ctrl Pts',(170.987573554288,-112.998876692789,-1.7857139733833));
#5300=CARTESIAN_POINT('Ctrl Pts',(170.844232587328,-112.941821287298,-1.79107600501944));
#5301=CARTESIAN_POINT('Ctrl Pts',(170.719024429576,-112.882065713906,-1.79669179676095));
#5302=CARTESIAN_POINT('Ctrl Pts',(170.614014974836,-112.812651362548,-1.80321531446766));
#5303=CARTESIAN_POINT('Ctrl Pts',(170.531919806617,-112.728887791389,-1.81108736295537));
#5304=CARTESIAN_POINT('Ctrl Pts',(170.476045789247,-112.630293870288,-1.82035315853638));
#5305=CARTESIAN_POINT('Ctrl Pts',(170.450643945096,-112.52413598009,-1.83032981124388));
#5306=CARTESIAN_POINT('Ctrl Pts',(170.459959704816,-112.424396285496,-1.83970328590743));
#5307=CARTESIAN_POINT('Ctrl Pts',(170.505346855136,-112.343467923555,-1.84730888319054));
#5308=CARTESIAN_POINT('Ctrl Pts',(170.582231207108,-112.284239174603,-1.85287516429784));
#5309=CARTESIAN_POINT('Ctrl Pts',(170.678791073616,-112.235473947356,-1.85745809012213));
#5310=CARTESIAN_POINT('Ctrl Pts',(170.781879461089,-112.182207728933,-1.86246401630679));
#5311=CARTESIAN_POINT('Ctrl Pts',(170.881360591691,-112.112993775536,-1.86896870073731));
#5312=CARTESIAN_POINT('Ctrl Pts',(170.976000989886,-112.029919590861,-1.87677596111061));
#5313=CARTESIAN_POINT('Ctrl Pts',(171.071031247758,-111.944862256884,-1.88476959662592));
#5314=CARTESIAN_POINT('Ctrl Pts',(171.173877054831,-111.872797619096,-1.89154218660821));
#5315=CARTESIAN_POINT('Ctrl Pts',(171.290775171266,-111.826504854206,-1.89589275195311));
#5316=CARTESIAN_POINT('Ctrl Pts',(171.422357422669,-111.80968586923,-1.89747338973405));
#5317=CARTESIAN_POINT('Ctrl Pts',(171.56483722767,-111.818561361035,-1.89663927651663));
#5318=CARTESIAN_POINT('Ctrl Pts',(171.712561894136,-111.845509569567,-1.89410670058553));
#5319=CARTESIAN_POINT('Ctrl Pts',(171.859938129894,-111.881795871393,-1.89069653643593));
#5320=CARTESIAN_POINT('Ctrl Pts',(172.004006364963,-111.921195553505,-1.88699377873708));
#5321=CARTESIAN_POINT('Ctrl Pts',(172.145372210227,-111.961423788988,-1.88321315410625));
#5322=CARTESIAN_POINT('Ctrl Pts',(172.28684607858,-112.002535912692,-1.87934946220831));
#5323=CARTESIAN_POINT('Ctrl Pts',(172.432596996466,-112.046001354235,-1.87526460695879));
#5324=CARTESIAN_POINT('Ctrl Pts',(172.587155137226,-112.093590650352,-1.87079219441303));
#5325=CARTESIAN_POINT('Ctrl Pts',(172.754341012556,-112.146133937336,-1.86585420887686));
#5326=CARTESIAN_POINT('Ctrl Pts',(172.936831026602,-112.203247165289,-1.8604867431216));
#5327=CARTESIAN_POINT('Ctrl Pts',(173.136239883873,-112.263831009143,-1.85479311103554));
#5328=CARTESIAN_POINT('Ctrl Pts',(173.353047643548,-112.326343872231,-1.84891819091787));
#5329=CARTESIAN_POINT('Ctrl Pts',(173.586595372737,-112.389161864156,-1.84301459498114));
#5330=CARTESIAN_POINT('Ctrl Pts',(173.835041058344,-112.45091589101,-1.83721098982225));
#5331=CARTESIAN_POINT('Ctrl Pts',(174.095356861029,-112.510804798053,-1.83158266746692));
#5332=CARTESIAN_POINT('Ctrl Pts',(174.363245821442,-112.569006281509,-1.8261129281342));
#5333=CARTESIAN_POINT('Ctrl Pts',(174.633514310415,-112.626459552154,-1.82071350537753));
#5334=CARTESIAN_POINT('Ctrl Pts',(174.900583513091,-112.684453051214,-1.81526331228931));
#5335=CARTESIAN_POINT('Ctrl Pts',(175.15895101155,-112.744280065789,-1.80964080654979));
#5336=CARTESIAN_POINT('Ctrl Pts',(175.403681108324,-112.806860078144,-1.80375957578553));
#5337=CARTESIAN_POINT('Ctrl Pts',(175.630864633998,-112.872388349968,-1.79760126942424));
#5338=CARTESIAN_POINT('Ctrl Pts',(175.838134126617,-112.939941929916,-1.79125262586107));
#5339=CARTESIAN_POINT('Ctrl Pts',(176.025056211508,-113.007178050763,-1.78493381690737));
#5340=CARTESIAN_POINT('Ctrl Pts',(176.193827235554,-113.06980638237,-1.7790480451298));
#5341=CARTESIAN_POINT('Ctrl Pts',(176.348573871868,-113.122102149918,-1.77413332131679));
#5342=CARTESIAN_POINT('Ctrl Pts',(176.493976345761,-113.157931324891,-1.77076611766541));
#5343=CARTESIAN_POINT('Ctrl Pts',(176.634044111848,-113.171648716917,-1.76947696566695));
#5344=CARTESIAN_POINT('Ctrl Pts',(176.770959696215,-113.158975778672,-1.77066796054659));
#5345=CARTESIAN_POINT('Ctrl Pts',(176.903569941453,-113.118066661007,-1.77451257406282));
#5346=CARTESIAN_POINT('Ctrl Pts',(177.027334574031,-113.049771713893,-1.78093089085269));
#5347=CARTESIAN_POINT('Ctrl Pts',(177.135679392054,-112.95714127785,-1.78963624180513));
#5348=CARTESIAN_POINT('Ctrl Pts',(177.220942887798,-112.845122911936,-1.80016365838714));
#5349=CARTESIAN_POINT('Ctrl Pts',(177.275530517507,-112.72021692471,-1.81190224563029));
#5350=CARTESIAN_POINT('Ctrl Pts',(177.292857932568,-112.590035688636,-1.82413659748966));
#5351=CARTESIAN_POINT('Ctrl Pts',(177.267671369658,-112.462159064889,-1.83615436331139));
#5352=CARTESIAN_POINT('Ctrl Pts',(177.19642506246,-112.343130891016,-1.84734055729967));
#5353=CARTESIAN_POINT('Ctrl Pts',(177.077675527568,-112.237312551981,-1.85728529919929));
#5354=CARTESIAN_POINT('Ctrl Pts',(176.912355617538,-112.146055095879,-1.86586161834804));
#5355=CARTESIAN_POINT('Ctrl Pts',(176.70334763937,-112.068450156985,-1.87315488239357));
#5356=CARTESIAN_POINT('Ctrl Pts',(176.4551462953,-112.001884325812,-1.87941069793928));
#5357=CARTESIAN_POINT('Ctrl Pts',(176.173486679383,-111.942669694766,-1.88497565225449));
#5358=CARTESIAN_POINT('Ctrl Pts',(175.864987266133,-111.886641635792,-1.89024113450183));
#5359=CARTESIAN_POINT('Ctrl Pts',(175.536786214926,-111.82977144484,-1.89558575979045));
#5360=CARTESIAN_POINT('Ctrl Pts',(175.196181112637,-111.768770779196,-1.90131856452989));
#5361=CARTESIAN_POINT('Ctrl Pts',(174.850265914866,-111.701703912588,-1.9076214670751));
#5362=CARTESIAN_POINT('Ctrl Pts',(174.505572764789,-111.628584672413,-1.91449316793599));
#5363=CARTESIAN_POINT('Ctrl Pts',(174.168023665175,-111.550935782279,-1.92179056249178));
#5364=CARTESIAN_POINT('Ctrl Pts',(173.842878618885,-111.471362280032,-1.92926883090078));
#5365=CARTESIAN_POINT('Ctrl Pts',(173.534684106699,-111.393118754108,-1.93662210895952));
#5366=CARTESIAN_POINT('Ctrl Pts',(173.247223612826,-111.319681365525,-1.94352370921051));
#5367=CARTESIAN_POINT('Ctrl Pts',(172.983462190246,-111.25431280582,-1.94966700592591));
#5368=CARTESIAN_POINT('Ctrl Pts',(172.745505377266,-111.199641924075,-1.95480494149862));
#5369=CARTESIAN_POINT('Ctrl Pts',(172.534524531891,-111.157210010346,-1.95879266644496));
#5370=CARTESIAN_POINT('Ctrl Pts',(172.35076077955,-111.127094665326,-1.96162288789971));
#5371=CARTESIAN_POINT('Ctrl Pts',(172.193333989413,-111.107342568581,-1.9634791777063));
#5372=CARTESIAN_POINT('Ctrl Pts',(172.060854767731,-111.094159113159,-1.96471815067372));
#5373=CARTESIAN_POINT('Ctrl Pts',(171.952841430166,-111.082727461508,-1.96579249020873));
#5374=CARTESIAN_POINT('Ctrl Pts',(171.87066348371,-111.067815000879,-1.9671939540136));
#5375=CARTESIAN_POINT('Ctrl Pts',(171.819242821734,-111.044544229185,-1.96938092671053));
#5376=CARTESIAN_POINT('Ctrl Pts',(171.806344204416,-111.008763164475,-1.97274360898919));
#5377=CARTESIAN_POINT('Ctrl Pts',(171.832294947959,-110.955333703417,-1.97776487661546));
#5378=CARTESIAN_POINT('Ctrl Pts',(171.888754053393,-110.879234969519,-1.9849165884493));
#5379=CARTESIAN_POINT('Ctrl Pts',(171.965507970309,-110.780501060089,-1.99419554004675));
#5380=CARTESIAN_POINT('Ctrl Pts',(172.052929659085,-110.664983564032,-2.00505180271024));
#5381=CARTESIAN_POINT('Ctrl Pts',(172.1420225705,-110.540961184277,-2.01670734907109));
#5382=CARTESIAN_POINT('Ctrl Pts',(172.224935779733,-110.416758579373,-2.02837983287963));
#5383=CARTESIAN_POINT('Ctrl Pts',(172.295292610318,-110.297909178268,-2.03954922591401));
#5384=CARTESIAN_POINT('Ctrl Pts',(172.348610957368,-110.184654177252,-2.05019286069625));
#5385=CARTESIAN_POINT('Ctrl Pts',(172.383562083485,-110.074767244644,-2.06051996649752));
#5386=CARTESIAN_POINT('Ctrl Pts',(172.403141312217,-109.966171298902,-2.07072574615356));
#5387=CARTESIAN_POINT('Ctrl Pts',(172.416024245797,-109.859778774273,-2.08072444965933));
#5388=CARTESIAN_POINT('Ctrl Pts',(172.437404018811,-109.761818540611,-2.0899306916878));
#5389=CARTESIAN_POINT('Ctrl Pts',(172.483147761117,-109.680124129708,-2.09760828177744));
#5390=CARTESIAN_POINT('Ctrl Pts',(172.564729260853,-109.621013275501,-2.10316348320957));
#5391=CARTESIAN_POINT('Ctrl Pts',(172.683166866145,-109.58555909325,-2.1064954452775));
#5392=CARTESIAN_POINT('Ctrl Pts',(172.831960022511,-109.570779667896,-2.10788440650966));
#5393=CARTESIAN_POINT('Ctrl Pts',(173.001288208869,-109.571472006451,-2.10781934096145));
#5394=CARTESIAN_POINT('Ctrl Pts',(173.181454361395,-109.581707816022,-2.10685738592373));
#5395=CARTESIAN_POINT('Ctrl Pts',(173.367383125274,-109.596737199941,-2.10544493374064));
#5396=CARTESIAN_POINT('Ctrl Pts',(173.559908543517,-109.613722871332,-2.1038486308737));
#5397=CARTESIAN_POINT('Ctrl Pts',(173.763345968191,-109.631138191105,-2.10221194991818));
#5398=CARTESIAN_POINT('Ctrl Pts',(173.984006443878,-109.648505294125,-2.10057980034323));
#5399=CARTESIAN_POINT('Ctrl Pts',(174.228346094591,-109.66599707691,-2.09893593344123));
#5400=CARTESIAN_POINT('Ctrl Pts',(174.501230702614,-109.68409294921,-2.0972352945811));
#5401=CARTESIAN_POINT('Ctrl Pts',(174.804246183072,-109.703221930565,-2.09543756477248));
#5402=CARTESIAN_POINT('Ctrl Pts',(175.133760594072,-109.723386084773,-2.09354255006094));
#5403=CARTESIAN_POINT('Ctrl Pts',(175.47978773911,-109.743868900321,-2.09161758775422));
#5404=CARTESIAN_POINT('Ctrl Pts',(175.828359913713,-109.763336835684,-2.08978800325813));
#5405=CARTESIAN_POINT('Ctrl Pts',(176.163411763901,-109.779881434898,-2.08823315208089));
#5406=CARTESIAN_POINT('Ctrl Pts',(176.468829326892,-109.79109054014,-2.08717972731948));
#5407=CARTESIAN_POINT('Ctrl Pts',(176.730486763507,-109.794093665139,-2.08689749549385));
#5408=CARTESIAN_POINT('Ctrl Pts',(176.938153785522,-109.78564962556,-2.08769106109855));
#5409=CARTESIAN_POINT('Ctrl Pts',(177.08777149537,-109.762143617761,-2.08990014113872));
#5410=CARTESIAN_POINT('Ctrl Pts',(177.182839097122,-109.719792258039,-2.09388029566941));
#5411=CARTESIAN_POINT('Ctrl Pts',(177.237978248171,-109.654345089674,-2.10003097997792));
#5412=CARTESIAN_POINT('Ctrl Pts',(177.274771177059,-109.562539731479,-2.10865879062573));
#5413=CARTESIAN_POINT('Ctrl Pts',(177.310954982493,-109.44488324849,-2.11971607395502));
#5414=CARTESIAN_POINT('Ctrl Pts',(177.349342390973,-109.308812151202,-2.13250395131992));
#5415=CARTESIAN_POINT('Ctrl Pts',(177.373173410858,-109.16943649264,-2.14560238930464));
#5416=CARTESIAN_POINT('Ctrl Pts',(177.359485355469,-109.043839447043,-2.15740592178505));
#5417=CARTESIAN_POINT('Ctrl Pts',(177.288030622895,-108.947008197545,-2.16650606258171));
#5418=CARTESIAN_POINT('Ctrl Pts',(177.153691883692,-108.886389077891,-2.17220300986551));
#5419=CARTESIAN_POINT('Ctrl Pts',(176.971910078375,-108.859345766629,-2.17474452349222));
#5420=CARTESIAN_POINT('Ctrl Pts',(176.768310081174,-108.857287229454,-2.17493798353972));
#5421=CARTESIAN_POINT('Ctrl Pts',(176.571384484513,-108.868510243386,-2.17388325164818));
#5422=CARTESIAN_POINT('Ctrl Pts',(176.403787287789,-108.88160638144,-2.17265248471288));
#5423=CARTESIAN_POINT('Ctrl Pts',(176.274639619183,-108.888498785471,-2.17200474085506));
#5424=CARTESIAN_POINT('Ctrl Pts',(176.170268910181,-108.887986875216,-2.17205284986344));
#5425=CARTESIAN_POINT('Ctrl Pts',(176.064117956926,-108.88341988054,-2.1724820531918));
#5426=CARTESIAN_POINT('Ctrl Pts',(175.928601516954,-108.879803735564,-2.1728218962548));
#5427=CARTESIAN_POINT('Ctrl Pts',(175.745773300932,-108.881214926662,-2.17268927339021));
#5428=CARTESIAN_POINT('Ctrl Pts',(175.519777059966,-108.887812960464,-2.17206919426401));
#5429=CARTESIAN_POINT('Ctrl Pts',(175.270608364219,-108.896805842601,-2.17122404877598));
#5430=CARTESIAN_POINT('Ctrl Pts',(175.025769820385,-108.903843714859,-2.17056263390437));
#5431=CARTESIAN_POINT('Ctrl Pts',(174.812961214577,-108.904222768497,-2.17052701067844));
#5432=CARTESIAN_POINT('Ctrl Pts',(174.651690112297,-108.894254281183,-2.17146384293616));
#5433=CARTESIAN_POINT('Ctrl Pts',(174.546842332163,-108.872364611909,-2.17352102048389));
#5434=CARTESIAN_POINT('Ctrl Pts',(174.477743784051,-108.840796739935,-2.17648774952127));
#5435=CARTESIAN_POINT('Ctrl Pts',(174.402638190703,-108.805256240663,-2.17982782360932));
#5436=CARTESIAN_POINT('Ctrl Pts',(174.2801388833,-108.772219009081,-2.18293264215169));
#5437=CARTESIAN_POINT('Ctrl Pts',(174.088769674379,-108.746621883341,-2.18533824415963));
#5438=CARTESIAN_POINT('Ctrl Pts',(173.840231998311,-108.73002300291,-2.18689819665199));
#5439=CARTESIAN_POINT('Ctrl Pts',(173.565660645485,-108.721223678243,-2.18772515172896));
#5440=CARTESIAN_POINT('Ctrl Pts',(173.306530697498,-108.716430329879,-2.18817562763651));
#5441=CARTESIAN_POINT('Ctrl Pts',(173.103960040307,-108.709633342846,-2.18881440426409));
#5442=CARTESIAN_POINT('Ctrl Pts',(172.988151030333,-108.692815137784,-2.19039496874923));
#5443=CARTESIAN_POINT('Ctrl Pts',(172.969053821755,-108.65641540633,-2.19381579294501));
#5444=CARTESIAN_POINT('Ctrl Pts',(173.02314607537,-108.589201185615,-2.20013254373787));
#5445=CARTESIAN_POINT('Ctrl Pts',(173.108258913078,-108.482334654426,-2.21017579408633));
#5446=CARTESIAN_POINT('Ctrl Pts',(173.186109558685,-108.334769614934,-2.22404386501377));
#5447=CARTESIAN_POINT('Ctrl Pts',(173.240337027126,-108.157500420569,-2.24070351400096));
#5448=CARTESIAN_POINT('Ctrl Pts',(173.269760225141,-107.968088001904,-2.25850437567948));
#5449=CARTESIAN_POINT('Ctrl Pts',(173.28308136496,-107.785943030858,-2.27562224713631));
#5450=CARTESIAN_POINT('Ctrl Pts',(173.292830489726,-107.627027395191,-2.29055704005542));
#5451=CARTESIAN_POINT('Ctrl Pts',(173.310162281442,-107.499483715417,-2.30254351600902));
#5452=CARTESIAN_POINT('Ctrl Pts',(173.337945351994,-107.397145428922,-2.31216120472845));
#5453=CARTESIAN_POINT('Ctrl Pts',(173.371383483978,-107.302678269648,-2.32103916979146));
#5454=CARTESIAN_POINT('Ctrl Pts',(173.402504139849,-107.195695552891,-2.3310933391875));
#5455=CARTESIAN_POINT('Ctrl Pts',(173.423442797334,-107.059323621387,-2.34390948876552));
#5456=CARTESIAN_POINT('Ctrl Pts',(173.430226892588,-106.887409513613,-2.36006587003476));
#5457=CARTESIAN_POINT('Ctrl Pts',(173.421963745737,-106.682012689686,-2.37936893621017));
#5458=CARTESIAN_POINT('Ctrl Pts',(173.400116261569,-106.450999443202,-2.40107941789646));
#5459=CARTESIAN_POINT('Ctrl Pts',(173.36774774637,-106.205620273954,-2.42414000009781));
#5460=CARTESIAN_POINT('Ctrl Pts',(173.328763894103,-105.958031305816,-2.44740825782891));
#5461=CARTESIAN_POINT('Ctrl Pts',(173.287193629573,-105.71898745221,-2.46987345099384));
#5462=CARTESIAN_POINT('Ctrl Pts',(173.246362209336,-105.495104571274,-2.49091382534641));
#5463=CARTESIAN_POINT('Ctrl Pts',(173.208408464635,-105.287475110093,-2.5104267133869));
#5464=CARTESIAN_POINT('Ctrl Pts',(173.17460912339,-105.093445049933,-2.52866153815036));
#5465=CARTESIAN_POINT('Ctrl Pts',(173.145543605598,-104.907769488731,-2.54611121228129));
#5466=CARTESIAN_POINT('Ctrl Pts',(173.121320386844,-104.724001356725,-2.56338162739887));
#5467=CARTESIAN_POINT('Ctrl Pts',(173.101781434127,-104.535812820832,-2.58106746933328));
#5468=CARTESIAN_POINT('Ctrl Pts',(173.086705814173,-104.338269864253,-2.59963243392437));
#5469=CARTESIAN_POINT('Ctrl Pts',(173.076040647592,-104.129326365633,-2.61926881438866));
#5470=CARTESIAN_POINT('Ctrl Pts',(173.0698792442,-103.909444338801,-2.63993319095294));
#5471=CARTESIAN_POINT('Ctrl Pts',(173.068389196146,-103.680848995149,-2.66141643963));
#5472=CARTESIAN_POINT('Ctrl Pts',(173.071757529273,-103.446906200542,-2.68340223843275));
#5473=CARTESIAN_POINT('Ctrl Pts',(173.08012951377,-103.211458637743,-2.7055294544172));
#5474=CARTESIAN_POINT('Ctrl Pts',(173.093548275528,-102.978156235362,-2.72745506955545));
#5475=CARTESIAN_POINT('Ctrl Pts',(173.11189857006,-102.749844090422,-2.74891170339323));
#5476=CARTESIAN_POINT('Ctrl Pts',(173.134837270857,-102.527785380804,-2.76978064325619));
#5477=CARTESIAN_POINT('Ctrl Pts',(173.161792615023,-102.311723211646,-2.79008603196441));
#5478=CARTESIAN_POINT('Ctrl Pts',(173.191994135532,-102.100312324666,-2.80995429605706));
#5479=CARTESIAN_POINT('Ctrl Pts',(173.224492440388,-101.891434308113,-2.82958452255736));
#5480=CARTESIAN_POINT('Ctrl Pts',(173.258183949951,-101.68255727201,-2.84921465691549));
#5481=CARTESIAN_POINT('Ctrl Pts',(173.29183181232,-101.471085705391,-2.86908862364304));
#5482=CARTESIAN_POINT('Ctrl Pts',(173.324092438052,-101.254692822302,-2.88942509264146));
#5483=CARTESIAN_POINT('Ctrl Pts',(173.353529371793,-101.031716457844,-2.91038027313746));
#5484=CARTESIAN_POINT('Ctrl Pts',(173.378697387248,-100.801173650333,-2.9320465432607));
#5485=CARTESIAN_POINT('Ctrl Pts',(173.398250151367,-100.562645776791,-2.95446324493912));
#5486=CARTESIAN_POINT('Ctrl Pts',(173.411039969816,-100.316206570629,-2.97762344875248));
#5487=CARTESIAN_POINT('Ctrl Pts',(173.416221136498,-100.062332193897,-3.00148240528655));
#5488=CARTESIAN_POINT('Ctrl Pts',(173.413351054697,-99.8018190802522,-3.0259652661999));
#5489=CARTESIAN_POINT('Ctrl Pts',(173.402493905458,-99.5356982815001,-3.05097513388315));
#5490=CARTESIAN_POINT('Ctrl Pts',(173.384319470399,-99.2651516818379,-3.07640093559211));
#5491=CARTESIAN_POINT('Ctrl Pts',(173.360214284535,-98.9914264250032,-3.10212546553153));
#5492=CARTESIAN_POINT('Ctrl Pts',(173.332081449658,-98.7157790388139,-3.12803063599604));
#5493=CARTESIAN_POINT('Ctrl Pts',(173.302126514481,-98.4394206518769,-3.15400262587003));
#5494=CARTESIAN_POINT('Ctrl Pts',(173.272648891549,-98.1634619945235,-3.17993704940557));
#5495=CARTESIAN_POINT('Ctrl Pts',(173.245829916675,-97.8888580946945,-3.20574415366887));
#5496=CARTESIAN_POINT('Ctrl Pts',(173.223524704562,-97.6163540198331,-3.23135391768351));
#5497=CARTESIAN_POINT('Ctrl Pts',(173.20704690379,-97.3464280418367,-3.25672139375308));
#5498=CARTESIAN_POINT('Ctrl Pts',(173.196969240448,-97.079240863479,-3.28183147913055));
#5499=CARTESIAN_POINT('Ctrl Pts',(173.192886750649,-96.8145703663286,-3.30670504836838));
#5500=CARTESIAN_POINT('Ctrl Pts',(173.193288855124,-96.5517886724807,-3.33140110904283));
#5501=CARTESIAN_POINT('Ctrl Pts',(173.19589788376,-96.2900204275082,-3.35600192642027));
#5502=CARTESIAN_POINT('Ctrl Pts',(173.197941451833,-96.0282755258371,-3.38060055000871));
#5503=CARTESIAN_POINT('Ctrl Pts',(173.196449564698,-95.7655910929959,-3.40528747015405));
#5504=CARTESIAN_POINT('Ctrl Pts',(173.188543600899,-95.5011711356461,-3.43013749381675));
#5505=CARTESIAN_POINT('Ctrl Pts',(173.171723189348,-95.2345234589751,-3.45519687716017));
#5506=CARTESIAN_POINT('Ctrl Pts',(173.144167009806,-94.9656064465953,-3.48046953126661));
#5507=CARTESIAN_POINT('Ctrl Pts',(173.10499704059,-94.6949512031641,-3.50590554324963));
#5508=CARTESIAN_POINT('Ctrl Pts',(173.05463723781,-94.4238468192418,-3.53138376517756));
#5509=CARTESIAN_POINT('Ctrl Pts',(172.994640134586,-94.1541703901469,-3.55672778879608));
#5510=CARTESIAN_POINT('Ctrl Pts',(172.92732994507,-93.8880943128711,-3.58173345358271));
#5511=CARTESIAN_POINT('Ctrl Pts',(172.855507142884,-93.6278351194567,-3.60619245123026));
#5512=CARTESIAN_POINT('Ctrl Pts',(172.782125255015,-93.3753826073167,-3.62991778181145));
#5513=CARTESIAN_POINT('Ctrl Pts',(172.709984457846,-93.1322428646679,-3.65276790408938));
#5514=CARTESIAN_POINT('Ctrl Pts',(172.641406620952,-92.899162685495,-3.67467263482833));
#5515=CARTESIAN_POINT('Ctrl Pts',(172.577944741867,-92.6758914509967,-3.69565552702789));
#5516=CARTESIAN_POINT('Ctrl Pts',(172.520013542083,-92.4608554479769,-3.7158644772786));
#5517=CARTESIAN_POINT('Ctrl Pts',(172.466768122259,-92.2511087317007,-3.73557634364027));
#5518=CARTESIAN_POINT('Ctrl Pts',(172.416488859327,-92.0428486066172,-3.75514850108327));
#5519=CARTESIAN_POINT('Ctrl Pts',(172.366860014973,-91.8318127364516,-3.77498152132825));
#5520=CARTESIAN_POINT('Ctrl Pts',(172.315289935717,-91.6137221724361,-3.79547753732763));
#5521=CARTESIAN_POINT('Ctrl Pts',(172.259215501016,-91.3847079338417,-3.81700015349173));
#5522=CARTESIAN_POINT('Ctrl Pts',(172.196408655363,-91.1417372955666,-3.83983438344545));
#5523=CARTESIAN_POINT('Ctrl Pts',(172.12529320468,-90.8830577329855,-3.86414492836659));
#5524=CARTESIAN_POINT('Ctrl Pts',(172.045225164751,-90.608582962239,-3.88993989715876));
#5525=CARTESIAN_POINT('Ctrl Pts',(171.956326609948,-90.3195779911499,-3.91710040517103));
#5526=CARTESIAN_POINT('Ctrl Pts',(171.859350614756,-90.0183928885377,-3.94540559439269));
#5527=CARTESIAN_POINT('Ctrl Pts',(171.755534352885,-89.708177992335,-3.97455939801789));
#5528=CARTESIAN_POINT('Ctrl Pts',(171.646457282961,-89.3926071177907,-4.00421655316716));
#5529=CARTESIAN_POINT('Ctrl Pts',(171.53389702536,-89.0755970708294,-4.03400896084795));
#5530=CARTESIAN_POINT('Ctrl Pts',(171.419686519805,-88.7610293504432,-4.06357184019135));
#5531=CARTESIAN_POINT('Ctrl Pts',(171.305569967916,-88.4524695217409,-4.09257010159893));
#5532=CARTESIAN_POINT('Ctrl Pts',(171.193060844252,-88.1528908195965,-4.12072432230052));
#5533=CARTESIAN_POINT('Ctrl Pts',(171.083295345783,-87.8643882618038,-4.14783761382267));
#5534=CARTESIAN_POINT('Ctrl Pts',(170.976898204316,-87.587918569172,-4.17382006413685));
#5535=CARTESIAN_POINT('Ctrl Pts',(170.874074793954,-87.3235125493071,-4.19866877796337));
#5536=CARTESIAN_POINT('Ctrl Pts',(170.774692652913,-87.0704654356437,-4.2224499888271));
#5537=CARTESIAN_POINT('Ctrl Pts',(170.678366728559,-86.8275348614717,-4.24528045358125));
#5538=CARTESIAN_POINT('Ctrl Pts',(170.584543640311,-86.593137107831,-4.26730900915185));
#5539=CARTESIAN_POINT('Ctrl Pts',(170.492584976509,-86.3655405796929,-4.28869838976618));
#5540=CARTESIAN_POINT('Ctrl Pts',(170.40185423036,-86.1430686345406,-4.30960616524853));
#5541=CARTESIAN_POINT('Ctrl Pts',(170.311794636375,-85.9242793169519,-4.33016784967553));
#5542=CARTESIAN_POINT('Ctrl Pts',(170.222029487404,-85.7082020228591,-4.35047465981572));
#5543=CARTESIAN_POINT('Ctrl Pts',(170.132381524067,-85.4943693484258,-4.37057052199188));
#5544=CARTESIAN_POINT('Ctrl Pts',(170.042802699441,-85.282622393666,-4.39047036952618));
#5545=CARTESIAN_POINT('Ctrl Pts',(169.953327405457,-85.0729750010989,-4.41017290150724));
#5546=CARTESIAN_POINT('Ctrl Pts',(169.864016420341,-84.86545548617,-4.42967545686705));
#5547=CARTESIAN_POINT('Ctrl Pts',(169.774904184049,-84.6599545456718,-4.44898830785331));
#5548=CARTESIAN_POINT('Ctrl Pts',(169.68594614157,-84.4560785539889,-4.4681484471573));
#5549=CARTESIAN_POINT('Ctrl Pts',(169.596962473491,-84.2529813120133,-4.4872354000466));
#5550=CARTESIAN_POINT('Ctrl Pts',(169.507594028824,-84.0492623066746,-4.50638078587127));
#5551=CARTESIAN_POINT('Ctrl Pts',(169.417329733116,-83.8432523809411,-4.52574147097439));
#5552=CARTESIAN_POINT('Ctrl Pts',(169.325525671052,-83.6332520421318,-4.54547717262449));
#5553=CARTESIAN_POINT('Ctrl Pts',(169.231426973689,-83.4177906557467,-4.56572610014015));
#5554=CARTESIAN_POINT('Ctrl Pts',(169.134189456876,-83.1958708941041,-4.58658198175859));
#5555=CARTESIAN_POINT('Ctrl Pts',(169.032899173082,-82.9672331088748,-4.60806921906882));
#5556=CARTESIAN_POINT('Ctrl Pts',(168.926598005821,-82.7325792752137,-4.63012184088097));
#5557=CARTESIAN_POINT('Ctrl Pts',(168.814293507505,-82.4938957389696,-4.65255317164364));
#5558=CARTESIAN_POINT('Ctrl Pts',(168.695049981243,-82.2542745650528,-4.6750726210135));
#5559=CARTESIAN_POINT('Ctrl Pts',(168.568114314826,-82.0175252335201,-4.69732217641651));
#5560=CARTESIAN_POINT('Ctrl Pts',(168.433029150297,-81.7878555497223,-4.71890639091447));
#5561=CARTESIAN_POINT('Ctrl Pts',(168.289754582243,-81.5695199669451,-4.73942543362518));
#5562=CARTESIAN_POINT('Ctrl Pts',(168.138778691708,-81.3664905790279,-4.75850600963213));
#5563=CARTESIAN_POINT('Ctrl Pts',(167.981250319507,-81.1820981830334,-4.77583509269232));
#5564=CARTESIAN_POINT('Ctrl Pts',(167.819061514847,-81.0187333797641,-4.7911880156244));
#5565=CARTESIAN_POINT('Ctrl Pts',(167.655052540577,-80.8774051428092,-4.80446995571597));
#5566=CARTESIAN_POINT('Ctrl Pts',(167.492761513145,-80.7578249639376,-4.81570802679175));
#5567=CARTESIAN_POINT('Ctrl Pts',(167.335705982139,-80.659022668991,-4.82499340521764));
#5568=CARTESIAN_POINT('Ctrl Pts',(167.186814079093,-80.5798035549992,-4.83243836843814));
#5569=CARTESIAN_POINT('Ctrl Pts',(167.047745675961,-80.5193015918652,-4.83812430542485));
#5570=CARTESIAN_POINT('Ctrl Pts',(166.918373953989,-80.4774190997537,-4.84206039606814));
#5571=CARTESIAN_POINT('Ctrl Pts',(166.795911958522,-80.4554978525543,-4.84412054128971));
#5572=CARTESIAN_POINT('Ctrl Pts',(166.675581721978,-80.4560067037429,-4.84407271977047));
#5573=CARTESIAN_POINT('Ctrl Pts',(166.552274881159,-80.4816105261978,-4.84166648840942));
#5574=CARTESIAN_POINT('Ctrl Pts',(166.421781126018,-80.5344920881243,-4.83669671200388));
#5575=CARTESIAN_POINT('Ctrl Pts',(166.282505119645,-80.6154155867183,-4.82909157177511));
#5576=CARTESIAN_POINT('Ctrl Pts',(166.135543948848,-80.7236101572424,-4.81892351311325));
#5577=CARTESIAN_POINT('Ctrl Pts',(165.983774382946,-80.8571395068622,-4.80637450761845));
#5578=CARTESIAN_POINT('Ctrl Pts',(165.831243387274,-81.0131262764313,-4.79171496771945));
#5579=CARTESIAN_POINT('Ctrl Pts',(165.682416001829,-81.1880378592519,-4.77527688560365));
#5580=CARTESIAN_POINT('Ctrl Pts',(165.541524858312,-81.377942327269,-4.75742978143203));
#5581=CARTESIAN_POINT('Ctrl Pts',(165.411777115876,-81.5787858760885,-4.73855462922835));
#5582=CARTESIAN_POINT('Ctrl Pts',(165.29497476795,-81.7866300734885,-4.71902156041119));
#5583=CARTESIAN_POINT('Ctrl Pts',(165.191733664043,-81.997837254692,-4.69917244046107));
#5584=CARTESIAN_POINT('Ctrl Pts',(165.101559767494,-82.209269152523,-4.67930220178162));
#5585=CARTESIAN_POINT('Ctrl Pts',(165.022984135553,-82.4184775621476,-4.65964092514534));
#5586=CARTESIAN_POINT('Ctrl Pts',(164.953670198541,-82.6239044850584,-4.64033503028606));
#5587=CARTESIAN_POINT('Ctrl Pts',(164.890538961559,-82.8250640777408,-4.62143017647609));
#5588=CARTESIAN_POINT('Ctrl Pts',(164.829872150934,-83.0227661353757,-4.60285025966636));
#5589=CARTESIAN_POINT('Ctrl Pts',(164.767467154645,-83.2192222982278,-4.58438743127591));
#5590=CARTESIAN_POINT('Ctrl Pts',(164.699117050799,-83.4173876606537,-4.56576397336914));
#5591=CARTESIAN_POINT('Ctrl Pts',(164.621055077849,-83.6203859013989,-4.54668632455412));
#5592=CARTESIAN_POINT('Ctrl Pts',(164.530413989673,-83.8309008951299,-4.52690225595354));
#5593=CARTESIAN_POINT('Ctrl Pts',(164.425676336138,-84.0505856724556,-4.50625641677561));
#5594=CARTESIAN_POINT('Ctrl Pts',(164.307135021505,-84.2794567493468,-4.48474725485962));
#5595=CARTESIAN_POINT('Ctrl Pts',(164.17733439528,-84.5153116794562,-4.46258175474788));
#5596=CARTESIAN_POINT('Ctrl Pts',(164.041560646621,-84.753090558873,-4.440235443073));
#5597=CARTESIAN_POINT('Ctrl Pts',(163.906782540905,-84.9859846669612,-4.41834819917922));
#5598=CARTESIAN_POINT('Ctrl Pts',(163.780552702892,-85.2065900554895,-4.39761584153121));
#5599=CARTESIAN_POINT('Ctrl Pts',(163.669901118153,-85.4080686280233,-4.37868101019256));
#5600=CARTESIAN_POINT('Ctrl Pts',(163.580282077068,-85.5852520326959,-4.36202942366754));
#5601=CARTESIAN_POINT('Ctrl Pts',(163.514381987732,-85.7358952522619,-4.34787206728505));
#5602=CARTESIAN_POINT('Ctrl Pts',(163.47125900291,-85.8615728634189,-4.33606096330325));
#5603=CARTESIAN_POINT('Ctrl Pts',(163.444655896107,-85.9694657797376,-4.3259212539166));
#5604=CARTESIAN_POINT('Ctrl Pts',(163.424855525357,-86.0703318549208,-4.31644192270352));
#5605=CARTESIAN_POINT('Ctrl Pts',(163.402904028625,-86.173924690802,-4.30670633221052));
#5606=CARTESIAN_POINT('Ctrl Pts',(163.37397556421,-86.2853394983073,-4.29623563767357));
#5607=CARTESIAN_POINT('Ctrl Pts',(163.341458113918,-86.4005767720477,-4.28540571012962));
#5608=CARTESIAN_POINT('Ctrl Pts',(163.312340135755,-86.5115311730525,-4.27497828431016));
#5609=CARTESIAN_POINT('Ctrl Pts',(163.292779379189,-86.6107672409863,-4.26565214016784));
#5610=CARTESIAN_POINT('Ctrl Pts',(163.282559000888,-86.6975380990008,-4.25749746872585));
#5611=CARTESIAN_POINT('Ctrl Pts',(163.273243221263,-86.7796931585392,-4.24977658716304));
#5612=CARTESIAN_POINT('Ctrl Pts',(163.254548336522,-86.8666265902993,-4.24160663714123));
#5613=CARTESIAN_POINT('Ctrl Pts',(163.220104639158,-86.9626881596311,-4.23257883040948));
#5614=CARTESIAN_POINT('Ctrl Pts',(163.170286813455,-87.0645219675311,-4.22300855227562));
#5615=CARTESIAN_POINT('Ctrl Pts',(163.108968886912,-87.1662989060807,-4.21344361868807));
#5616=CARTESIAN_POINT('Ctrl Pts',(163.04181620338,-87.2628625163796,-4.20436863045748));
#5617=CARTESIAN_POINT('Ctrl Pts',(162.973800390098,-87.3541655183521,-4.19578803093605));
#5618=CARTESIAN_POINT('Ctrl Pts',(162.908955386654,-87.4437433799793,-4.18736955903475));
#5619=CARTESIAN_POINT('Ctrl Pts',(162.850270410834,-87.5367040500583,-4.17863317289235));
#5620=CARTESIAN_POINT('Ctrl Pts',(162.799536922182,-87.6377512281304,-4.16913682174206));
#5621=CARTESIAN_POINT('Ctrl Pts',(162.757226197744,-87.7495692693946,-4.15862823154644));
#5622=CARTESIAN_POINT('Ctrl Pts',(162.722299126406,-87.8728625627395,-4.14704120427443));
#5623=CARTESIAN_POINT('Ctrl Pts',(162.692123473574,-88.0062071782207,-4.13450955997945));
#5624=CARTESIAN_POINT('Ctrl Pts',(162.662145518276,-88.1458225605371,-4.12138859290491));
#5625=CARTESIAN_POINT('Ctrl Pts',(162.62628486034,-88.285846907117,-4.10822919162242));
#5626=CARTESIAN_POINT('Ctrl Pts',(162.579316424937,-88.4201730161031,-4.09560530717633));
#5627=CARTESIAN_POINT('Ctrl Pts',(162.519105795168,-88.5441281277183,-4.08395608263358));
#5628=CARTESIAN_POINT('Ctrl Pts',(162.448483109332,-88.6559619003614,-4.07344601401272));
#5629=CARTESIAN_POINT('Ctrl Pts',(162.378338233279,-88.7590620285399,-4.06375672788416));
#5630=CARTESIAN_POINT('Ctrl Pts',(162.32316512324,-88.8595988520905,-4.0543083395354));
#5631=CARTESIAN_POINT('Ctrl Pts',(162.294000020123,-88.9625775341331,-4.0446304668394));
#5632=CARTESIAN_POINT('Ctrl Pts',(162.292537055014,-89.0686275383704,-4.03466395318763));
#5633=CARTESIAN_POINT('Ctrl Pts',(162.303968173697,-89.1699645661125,-4.02514036214504));
#5634=CARTESIAN_POINT('Ctrl Pts',(162.307661685542,-89.2575828827004,-4.01690604707171));
#5635=CARTESIAN_POINT('Ctrl Pts',(162.287693933897,-89.3281592460517,-4.01027332419827));
#5636=CARTESIAN_POINT('Ctrl Pts',(162.24554348957,-89.3928225095499,-4.00419631078315));
#5637=CARTESIAN_POINT('Ctrl Pts',(162.19377846105,-89.4698579506884,-3.99695656778363));
#5638=CARTESIAN_POINT('Ctrl Pts',(162.145299887983,-89.5734865196762,-3.98721761911542));
#5639=CARTESIAN_POINT('Ctrl Pts',(162.105265878648,-89.7053851757437,-3.97482186518971));
#5640=CARTESIAN_POINT('Ctrl Pts',(162.073649671087,-89.8591900758878,-3.9603673760266));
#5641=CARTESIAN_POINT('Ctrl Pts',(162.047136459799,-90.0241718161301,-3.94486249436023));
#5642=CARTESIAN_POINT('Ctrl Pts',(162.021119114113,-90.1889340351807,-3.92937824315937));
#5643=CARTESIAN_POINT('Ctrl Pts',(161.991994686769,-90.345785484209,-3.91463744122086));
#5644=CARTESIAN_POINT('Ctrl Pts',(161.958003508618,-90.4921699629828,-3.9008803186578));
#5645=CARTESIAN_POINT('Ctrl Pts',(161.918475663671,-90.6289131751995,-3.8880292763486));
#5646=CARTESIAN_POINT('Ctrl Pts',(161.873487475126,-90.7593096582483,-3.87577469571189));
#5647=CARTESIAN_POINT('Ctrl Pts',(161.823391777204,-90.8878993256101,-3.86368991849331));
#5648=CARTESIAN_POINT('Ctrl Pts',(161.768297994192,-91.0192939339726,-3.85134153465843));
#5649=CARTESIAN_POINT('Ctrl Pts',(161.708156148671,-91.1574623900538,-3.83835654881443));
#5650=CARTESIAN_POINT('Ctrl Pts',(161.643105350079,-91.3052893128069,-3.82446386626044));
#5651=CARTESIAN_POINT('Ctrl Pts',(161.573758155751,-91.4639940216213,-3.80954889611617));
#5652=CARTESIAN_POINT('Ctrl Pts',(161.501461185183,-91.6327161730109,-3.79369249292908));
#5653=CARTESIAN_POINT('Ctrl Pts',(161.42869353158,-91.8077563030529,-3.7772423300251));
#5654=CARTESIAN_POINT('Ctrl Pts',(161.358731783066,-91.9834099477226,-3.76073450939677));
#5655=CARTESIAN_POINT('Ctrl Pts',(161.294963333816,-92.1535463900788,-3.74474519202143));
#5656=CARTESIAN_POINT('Ctrl Pts',(161.240308860374,-92.3129576237401,-3.72976382311007));
#5657=CARTESIAN_POINT('Ctrl Pts',(161.196604793777,-92.4587907448927,-3.71605851679443));
#5658=CARTESIAN_POINT('Ctrl Pts',(161.163990376348,-92.5919727292695,-3.70354215646981));
#5659=CARTESIAN_POINT('Ctrl Pts',(161.140325602252,-92.7185643721006,-3.69164515235793));
#5660=CARTESIAN_POINT('Ctrl Pts',(161.122284925591,-92.847115976498,-3.67956395227314));
#5661=CARTESIAN_POINT('Ctrl Pts',(161.106496786025,-92.9859405653405,-3.66651730347901));
#5662=CARTESIAN_POINT('Ctrl Pts',(161.0905237823,-93.1407033885696,-3.65197278929825));
#5663=CARTESIAN_POINT('Ctrl Pts',(161.074257871867,-93.3111797655114,-3.63595152508131));
#5664=CARTESIAN_POINT('Ctrl Pts',(161.059565864879,-93.4915293011592,-3.6190023875301));
#5665=CARTESIAN_POINT('Ctrl Pts',(161.048781746653,-93.6729050978445,-3.60195680260283));
#5666=CARTESIAN_POINT('Ctrl Pts',(161.043513317981,-93.8453996633957,-3.58574587027155));
#5667=CARTESIAN_POINT('Ctrl Pts',(161.043383437684,-94.0001932500042,-3.57119846496747));
#5668=CARTESIAN_POINT('Ctrl Pts',(161.044646360659,-94.1317850778629,-3.5588315465666));
#5669=CARTESIAN_POINT('Ctrl Pts',(161.03932289229,-94.2396715048313,-3.54869244704507));
#5670=CARTESIAN_POINT('Ctrl Pts',(161.018432202026,-94.3254025162798,-3.54063549973869));
#5671=CARTESIAN_POINT('Ctrl Pts',(160.974438681712,-94.3905545370605,-3.53451255321717));
#5672=CARTESIAN_POINT('Ctrl Pts',(160.904741399125,-94.433454707848,-3.53048082176283));
#5673=CARTESIAN_POINT('Ctrl Pts',(160.811038417295,-94.4508693417139,-3.52884420526844));
#5674=CARTESIAN_POINT('Ctrl Pts',(160.696703923114,-94.4420284025938,-3.52967507124594));
#5675=CARTESIAN_POINT('Ctrl Pts',(160.564680350175,-94.4121639539369,-3.53248171361604));
#5676=CARTESIAN_POINT('Ctrl Pts',(160.417663982492,-94.3703559746109,-3.53641080159395));
#5677=CARTESIAN_POINT('Ctrl Pts',(160.258573636195,-94.3268342378783,-3.54050094743047));
#5678=CARTESIAN_POINT('Ctrl Pts',(160.090848086974,-94.2906445244343,-3.54390203426386));
#5679=CARTESIAN_POINT('Ctrl Pts',(159.918958415905,-94.2667920867496,-3.54614367156999));
#5680=CARTESIAN_POINT('Ctrl Pts',(159.748376896578,-94.2547809999516,-3.5472724660609));
#5681=CARTESIAN_POINT('Ctrl Pts',(159.584127656169,-94.2508831735201,-3.54763878137245));
#5682=CARTESIAN_POINT('Ctrl Pts',(159.429573038983,-94.2497439383224,-3.54774584599006));
#5683=CARTESIAN_POINT('Ctrl Pts',(159.285153392204,-94.246215370277,-3.5480774586274));
#5684=CARTESIAN_POINT('Ctrl Pts',(159.147037552723,-94.2371732838878,-3.54892722830055));
#5685=CARTESIAN_POINT('Ctrl Pts',(159.006129139195,-94.2231077159529,-3.55024910165502));
#5686=CARTESIAN_POINT('Ctrl Pts',(158.851247291755,-94.2067240004548,-3.55178883308033));
#5687=CARTESIAN_POINT('Ctrl Pts',(158.671897980185,-94.1918035389291,-3.55319104880447));
#5688=CARTESIAN_POINT('Ctrl Pts',(158.461384220088,-94.181912648241,-3.55412058857941));
#5689=CARTESIAN_POINT('Ctrl Pts',(158.219353677275,-94.1792964262693,-3.55436645949837));
#5690=CARTESIAN_POINT('Ctrl Pts',(157.95563959046,-94.1833905998008,-3.55398169160809));
#5691=CARTESIAN_POINT('Ctrl Pts',(157.688549543724,-94.1909336451453,-3.55327280088297));
#5692=CARTESIAN_POINT('Ctrl Pts',(157.439808357715,-94.1970345943243,-3.55269943746146));
#5693=CARTESIAN_POINT('Ctrl Pts',(157.230540274576,-94.195950997069,-3.55280127325973));
#5694=CARTESIAN_POINT('Ctrl Pts',(157.076770972208,-94.1819862331488,-3.55411367311539));
#5695=CARTESIAN_POINT('Ctrl Pts',(156.985251346599,-94.1503368577178,-3.55708806179714));
#5696=CARTESIAN_POINT('Ctrl Pts',(156.948872144157,-94.0979587566566,-3.5620105232627));
#5697=CARTESIAN_POINT('Ctrl Pts',(156.942923340641,-94.0244288097275,-3.56892082208968));
#5698=CARTESIAN_POINT('Ctrl Pts',(156.938284469446,-93.9315260729992,-3.5776517636917));
#5699=CARTESIAN_POINT('Ctrl Pts',(156.917453074012,-93.8229710590832,-3.58785369660007));
#5700=CARTESIAN_POINT('Ctrl Pts',(156.876072265594,-93.7034708943482,-3.59908424799689));
#5701=CARTESIAN_POINT('Ctrl Pts',(156.816969055981,-93.5773560935293,-3.61093643879209));
#5702=CARTESIAN_POINT('Ctrl Pts',(156.746759782415,-93.4474553153468,-3.62314443339277));
#5703=CARTESIAN_POINT('Ctrl Pts',(156.670860349614,-93.3135993467147,-3.63572413433986));
#5704=CARTESIAN_POINT('Ctrl Pts',(156.593029753993,-93.1732491881162,-3.64891415523387));
#5705=CARTESIAN_POINT('Ctrl Pts',(156.515812485782,-93.0226461851582,-3.66306773208446));
#5706=CARTESIAN_POINT('Ctrl Pts',(156.440695984466,-92.8578224176073,-3.67855776757523));
#5707=CARTESIAN_POINT('Ctrl Pts',(156.368379193415,-92.6755880977702,-3.69568403597605));
#5708=CARTESIAN_POINT('Ctrl Pts',(156.299011503297,-92.4747275142432,-3.71456078909097));
#5709=CARTESIAN_POINT('Ctrl Pts',(156.232378465682,-92.2563788395368,-3.73508106217307));
#5710=CARTESIAN_POINT('Ctrl Pts',(156.167977751473,-92.0233005180656,-3.75698561832637));
#5711=CARTESIAN_POINT('Ctrl Pts',(156.1051237679,-91.7794170935604,-3.77990563136411));
#5712=CARTESIAN_POINT('Ctrl Pts',(156.043041306306,-91.5292480955201,-3.8034163587059));
#5713=CARTESIAN_POINT('Ctrl Pts',(155.980962167881,-91.2773953242273,-3.82708532601408));
#5714=CARTESIAN_POINT('Ctrl Pts',(155.918224501194,-91.0279856054826,-3.85052469675837));
#5715=CARTESIAN_POINT('Ctrl Pts',(155.854361600965,-90.7841782469066,-3.87343756116724));
#5716=CARTESIAN_POINT('Ctrl Pts',(155.789219280849,-90.5475278536379,-3.89567781841354));
#5717=CARTESIAN_POINT('Ctrl Pts',(155.722918465622,-90.3181018094807,-3.91723913580913));
#5718=CARTESIAN_POINT('Ctrl Pts',(155.655759447466,-90.0948804903954,-3.93821733698913));
#5719=CARTESIAN_POINT('Ctrl Pts',(155.588144846585,-89.8760663831574,-3.958781351132));
#5720=CARTESIAN_POINT('Ctrl Pts',(155.520495507322,-89.6594288473427,-3.97914081244188));
#5721=CARTESIAN_POINT('Ctrl Pts',(155.453167725045,-89.4426389906766,-3.99951458877095));
#5722=CARTESIAN_POINT('Ctrl Pts',(155.3863738616,-89.2235961960935,-4.02010009480874));
#5723=CARTESIAN_POINT('Ctrl Pts',(155.320092005839,-89.0007884517447,-4.04103942849139));
#5724=CARTESIAN_POINT('Ctrl Pts',(155.254009313491,-88.7735460025866,-4.0623955329827));
#5725=CARTESIAN_POINT('Ctrl Pts',(155.187607678879,-88.5418424571299,-4.08417088853846));
#5726=CARTESIAN_POINT('Ctrl Pts',(155.120228490401,-88.306162152443,-4.10631997746126));
#5727=CARTESIAN_POINT('Ctrl Pts',(155.051145977756,-88.0673409132764,-4.12876424945921));
#5728=CARTESIAN_POINT('Ctrl Pts',(154.979635921292,-87.8264198431942,-4.15140586226481));
#5729=CARTESIAN_POINT('Ctrl Pts',(154.905048620043,-87.5844895862027,-4.17414231783049));
#5730=CARTESIAN_POINT('Ctrl Pts',(154.826874743499,-87.342547850855,-4.19687985212497));
#5731=CARTESIAN_POINT('Ctrl Pts',(154.744827126428,-87.1013288956176,-4.21954945999277));
#5732=CARTESIAN_POINT('Ctrl Pts',(154.658870705435,-86.8612230925462,-4.24211445451012));
#5733=CARTESIAN_POINT('Ctrl Pts',(154.569168213778,-86.6223424445488,-4.26456430971317));
#5734=CARTESIAN_POINT('Ctrl Pts',(154.476045348712,-86.384552408296,-4.28691166990058));
#5735=CARTESIAN_POINT('Ctrl Pts',(154.379948102357,-86.1475172166228,-4.30918809026238));
#5736=CARTESIAN_POINT('Ctrl Pts',(154.281403436393,-85.9107395775794,-4.3314403059877));
#5737=CARTESIAN_POINT('Ctrl Pts',(154.180978535607,-85.6736024453301,-4.35372630666163));
#5738=CARTESIAN_POINT('Ctrl Pts',(154.079240633317,-85.4354107070751,-4.37611141855418));
#5739=CARTESIAN_POINT('Ctrl Pts',(153.976716686451,-85.1954309677183,-4.39866456568179));
#5740=CARTESIAN_POINT('Ctrl Pts',(153.87385283421,-84.9529380638086,-4.42145389845603));
#5741=CARTESIAN_POINT('Ctrl Pts',(153.770972737782,-84.7072899110673,-4.44453975955934));
#5742=CARTESIAN_POINT('Ctrl Pts',(153.668235868228,-84.4579983381879,-4.46796802702846));
#5743=CARTESIAN_POINT('Ctrl Pts',(153.565596287124,-84.2048011391811,-4.49176334281972));
#5744=CARTESIAN_POINT('Ctrl Pts',(153.462760136153,-83.9477344062622,-4.51592231500909));
#5745=CARTESIAN_POINT('Ctrl Pts',(153.359146185139,-83.6872028909724,-4.54040690529766));
#5746=CARTESIAN_POINT('Ctrl Pts',(153.253839244149,-83.4240555190331,-4.56513733217244));
#5747=CARTESIAN_POINT('Ctrl Pts',(153.145560248361,-83.1596486270871,-4.58998612795659));
#5748=CARTESIAN_POINT('Ctrl Pts',(153.032595502067,-82.8959393875358,-4.6147693588012));
#5749=CARTESIAN_POINT('Ctrl Pts',(152.912877849573,-82.6354668190187,-4.63924840930862));
#5750=CARTESIAN_POINT('Ctrl Pts',(152.784215019826,-82.381223653882,-4.66314202434831));
#5751=CARTESIAN_POINT('Ctrl Pts',(152.644478149769,-82.1365580743443,-4.68613554383111));
#5752=CARTESIAN_POINT('Ctrl Pts',(152.491805765186,-81.9050631210099,-4.70789129602854));
#5753=CARTESIAN_POINT('Ctrl Pts',(152.32480304671,-81.6904716431753,-4.72805847007792));
#5754=CARTESIAN_POINT('Ctrl Pts',(152.142738706749,-81.496548259756,-4.74628326942748));
#5755=CARTESIAN_POINT('Ctrl Pts',(151.945753173513,-81.3269840145175,-4.76221881207244));
#5756=CARTESIAN_POINT('Ctrl Pts',(151.73503774652,-81.1852865638793,-4.77553545063708));
#5757=CARTESIAN_POINT('Ctrl Pts',(151.513089268866,-81.0746808859682,-4.78593010367639));
#5758=CARTESIAN_POINT('Ctrl Pts',(151.283451888568,-80.9979410468745,-4.79314206617901));
#5759=CARTESIAN_POINT('Ctrl Pts',(151.050334425392,-80.957206877582,-4.79697023815568));
#5760=CARTESIAN_POINT('Ctrl Pts',(150.818267733903,-80.9538026493807,-4.79729016541156));
#5761=CARTESIAN_POINT('Ctrl Pts',(150.591750643253,-80.9880619081095,-4.7940705015155));
#5762=CARTESIAN_POINT('Ctrl Pts',(150.37488844225,-81.0591334764209,-4.78739123958691));
#5763=CARTESIAN_POINT('Ctrl Pts',(150.171063509683,-81.1648334457657,-4.77745762199734));
#5764=CARTESIAN_POINT('Ctrl Pts',(149.982519177598,-81.3013819004262,-4.76462488288253));
#5765=CARTESIAN_POINT('Ctrl Pts',(149.810330521152,-81.4636463610485,-4.74937536947025));
#5766=CARTESIAN_POINT('Ctrl Pts',(149.654603670653,-81.6456820405094,-4.73226776916883));
#5767=CARTESIAN_POINT('Ctrl Pts',(149.514605138171,-81.8411840117932,-4.71389461511041));
#5768=CARTESIAN_POINT('Ctrl Pts',(149.38892057895,-82.0439703535801,-4.69483688042812));
#5769=CARTESIAN_POINT('Ctrl Pts',(149.275599841539,-82.2484646388972,-4.6756186342717));
#5770=CARTESIAN_POINT('Ctrl Pts',(149.172310445333,-82.4501492982153,-4.65666443502482));
#5771=CARTESIAN_POINT('Ctrl Pts',(149.076481351659,-82.6461023113065,-4.63824889233697));
#5772=CARTESIAN_POINT('Ctrl Pts',(148.985469863053,-82.8352749465873,-4.6204705653522));
#5773=CARTESIAN_POINT('Ctrl Pts',(148.896791694539,-83.0179781691632,-4.60330022976268));
#5774=CARTESIAN_POINT('Ctrl Pts',(148.808343809386,-83.195504207774,-4.58661644271256));
#5775=CARTESIAN_POINT('Ctrl Pts',(148.718622512999,-83.3697002542616,-4.57024560625773));
#5776=CARTESIAN_POINT('Ctrl Pts',(148.62696092094,-83.542550176703,-4.55400127770622));
#5777=CARTESIAN_POINT('Ctrl Pts',(148.533717453372,-83.7157818549649,-4.53772107197938));
#5778=CARTESIAN_POINT('Ctrl Pts',(148.440589666437,-83.8903890045565,-4.52131160030971));
#5779=CARTESIAN_POINT('Ctrl Pts',(148.350259352081,-84.0666262277632,-4.50474893533226));
#5780=CARTESIAN_POINT('Ctrl Pts',(148.265770987744,-84.2441881101729,-4.48806177970414));
#5781=CARTESIAN_POINT('Ctrl Pts',(148.190011384155,-84.4223285397334,-4.47132025257348));
#5782=CARTESIAN_POINT('Ctrl Pts',(148.125115080881,-84.600004571702,-4.45462236924058));
#5783=CARTESIAN_POINT('Ctrl Pts',(148.071976061009,-84.776010643836,-4.43808142769764));
#5784=CARTESIAN_POINT('Ctrl Pts',(148.029529736146,-84.949114763629,-4.42181320983663));
#5785=CARTESIAN_POINT('Ctrl Pts',(147.994861755224,-85.1182022607532,-4.40592247168388));
#5786=CARTESIAN_POINT('Ctrl Pts',(147.964132739754,-85.282428631057,-4.39048857921604));
#5787=CARTESIAN_POINT('Ctrl Pts',(147.933287234069,-85.4413716214179,-4.37555121551976));
#5788=CARTESIAN_POINT('Ctrl Pts',(147.898839220994,-85.595179632402,-4.36109643400184));
#5789=CARTESIAN_POINT('Ctrl Pts',(147.858652156697,-85.7447311125884,-4.34704167860942));
#5790=CARTESIAN_POINT('Ctrl Pts',(147.812643632916,-85.8917624314032,-4.33322376642033));
#5791=CARTESIAN_POINT('Ctrl Pts',(147.762129557754,-86.0385293562906,-4.3194307018086));
#5792=CARTESIAN_POINT('Ctrl Pts',(147.709248576004,-86.1874951034443,-4.30543099324347));
#5793=CARTESIAN_POINT('Ctrl Pts',(147.656357035902,-86.3410087944226,-4.29100387173723));
#5794=CARTESIAN_POINT('Ctrl Pts',(147.605434038395,-86.5009869374335,-4.27596922503665));
#5795=CARTESIAN_POINT('Ctrl Pts',(147.557488956906,-86.668596349811,-4.26021739637207));
#5796=CARTESIAN_POINT('Ctrl Pts',(147.512778966706,-86.8441512323095,-4.24371885735136));
#5797=CARTESIAN_POINT('Ctrl Pts',(147.471015721309,-87.0270133810556,-4.22653358597888));
#5798=CARTESIAN_POINT('Ctrl Pts',(147.431579348612,-87.2154801961094,-4.20882159154147));
#5799=CARTESIAN_POINT('Ctrl Pts',(147.393722029839,-87.4067029210119,-4.19085059840501));
#5800=CARTESIAN_POINT('Ctrl Pts',(147.35679348328,-87.596532100942,-4.17301056976113));
#5801=CARTESIAN_POINT('Ctrl Pts',(147.320404851419,-87.7795740629271,-4.15580839965193));
#5802=CARTESIAN_POINT('Ctrl Pts',(147.284240744619,-87.9504844965595,-4.1397463430563));
#5803=CARTESIAN_POINT('Ctrl Pts',(147.247919737061,-88.1050755160006,-4.12521797488903));
#5804=CARTESIAN_POINT('Ctrl Pts',(147.210823738432,-88.2415711618167,-4.11239019871667));
#5805=CARTESIAN_POINT('Ctrl Pts',(147.171969122734,-88.3616241370835,-4.1011076945288));
#5806=CARTESIAN_POINT('Ctrl Pts',(147.129786415866,-88.4718873331335,-4.09074522772247));
#5807=CARTESIAN_POINT('Ctrl Pts',(147.082402234311,-88.5825156024195,-4.08034845155975));
#5808=CARTESIAN_POINT('Ctrl Pts',(147.028122483816,-88.7044677952951,-4.06888746007843));
#5809=CARTESIAN_POINT('Ctrl Pts',(146.965807167686,-88.8474039649314,-4.0554544074703));
#5810=CARTESIAN_POINT('Ctrl Pts',(146.895391335058,-89.0168545567953,-4.03952954589903));
#5811=CARTESIAN_POINT('Ctrl Pts',(146.817908551724,-89.2137685310584,-4.021023692676));
#5812=CARTESIAN_POINT('Ctrl Pts',(146.735149040968,-89.4357917425463,-4.00015808890523));
#5813=CARTESIAN_POINT('Ctrl Pts',(146.649423172722,-89.6780473382733,-3.97739105820689));
#5814=CARTESIAN_POINT('Ctrl Pts',(146.563281515757,-89.9341212490802,-3.9533253908241));
#5815=CARTESIAN_POINT('Ctrl Pts',(146.479253784711,-90.1969588837822,-3.92862407286286));
#5816=CARTESIAN_POINT('Ctrl Pts',(146.399579007005,-90.4598021304,-3.90392222749726));
#5817=CARTESIAN_POINT('Ctrl Pts',(146.325941004013,-90.7171040464567,-3.8797411529424));
#5818=CARTESIAN_POINT('Ctrl Pts',(146.259197353255,-90.9654668050017,-3.8564001748686));
#5819=CARTESIAN_POINT('Ctrl Pts',(146.199507643846,-91.203296269292,-3.83404910925866));
#5820=CARTESIAN_POINT('Ctrl Pts',(146.146466440864,-91.4304422940933,-3.81270206666863));
#5821=CARTESIAN_POINT('Ctrl Pts',(146.099234903179,-91.6478421646332,-3.79227096161387));
#5822=CARTESIAN_POINT('Ctrl Pts',(146.056672119335,-91.857167354607,-3.77259871003278));
#5823=CARTESIAN_POINT('Ctrl Pts',(146.017468530729,-92.0604581159863,-3.7534935703099));
#5824=CARTESIAN_POINT('Ctrl Pts',(145.980273856479,-92.2597884263866,-3.73476063131473));
#5825=CARTESIAN_POINT('Ctrl Pts',(145.943838793788,-92.4568555414169,-3.71624038601734));
#5826=CARTESIAN_POINT('Ctrl Pts',(145.907104183752,-92.6528570426144,-3.69782028644731));
#5827=CARTESIAN_POINT('Ctrl Pts',(145.869243295155,-92.8486266401025,-3.67942198104413));
#5828=CARTESIAN_POINT('Ctrl Pts',(145.829716640286,-93.0446974394116,-3.66099536888055));
#5829=CARTESIAN_POINT('Ctrl Pts',(145.788322818463,-93.241395854426,-3.64250977378208));
#5830=CARTESIAN_POINT('Ctrl Pts',(145.745248382111,-93.4389202682756,-3.62394655182515));
#5831=CARTESIAN_POINT('Ctrl Pts',(145.701124493901,-93.6374312984339,-3.6052906082792));
#5832=CARTESIAN_POINT('Ctrl Pts',(145.657062381461,-93.8371226563899,-3.58652373825857));
#5833=CARTESIAN_POINT('Ctrl Pts',(145.614463489284,-94.0381193975428,-3.56763418913439));
#5834=CARTESIAN_POINT('Ctrl Pts',(145.57484489486,-94.2403858244385,-3.54862531573123));
#5835=CARTESIAN_POINT('Ctrl Pts',(145.539662373672,-94.4436356630725,-3.52952402190258));
#5836=CARTESIAN_POINT('Ctrl Pts',(145.510126602756,-94.6472278142368,-3.51039055775456));
#5837=CARTESIAN_POINT('Ctrl Pts',(145.487040646913,-94.8500996954654,-3.49132478412857));
#5838=CARTESIAN_POINT('Ctrl Pts',(145.470582796065,-95.0506064404423,-3.47248128454122));
#5839=CARTESIAN_POINT('Ctrl Pts',(145.460299222968,-95.2467219888929,-3.45405046688106));
#5840=CARTESIAN_POINT('Ctrl Pts',(145.455285843689,-95.4365769305338,-3.43620801716757));
#5841=CARTESIAN_POINT('Ctrl Pts',(145.454316485685,-95.6188850637449,-3.41907481183161));
#5842=CARTESIAN_POINT('Ctrl Pts',(145.455995088687,-95.7934534050682,-3.40266898733893));
#5843=CARTESIAN_POINT('Ctrl Pts',(145.45889291507,-95.9615688676637,-3.38686960038858));
#5844=CARTESIAN_POINT('Ctrl Pts',(145.461703768907,-96.1266540797389,-3.3713549945035));
#5845=CARTESIAN_POINT('Ctrl Pts',(145.463346895378,-96.2939639125627,-3.35563132013964));
#5846=CARTESIAN_POINT('Ctrl Pts',(145.463019185554,-96.469247460132,-3.33915828100736));
#5847=CARTESIAN_POINT('Ctrl Pts',(145.4602576216,-96.6577162474603,-3.3214461012168));
#5848=CARTESIAN_POINT('Ctrl Pts',(145.455004377997,-96.862821156354,-3.30217046903522));
#5849=CARTESIAN_POINT('Ctrl Pts',(145.447654965711,-97.0852650708863,-3.28126532785316));
#5850=CARTESIAN_POINT('Ctrl Pts',(145.439153537538,-97.3215264807906,-3.25906162702229));
#5851=CARTESIAN_POINT('Ctrl Pts',(145.430874514096,-97.5644747298144,-3.23622950119653));
#5852=CARTESIAN_POINT('Ctrl Pts',(145.424383817341,-97.8051534365549,-3.21361066554753));
#5853=CARTESIAN_POINT('Ctrl Pts',(145.421234504652,-98.0342264577862,-3.19208252502766));
#5854=CARTESIAN_POINT('Ctrl Pts',(145.422753842388,-98.2435179941137,-3.17241343619538));
#5855=CARTESIAN_POINT('Ctrl Pts',(145.429820930732,-98.4276174786508,-3.15511188077236));
#5856=CARTESIAN_POINT('Ctrl Pts',(145.442679095278,-98.5852104993,-3.14030138639266));
#5857=CARTESIAN_POINT('Ctrl Pts',(145.460656058633,-98.7211472997544,-3.12752613016094));
#5858=CARTESIAN_POINT('Ctrl Pts',(145.482286925401,-98.8452696499049,-3.11586118864433));
#5859=CARTESIAN_POINT('Ctrl Pts',(145.505693456723,-98.9691331887476,-3.10422057005397));
#5860=CARTESIAN_POINT('Ctrl Pts',(145.528877955946,-99.1034954443794,-3.09159328856853));
#5861=CARTESIAN_POINT('Ctrl Pts',(145.550070469949,-99.2551930270085,-3.07733684379904));
#5862=CARTESIAN_POINT('Ctrl Pts',(145.567998480952,-99.4251802996962,-3.06136154529667));
#5863=CARTESIAN_POINT('Ctrl Pts',(145.581925710515,-99.6105733916038,-3.04393841745496));
#5864=CARTESIAN_POINT('Ctrl Pts',(145.591718581574,-99.806062257243,-3.02556649505689));
#5865=CARTESIAN_POINT('Ctrl Pts',(145.597914677608,-100.005632492446,-3.00681100807754));
#5866=CARTESIAN_POINT('Ctrl Pts',(145.601761177263,-100.204010151548,-2.98816759866076));
#5867=CARTESIAN_POINT('Ctrl Pts',(145.605337520981,-100.398580102312,-2.96988203531298));
#5868=CARTESIAN_POINT('Ctrl Pts',(145.611382412268,-100.589813347888,-2.95191005345013));
#5869=CARTESIAN_POINT('Ctrl Pts',(145.622703967955,-100.779651168082,-2.93406921279956));
#5870=CARTESIAN_POINT('Ctrl Pts',(145.641701303565,-100.970413992136,-2.91614144085974));
#5871=CARTESIAN_POINT('Ctrl Pts',(145.669821680982,-101.163445257931,-2.89800048217142));
#5872=CARTESIAN_POINT('Ctrl Pts',(145.707089708694,-101.357989958711,-2.87971729180153));
#5873=CARTESIAN_POINT('Ctrl Pts',(145.751498912666,-101.549681570821,-2.86170223293598));
#5874=CARTESIAN_POINT('Ctrl Pts',(145.798790687544,-101.730089288013,-2.84474762751933));
#5875=CARTESIAN_POINT('Ctrl Pts',(145.843632045505,-101.890004062932,-2.82971893611277));
#5876=CARTESIAN_POINT('Ctrl Pts',(145.880591291872,-102.02223726402,-2.81729174185346));
#5877=CARTESIAN_POINT('Ctrl Pts',(145.905159312097,-102.124413023751,-2.80768932729847));
#5878=CARTESIAN_POINT('Ctrl Pts',(145.914829173775,-102.202219850023,-2.80037709000236));
#5879=CARTESIAN_POINT('Ctrl Pts',(145.909940978213,-102.271247251831,-2.79388993757449));
#5880=CARTESIAN_POINT('Ctrl Pts',(145.892469539371,-102.347961487262,-2.78668038128823));
#5881=CARTESIAN_POINT('Ctrl Pts',(145.86458085278,-102.438826214493,-2.77814097055525));
#5882=CARTESIAN_POINT('Ctrl Pts',(145.828518764141,-102.539019488571,-2.76872486877297));
#5883=CARTESIAN_POINT('Ctrl Pts',(145.787559935715,-102.640062938754,-2.75922886796735));
#5884=CARTESIAN_POINT('Ctrl Pts',(145.747075891714,-102.735855103161,-2.75022637974337));
#5885=CARTESIAN_POINT('Ctrl Pts',(145.714330624916,-102.826690485578,-2.74168972681793));
#5886=CARTESIAN_POINT('Ctrl Pts',(145.6951001569,-102.915660277151,-2.73332840096328));
#5887=CARTESIAN_POINT('Ctrl Pts',(145.690711892059,-103.006567960263,-2.72478495326331));
#5888=CARTESIAN_POINT('Ctrl Pts',(145.695500782808,-103.101489497959,-2.71586428599793));
#5889=CARTESIAN_POINT('Ctrl Pts',(145.701317409996,-103.201589237001,-2.7064569745803));
#5890=CARTESIAN_POINT('Ctrl Pts',(145.701378679371,-103.307568414216,-2.69649711720821));
#5891=CARTESIAN_POINT('Ctrl Pts',(145.694515198394,-103.420288855146,-2.68590372005144));
#5892=CARTESIAN_POINT('Ctrl Pts',(145.683109716559,-103.540284011274,-2.67462664967035));
#5893=CARTESIAN_POINT('Ctrl Pts',(145.671007658206,-103.667318156568,-2.66268805945135));
#5894=CARTESIAN_POINT('Ctrl Pts',(145.661249550709,-103.799826769899,-2.65023498212016));
#5895=CARTESIAN_POINT('Ctrl Pts',(145.654430248631,-103.934702027672,-2.63755948901151));
#5896=CARTESIAN_POINT('Ctrl Pts',(145.649678185659,-104.068461121723,-2.62498889227747));
#5897=CARTESIAN_POINT('Ctrl Pts',(145.645250661547,-104.198224347402,-2.61279382477584));
#5898=CARTESIAN_POINT('Ctrl Pts',(145.639268314628,-104.322738148797,-2.60109209491399));
#5899=CARTESIAN_POINT('Ctrl Pts',(145.630419260883,-104.443457361015,-2.58974697819041));
#5900=CARTESIAN_POINT('Ctrl Pts',(145.61801375797,-104.563767393056,-2.57844031596627));
#5901=CARTESIAN_POINT('Ctrl Pts',(145.601991170467,-104.688086845,-2.56675685094527));
#5902=CARTESIAN_POINT('Ctrl Pts',(145.582938006208,-104.821022578425,-2.55426363313249));
#5903=CARTESIAN_POINT('Ctrl Pts',(145.562119526206,-104.966479546876,-2.54059367741452));
#5904=CARTESIAN_POINT('Ctrl Pts',(145.541170675662,-105.127298782387,-2.52547998536224));
#5905=CARTESIAN_POINT('Ctrl Pts',(145.521772177771,-105.304948523772,-2.5087845728021));
#5906=CARTESIAN_POINT('Ctrl Pts',(145.505311795555,-105.499157835981,-2.4905329020421));
#5907=CARTESIAN_POINT('Ctrl Pts',(145.492597883113,-105.70766179529,-2.47093782920978));
#5908=CARTESIAN_POINT('Ctrl Pts',(145.483436333929,-105.925682283578,-2.45044839888379));
#5909=CARTESIAN_POINT('Ctrl Pts',(145.476747067985,-106.146434330969,-2.42970225832678));
#5910=CARTESIAN_POINT('Ctrl Pts',(145.471128527604,-106.36248141896,-2.40939828693733));
#5911=CARTESIAN_POINT('Ctrl Pts',(145.465291685833,-106.566843225029,-2.39019249109858));
#5912=CARTESIAN_POINT('Ctrl Pts',(145.458554111767,-106.754218228335,-2.37258310445229));
#5913=CARTESIAN_POINT('Ctrl Pts',(145.451293408033,-106.922126699849,-2.35680317039551));
#5914=CARTESIAN_POINT('Ctrl Pts',(145.445453359363,-107.072159864992,-2.34270314654947));
#5915=CARTESIAN_POINT('Ctrl Pts',(145.444930227174,-107.210984907267,-2.32965645514202));
#5916=CARTESIAN_POINT('Ctrl Pts',(145.454056741351,-107.347449779296,-2.31683157107113));
#5917=CARTESIAN_POINT('Ctrl Pts',(145.476095768529,-107.489712228194,-2.30346183432025));
#5918=CARTESIAN_POINT('Ctrl Pts',(145.511883310575,-107.642664807973,-2.28908744569671));
#5919=CARTESIAN_POINT('Ctrl Pts',(145.558044975714,-107.804510530481,-2.27387728503283));
#5920=CARTESIAN_POINT('Ctrl Pts',(145.606646007637,-107.966182365614,-2.25868346619662));
#5921=CARTESIAN_POINT('Ctrl Pts',(145.647294473715,-108.115499206172,-2.24465076209102));
#5922=CARTESIAN_POINT('Ctrl Pts',(145.66870847101,-108.240445990145,-2.23290834079487));
#5923=CARTESIAN_POINT('Ctrl Pts',(145.660453984096,-108.332377928664,-2.22426863420672));
#5924=CARTESIAN_POINT('Ctrl Pts',(145.614720400665,-108.390320535412,-2.21882322394647));
#5925=CARTESIAN_POINT('Ctrl Pts',(145.52758065572,-108.419785948094,-2.2160540827299));
#5926=CARTESIAN_POINT('Ctrl Pts',(145.3999586328,-108.428009218632,-2.21528126486281));
#5927=CARTESIAN_POINT('Ctrl Pts',(145.238550748543,-108.420468116955,-2.21598997292322));
#5928=CARTESIAN_POINT('Ctrl Pts',(145.053507683658,-108.401305050855,-2.21779090599504));
#5929=CARTESIAN_POINT('Ctrl Pts',(144.856330304214,-108.373731658822,-2.22038223628402));
#5930=CARTESIAN_POINT('Ctrl Pts',(144.6575826144,-108.340449822729,-2.22351004260667));
#5931=CARTESIAN_POINT('Ctrl Pts',(144.464913339629,-108.304020499907,-2.22693364778087));
#5932=CARTESIAN_POINT('Ctrl Pts',(144.280376113413,-108.267367540583,-2.23037827017493));
#5933=CARTESIAN_POINT('Ctrl Pts',(144.100278024122,-108.233782480249,-2.23353457332383));
#5934=CARTESIAN_POINT('Ctrl Pts',(143.917650503665,-108.206408174896,-2.23610719356998));
#5935=CARTESIAN_POINT('Ctrl Pts',(143.724004981744,-108.187866312209,-2.23784974633011));
#5936=CARTESIAN_POINT('Ctrl Pts',(143.511406553746,-108.179817500485,-2.238606168666));
#5937=CARTESIAN_POINT('Ctrl Pts',(143.274351420981,-108.182570234643,-2.23834746841645));
#5938=CARTESIAN_POINT('Ctrl Pts',(143.011871826396,-108.194621161399,-2.23721492979101));
#5939=CARTESIAN_POINT('Ctrl Pts',(142.729124044104,-108.212364521822,-2.23554741977856));
#5940=CARTESIAN_POINT('Ctrl Pts',(142.435380226279,-108.231000578887,-2.23379601468916));
#5941=CARTESIAN_POINT('Ctrl Pts',(142.142375251314,-108.245325511933,-2.23244976636228));
#5942=CARTESIAN_POINT('Ctrl Pts',(141.86251973965,-108.250565493327,-2.23195731615944));
#5943=CARTESIAN_POINT('Ctrl Pts',(141.607164856322,-108.243194897268,-2.2326500002076));
#5944=CARTESIAN_POINT('Ctrl Pts',(141.38485673483,-108.221754565134,-2.2346649493295));
#5945=CARTESIAN_POINT('Ctrl Pts',(141.199567681739,-108.187685811055,-2.23786670971672));
#5946=CARTESIAN_POINT('Ctrl Pts',(141.049003113548,-108.146120230545,-2.24177301720413));
#5947=CARTESIAN_POINT('Ctrl Pts',(140.922689088442,-108.106794832996,-2.24546879368573));
#5948=CARTESIAN_POINT('Ctrl Pts',(140.80655042777,-108.081280086244,-2.24786665376744));
#5949=CARTESIAN_POINT('Ctrl Pts',(140.68808382833,-108.079871466645,-2.24799903496409));
#5950=CARTESIAN_POINT('Ctrl Pts',(140.560748652546,-108.10892211475,-2.24526887306533));
#5951=CARTESIAN_POINT('Ctrl Pts',(140.430102724678,-108.167193065366,-2.23979260525192));
#5952=CARTESIAN_POINT('Ctrl Pts',(140.310553740639,-108.247465297681,-2.2322486706243));
#5953=CARTESIAN_POINT('Ctrl Pts',(140.218136196586,-108.340339395662,-2.22352042047404));
#5954=CARTESIAN_POINT('Ctrl Pts',(140.165427369309,-108.436919770467,-2.21444385672554));
#5955=CARTESIAN_POINT('Ctrl Pts',(140.153574146278,-108.532916347517,-2.20542215792815));
#5956=CARTESIAN_POINT('Ctrl Pts',(140.173890899635,-108.628167519224,-2.19647051186278));
#5957=CARTESIAN_POINT('Ctrl Pts',(140.2157713316,-108.723171202078,-2.18754212464637));
#5958=CARTESIAN_POINT('Ctrl Pts',(140.27421375658,-108.815777783154,-2.17883901556889));
#5959=CARTESIAN_POINT('Ctrl Pts',(140.352590383295,-108.900220565517,-2.1709031352333));
#5960=CARTESIAN_POINT('Ctrl Pts',(140.457473107619,-108.970065376245,-2.16433916322188));
#5961=CARTESIAN_POINT('Ctrl Pts',(140.595751632721,-109.019978268951,-2.15964838050927));
#5962=CARTESIAN_POINT('Ctrl Pts',(140.770219132126,-109.048393718585,-2.15697791416903));
#5963=CARTESIAN_POINT('Ctrl Pts',(140.979452744804,-109.057251651232,-2.15614545115038));
#5964=CARTESIAN_POINT('Ctrl Pts',(141.218938242288,-109.050834755,-2.15674850708009));
#5965=CARTESIAN_POINT('Ctrl Pts',(141.481803116655,-109.034888459355,-2.15824713005874));
#5966=CARTESIAN_POINT('Ctrl Pts',(141.759707871844,-109.015635593837,-2.16005650242415));
#5967=CARTESIAN_POINT('Ctrl Pts',(142.043679628282,-108.998807919779,-2.16163795679971));
#5968=CARTESIAN_POINT('Ctrl Pts',(142.3249468214,-108.988736366253,-2.16258447515615));
#5969=CARTESIAN_POINT('Ctrl Pts',(142.59583060068,-108.987257158835,-2.16272349015226));
#5970=CARTESIAN_POINT('Ctrl Pts',(142.850430395971,-108.993199107431,-2.16216506950698));
#5971=CARTESIAN_POINT('Ctrl Pts',(143.08467036568,-109.003597483987,-2.16118783652482));
#5972=CARTESIAN_POINT('Ctrl Pts',(143.296467882554,-109.014614354044,-2.16015247790682));
#5973=CARTESIAN_POINT('Ctrl Pts',(143.485835739296,-109.022550773796,-2.15940661809874));
#5974=CARTESIAN_POINT('Ctrl Pts',(143.655053971741,-109.024874640897,-2.15918822250933));
#5975=CARTESIAN_POINT('Ctrl Pts',(143.808715523169,-109.021114114072,-2.15954163448895));
#5976=CARTESIAN_POINT('Ctrl Pts',(143.954059200587,-109.01411818472,-2.16019910759231));
#5977=CARTESIAN_POINT('Ctrl Pts',(144.100407773274,-109.010133651989,-2.16057357150807));
#5978=CARTESIAN_POINT('Ctrl Pts',(144.256758075338,-109.016399908613,-2.15998467259536));
#5979=CARTESIAN_POINT('Ctrl Pts',(144.429707095296,-109.039221306633,-2.15783993175777));
#5980=CARTESIAN_POINT('Ctrl Pts',(144.621344950509,-109.081930088732,-2.15382618689367));
#5981=CARTESIAN_POINT('Ctrl Pts',(144.826924249799,-109.142704962742,-2.14811460191207));
#5982=CARTESIAN_POINT('Ctrl Pts',(145.033329555657,-109.213015080428,-2.14150690064119));
#5983=CARTESIAN_POINT('Ctrl Pts',(145.224230623723,-109.281308284961,-2.135088747618));
#5984=CARTESIAN_POINT('Ctrl Pts',(145.384344554846,-109.336054400177,-2.12994374165024));
#5985=CARTESIAN_POINT('Ctrl Pts',(145.504512442637,-109.369292531008,-2.126820042721));
#5986=CARTESIAN_POINT('Ctrl Pts',(145.585348114653,-109.379377490246,-2.12587226450408));
#5987=CARTESIAN_POINT('Ctrl Pts',(145.644191113813,-109.375526005292,-2.12623422467226));
#5988=CARTESIAN_POINT('Ctrl Pts',(145.709350235486,-109.375572075792,-2.12622989499523));
#5989=CARTESIAN_POINT('Ctrl Pts',(145.799881901827,-109.396488195522,-2.1242642110301));
#5990=CARTESIAN_POINT('Ctrl Pts',(145.914148809878,-109.448524947472,-2.1193738293424));
#5991=CARTESIAN_POINT('Ctrl Pts',(146.039277747123,-109.536031839054,-2.11114998592201));
#5992=CARTESIAN_POINT('Ctrl Pts',(146.157779282202,-109.657564543119,-2.09972841773905));
#5993=CARTESIAN_POINT('Ctrl Pts',(146.255673212249,-109.806156209963,-2.08576386500956));
#5994=CARTESIAN_POINT('Ctrl Pts',(146.328756822065,-109.969811666488,-2.07038362666473));
#5995=CARTESIAN_POINT('Ctrl Pts',(146.37884267274,-110.134495602048,-2.05490673249777));
#5996=CARTESIAN_POINT('Ctrl Pts',(146.410950115149,-110.286857647655,-2.04058784190952));
#5997=CARTESIAN_POINT('Ctrl Pts',(146.430144339438,-110.417044632181,-2.02835294981415));
#5998=CARTESIAN_POINT('Ctrl Pts',(146.43850150645,-110.521510147148,-2.01853534548164));
#5999=CARTESIAN_POINT('Ctrl Pts',(146.432082857507,-110.605734546546,-2.0106199886417));
#6000=CARTESIAN_POINT('Ctrl Pts',(146.404292571756,-110.678612655182,-2.00377094917345));
#6001=CARTESIAN_POINT('Ctrl Pts',(146.349251271543,-110.746755408209,-1.99736693548952));
#6002=CARTESIAN_POINT('Ctrl Pts',(146.264958833107,-110.809230139383,-1.99149559898541));
#6003=CARTESIAN_POINT('Ctrl Pts',(146.152450419919,-110.861346090195,-1.98659777423776));
#6004=CARTESIAN_POINT('Ctrl Pts',(146.015151156066,-110.897674881859,-1.98318361691948));
#6005=CARTESIAN_POINT('Ctrl Pts',(145.85817601565,-110.916008917714,-1.98146059559615));
#6006=CARTESIAN_POINT('Ctrl Pts',(145.687559689826,-110.91778466777,-1.98129371170679));
#6007=CARTESIAN_POINT('Ctrl Pts',(145.509432777521,-110.906664891044,-1.98233874142973));
#6008=CARTESIAN_POINT('Ctrl Pts',(145.329188419221,-110.887666100536,-1.98412423598318));
#6009=CARTESIAN_POINT('Ctrl Pts',(145.150714453412,-110.866105340387,-1.98615050285526));
#6010=CARTESIAN_POINT('Ctrl Pts',(144.975449880235,-110.846516535399,-1.98799144660387));
#6011=CARTESIAN_POINT('Ctrl Pts',(144.801988729399,-110.831924348509,-1.9893628112812));
#6012=CARTESIAN_POINT('Ctrl Pts',(144.627229715296,-110.8242554801,-1.99008352677994));
#6013=CARTESIAN_POINT('Ctrl Pts',(144.44722501168,-110.824533360791,-1.99005741172487));
#6014=CARTESIAN_POINT('Ctrl Pts',(144.258186848566,-110.833167899409,-1.98924594313858));
#6015=CARTESIAN_POINT('Ctrl Pts',(144.057337520972,-110.850183719964,-1.9876468068719));
#6016=CARTESIAN_POINT('Ctrl Pts',(143.84404672146,-110.875526445213,-1.98526511326442));
#6017=CARTESIAN_POINT('Ctrl Pts',(143.619984993001,-110.909133731729,-1.98210672131274));
#6018=CARTESIAN_POINT('Ctrl Pts',(143.388271155927,-110.95077298102,-1.9781934904789));
#6019=CARTESIAN_POINT('Ctrl Pts',(143.152886361427,-110.999939779188,-1.97357282526837));
#6020=CARTESIAN_POINT('Ctrl Pts',(142.917984977598,-111.055734578325,-1.96832926463584));
#6021=CARTESIAN_POINT('Ctrl Pts',(142.687236696831,-111.116741782091,-1.9625958454478));
#6022=CARTESIAN_POINT('Ctrl Pts',(142.463185350262,-111.180923872098,-1.95656405241911));
#6023=CARTESIAN_POINT('Ctrl Pts',(142.246528515241,-111.245470657688,-1.95049798552552));
#6024=CARTESIAN_POINT('Ctrl Pts',(142.035645246065,-111.306781788833,-1.94473600343083));
#6025=CARTESIAN_POINT('Ctrl Pts',(141.827555961355,-111.361205002167,-1.93962134358174));
#6026=CARTESIAN_POINT('Ctrl Pts',(141.618715213847,-111.405690447043,-1.93544062905141));
#6027=CARTESIAN_POINT('Ctrl Pts',(141.405861509214,-111.438465065048,-1.93236049077011));
#6028=CARTESIAN_POINT('Ctrl Pts',(141.186860088867,-111.459726649576,-1.93036234023744));
#6029=CARTESIAN_POINT('Ctrl Pts',(140.961508654586,-111.472263884066,-1.92918409871261));
#6030=CARTESIAN_POINT('Ctrl Pts',(140.732454916384,-111.482264990307,-1.92824420094831));
#6031=CARTESIAN_POINT('Ctrl Pts',(140.505778532532,-111.499576347008,-1.92661729037789));
#6032=CARTESIAN_POINT('Ctrl Pts',(140.289857585912,-111.535200008575,-1.92326940074896));
#6033=CARTESIAN_POINT('Ctrl Pts',(140.094454298978,-111.599118519997,-1.91726237867225));
#6034=CARTESIAN_POINT('Ctrl Pts',(139.929718552186,-111.698049083203,-1.90796494567488));
#6035=CARTESIAN_POINT('Ctrl Pts',(139.805219908601,-111.83309941161,-1.89527299953655));
#6036=CARTESIAN_POINT('Ctrl Pts',(139.728982606608,-111.997767365425,-1.87979760732416));
#6037=CARTESIAN_POINT('Ctrl Pts',(139.706479970794,-112.17499938342,-1.86314145214924));
#6038=CARTESIAN_POINT('Ctrl Pts',(139.739949706862,-112.341511325221,-1.84749276308904));
#6039=CARTESIAN_POINT('Ctrl Pts',(139.827740290012,-112.473716678323,-1.83506818596611));
#6040=CARTESIAN_POINT('Ctrl Pts',(139.963714134688,-112.55291456876,-1.82762521732214));
#6041=CARTESIAN_POINT('Ctrl Pts',(140.136471387715,-112.57121417358,-1.82590543180611));
#6042=CARTESIAN_POINT('Ctrl Pts',(140.32911173516,-112.535891576122,-1.82922502761675));
#6043=CARTESIAN_POINT('Ctrl Pts',(140.522909942973,-112.463570693915,-1.83602169929069));
#6044=CARTESIAN_POINT('Ctrl Pts',(140.700443115853,-112.375596031386,-1.84428950353472));
#6045=CARTESIAN_POINT('Ctrl Pts',(140.849203144716,-112.292679740464,-1.85208192515097));
#6046=CARTESIAN_POINT('Ctrl Pts',(140.964375149351,-112.230470854842,-1.85792827765487));
#6047=CARTESIAN_POINT('Ctrl Pts',(141.053523475721,-112.193212376005,-1.8614298063973));
#6048=CARTESIAN_POINT('Ctrl Pts',(141.13423910718,-112.174345588359,-1.86320289540373));
#6049=CARTESIAN_POINT('Ctrl Pts',(141.226147716028,-112.162869557123,-1.8642814057046));
#6050=CARTESIAN_POINT('Ctrl Pts',(141.343494977507,-112.148749117965,-1.86560843582266));
#6051=CARTESIAN_POINT('Ctrl Pts',(141.490566688611,-112.126701051002,-1.86768049948699));
#6052=CARTESIAN_POINT('Ctrl Pts',(141.665246638846,-112.094550214287,-1.87070201518924));
#6053=CARTESIAN_POINT('Ctrl Pts',(141.860849592343,-112.052757908886,-1.87462963014147));
#6054=CARTESIAN_POINT('Ctrl Pts',(142.068649529427,-112.003478045047,-1.87926092119366));
#6055=CARTESIAN_POINT('Ctrl Pts',(142.280102117251,-111.949817340071,-1.88430392097993));
#6056=CARTESIAN_POINT('Ctrl Pts',(142.489222489715,-111.895001921608,-1.88945544002389));
#6057=CARTESIAN_POINT('Ctrl Pts',(142.692264247963,-111.842158188859,-1.89442166126679));
#6058=CARTESIAN_POINT('Ctrl Pts',(142.887392633228,-111.794079731851,-1.89894004484978));
#6059=CARTESIAN_POINT('Ctrl Pts',(143.074358840512,-111.753008628151,-1.90279988171318));
#6060=CARTESIAN_POINT('Ctrl Pts',(143.254172964066,-111.720391968356,-1.90586517517978));
#6061=CARTESIAN_POINT('Ctrl Pts',(143.428779781049,-111.696692486765,-1.90809243776712));
#6062=CARTESIAN_POINT('Ctrl Pts',(143.600727716211,-111.681067308841,-1.90956088230144));
#6063=CARTESIAN_POINT('Ctrl Pts',(143.772864892015,-111.671580028607,-1.91045249101615));
#6064=CARTESIAN_POINT('Ctrl Pts',(143.948053599926,-111.665811964519,-1.91099457010314));
#6065=CARTESIAN_POINT('Ctrl Pts',(144.128881851788,-111.661349362782,-1.91141396264774));
#6066=CARTESIAN_POINT('Ctrl Pts',(144.317370767574,-111.656338383643,-1.91188489136063));
#6067=CARTESIAN_POINT('Ctrl Pts',(144.51469627624,-111.649972035146,-1.91248319684554));
#6068=CARTESIAN_POINT('Ctrl Pts',(144.720871425081,-111.643109893154,-1.91312809669575));
#6069=CARTESIAN_POINT('Ctrl Pts',(144.934805011267,-111.637717291909,-1.91363489001752));
#6070=CARTESIAN_POINT('Ctrl Pts',(145.154415450546,-111.636130369372,-1.91378402801374));
#6071=CARTESIAN_POINT('Ctrl Pts',(145.376726129572,-111.640385610228,-1.9133841231162));
#6072=CARTESIAN_POINT('Ctrl Pts',(145.597966430831,-111.651514848876,-1.91233820416766));
#6073=CARTESIAN_POINT('Ctrl Pts',(145.813675231045,-111.668872244085,-1.91070696692677));
#6074=CARTESIAN_POINT('Ctrl Pts',(146.018791620137,-111.689406679744,-1.90877715339402));
#6075=CARTESIAN_POINT('Ctrl Pts',(146.207785412444,-111.707076182834,-1.907116584448));
#6076=CARTESIAN_POINT('Ctrl Pts',(146.375732478699,-111.715415552949,-1.90633285561458));
#6077=CARTESIAN_POINT('Ctrl Pts',(146.519314066304,-111.709874210102,-1.90685362757999));
#6078=CARTESIAN_POINT('Ctrl Pts',(146.637912269925,-111.690419789321,-1.90868194198408));
#6079=CARTESIAN_POINT('Ctrl Pts',(146.73450968341,-111.663617462113,-1.91120080807878));
#6080=CARTESIAN_POINT('Ctrl Pts',(146.817079992066,-111.646013484422,-1.91285521898846));
#6081=CARTESIAN_POINT('Ctrl Pts',(146.896055381003,-111.657157945917,-1.91180786940629));
#6082=CARTESIAN_POINT('Ctrl Pts',(146.981100079459,-111.710844171795,-1.90676247118138));
#6083=CARTESIAN_POINT('Ctrl Pts',(147.07805486678,-111.806677779412,-1.89775608815024));
#6084=CARTESIAN_POINT('Ctrl Pts',(147.188897434132,-111.934271229659,-1.88576493479851));
#6085=CARTESIAN_POINT('Ctrl Pts',(147.311833443015,-112.077911377002,-1.87226572280198));
#6086=CARTESIAN_POINT('Ctrl Pts',(147.441339213711,-112.221054609449,-1.85881321055927));
#6087=CARTESIAN_POINT('Ctrl Pts',(147.56821958648,-112.350874909943,-1.84661277920185));
#6088=CARTESIAN_POINT('Ctrl Pts',(147.679666810295,-112.462847473948,-1.83608966705483));
#6089=CARTESIAN_POINT('Ctrl Pts',(147.76239694941,-112.558297181038,-1.82711936275721));
#6090=CARTESIAN_POINT('Ctrl Pts',(147.806081736765,-112.641777757194,-1.8192739099645));
#6091=CARTESIAN_POINT('Ctrl Pts',(147.806161506188,-112.718665975061,-1.81204800291674));
#6092=CARTESIAN_POINT('Ctrl Pts',(147.768186084772,-112.792286520137,-1.8051291897321));
#6093=CARTESIAN_POINT('Ctrl Pts',(147.704432238583,-112.863369991303,-1.79844880918063));
#6094=CARTESIAN_POINT('Ctrl Pts',(147.627320306583,-112.93052045886,-1.79213804986998));
#6095=CARTESIAN_POINT('Ctrl Pts',(147.543785750415,-112.990293731907,-1.78652059472588));
#6096=CARTESIAN_POINT('Ctrl Pts',(147.456138414635,-113.039332996712,-1.78191191502182));
#6097=CARTESIAN_POINT('Ctrl Pts',(147.363244150382,-113.076198039509,-1.77844736115442));
#6098=CARTESIAN_POINT('Ctrl Pts',(147.261487799273,-113.103904738485,-1.77584350276169));
#6099=CARTESIAN_POINT('Ctrl Pts',(147.146358502758,-113.128710376203,-1.77351228430737));
#6100=CARTESIAN_POINT('Ctrl Pts',(147.01426774442,-113.157457497723,-1.77081064764893));
#6101=CARTESIAN_POINT('Ctrl Pts',(146.864225640306,-113.195453710885,-1.76723978709198));
#6102=CARTESIAN_POINT('Ctrl Pts',(146.699750912096,-113.243958467482,-1.76268134013779));
#6103=CARTESIAN_POINT('Ctrl Pts',(146.527287915658,-113.301192679132,-1.75730250440972));
#6104=CARTESIAN_POINT('Ctrl Pts',(146.354437669082,-113.363526006703,-1.75144445692858));
#6105=CARTESIAN_POINT('Ctrl Pts',(146.188167209314,-113.426643138179,-1.74551274804243));
#6106=CARTESIAN_POINT('Ctrl Pts',(146.033228769054,-113.486626310143,-1.73987556672822));
#6107=CARTESIAN_POINT('Ctrl Pts',(145.889999974563,-113.541299298143,-1.73473743321083));
#6108=CARTESIAN_POINT('Ctrl Pts',(145.754329935766,-113.590645636351,-1.73009989493865));
#6109=CARTESIAN_POINT('Ctrl Pts',(145.620108283474,-113.635941801383,-1.72584298943071));
#6110=CARTESIAN_POINT('Ctrl Pts',(145.481280759884,-113.679184070961,-1.72177910774407));
#6111=CARTESIAN_POINT('Ctrl Pts',(145.333844135249,-113.722442148715,-1.71771374041493));
#6112=CARTESIAN_POINT('Ctrl Pts',(145.178459964005,-113.767130221191,-1.71351398306826));
#6113=CARTESIAN_POINT('Ctrl Pts',(145.019818410341,-113.813874889802,-1.70912094809196));
#6114=CARTESIAN_POINT('Ctrl Pts',(144.864230546651,-113.862735566652,-1.70452905197307));
#6115=CARTESIAN_POINT('Ctrl Pts',(144.71765947596,-113.913313908182,-1.69977573079251));
#6116=CARTESIAN_POINT('Ctrl Pts',(144.583815074426,-113.964911309885,-1.69492663896861));
#6117=CARTESIAN_POINT('Ctrl Pts',(144.461612154397,-114.016660680283,-1.69006326522105));
#6118=CARTESIAN_POINT('Ctrl Pts',(144.345565035197,-114.067694952432,-1.68526709596349));
#6119=CARTESIAN_POINT('Ctrl Pts',(144.228548651638,-114.117348849893,-1.68060065346339));
#6120=CARTESIAN_POINT('Ctrl Pts',(144.103731918924,-114.165327780861,-1.67609162327589));
#6121=CARTESIAN_POINT('Ctrl Pts',(143.967166854224,-114.211944153296,-1.67171064549462));
#6122=CARTESIAN_POINT('Ctrl Pts',(143.819075660989,-114.25815087119,-1.66736816679314));
#6123=CARTESIAN_POINT('Ctrl Pts',(143.662435671263,-114.305118237975,-1.66295420278045));
#6124=CARTESIAN_POINT('Ctrl Pts',(143.502079484229,-114.353886770973,-1.65837096628368));
#6125=CARTESIAN_POINT('Ctrl Pts',(143.343612093119,-114.405020947204,-1.65356540810249));
#6126=CARTESIAN_POINT('Ctrl Pts',(143.192355492591,-114.458188648634,-1.64856874048375));
#6127=CARTESIAN_POINT('Ctrl Pts',(143.052447127829,-114.512007844783,-1.64351084579534));
#6128=CARTESIAN_POINT('Ctrl Pts',(142.926553698323,-114.564644820959,-1.63856405540691));
#6129=CARTESIAN_POINT('Ctrl Pts',(142.815400731978,-114.614280837225,-1.63389929337042));
#6130=CARTESIAN_POINT('Ctrl Pts',(142.717517676019,-114.659616317183,-1.62963869307006));
#6131=CARTESIAN_POINT('Ctrl Pts',(142.62853365309,-114.700398049535,-1.62580605114657));
#6132=CARTESIAN_POINT('Ctrl Pts',(142.542775160637,-114.737615939102,-1.62230833695854));
#6133=CARTESIAN_POINT('Ctrl Pts',(142.455407273192,-114.773429644755,-1.61894258710425));
#6134=CARTESIAN_POINT('Ctrl Pts',(142.364837155735,-114.811458965691,-1.61536861509923));
#6135=CARTESIAN_POINT('Ctrl Pts',(142.273291221876,-114.855911972967,-1.61119094903436));
#6136=CARTESIAN_POINT('Ctrl Pts',(142.18543169975,-114.909890831937,-1.60611804933292));
#6137=CARTESIAN_POINT('Ctrl Pts',(142.107661202784,-114.973548903893,-1.60013550319578));
#6138=CARTESIAN_POINT('Ctrl Pts',(142.046753703052,-115.043410512458,-1.59356995253407));
#6139=CARTESIAN_POINT('Ctrl Pts',(142.007867986629,-115.114895021297,-1.58685188271074));
#6140=CARTESIAN_POINT('Ctrl Pts',(141.992117948723,-115.184518690535,-1.5803086934394));
#6141=CARTESIAN_POINT('Ctrl Pts',(141.995872620208,-115.251411287285,-1.57402216866734));
#6142=CARTESIAN_POINT('Ctrl Pts',(142.014733871925,-115.316433747146,-1.56791139820075));
#6143=CARTESIAN_POINT('Ctrl Pts',(142.046629520172,-115.381638850452,-1.56178346301646));
#6144=CARTESIAN_POINT('Ctrl Pts',(142.090383171392,-115.447602297611,-1.55558425914696));
#6145=CARTESIAN_POINT('Ctrl Pts',(142.143240472409,-115.509558505027,-1.54976165318419));
#6146=CARTESIAN_POINT('Ctrl Pts',(142.201756220071,-115.558675504661,-1.54514566800904));
#6147=CARTESIAN_POINT('Ctrl Pts',(142.264940928185,-115.586718860426,-1.54251017081994));
#6148=CARTESIAN_POINT('Ctrl Pts',(142.336367585061,-115.589602920208,-1.54223912866959));
#6149=CARTESIAN_POINT('Ctrl Pts',(142.420720993487,-115.567430595517,-1.54432286999814));
#6150=CARTESIAN_POINT('Ctrl Pts',(142.519713559585,-115.524917326312,-1.54831824068164));
#6151=CARTESIAN_POINT('Ctrl Pts',(142.63191531274,-115.469751580313,-1.55350268329018));
#6152=CARTESIAN_POINT('Ctrl Pts',(142.754265390889,-115.410053659719,-1.55911305685747));
#6153=CARTESIAN_POINT('Ctrl Pts',(142.883026254255,-115.352168829105,-1.56455303735248));
#6154=CARTESIAN_POINT('Ctrl Pts',(143.015005213143,-115.298207544179,-1.56962428545616));
#6155=CARTESIAN_POINT('Ctrl Pts',(143.147689631807,-115.247337363629,-1.57440503348692));
#6156=CARTESIAN_POINT('Ctrl Pts',(143.279399202459,-115.197275942602,-1.57910977479908));
#6157=CARTESIAN_POINT('Ctrl Pts',(143.409393302947,-115.145593586687,-1.58396685056711));
#6158=CARTESIAN_POINT('Ctrl Pts',(143.538082802361,-115.091377430733,-1.58906205129199));
#6159=CARTESIAN_POINT('Ctrl Pts',(143.66689224636,-115.035733244602,-1.59429145740754));
#6160=CARTESIAN_POINT('Ctrl Pts',(143.79763750849,-114.980667754303,-1.59946647804763));
#6161=CARTESIAN_POINT('Ctrl Pts',(143.932006269755,-114.928343205825,-1.60438390667462));
#6162=CARTESIAN_POINT('Ctrl Pts',(144.071029279164,-114.88022623592,-1.60890590967589));
#6163=CARTESIAN_POINT('Ctrl Pts',(144.2144706157,-114.836164363918,-1.61304681709015));
#6164=CARTESIAN_POINT('Ctrl Pts',(144.361185292084,-114.794784504419,-1.6169356706321));
#6165=CARTESIAN_POINT('Ctrl Pts',(144.509622387409,-114.75410027315,-1.62075914946429));
#6166=CARTESIAN_POINT('Ctrl Pts',(144.658276392304,-114.712044502651,-1.62471152470296));
#6167=CARTESIAN_POINT('Ctrl Pts',(144.806160807788,-114.667033758808,-1.62894160650463));
#6168=CARTESIAN_POINT('Ctrl Pts',(144.95327096662,-114.618517838418,-1.63350110262515));
#6169=CARTESIAN_POINT('Ctrl Pts',(145.100236058645,-114.566752692044,-1.63836595898916));
#6170=CARTESIAN_POINT('Ctrl Pts',(145.247971688024,-114.512572352394,-1.64345779371999));
#6171=CARTESIAN_POINT('Ctrl Pts',(145.397330979327,-114.457161375483,-1.64866528297767));
#6172=CARTESIAN_POINT('Ctrl Pts',(145.54875941188,-114.401827083585,-1.65386556542537));
#6173=CARTESIAN_POINT('Ctrl Pts',(145.70193970496,-114.347771669372,-1.65894565974104));
#6174=CARTESIAN_POINT('Ctrl Pts',(145.856108830534,-114.295961229505,-1.66381477275949));
#6175=CARTESIAN_POINT('Ctrl Pts',(146.010375706585,-114.247001634497,-1.66841596514554));
#6176=CARTESIAN_POINT('Ctrl Pts',(146.164054489456,-114.201001088617,-1.67273906792893));
#6177=CARTESIAN_POINT('Ctrl Pts',(146.316955024215,-114.157462978055,-1.6768307525678));
#6178=CARTESIAN_POINT('Ctrl Pts',(146.469785991883,-114.115101601177,-1.68081184850456));
#6179=CARTESIAN_POINT('Ctrl Pts',(146.623746285859,-114.072207795,-1.68484298181672));
#6180=CARTESIAN_POINT('Ctrl Pts',(146.779961385611,-114.027116696815,-1.68908061526967));
#6181=CARTESIAN_POINT('Ctrl Pts',(146.938935249587,-113.978670927094,-1.6936335186737));
#6182=CARTESIAN_POINT('Ctrl Pts',(147.10008085942,-113.926616876026,-1.69852552612181));
#6183=CARTESIAN_POINT('Ctrl Pts',(147.261003877708,-113.872201886254,-1.70363941312559));
#6184=CARTESIAN_POINT('Ctrl Pts',(147.417899482032,-113.817872501782,-1.70874525499642));
#6185=CARTESIAN_POINT('Ctrl Pts',(147.566575014224,-113.766471374389,-1.71357590108233));
#6186=CARTESIAN_POINT('Ctrl Pts',(147.703343217337,-113.720531947354,-1.71789325995457));
#6187=CARTESIAN_POINT('Ctrl Pts',(147.825832728979,-113.681654847193,-1.72154690572556));
#6188=CARTESIAN_POINT('Ctrl Pts',(147.934170851687,-113.649547277434,-1.72456435522617));
#6189=CARTESIAN_POINT('Ctrl Pts',(148.030562430951,-113.622504050473,-1.72710586093033));
#6190=CARTESIAN_POINT('Ctrl Pts',(148.117800760217,-113.598856685502,-1.72932822562995));
#6191=CARTESIAN_POINT('Ctrl Pts',(148.1978832857,-113.578310972098,-1.73125909903827));
#6192=CARTESIAN_POINT('Ctrl Pts',(148.271119465263,-113.562880877345,-1.73270920977711));
#6193=CARTESIAN_POINT('Ctrl Pts',(148.338324568228,-113.554882543929,-1.73346088819293));
#6194=CARTESIAN_POINT('Ctrl Pts',(148.40365618844,-113.554631915317,-1.73348444211454));
#6195=CARTESIAN_POINT('Ctrl Pts',(148.473300992938,-113.560563479609,-1.7329269973797));
#6196=CARTESIAN_POINT('Ctrl Pts',(148.549587333699,-113.571542397791,-1.73189520545535));
#6197=CARTESIAN_POINT('Ctrl Pts',(148.62898224499,-113.588124324498,-1.73033684626353));
#6198=CARTESIAN_POINT('Ctrl Pts',(148.706201342403,-113.612473241214,-1.72804855016581));
#6199=CARTESIAN_POINT('Ctrl Pts',(148.777632676401,-113.649046363867,-1.72461143077271));
#6200=CARTESIAN_POINT('Ctrl Pts',(148.84282136238,-113.701671587714,-1.71966574486092));
#6201=CARTESIAN_POINT('Ctrl Pts',(148.905048225583,-113.769211006065,-1.71331843219584));
#6202=CARTESIAN_POINT('Ctrl Pts',(148.972013015698,-113.842172299968,-1.70646157502772));
#6203=CARTESIAN_POINT('Ctrl Pts',(149.051617408491,-113.909028781913,-1.70017844430267));
#6204=CARTESIAN_POINT('Ctrl Pts',(149.148354421842,-113.961705730892,-1.6952278972951));
#6205=CARTESIAN_POINT('Ctrl Pts',(149.258813840988,-114.002220860794,-1.6914203105045));
#6206=CARTESIAN_POINT('Ctrl Pts',(149.375107388578,-114.039026267295,-1.68796136121933));
#6207=CARTESIAN_POINT('Ctrl Pts',(149.489170408951,-114.082176919855,-1.68390608964329));
#6208=CARTESIAN_POINT('Ctrl Pts',(149.596960091412,-114.138713730819,-1.67859279519933));
#6209=CARTESIAN_POINT('Ctrl Pts',(149.702130384288,-114.208506311716,-1.67203373171503));
#6210=CARTESIAN_POINT('Ctrl Pts',(149.812540593767,-114.28713395459,-1.66464435458348));
#6211=CARTESIAN_POINT('Ctrl Pts',(149.937185584483,-114.36831819668,-1.65701470984263));
#6212=CARTESIAN_POINT('Ctrl Pts',(150.083208236897,-114.446343320419,-1.64968195708588));
#6213=CARTESIAN_POINT('Ctrl Pts',(150.252262480929,-114.518946269588,-1.64285877693365));
#6214=CARTESIAN_POINT('Ctrl Pts',(150.441060978764,-114.587054000923,-1.63645805456665));
#6215=CARTESIAN_POINT('Ctrl Pts',(150.64335581151,-114.653434930033,-1.63021961600222));
#6216=CARTESIAN_POINT('Ctrl Pts',(150.851419818304,-114.721727786547,-1.6238014956857));
#6217=CARTESIAN_POINT('Ctrl Pts',(151.057788579682,-114.795276404768,-1.61688944214223));
#6218=CARTESIAN_POINT('Ctrl Pts',(151.256770196205,-114.87613191103,-1.60929069179075));
#6219=CARTESIAN_POINT('Ctrl Pts',(151.446344971509,-114.963780209896,-1.60105355900148));
#6220=CARTESIAN_POINT('Ctrl Pts',(151.628970142003,-115.054635627104,-1.59251502321876));
#6221=CARTESIAN_POINT('Ctrl Pts',(151.809490912074,-115.143555682686,-1.58415837152178));
#6222=CARTESIAN_POINT('Ctrl Pts',(151.993562195534,-115.224999979239,-1.57650428702365));
#6223=CARTESIAN_POINT('Ctrl Pts',(152.185915754273,-115.294295231475,-1.56999196217856));
#6224=CARTESIAN_POINT('Ctrl Pts',(152.388584733544,-115.348934297006,-1.56485701667385));
#6225=CARTESIAN_POINT('Ctrl Pts',(152.599400905588,-115.389674807769,-1.56102824872971));
#6226=CARTESIAN_POINT('Ctrl Pts',(152.809721987657,-115.422200593933,-1.55797149551067));
#6227=CARTESIAN_POINT('Ctrl Pts',(153.00640002027,-115.455686311974,-1.55482452848881));
#6228=CARTESIAN_POINT('Ctrl Pts',(153.175256333031,-115.50026331265,-1.55063520960119));
#6229=CARTESIAN_POINT('Ctrl Pts',(153.304150865806,-115.564779263828,-1.54457204050658));
#6230=CARTESIAN_POINT('Ctrl Pts',(153.386025171655,-115.654582454531,-1.53613239231846));
#6231=CARTESIAN_POINT('Ctrl Pts',(153.422422477263,-115.768944790003,-1.52538469093054));
#6232=CARTESIAN_POINT('Ctrl Pts',(153.425388090555,-115.899706242695,-1.51309581067301));
#6233=CARTESIAN_POINT('Ctrl Pts',(153.41138143853,-116.035966086946,-1.50029019498555));
#6234=CARTESIAN_POINT('Ctrl Pts',(153.396455350147,-116.167795682534,-1.48790093132088));
#6235=CARTESIAN_POINT('Ctrl Pts',(153.390567861512,-116.290656228839,-1.47635457334739));
#6236=CARTESIAN_POINT('Ctrl Pts',(153.39334708574,-116.40857686654,-1.46527246492197));
#6237=CARTESIAN_POINT('Ctrl Pts',(153.399230072187,-116.529160150677,-1.4539401226353));
#6238=CARTESIAN_POINT('Ctrl Pts',(153.401516491472,-116.659556772324,-1.44168552897321));
#6239=CARTESIAN_POINT('Ctrl Pts',(153.397174876088,-116.801733018899,-1.42832389346326));
#6240=CARTESIAN_POINT('Ctrl Pts',(153.390386420404,-116.948982039179,-1.41448552182539));
#6241=CARTESIAN_POINT('Ctrl Pts',(153.387906472992,-117.090824514304,-1.40115525394942));
#6242=CARTESIAN_POINT('Ctrl Pts',(153.39468138075,-117.217534929076,-1.38924708772419));
#6243=CARTESIAN_POINT('Ctrl Pts',(153.410323686944,-117.324053545539,-1.37923653418596));
#6244=CARTESIAN_POINT('Ctrl Pts',(153.422859423724,-117.41603556189,-1.37059212131416));
#6245=CARTESIAN_POINT('Ctrl Pts',(153.416630142384,-117.504536599563,-1.36227484866051));
#6246=CARTESIAN_POINT('Ctrl Pts',(153.382802844617,-117.598285523331,-1.35346438292509));
#6247=CARTESIAN_POINT('Ctrl Pts',(153.333822154842,-117.693472386098,-1.34451878057409));
#6248=CARTESIAN_POINT('Ctrl Pts',(153.296152851758,-117.778205675443,-1.33655559857242));
#6249=CARTESIAN_POINT('Ctrl Pts',(153.291306137771,-117.844691715225,-1.33030728177221));
#6250=CARTESIAN_POINT('Ctrl Pts',(153.314706088186,-117.903433003036,-1.32478681196082));
#6251=CARTESIAN_POINT('Ctrl Pts',(153.339107529794,-117.978315088184,-1.31774944002223));
#6252=CARTESIAN_POINT('Ctrl Pts',(153.342522554651,-118.082009325373,-1.30800431989722));
#6253=CARTESIAN_POINT('Ctrl Pts',(153.322920152216,-118.203547770016,-1.29658221221825));
#6254=CARTESIAN_POINT('Ctrl Pts',(153.2888324628,-118.323613949696,-1.28529846708783));
#6255=CARTESIAN_POINT('Ctrl Pts',(153.253409519269,-118.424472750156,-1.27581981954876));
#6256=CARTESIAN_POINT('Ctrl Pts',(153.225970433036,-118.505827009754,-1.26817419666788));
#6257=CARTESIAN_POINT('Ctrl Pts',(153.210311990528,-118.580334293711,-1.26117204831295));
#6258=CARTESIAN_POINT('Ctrl Pts',(153.20647565256,-118.659626946631,-1.25372017394952));
#6259=CARTESIAN_POINT('Ctrl Pts',(153.211466890337,-118.740100612556,-1.24615730871616));
#6260=CARTESIAN_POINT('Ctrl Pts',(153.220390162543,-118.81066565163,-1.23952565009125));
#6261=CARTESIAN_POINT('Ctrl Pts',(153.227221223196,-118.871200788904,-1.23383659541944));
#6262=CARTESIAN_POINT('Ctrl Pts',(153.226116979641,-118.939953025175,-1.22737530287808));
#6263=CARTESIAN_POINT('Ctrl Pts',(153.213936483082,-119.034176952938,-1.21852019656175));
#6264=CARTESIAN_POINT('Ctrl Pts',(153.192922481847,-119.153034610903,-1.20735002755282));
#6265=CARTESIAN_POINT('Ctrl Pts',(153.168591863994,-119.283456806938,-1.19509303042563));
#6266=CARTESIAN_POINT('Ctrl Pts',(153.147210914391,-119.408711264079,-1.18332169419596));
#6267=CARTESIAN_POINT('Ctrl Pts',(153.133296091645,-119.516370163394,-1.17320397758224));
#6268=CARTESIAN_POINT('Ctrl Pts',(153.127461043289,-119.605347765239,-1.16484191772313));
#6269=CARTESIAN_POINT('Ctrl Pts',(153.127642823375,-119.68175165939,-1.15766152711788));
#6270=CARTESIAN_POINT('Ctrl Pts',(153.129968087757,-119.755889649298,-1.15069408478877));
#6271=CARTESIAN_POINT('Ctrl Pts',(153.129820853566,-119.838775896792,-1.1429044866352));
#6272=CARTESIAN_POINT('Ctrl Pts',(153.123338201662,-119.93941927154,-1.13344608467091));
#6273=CARTESIAN_POINT('Ctrl Pts',(153.109164081721,-120.061549070306,-1.12196840189811));
#6274=CARTESIAN_POINT('Ctrl Pts',(153.089440346161,-120.201751468211,-1.10879226746251));
#6275=CARTESIAN_POINT('Ctrl Pts',(153.067985184259,-120.352680936631,-1.0946080095902));
#6276=CARTESIAN_POINT('Ctrl Pts',(153.048827758053,-120.505604348016,-1.08023636219422));
#6277=CARTESIAN_POINT('Ctrl Pts',(153.034761016377,-120.652982737794,-1.06638583249111));
#6278=CARTESIAN_POINT('Ctrl Pts',(153.02549043066,-120.791597598329,-1.05335889383335));
#6279=CARTESIAN_POINT('Ctrl Pts',(153.018217274665,-120.922272836337,-1.04107811597833));
#6280=CARTESIAN_POINT('Ctrl Pts',(153.00934011505,-121.04808638723,-1.02925423646444));
#6281=CARTESIAN_POINT('Ctrl Pts',(152.99566263099,-121.173147128444,-1.01750110553746));
#6282=CARTESIAN_POINT('Ctrl Pts',(152.976113280915,-121.30095943466,-1.00548938423739));
#6283=CARTESIAN_POINT('Ctrl Pts',(152.952198355495,-121.433570157197,-0.993026710746296));
#6284=CARTESIAN_POINT('Ctrl Pts',(152.926395948724,-121.571894076391,-0.980027114575361));
#6285=CARTESIAN_POINT('Ctrl Pts',(152.900991859256,-121.715779566425,-0.966504845424805));
#6286=CARTESIAN_POINT('Ctrl Pts',(152.876774707687,-121.864181806823,-0.952558094875204));
#6287=CARTESIAN_POINT('Ctrl Pts',(152.851692993676,-122.015280244948,-0.938357957334761));
#6288=CARTESIAN_POINT('Ctrl Pts',(152.822215812031,-122.166891933604,-0.924109584827644));
#6289=CARTESIAN_POINT('Ctrl Pts',(152.784850869588,-122.316892215777,-0.910012651302752));
#6290=CARTESIAN_POINT('Ctrl Pts',(152.737587799238,-122.463629531192,-0.896222369370903));
#6291=CARTESIAN_POINT('Ctrl Pts',(152.681410723123,-122.606351266299,-0.882809469186883));
#6292=CARTESIAN_POINT('Ctrl Pts',(152.621679593613,-122.745601433003,-0.86972282484916));
#6293=CARTESIAN_POINT('Ctrl Pts',(152.565701221668,-122.882671277369,-0.856841085853108));
#6294=CARTESIAN_POINT('Ctrl Pts',(152.520277849012,-123.019055619954,-0.844023769889446));
#6295=CARTESIAN_POINT('Ctrl Pts',(152.489487334137,-123.155940934149,-0.831159372924346));
#6296=CARTESIAN_POINT('Ctrl Pts',(152.47184129102,-123.293600385173,-0.818222223060099));
#6297=CARTESIAN_POINT('Ctrl Pts',(152.459372978775,-123.431082453966,-0.805301743467959));
#6298=CARTESIAN_POINT('Ctrl Pts',(152.441910254479,-123.566707563225,-0.792555779781476));
#6299=CARTESIAN_POINT('Ctrl Pts',(152.41051507049,-123.69841742188,-0.780177768919583));
#6300=CARTESIAN_POINT('Ctrl Pts',(152.360997258753,-123.824179732049,-0.768358704977139));
#6301=CARTESIAN_POINT('Ctrl Pts',(152.298066561446,-123.942375049834,-0.757250782287704));
#6302=CARTESIAN_POINT('Ctrl Pts',(152.23210832941,-124.052236477432,-0.746926073431466));
#6303=CARTESIAN_POINT('Ctrl Pts',(152.17455977466,-124.154384164939,-0.737326297086733));
#6304=CARTESIAN_POINT('Ctrl Pts',(152.134134130831,-124.25115391893,-0.728231935599748));
#6305=CARTESIAN_POINT('Ctrl Pts',(152.111802810152,-124.347438723804,-0.719183149330149));
#6306=CARTESIAN_POINT('Ctrl Pts',(152.102443328051,-124.448585817278,-0.709677408192311));
#6307=CARTESIAN_POINT('Ctrl Pts',(152.098113113433,-124.557917111496,-0.699402520942416));
#6308=CARTESIAN_POINT('Ctrl Pts',(152.091084417721,-124.673555416814,-0.688534904699436));
#6309=CARTESIAN_POINT('Ctrl Pts',(152.075942049759,-124.788454320602,-0.677736776953821));
#6310=CARTESIAN_POINT('Ctrl Pts',(152.050211415571,-124.895346231382,-0.66769114144708));
#6311=CARTESIAN_POINT('Ctrl Pts',(152.015039570955,-124.989978914701,-0.658797620536991));
#6312=CARTESIAN_POINT('Ctrl Pts',(151.976628887221,-125.076211443559,-0.650693540935379));
#6313=CARTESIAN_POINT('Ctrl Pts',(151.942128308472,-125.161822318126,-0.642647884018666));
#6314=CARTESIAN_POINT('Ctrl Pts',(151.915362483371,-125.253231890091,-0.634057269115347));
#6315=CARTESIAN_POINT('Ctrl Pts',(151.890370063996,-125.348813697017,-0.625074550157081));
#6316=CARTESIAN_POINT('Ctrl Pts',(151.856405892844,-125.441362507111,-0.616376870360802));
#6317=CARTESIAN_POINT('Ctrl Pts',(151.806574226474,-125.524263683641,-0.608585869185654));
#6318=CARTESIAN_POINT('Ctrl Pts',(151.748979424235,-125.598223616138,-0.601635160581522));
#6319=CARTESIAN_POINT('Ctrl Pts',(151.703584407275,-125.671365995322,-0.59476128513098));
#6320=CARTESIAN_POINT('Ctrl Pts',(151.686833414316,-125.752603649509,-0.587126620754321));
#6321=CARTESIAN_POINT('Ctrl Pts',(151.694860297314,-125.845657291469,-0.578381497172171));
#6322=CARTESIAN_POINT('Ctrl Pts',(151.706444966332,-125.947843928633,-0.568778060362856));
#6323=CARTESIAN_POINT('Ctrl Pts',(151.699707830412,-126.05330432089,-0.558866958079463));
#6324=CARTESIAN_POINT('Ctrl Pts',(151.668395378928,-126.154760775133,-0.549332143408392));
#6325=CARTESIAN_POINT('Ctrl Pts',(151.625393370524,-126.246186574939,-0.540740003422644));
#6326=CARTESIAN_POINT('Ctrl Pts',(151.588467934868,-126.324881018718,-0.53334434838352));
#6327=CARTESIAN_POINT('Ctrl Pts',(151.569265602958,-126.394846033728,-0.526769079648197));
#6328=CARTESIAN_POINT('Ctrl Pts',(151.565090490378,-126.466559910368,-0.520029453981043));
#6329=CARTESIAN_POINT('Ctrl Pts',(151.566611421612,-126.547920468877,-0.512383239132495));
#6330=CARTESIAN_POINT('Ctrl Pts',(151.563063879125,-126.633883233531,-0.504304511803528));
#6331=CARTESIAN_POINT('Ctrl Pts',(151.546276235532,-126.71332095371,-0.496839004109053));
#6332=CARTESIAN_POINT('Ctrl Pts',(151.513687196815,-126.782445224177,-0.490342748024621));
#6333=CARTESIAN_POINT('Ctrl Pts',(151.47127813357,-126.854675621454,-0.483554580068351));
#6334=CARTESIAN_POINT('Ctrl Pts',(151.428277105654,-126.948352727854,-0.474750863684654));
#6335=CARTESIAN_POINT('Ctrl Pts',(151.391955890072,-127.074133290491,-0.46293008438653));
#6336=CARTESIAN_POINT('Ctrl Pts',(151.363360529906,-127.225257217668,-0.448727551400769));
#6337=CARTESIAN_POINT('Ctrl Pts',(151.339676016808,-127.38582614579,-0.433637383081744));
#6338=CARTESIAN_POINT('Ctrl Pts',(151.315818125677,-127.537346306713,-0.419397612294221));
#6339=CARTESIAN_POINT('Ctrl Pts',(151.286274835039,-127.665127333422,-0.40738883062281));
#6340=CARTESIAN_POINT('Ctrl Pts',(151.246963606975,-127.766719008653,-0.397841307967144));
#6341=CARTESIAN_POINT('Ctrl Pts',(151.196597959903,-127.851708126806,-0.389854083332684));
#6342=CARTESIAN_POINT('Ctrl Pts',(151.137455507148,-127.932617139714,-0.382250304459772));
#6343=CARTESIAN_POINT('Ctrl Pts',(151.076341610122,-128.018122222905,-0.374214589750881));
#6344=CARTESIAN_POINT('Ctrl Pts',(151.025380164898,-128.105586214773,-0.365994778019136));
#6345=CARTESIAN_POINT('Ctrl Pts',(150.995494247971,-128.189273262497,-0.358129921156378));
#6346=CARTESIAN_POINT('Ctrl Pts',(150.990510915856,-128.267490512458,-0.350779112496362));
#6347=CARTESIAN_POINT('Ctrl Pts',(151.000014604694,-128.351287252785,-0.342903946790798));
#6348=CARTESIAN_POINT('Ctrl Pts',(151.00642239207,-128.457124156244,-0.332957460218133));
#6349=CARTESIAN_POINT('Ctrl Pts',(150.992828252014,-128.598725883165,-0.319649817709089));
#6350=CARTESIAN_POINT('Ctrl Pts',(150.951867209258,-128.777729602546,-0.302827159136219));
#6351=CARTESIAN_POINT('Ctrl Pts',(150.885146848372,-128.985237936003,-0.283325654604265));
#6352=CARTESIAN_POINT('Ctrl Pts',(150.7999616195,-129.206518354504,-0.262529858057896));
#6353=CARTESIAN_POINT('Ctrl Pts',(150.706963621683,-129.424571118652,-0.242037394466623));
#6354=CARTESIAN_POINT('Ctrl Pts',(150.617364457639,-129.624304532865,-0.223266572024976));
#6355=CARTESIAN_POINT('Ctrl Pts',(150.540495785386,-129.796141310526,-0.207117458191828));
#6356=CARTESIAN_POINT('Ctrl Pts',(150.480837066374,-129.940610764561,-0.193540308466555));
#6357=CARTESIAN_POINT('Ctrl Pts',(150.436463219788,-130.070188058424,-0.181362714721631));
#6358=CARTESIAN_POINT('Ctrl Pts',(150.401717064821,-130.202906714515,-0.168889897702063));
#6359=CARTESIAN_POINT('Ctrl Pts',(150.369181621148,-130.357292089779,-0.154380855847114));
#6360=CARTESIAN_POINT('Ctrl Pts',(150.331869246034,-130.546983355632,-0.136553788282696));
#6361=CARTESIAN_POINT('Ctrl Pts',(150.285456692355,-130.774997816726,-0.115125130588218));
#6362=CARTESIAN_POINT('Ctrl Pts',(150.230090394578,-131.029596329409,-0.0911981202064771));
#6363=CARTESIAN_POINT('Ctrl Pts',(150.169260952576,-131.290250420904,-0.0667020102820914));
#6364=CARTESIAN_POINT('Ctrl Pts',(150.109031945351,-131.532529794337,-0.0439327449697169));
#6365=CARTESIAN_POINT('Ctrl Pts',(150.057110770522,-131.733212170233,-0.025072739697436));
#6366=CARTESIAN_POINT('Ctrl Pts',(150.022034052582,-131.875742873843,-0.0116777925350653));
#6367=CARTESIAN_POINT('Ctrl Pts',(150.012193200486,-131.954508179614,-0.00427547792980487));
#6368=CARTESIAN_POINT('Ctrl Pts',(150.035208076785,-131.982167021361,-0.00167611712975191));
#6369=CARTESIAN_POINT('Ctrl Pts',(150.09594218482,-131.986210032015,-0.00129615749500989));
#6370=CARTESIAN_POINT('Ctrl Pts',(150.190036055371,-131.983137429652,-0.00158491876018241));
#6371=CARTESIAN_POINT('Ctrl Pts',(150.307854232841,-131.979725902318,-0.00190553198403665));
#6372=CARTESIAN_POINT('Ctrl Pts',(150.43979963959,-131.977403894531,-0.00212375283631605));
#6373=CARTESIAN_POINT('Ctrl Pts',(150.582309992464,-131.976251648353,-0.00223204021776002));
#6374=CARTESIAN_POINT('Ctrl Pts',(150.737521731097,-131.976261375473,-0.00223112606902998));
#6375=CARTESIAN_POINT('Ctrl Pts',(150.910093589545,-131.977093487414,-0.00215292470467698));
#6376=CARTESIAN_POINT('Ctrl Pts',(151.104873947871,-131.978338065674,-0.00203596001145723));
#6377=CARTESIAN_POINT('Ctrl Pts',(151.324397752305,-131.979559323981,-0.00192118691284993));
#6378=CARTESIAN_POINT('Ctrl Pts',(151.566021524239,-131.980446556223,-0.00183780537681866));
#6379=CARTESIAN_POINT('Ctrl Pts',(151.820606875855,-131.980876586604,-0.00179739138819635));
#6380=CARTESIAN_POINT('Ctrl Pts',(152.075565367247,-131.980859891346,-0.00179896039821159));
#6381=CARTESIAN_POINT('Ctrl Pts',(152.317106584799,-131.980504016884,-0.00183240525950756));
#6382=CARTESIAN_POINT('Ctrl Pts',(152.532758458385,-131.97997084534,-0.00188251239062742));
#6383=CARTESIAN_POINT('Ctrl Pts',(152.713871350184,-131.979435452705,-0.00193282825859731));
#6384=CARTESIAN_POINT('Ctrl Pts',(152.857896455993,-131.979046660408,-0.00196936671762016));
#6385=CARTESIAN_POINT('Ctrl Pts',(152.971322144285,-131.978881131778,-0.00198492299563258));
#6386=CARTESIAN_POINT('Ctrl Pts',(153.070543008156,-131.978918355941,-0.00198142469192142));
#6387=CARTESIAN_POINT('Ctrl Pts',(153.175562264906,-131.979086401346,-0.00196563188888277));
#6388=CARTESIAN_POINT('Ctrl Pts',(153.305369771493,-131.979292880481,-0.00194622710780079));
#6389=CARTESIAN_POINT('Ctrl Pts',(153.471629554597,-131.979467952826,-0.00192977391738181));
#6390=CARTESIAN_POINT('Ctrl Pts',(153.677545590471,-131.979575320049,-0.0019196836123192));
#6391=CARTESIAN_POINT('Ctrl Pts',(153.920285899603,-131.979602113638,-0.0019171655674266));
#6392=CARTESIAN_POINT('Ctrl Pts',(154.192373981065,-131.979554849147,-0.0019216074550088));
#6393=CARTESIAN_POINT('Ctrl Pts',(154.483513584902,-131.979452861132,-0.00193119222540838));
#6394=CARTESIAN_POINT('Ctrl Pts',(154.782207798247,-131.979322880518,-0.00194340772295964));
#6395=CARTESIAN_POINT('Ctrl Pts',(155.077513031754,-131.979192974323,-0.00195561622655882));
#6396=CARTESIAN_POINT('Ctrl Pts',(155.36062584852,-131.979087103282,-0.00196556592143571));
#6397=CARTESIAN_POINT('Ctrl Pts',(155.626826598628,-131.979018516813,-0.00197201163526728));
#6398=CARTESIAN_POINT('Ctrl Pts',(155.875053798502,-131.978990624614,-0.00197463292683775));
#6399=CARTESIAN_POINT('Ctrl Pts',(156.106921915808,-131.978999615473,-0.00197378797143211));
#6400=CARTESIAN_POINT('Ctrl Pts',(156.325924191298,-131.979036492156,-0.00197032232360783));
#6401=CARTESIAN_POINT('Ctrl Pts',(156.536568685478,-131.979089325488,-0.00196535707989387));
#6402=CARTESIAN_POINT('Ctrl Pts',(156.743518012224,-131.979145473509,-0.00196008032364636));
#6403=CARTESIAN_POINT('Ctrl Pts',(156.950785752907,-131.979193677613,-0.00195555013188464));
#6404=CARTESIAN_POINT('Ctrl Pts',(157.160767280249,-131.979226546182,-0.00195246116415193));
#6405=CARTESIAN_POINT('Ctrl Pts',(157.373811402505,-131.979241758471,-0.00195103152264453));
#6406=CARTESIAN_POINT('Ctrl Pts',(157.58893191854,-131.979240561085,-0.00195114405221242));
#6407=CARTESIAN_POINT('Ctrl Pts',(157.804287065243,-131.97922682116,-0.00195243532181921));
#6408=CARTESIAN_POINT('Ctrl Pts',(158.01773987132,-131.979205874172,-0.00195440390681423));
#6409=CARTESIAN_POINT('Ctrl Pts',(158.227410927112,-131.979183420682,-0.00195651407184139));
#6410=CARTESIAN_POINT('Ctrl Pts',(158.432171375224,-131.979164492699,-0.00195829291195437));
#6411=CARTESIAN_POINT('Ctrl Pts',(158.632319149374,-131.97915216358,-0.00195945159496613));
#6412=CARTESIAN_POINT('Ctrl Pts',(158.829486389357,-131.979147359571,-0.00195990307268357));
#6413=CARTESIAN_POINT('Ctrl Pts',(159.02597018018,-131.979149497729,-0.00195970212993224));
#6414=CARTESIAN_POINT('Ctrl Pts',(159.22423679204,-131.979156880426,-0.00195900830866957));
#6415=CARTESIAN_POINT('Ctrl Pts',(159.426343174279,-131.979167194479,-0.00195803900035152));
#6416=CARTESIAN_POINT('Ctrl Pts',(159.633419980763,-131.979177955363,-0.0019570276991665));
#6417=CARTESIAN_POINT('Ctrl Pts',(159.845065872444,-131.979186999116,-0.00195617777288826));
#6418=CARTESIAN_POINT('Ctrl Pts',(160.058965460615,-131.979192881699,-0.00195562493139567));
#6419=CARTESIAN_POINT('Ctrl Pts',(160.271671879212,-131.979194818441,-0.00195544291751837));
#6420=CARTESIAN_POINT('Ctrl Pts',(160.479254480794,-131.979192682921,-0.00195564361240796));
#6421=CARTESIAN_POINT('Ctrl Pts',(160.677982352052,-131.979186975199,-0.00195618002055031));
#6422=CARTESIAN_POINT('Ctrl Pts',(160.865029836878,-131.979178820641,-0.00195694638087662));
#6423=CARTESIAN_POINT('Ctrl Pts',(161.039085448149,-131.979169914584,-0.0019577833666018));
#6424=CARTESIAN_POINT('Ctrl Pts',(161.201223807896,-131.979162594032,-0.00195847134753624));
#6425=CARTESIAN_POINT('Ctrl Pts',(161.354489355781,-131.979159318861,-0.00195877914607623));
#6426=CARTESIAN_POINT('Ctrl Pts',(161.502896830081,-131.979161925591,-0.00195853416716352));
#6427=CARTESIAN_POINT('Ctrl Pts',(161.650588377395,-131.979170875857,-0.0019576930267462));
#6428=CARTESIAN_POINT('Ctrl Pts',(161.800988980839,-131.979184679571,-0.0019563957622859));
#6429=CARTESIAN_POINT('Ctrl Pts',(161.955802188116,-131.979198809128,-0.00195506787527888));
#6430=CARTESIAN_POINT('Ctrl Pts',(162.114934944149,-131.97920709063,-0.00195428958483124));
#6431=CARTESIAN_POINT('Ctrl Pts',(162.276885470192,-131.979204116846,-0.00195456905923042));
#6432=CARTESIAN_POINT('Ctrl Pts',(162.438955395329,-131.979187567865,-0.00195612432215331));
#6433=CARTESIAN_POINT('Ctrl Pts',(162.597597891786,-131.979160053601,-0.00195871009567528));
#6434=CARTESIAN_POINT('Ctrl Pts',(162.748549525245,-131.979132455254,-0.00196130377114523));
#6435=CARTESIAN_POINT('Ctrl Pts',(162.887817987961,-131.979120455657,-0.00196243148586239));
#6436=CARTESIAN_POINT('Ctrl Pts',(163.013274150818,-131.979136414943,-0.00196093164211097));
#6437=CARTESIAN_POINT('Ctrl Pts',(163.125928485155,-131.979183276914,-0.00195652758307352));
#6438=CARTESIAN_POINT('Ctrl Pts',(163.231641422429,-131.979246221072,-0.00195061213010161));
#6439=CARTESIAN_POINT('Ctrl Pts',(163.341713252685,-131.979289644186,-0.00194653125285438));
#6440=CARTESIAN_POINT('Ctrl Pts',(163.469198535718,-131.979274217668,-0.00194798102737925));
#6441=CARTESIAN_POINT('Ctrl Pts',(163.62601661492,-131.979170089732,-0.00195776690625982));
#6442=CARTESIAN_POINT('Ctrl Pts',(163.81945324152,-131.978973266623,-0.00197626422002273));
#6443=CARTESIAN_POINT('Ctrl Pts',(164.04981312578,-131.978715630146,-0.00200047673643455));
#6444=CARTESIAN_POINT('Ctrl Pts',(164.312337981568,-131.978450960948,-0.00202535018352323));
#6445=CARTESIAN_POINT('Ctrl Pts',(164.598515903148,-131.978244384034,-0.00204476415383903));
#6446=CARTESIAN_POINT('Ctrl Pts',(164.897623815103,-131.978160532637,-0.00205264445621633));
#6447=CARTESIAN_POINT('Ctrl Pts',(165.198179075964,-131.97825214307,-0.00204403496449235));
#6448=CARTESIAN_POINT('Ctrl Pts',(165.48941057334,-131.978548730758,-0.00201616183742148));
#6449=CARTESIAN_POINT('Ctrl Pts',(165.762766949655,-131.979044611413,-0.00196955928093878));
#6450=CARTESIAN_POINT('Ctrl Pts',(166.013301682636,-131.979688663186,-0.00190903169453138));
#6451=CARTESIAN_POINT('Ctrl Pts',(166.24139361893,-131.980369494488,-0.00184504759090265));
#6452=CARTESIAN_POINT('Ctrl Pts',(166.451717084374,-131.980938024267,-0.0017916175147592));
#6453=CARTESIAN_POINT('Ctrl Pts',(166.651705880923,-131.981236896878,-0.00176352965204796));
#6454=CARTESIAN_POINT('Ctrl Pts',(166.85018933212,-131.98112765231,-0.00177379638884645));
#6455=CARTESIAN_POINT('Ctrl Pts',(167.055965030007,-131.980518543248,-0.00183104008086632));
#6456=CARTESIAN_POINT('Ctrl Pts',(167.27637789351,-131.979392761483,-0.0019368403531983));
#6457=CARTESIAN_POINT('Ctrl Pts',(167.515945772379,-131.977834867042,-0.00208325030695011));
#6458=CARTESIAN_POINT('Ctrl Pts',(167.774832013716,-131.976062371725,-0.0022498283179595));
#6459=CARTESIAN_POINT('Ctrl Pts',(168.049700285507,-131.974378465876,-0.00240808074565946));
#6460=CARTESIAN_POINT('Ctrl Pts',(168.334767438567,-131.973118059242,-0.00252653297973193));
#6461=CARTESIAN_POINT('Ctrl Pts',(168.622780327116,-131.972596679799,-0.00257553189656479));
#6462=CARTESIAN_POINT('Ctrl Pts',(168.90603508689,-131.97305715841,-0.0025322564021546));
#6463=CARTESIAN_POINT('Ctrl Pts',(169.177354203686,-131.974619595595,-0.00238541952416682));
#6464=CARTESIAN_POINT('Ctrl Pts',(169.431137412868,-131.977224500761,-0.00214061215158212));
#6465=CARTESIAN_POINT('Ctrl Pts',(169.664250824241,-131.980591515441,-0.00182418219938363));
#6466=CARTESIAN_POINT('Ctrl Pts',(169.877304507959,-131.984140409412,-0.00149065934417658));
#6467=CARTESIAN_POINT('Ctrl Pts',(170.074590826671,-131.987042468379,-0.00121792564160561));
#6468=CARTESIAN_POINT('Ctrl Pts',(170.262257203262,-131.9884447644,-0.00108613873083918));
#6469=CARTESIAN_POINT('Ctrl Pts',(170.44693403198,-131.987648625619,-0.00116095935996485));
#6470=CARTESIAN_POINT('Ctrl Pts',(170.634147629448,-131.98431230214,-0.00147450497208546));
#6471=CARTESIAN_POINT('Ctrl Pts',(170.826895222524,-131.978630326062,-0.00200849356131405));
#6472=CARTESIAN_POINT('Ctrl Pts',(171.023982970616,-131.971553851324,-0.00267353627010358));
#6473=CARTESIAN_POINT('Ctrl Pts',(171.218964386904,-131.964900470303,-0.00329881689365319));
#6474=CARTESIAN_POINT('Ctrl Pts',(171.403018745699,-131.96070465113,-0.00369313737835553));
#6475=CARTESIAN_POINT('Ctrl Pts',(171.567287965728,-131.960686922805,-0.00369480347533369));
#6476=CARTESIAN_POINT('Ctrl Pts',(171.705648329577,-131.965604823478,-0.00323262221890941));
#6477=CARTESIAN_POINT('Ctrl Pts',(171.816778169703,-131.974820371512,-0.00236655072794356));
#6478=CARTESIAN_POINT('Ctrl Pts',(171.907830747156,-131.985358279836,-0.00137620463674937));
#6479=CARTESIAN_POINT('Ctrl Pts',(171.991039979014,-131.993190966745,-0.000640093576966816));
#6480=CARTESIAN_POINT('Ctrl Pts',(172.077756561586,-131.995245548179,-0.000447005287524949));
#6481=CARTESIAN_POINT('Ctrl Pts',(172.171597390824,-131.991875356277,-0.000763733833055724));
#6482=CARTESIAN_POINT('Ctrl Pts',(172.269103327691,-131.98623784658,-0.00129354349937216));
#6483=CARTESIAN_POINT('Ctrl Pts',(172.365140287397,-131.981819148165,-0.0017088100370577));
#6484=CARTESIAN_POINT('Ctrl Pts',(172.458070384262,-131.979931555162,-0.00188620485721103));
#6485=CARTESIAN_POINT('Ctrl Pts',(172.550371761315,-131.979498510515,-0.001926902124747));
#6486=CARTESIAN_POINT('Ctrl Pts',(172.645059306655,-131.978964024941,-0.00197713274759037));
#6487=CARTESIAN_POINT('Ctrl Pts',(172.742511667771,-131.977843978603,-0.00208239400809385));
#6488=CARTESIAN_POINT('Ctrl Pts',(172.839954457591,-131.977394658267,-0.00212462085465104));
#6489=CARTESIAN_POINT('Ctrl Pts',(172.933761326225,-131.979311853835,-0.00194444400373861));
#6490=CARTESIAN_POINT('Ctrl Pts',(173.014578102905,-131.98526309842,-0.00138514972721371));
#6491=CARTESIAN_POINT('Ctrl Pts',(173.07380186384,-131.992786240157,-0.000678129530801722));
#6492=CARTESIAN_POINT('Ctrl Pts',(173.112774907013,-131.997833949265,-0.000203748958141978));
#6493=CARTESIAN_POINT('Ctrl Pts',(173.134098060635,-131.999598555107,-3.7912395109269E-5));
#6494=CARTESIAN_POINT('Ctrl Pts',(173.141412204867,-132.000001966953,1.02011322447652E-13));
#6495=CARTESIAN_POINT('',(173.199996128678,-131.885608808345,0.993655755832003));
#6496=CARTESIAN_POINT('',(173.199996128678,-131.979175898669,-0.00195722098594642));
#6497=CARTESIAN_POINT('Ctrl Pts',(173.199996128678,-131.885608808345,0.993655755832001));
#6498=CARTESIAN_POINT('Ctrl Pts',(173.202016009583,-131.877634687164,0.992906352866945));
#6499=CARTESIAN_POINT('Ctrl Pts',(173.201023708201,-131.857300473198,0.99099535604485));
#6500=CARTESIAN_POINT('Ctrl Pts',(173.183511070485,-131.812476538161,0.9867828304189));
#6501=CARTESIAN_POINT('Ctrl Pts',(173.129642129288,-131.724417434597,0.978507090458898));
#6502=CARTESIAN_POINT('Ctrl Pts',(173.030795834239,-131.583017967892,0.965218456239523));
#6503=CARTESIAN_POINT('Ctrl Pts',(172.926165012995,-131.432394063277,0.951062915064196));
#6504=CARTESIAN_POINT('Ctrl Pts',(172.838830524507,-131.292385643066,0.937905010531994));
#6505=CARTESIAN_POINT('Ctrl Pts',(172.778131546738,-131.170048764416,0.926407866520085));
#6506=CARTESIAN_POINT('Ctrl Pts',(172.740177918156,-131.060212535485,0.916085525818844));
#6507=CARTESIAN_POINT('Ctrl Pts',(172.714257018808,-130.951666354874,0.905884423059062));
#6508=CARTESIAN_POINT('Ctrl Pts',(172.687014162844,-130.831208947356,0.89456391057892));
#6509=CARTESIAN_POINT('Ctrl Pts',(172.648397511442,-130.689414999888,0.881238203302055));
#6510=CARTESIAN_POINT('Ctrl Pts',(172.593528581918,-130.522387936599,0.865541103443732));
#6511=CARTESIAN_POINT('Ctrl Pts',(172.521044524136,-130.330022919154,0.847462758362343));
#6512=CARTESIAN_POINT('Ctrl Pts',(172.432376258311,-130.115196024036,0.82727345994259));
#6513=CARTESIAN_POINT('Ctrl Pts',(172.330653538146,-129.882584708909,0.805412792756028));
#6514=CARTESIAN_POINT('Ctrl Pts',(172.219750699948,-129.637626033744,0.782391728327834));
#6515=CARTESIAN_POINT('Ctrl Pts',(172.103316671434,-129.385462909114,0.758693594205437));
#6516=CARTESIAN_POINT('Ctrl Pts',(171.983693585815,-129.129770715486,0.734663800366486));
#6517=CARTESIAN_POINT('Ctrl Pts',(171.861996403936,-128.872810819888,0.710514868682273));
#6518=CARTESIAN_POINT('Ctrl Pts',(171.738408517617,-128.615711865582,0.686352868346916));
#6519=CARTESIAN_POINT('Ctrl Pts',(171.612402004902,-128.358671507777,0.66219637487446));
#6520=CARTESIAN_POINT('Ctrl Pts',(171.482988772682,-128.101191031404,0.637998519331757));
#6521=CARTESIAN_POINT('Ctrl Pts',(171.348960309966,-127.842297196233,0.613667837205451));
#6522=CARTESIAN_POINT('Ctrl Pts',(171.20912797603,-127.580766431682,0.589089338090825));
#6523=CARTESIAN_POINT('Ctrl Pts',(171.062573207698,-127.315355332114,0.564146167496844));
#6524=CARTESIAN_POINT('Ctrl Pts',(170.908869692679,-127.045011315803,0.538739404445627));
#6525=CARTESIAN_POINT('Ctrl Pts',(170.748377252925,-126.769134797793,0.512812700314684));
#6526=CARTESIAN_POINT('Ctrl Pts',(170.582231594901,-126.487622284617,0.486356328852084));
#6527=CARTESIAN_POINT('Ctrl Pts',(170.412134080122,-126.200765342563,0.459397691276819));
#6528=CARTESIAN_POINT('Ctrl Pts',(170.240201285117,-125.909192660756,0.431995871403148));
#6529=CARTESIAN_POINT('Ctrl Pts',(170.068789876709,-125.613794320845,0.404234518552655));
#6530=CARTESIAN_POINT('Ctrl Pts',(169.900332066299,-125.315653695182,0.376215447387278));
#6531=CARTESIAN_POINT('Ctrl Pts',(169.737166523715,-125.015976065416,0.348051929529129));
#6532=CARTESIAN_POINT('Ctrl Pts',(169.581371217515,-124.716018647103,0.319862117316798));
#6533=CARTESIAN_POINT('Ctrl Pts',(169.434595490743,-124.417020024469,0.291762412127927));
#6534=CARTESIAN_POINT('Ctrl Pts',(169.297892311493,-124.120129803646,0.263860853234199));
#6535=CARTESIAN_POINT('Ctrl Pts',(169.171550808146,-123.826338255678,0.236250505694304));
#6536=CARTESIAN_POINT('Ctrl Pts',(169.05492768101,-123.53640573054,0.209002826727631));
#6537=CARTESIAN_POINT('Ctrl Pts',(168.946634508652,-123.250876889183,0.182169003232528));
#6538=CARTESIAN_POINT('Ctrl Pts',(168.844726088049,-122.97009522198,0.155781316221326));
#6539=CARTESIAN_POINT('Ctrl Pts',(168.746888678872,-122.69421746254,0.129854495421537));
#6540=CARTESIAN_POINT('Ctrl Pts',(168.650627632048,-122.423228039074,0.104387077406012));
#6541=CARTESIAN_POINT('Ctrl Pts',(168.553456797686,-122.156953522987,0.0793627634629711));
#6542=CARTESIAN_POINT('Ctrl Pts',(168.453083647783,-121.895077045436,0.0547517744548928));
#6543=CARTESIAN_POINT('Ctrl Pts',(168.347604423489,-121.637152802918,0.0305122140450639));
#6544=CARTESIAN_POINT('Ctrl Pts',(168.235675823154,-121.382620346624,0.00659141160175708));
#6545=CARTESIAN_POINT('Ctrl Pts',(168.116744707516,-121.130819407378,-0.0170726845628513));
#6546=CARTESIAN_POINT('Ctrl Pts',(167.991039360069,-120.881002545618,-0.0405503183552794));
#6547=CARTESIAN_POINT('Ctrl Pts',(167.859392624035,-120.632346386544,-0.0639188700288876));
#6548=CARTESIAN_POINT('Ctrl Pts',(167.723114367087,-120.383963084793,-0.0872617787404753));
#6549=CARTESIAN_POINT('Ctrl Pts',(167.583844057358,-120.134912103383,-0.110667435572487));
#6550=CARTESIAN_POINT('Ctrl Pts',(167.443410841909,-119.884210915655,-0.134228177771145));
#6551=CARTESIAN_POINT('Ctrl Pts',(167.303692774421,-119.630848356657,-0.158039033991879));
#6552=CARTESIAN_POINT('Ctrl Pts',(167.166470885318,-119.373791753711,-0.182197054172713));
#6553=CARTESIAN_POINT('Ctrl Pts',(167.03329838497,-119.112008609714,-0.206799271751168));
#6554=CARTESIAN_POINT('Ctrl Pts',(166.905331439686,-118.844452671109,-0.231944012988064));
#6555=CARTESIAN_POINT('Ctrl Pts',(166.783302168853,-118.570181034635,-0.257719891347321));
#6556=CARTESIAN_POINT('Ctrl Pts',(166.667636147258,-118.288604901078,-0.284182241813824));
#6557=CARTESIAN_POINT('Ctrl Pts',(166.558530922164,-117.999703320209,-0.311333033277301));
#6558=CARTESIAN_POINT('Ctrl Pts',(166.456050405766,-117.704254095703,-0.33909916823051));
#6559=CARTESIAN_POINT('Ctrl Pts',(166.360212580496,-117.404052653211,-0.36731191368389));
#6560=CARTESIAN_POINT('Ctrl Pts',(166.27107982192,-117.102146974712,-0.395684822180707));
#6561=CARTESIAN_POINT('Ctrl Pts',(166.188848698252,-116.803040345049,-0.423794677803113));
#6562=CARTESIAN_POINT('Ctrl Pts',(166.113938592835,-116.512966731157,-0.451055616203549));
#6563=CARTESIAN_POINT('Ctrl Pts',(166.047084116746,-116.239996818321,-0.476709159382263));
#6564=CARTESIAN_POINT('Ctrl Pts',(165.989417695756,-115.994574492549,-0.499773797406977));
#6565=CARTESIAN_POINT('Ctrl Pts',(165.942600976656,-115.787388841939,-0.519244976405093));
#6566=CARTESIAN_POINT('Ctrl Pts',(165.908949424742,-115.626553145075,-0.534360215485106));
#6567=CARTESIAN_POINT('Ctrl Pts',(165.891595573641,-115.51492273748,-0.544851171984873));
#6568=CARTESIAN_POINT('Ctrl Pts',(165.89455502136,-115.447565462127,-0.55118136696392));
#6569=CARTESIAN_POINT('Ctrl Pts',(165.923024075116,-115.408671958149,-0.554836554355463));
#6570=CARTESIAN_POINT('Ctrl Pts',(165.983075400895,-115.370038336313,-0.558467318184375));
#6571=CARTESIAN_POINT('Ctrl Pts',(166.075153846009,-115.308528279709,-0.564247995170457));
#6572=CARTESIAN_POINT('Ctrl Pts',(166.186651525609,-115.225006255788,-0.572097343198432));
#6573=CARTESIAN_POINT('Ctrl Pts',(166.29860436491,-115.135927028393,-0.580468953763747));
#6574=CARTESIAN_POINT('Ctrl Pts',(166.394505007075,-115.06102407578,-0.587508286813656));
#6575=CARTESIAN_POINT('Ctrl Pts',(166.467749846595,-115.01306101046,-0.592015825957415));
#6576=CARTESIAN_POINT('Ctrl Pts',(166.531251683192,-114.984987909396,-0.594654118591296));
#6577=CARTESIAN_POINT('Ctrl Pts',(166.606911160713,-114.958588165339,-0.597135150171058));
#6578=CARTESIAN_POINT('Ctrl Pts',(166.711218129178,-114.916835779435,-0.601059013513656));
#6579=CARTESIAN_POINT('Ctrl Pts',(166.84484546627,-114.852991649555,-0.607059045259173));
#6580=CARTESIAN_POINT('Ctrl Pts',(166.999016315398,-114.767299630738,-0.615112328062184));
#6581=CARTESIAN_POINT('Ctrl Pts',(167.160057069358,-114.665004031977,-0.624726005014818));
#6582=CARTESIAN_POINT('Ctrl Pts',(167.314563722058,-114.553885730812,-0.635168834069744));
#6583=CARTESIAN_POINT('Ctrl Pts',(167.454493575906,-114.441953689394,-0.645688137929206));
#6584=CARTESIAN_POINT('Ctrl Pts',(167.581755994051,-114.335208989689,-0.655719938630344));
#6585=CARTESIAN_POINT('Ctrl Pts',(167.703982759378,-114.237625831665,-0.664890743324058));
#6586=CARTESIAN_POINT('Ctrl Pts',(167.830936622927,-114.151000697242,-0.673031719753279));
#6587=CARTESIAN_POINT('Ctrl Pts',(167.970527387916,-114.074813732263,-0.68019172348933));
#6588=CARTESIAN_POINT('Ctrl Pts',(168.125338186145,-114.006173501619,-0.686642489811282));
#6589=CARTESIAN_POINT('Ctrl Pts',(168.288034713239,-113.939495285549,-0.692908867219824));
#6590=CARTESIAN_POINT('Ctrl Pts',(168.445030935927,-113.868242625886,-0.699605148001417));
#6591=CARTESIAN_POINT('Ctrl Pts',(168.581600949146,-113.786980578566,-0.707242104829524));
#6592=CARTESIAN_POINT('Ctrl Pts',(168.686795867479,-113.693497802357,-0.716027558182326));
#6593=CARTESIAN_POINT('Ctrl Pts',(168.757752881177,-113.59050003071,-0.725707224907575));
#6594=CARTESIAN_POINT('Ctrl Pts',(168.806025449292,-113.488505913739,-0.735292568788548));
#6595=CARTESIAN_POINT('Ctrl Pts',(168.852153684135,-113.401989405748,-0.743423336572946));
#6596=CARTESIAN_POINT('Ctrl Pts',(168.917048820151,-113.343825585225,-0.748889536366653));
#6597=CARTESIAN_POINT('Ctrl Pts',(169.013153678212,-113.319340080463,-0.751190668924233));
#6598=CARTESIAN_POINT('Ctrl Pts',(169.139773639262,-113.323579886649,-0.750792214567382));
#6599=CARTESIAN_POINT('Ctrl Pts',(169.288982635178,-113.346531122515,-0.748635271649412));
#6600=CARTESIAN_POINT('Ctrl Pts',(169.449100350766,-113.376451150261,-0.745823405991035));
#6601=CARTESIAN_POINT('Ctrl Pts',(169.609585973233,-113.404442136718,-0.743192830436987));
#6602=CARTESIAN_POINT('Ctrl Pts',(169.763890583751,-113.426921803391,-0.741080205299527));
#6603=CARTESIAN_POINT('Ctrl Pts',(169.908590656214,-113.443994786886,-0.739475696895129));
#6604=CARTESIAN_POINT('Ctrl Pts',(170.043240585781,-113.458597665167,-0.738103327447464));
#6605=CARTESIAN_POINT('Ctrl Pts',(170.169907353824,-113.475369044962,-0.736527163571892));
#6606=CARTESIAN_POINT('Ctrl Pts',(170.29292428043,-113.499560485191,-0.734253667016762));
#6607=CARTESIAN_POINT('Ctrl Pts',(170.418198913039,-113.536250818096,-0.730805532276833));
#6608=CARTESIAN_POINT('Ctrl Pts',(170.552213245044,-113.589879432668,-0.725765548326789));
#6609=CARTESIAN_POINT('Ctrl Pts',(170.701114081442,-113.663690009793,-0.71882887604793));
#6610=CARTESIAN_POINT('Ctrl Pts',(170.869753699601,-113.75920049031,-0.709852860301406));
#6611=CARTESIAN_POINT('Ctrl Pts',(171.060787665026,-113.875691764426,-0.698905082579582));
#6612=CARTESIAN_POINT('Ctrl Pts',(171.274951629348,-114.010693918499,-0.686217663835343));
#6613=CARTESIAN_POINT('Ctrl Pts',(171.511302056822,-114.160437010937,-0.672144900842324));
#6614=CARTESIAN_POINT('Ctrl Pts',(171.767470326138,-114.320315225311,-0.657119645373081));
#6615=CARTESIAN_POINT('Ctrl Pts',(172.039911141199,-114.48534554028,-0.641610198684009));
#6616=CARTESIAN_POINT('Ctrl Pts',(172.324153428215,-114.650628284303,-0.626077028868921));
#6617=CARTESIAN_POINT('Ctrl Pts',(172.615050054862,-114.811807972478,-0.610929461698677));
#6618=CARTESIAN_POINT('Ctrl Pts',(172.907028295185,-114.965531478011,-0.596482621950703));
#6619=CARTESIAN_POINT('Ctrl Pts',(173.194339400146,-115.109913388085,-0.582913699552554));
#6620=CARTESIAN_POINT('Ctrl Pts',(173.471310126471,-115.244981433159,-0.570220088412865));
#6621=CARTESIAN_POINT('Ctrl Pts',(173.732686813262,-115.37206043793,-0.558277282328013));
#6622=CARTESIAN_POINT('Ctrl Pts',(173.973978549544,-115.493174507794,-0.546895057127728));
#6623=CARTESIAN_POINT('Ctrl Pts',(174.191799259252,-115.610443794751,-0.535874162241459));
#6624=CARTESIAN_POINT('Ctrl Pts',(174.384213467922,-115.725480444525,-0.525063089213456));
#6625=CARTESIAN_POINT('Ctrl Pts',(174.551073037789,-115.83879211388,-0.514414128775922));
#6626=CARTESIAN_POINT('Ctrl Pts',(174.694375139909,-115.949165432174,-0.504041312749315));
#6627=CARTESIAN_POINT('Ctrl Pts',(174.8185699698,-116.05309782716,-0.494273810702206));
#6628=CARTESIAN_POINT('Ctrl Pts',(174.93100519925,-116.144099200214,-0.485721558079469));
#6629=CARTESIAN_POINT('Ctrl Pts',(175.039827019586,-116.214231884071,-0.479130531929872));
#6630=CARTESIAN_POINT('Ctrl Pts',(175.15151733421,-116.255905928855,-0.475214031037228));
#6631=CARTESIAN_POINT('Ctrl Pts',(175.26888295215,-116.263424233242,-0.474507465451961));
#6632=CARTESIAN_POINT('Ctrl Pts',(175.388074006943,-116.235016983335,-0.477177161186946));
#6633=CARTESIAN_POINT('Ctrl Pts',(175.499568641415,-116.172936440406,-0.483011452124101));
#6634=CARTESIAN_POINT('Ctrl Pts',(175.591957180303,-116.082252310433,-0.491533890438663));
#6635=CARTESIAN_POINT('Ctrl Pts',(175.654694275878,-115.970029133672,-0.502080555017153));
#6636=CARTESIAN_POINT('Ctrl Pts',(175.681771795286,-115.844355168932,-0.5138913163109));
#6637=CARTESIAN_POINT('Ctrl Pts',(175.671260518211,-115.713330018835,-0.52620497868706));
#6638=CARTESIAN_POINT('Ctrl Pts',(175.623889055423,-115.583944248992,-0.5383645731233));
#6639=CARTESIAN_POINT('Ctrl Pts',(175.542001663791,-115.46109152354,-0.549910196097838));
#6640=CARTESIAN_POINT('Ctrl Pts',(175.428215936425,-115.346292632128,-0.560698924742418));
#6641=CARTESIAN_POINT('Ctrl Pts',(175.285216861431,-115.238201476285,-0.570857264556595));
#6642=CARTESIAN_POINT('Ctrl Pts',(175.115821317099,-115.133600800777,-0.580687571192922));
#6643=CARTESIAN_POINT('Ctrl Pts',(174.922952757692,-115.028219367967,-0.590591252916422));
#6644=CARTESIAN_POINT('Ctrl Pts',(174.709655052161,-114.917653694478,-0.600982146365008));
#6645=CARTESIAN_POINT('Ctrl Pts',(174.479085658958,-114.798175603939,-0.612210623242515));
#6646=CARTESIAN_POINT('Ctrl Pts',(174.23452727558,-114.667760947623,-0.624466911791595));
#6647=CARTESIAN_POINT('Ctrl Pts',(173.979351936968,-114.526311957347,-0.637760200205457));
#6648=CARTESIAN_POINT('Ctrl Pts',(173.716947608344,-114.375184879173,-0.651963029319964));
#6649=CARTESIAN_POINT('Ctrl Pts',(173.450655064975,-114.216912329204,-0.666837385443848));
#6650=CARTESIAN_POINT('Ctrl Pts',(173.183700689628,-114.054845970752,-0.682068281336976));
#6651=CARTESIAN_POINT('Ctrl Pts',(172.919130728638,-113.892832957101,-0.697294163918734));
#6652=CARTESIAN_POINT('Ctrl Pts',(172.659745591366,-113.734878712246,-0.712138605925403));
#6653=CARTESIAN_POINT('Ctrl Pts',(172.408032569834,-113.58481358084,-0.726241633940954));
#6654=CARTESIAN_POINT('Ctrl Pts',(172.166102870896,-113.445962502725,-0.73929077218047));
#6655=CARTESIAN_POINT('Ctrl Pts',(171.935618125557,-113.320802178238,-0.751053261881762));
#6656=CARTESIAN_POINT('Ctrl Pts',(171.717746806163,-113.210656869761,-0.761404649687061));
#6657=CARTESIAN_POINT('Ctrl Pts',(171.513333244193,-113.115691564073,-0.770329430241206));
#6658=CARTESIAN_POINT('Ctrl Pts',(171.323045949935,-113.034865608944,-0.777925403395634));
#6659=CARTESIAN_POINT('Ctrl Pts',(171.147532130467,-112.965920379934,-0.784404833274928));
#6660=CARTESIAN_POINT('Ctrl Pts',(170.987573554288,-112.905309602465,-0.790100996565357));
#6661=CARTESIAN_POINT('Ctrl Pts',(170.844232587328,-112.848254196974,-0.795463028201493));
#6662=CARTESIAN_POINT('Ctrl Pts',(170.719024429576,-112.788498623582,-0.801078819942998));
#6663=CARTESIAN_POINT('Ctrl Pts',(170.614014974836,-112.719084272224,-0.807602337649711));
#6664=CARTESIAN_POINT('Ctrl Pts',(170.531919806617,-112.635320701065,-0.815474386137418));
#6665=CARTESIAN_POINT('Ctrl Pts',(170.476045789247,-112.536726779964,-0.824740181718429));
#6666=CARTESIAN_POINT('Ctrl Pts',(170.450643945096,-112.430568889766,-0.834716834425935));
#6667=CARTESIAN_POINT('Ctrl Pts',(170.459959704816,-112.330829195172,-0.844090309089487));
#6668=CARTESIAN_POINT('Ctrl Pts',(170.505346855136,-112.249900833231,-0.851695906372592));
#6669=CARTESIAN_POINT('Ctrl Pts',(170.582231207108,-112.190672084279,-0.857262187479895));
#6670=CARTESIAN_POINT('Ctrl Pts',(170.678791073616,-112.141906857032,-0.861845113304178));
#6671=CARTESIAN_POINT('Ctrl Pts',(170.781879461089,-112.088640638609,-0.866851039488841));
#6672=CARTESIAN_POINT('Ctrl Pts',(170.881360591691,-112.019426685212,-0.87335572391936));
#6673=CARTESIAN_POINT('Ctrl Pts',(170.976000989886,-111.936352500537,-0.881162984292663));
#6674=CARTESIAN_POINT('Ctrl Pts',(171.071031247758,-111.85129516656,-0.889156619807974));
#6675=CARTESIAN_POINT('Ctrl Pts',(171.173877054831,-111.779230528772,-0.895929209790265));
#6676=CARTESIAN_POINT('Ctrl Pts',(171.290775171266,-111.732937763882,-0.900279775135163));
#6677=CARTESIAN_POINT('Ctrl Pts',(171.422357422669,-111.716118778906,-0.901860412916107));
#6678=CARTESIAN_POINT('Ctrl Pts',(171.56483722767,-111.724994270711,-0.901026299698685));
#6679=CARTESIAN_POINT('Ctrl Pts',(171.712561894136,-111.751942479243,-0.898493723767587));
#6680=CARTESIAN_POINT('Ctrl Pts',(171.859938129894,-111.788228781069,-0.895083559617982));
#6681=CARTESIAN_POINT('Ctrl Pts',(172.004006364963,-111.827628463181,-0.891380801919138));
#6682=CARTESIAN_POINT('Ctrl Pts',(172.145372210227,-111.867856698664,-0.887600177288302));
#6683=CARTESIAN_POINT('Ctrl Pts',(172.28684607858,-111.908968822368,-0.883736485390359));
#6684=CARTESIAN_POINT('Ctrl Pts',(172.432596996466,-111.952434263911,-0.879651630140844));
#6685=CARTESIAN_POINT('Ctrl Pts',(172.587155137226,-112.000023560028,-0.875179217595084));
#6686=CARTESIAN_POINT('Ctrl Pts',(172.754341012556,-112.052566847012,-0.870241232058917));
#6687=CARTESIAN_POINT('Ctrl Pts',(172.936831026602,-112.109680074965,-0.864873766303656));
#6688=CARTESIAN_POINT('Ctrl Pts',(173.136239883873,-112.170263918819,-0.859180134217588));
#6689=CARTESIAN_POINT('Ctrl Pts',(173.353047643548,-112.232776781907,-0.853305214099922));
#6690=CARTESIAN_POINT('Ctrl Pts',(173.586595372737,-112.295594773832,-0.847401618163197));
#6691=CARTESIAN_POINT('Ctrl Pts',(173.835041058344,-112.357348800686,-0.841598013004306));
#6692=CARTESIAN_POINT('Ctrl Pts',(174.095356861029,-112.417237707729,-0.835969690648972));
#6693=CARTESIAN_POINT('Ctrl Pts',(174.363245821442,-112.475439191185,-0.830499951316248));
#6694=CARTESIAN_POINT('Ctrl Pts',(174.633514310415,-112.53289246183,-0.825100528559582));
#6695=CARTESIAN_POINT('Ctrl Pts',(174.900583513091,-112.59088596089,-0.819650335471367));
#6696=CARTESIAN_POINT('Ctrl Pts',(175.15895101155,-112.650712975465,-0.814027829731841));
#6697=CARTESIAN_POINT('Ctrl Pts',(175.403681108324,-112.71329298782,-0.808146598967581));
#6698=CARTESIAN_POINT('Ctrl Pts',(175.630864633998,-112.778821259644,-0.801988292606288));
#6699=CARTESIAN_POINT('Ctrl Pts',(175.838134126617,-112.846374839592,-0.795639649043121));
#6700=CARTESIAN_POINT('Ctrl Pts',(176.025056211508,-112.913610960439,-0.789320840089418));
#6701=CARTESIAN_POINT('Ctrl Pts',(176.193827235554,-112.976239292046,-0.783435068311855));
#6702=CARTESIAN_POINT('Ctrl Pts',(176.348573871868,-113.028535059594,-0.778520344498843));
#6703=CARTESIAN_POINT('Ctrl Pts',(176.493976345761,-113.064364234567,-0.775153140847458));
#6704=CARTESIAN_POINT('Ctrl Pts',(176.634044111848,-113.078081626593,-0.773863988849006));
#6705=CARTESIAN_POINT('Ctrl Pts',(176.770959696215,-113.065408688348,-0.775054983728645));
#6706=CARTESIAN_POINT('Ctrl Pts',(176.903569941453,-113.024499570683,-0.778899597244869));
#6707=CARTESIAN_POINT('Ctrl Pts',(177.027334574031,-112.956204623569,-0.785317914034747));
#6708=CARTESIAN_POINT('Ctrl Pts',(177.135679392054,-112.863574187526,-0.794023264987187));
#6709=CARTESIAN_POINT('Ctrl Pts',(177.220942887798,-112.751555821612,-0.804550681569194));
#6710=CARTESIAN_POINT('Ctrl Pts',(177.275530517507,-112.626649834386,-0.816289268812347));
#6711=CARTESIAN_POINT('Ctrl Pts',(177.292857932568,-112.496468598312,-0.828523620671713));
#6712=CARTESIAN_POINT('Ctrl Pts',(177.267671369658,-112.368591974565,-0.840541386493443));
#6713=CARTESIAN_POINT('Ctrl Pts',(177.19642506246,-112.249563800692,-0.851727580481727));
#6714=CARTESIAN_POINT('Ctrl Pts',(177.077675527568,-112.143745461657,-0.861672322381346));
#6715=CARTESIAN_POINT('Ctrl Pts',(176.912355617538,-112.052488005555,-0.870248641530096));
#6716=CARTESIAN_POINT('Ctrl Pts',(176.70334763937,-111.974883066661,-0.877541905575625));
#6717=CARTESIAN_POINT('Ctrl Pts',(176.4551462953,-111.908317235488,-0.883797721121332));
#6718=CARTESIAN_POINT('Ctrl Pts',(176.173486679383,-111.849102604442,-0.889362675436545));
#6719=CARTESIAN_POINT('Ctrl Pts',(175.864987266133,-111.793074545468,-0.894628157683884));
#6720=CARTESIAN_POINT('Ctrl Pts',(175.536786214926,-111.736204354516,-0.899972782972505));
#6721=CARTESIAN_POINT('Ctrl Pts',(175.196181112637,-111.675203688872,-0.905705587711945));
#6722=CARTESIAN_POINT('Ctrl Pts',(174.850265914866,-111.608136822264,-0.912008490257157));
#6723=CARTESIAN_POINT('Ctrl Pts',(174.505572764789,-111.535017582089,-0.918880191118046));
#6724=CARTESIAN_POINT('Ctrl Pts',(174.168023665175,-111.457368691955,-0.926177585673831));
#6725=CARTESIAN_POINT('Ctrl Pts',(173.842878618885,-111.377795189708,-0.933655854082834));
#6726=CARTESIAN_POINT('Ctrl Pts',(173.534684106699,-111.299551663784,-0.941009132141571));
#6727=CARTESIAN_POINT('Ctrl Pts',(173.247223612826,-111.226114275201,-0.947910732392563));
#6728=CARTESIAN_POINT('Ctrl Pts',(172.983462190246,-111.160745715495,-0.954054029107963));
#6729=CARTESIAN_POINT('Ctrl Pts',(172.745505377266,-111.106074833751,-0.959191964680673));
#6730=CARTESIAN_POINT('Ctrl Pts',(172.534524531891,-111.063642920022,-0.963179689627017));
#6731=CARTESIAN_POINT('Ctrl Pts',(172.35076077955,-111.033527575002,-0.966009911081758));
#6732=CARTESIAN_POINT('Ctrl Pts',(172.193333989413,-111.013775478257,-0.967866200888355));
#6733=CARTESIAN_POINT('Ctrl Pts',(172.060854767731,-111.000592022835,-0.969105173855776));
#6734=CARTESIAN_POINT('Ctrl Pts',(171.952841430166,-110.989160371184,-0.970179513390779));
#6735=CARTESIAN_POINT('Ctrl Pts',(171.87066348371,-110.974247910555,-0.971580977195648));
#6736=CARTESIAN_POINT('Ctrl Pts',(171.819242821734,-110.950977138861,-0.973767949892579));
#6737=CARTESIAN_POINT('Ctrl Pts',(171.806344204416,-110.915196074151,-0.977130632171242));
#6738=CARTESIAN_POINT('Ctrl Pts',(171.832294947959,-110.861766613093,-0.982151899797517));
#6739=CARTESIAN_POINT('Ctrl Pts',(171.888754053393,-110.785667879195,-0.98930361163135));
#6740=CARTESIAN_POINT('Ctrl Pts',(171.965507970309,-110.686933969765,-0.998582563228803));
#6741=CARTESIAN_POINT('Ctrl Pts',(172.052929659085,-110.571416473708,-1.00943882589229));
#6742=CARTESIAN_POINT('Ctrl Pts',(172.1420225705,-110.447394093953,-1.02109437225315));
#6743=CARTESIAN_POINT('Ctrl Pts',(172.224935779733,-110.323191489049,-1.03276685606168));
#6744=CARTESIAN_POINT('Ctrl Pts',(172.295292610318,-110.204342087944,-1.04393624909606));
#6745=CARTESIAN_POINT('Ctrl Pts',(172.348610957368,-110.091087086928,-1.05457988387831));
#6746=CARTESIAN_POINT('Ctrl Pts',(172.383562083485,-109.98120015432,-1.06490698967957));
#6747=CARTESIAN_POINT('Ctrl Pts',(172.403141312217,-109.872604208578,-1.07511276933562));
#6748=CARTESIAN_POINT('Ctrl Pts',(172.416024245797,-109.766211683949,-1.08511147284138));
#6749=CARTESIAN_POINT('Ctrl Pts',(172.437404018811,-109.668251450287,-1.09431771486985));
#6750=CARTESIAN_POINT('Ctrl Pts',(172.483147761117,-109.586557039384,-1.10199530495949));
#6751=CARTESIAN_POINT('Ctrl Pts',(172.564729260853,-109.527446185177,-1.10755050639163));
#6752=CARTESIAN_POINT('Ctrl Pts',(172.683166866145,-109.491992002926,-1.11088246845956));
#6753=CARTESIAN_POINT('Ctrl Pts',(172.831960022511,-109.477212577572,-1.11227142969171));
#6754=CARTESIAN_POINT('Ctrl Pts',(173.001288208869,-109.477904916127,-1.1122063641435));
#6755=CARTESIAN_POINT('Ctrl Pts',(173.181454361395,-109.488140725698,-1.11124440910578));
#6756=CARTESIAN_POINT('Ctrl Pts',(173.367383125274,-109.503170109617,-1.10983195692269));
#6757=CARTESIAN_POINT('Ctrl Pts',(173.559908543517,-109.520155781008,-1.10823565405575));
#6758=CARTESIAN_POINT('Ctrl Pts',(173.763345968191,-109.537571100781,-1.10659897310023));
#6759=CARTESIAN_POINT('Ctrl Pts',(173.984006443878,-109.554938203801,-1.10496682352528));
#6760=CARTESIAN_POINT('Ctrl Pts',(174.228346094591,-109.572429986586,-1.10332295662328));
#6761=CARTESIAN_POINT('Ctrl Pts',(174.501230702614,-109.590525858886,-1.10162231776315));
#6762=CARTESIAN_POINT('Ctrl Pts',(174.804246183072,-109.609654840241,-1.09982458795453));
#6763=CARTESIAN_POINT('Ctrl Pts',(175.133760594072,-109.629818994449,-1.09792957324299));
#6764=CARTESIAN_POINT('Ctrl Pts',(175.47978773911,-109.650301809997,-1.09600461093627));
#6765=CARTESIAN_POINT('Ctrl Pts',(175.828359913713,-109.66976974536,-1.09417502644018));
#6766=CARTESIAN_POINT('Ctrl Pts',(176.163411763901,-109.686314344574,-1.09262017526295));
#6767=CARTESIAN_POINT('Ctrl Pts',(176.468829326892,-109.697523449816,-1.09156675050153));
#6768=CARTESIAN_POINT('Ctrl Pts',(176.730486763507,-109.700526574815,-1.09128451867591));
#6769=CARTESIAN_POINT('Ctrl Pts',(176.938153785522,-109.692082535236,-1.0920780842806));
#6770=CARTESIAN_POINT('Ctrl Pts',(177.08777149537,-109.668576527437,-1.09428716432077));
#6771=CARTESIAN_POINT('Ctrl Pts',(177.182839097122,-109.626225167715,-1.09826731885147));
#6772=CARTESIAN_POINT('Ctrl Pts',(177.237978248171,-109.56077799935,-1.10441800315997));
#6773=CARTESIAN_POINT('Ctrl Pts',(177.274771177059,-109.468972641155,-1.11304581380779));
#6774=CARTESIAN_POINT('Ctrl Pts',(177.310954982493,-109.351316158166,-1.12410309713708));
#6775=CARTESIAN_POINT('Ctrl Pts',(177.349342390973,-109.215245060878,-1.13689097450197));
#6776=CARTESIAN_POINT('Ctrl Pts',(177.373173410858,-109.075869402316,-1.14998941248669));
#6777=CARTESIAN_POINT('Ctrl Pts',(177.359485355469,-108.950272356719,-1.1617929449671));
#6778=CARTESIAN_POINT('Ctrl Pts',(177.288030622895,-108.853441107221,-1.17089308576376));
#6779=CARTESIAN_POINT('Ctrl Pts',(177.153691883692,-108.792821987567,-1.17659003304756));
#6780=CARTESIAN_POINT('Ctrl Pts',(176.971910078375,-108.765778676305,-1.17913154667427));
#6781=CARTESIAN_POINT('Ctrl Pts',(176.768310081174,-108.76372013913,-1.17932500672177));
#6782=CARTESIAN_POINT('Ctrl Pts',(176.571384484513,-108.774943153062,-1.17827027483023));
#6783=CARTESIAN_POINT('Ctrl Pts',(176.403787287789,-108.788039291116,-1.17703950789493));
#6784=CARTESIAN_POINT('Ctrl Pts',(176.274639619183,-108.794931695147,-1.17639176403711));
#6785=CARTESIAN_POINT('Ctrl Pts',(176.170268910181,-108.794419784892,-1.17643987304549));
#6786=CARTESIAN_POINT('Ctrl Pts',(176.064117956926,-108.789852790216,-1.17686907637385));
#6787=CARTESIAN_POINT('Ctrl Pts',(175.928601516954,-108.78623664524,-1.17720891943686));
#6788=CARTESIAN_POINT('Ctrl Pts',(175.745773300932,-108.787647836338,-1.17707629657226));
#6789=CARTESIAN_POINT('Ctrl Pts',(175.519777059966,-108.79424587014,-1.17645621744606));
#6790=CARTESIAN_POINT('Ctrl Pts',(175.270608364219,-108.803238752277,-1.17561107195803));
#6791=CARTESIAN_POINT('Ctrl Pts',(175.025769820385,-108.810276624535,-1.17494965708642));
#6792=CARTESIAN_POINT('Ctrl Pts',(174.812961214577,-108.810655678173,-1.17491403386049));
#6793=CARTESIAN_POINT('Ctrl Pts',(174.651690112297,-108.800687190859,-1.17585086611821));
#6794=CARTESIAN_POINT('Ctrl Pts',(174.546842332163,-108.778797521585,-1.17790804366594));
#6795=CARTESIAN_POINT('Ctrl Pts',(174.477743784051,-108.747229649611,-1.18087477270332));
#6796=CARTESIAN_POINT('Ctrl Pts',(174.402638190703,-108.711689150339,-1.18421484679138));
#6797=CARTESIAN_POINT('Ctrl Pts',(174.2801388833,-108.678651918757,-1.18731966533374));
#6798=CARTESIAN_POINT('Ctrl Pts',(174.088769674379,-108.653054793017,-1.18972526734168));
#6799=CARTESIAN_POINT('Ctrl Pts',(173.840231998311,-108.636455912586,-1.19128521983404));
#6800=CARTESIAN_POINT('Ctrl Pts',(173.565660645485,-108.627656587919,-1.19211217491101));
#6801=CARTESIAN_POINT('Ctrl Pts',(173.306530697498,-108.622863239555,-1.19256265081857));
#6802=CARTESIAN_POINT('Ctrl Pts',(173.103960040307,-108.616066252522,-1.19320142744614));
#6803=CARTESIAN_POINT('Ctrl Pts',(172.988151030333,-108.59924804746,-1.19478199193128));
#6804=CARTESIAN_POINT('Ctrl Pts',(172.969053821755,-108.562848316006,-1.19820281612706));
#6805=CARTESIAN_POINT('Ctrl Pts',(173.02314607537,-108.495634095291,-1.20451956691993));
#6806=CARTESIAN_POINT('Ctrl Pts',(173.108258913078,-108.388767564102,-1.21456281726839));
#6807=CARTESIAN_POINT('Ctrl Pts',(173.186109558685,-108.24120252461,-1.22843088819582));
#6808=CARTESIAN_POINT('Ctrl Pts',(173.240337027126,-108.063933330245,-1.24509053718302));
#6809=CARTESIAN_POINT('Ctrl Pts',(173.269760225141,-107.87452091158,-1.26289139886153));
#6810=CARTESIAN_POINT('Ctrl Pts',(173.28308136496,-107.692375940534,-1.28000927031836));
#6811=CARTESIAN_POINT('Ctrl Pts',(173.292830489726,-107.533460304867,-1.29494406323747));
#6812=CARTESIAN_POINT('Ctrl Pts',(173.310162281442,-107.405916625093,-1.30693053919107));
#6813=CARTESIAN_POINT('Ctrl Pts',(173.337945351994,-107.303578338598,-1.3165482279105));
#6814=CARTESIAN_POINT('Ctrl Pts',(173.371383483978,-107.209111179324,-1.32542619297351));
#6815=CARTESIAN_POINT('Ctrl Pts',(173.402504139849,-107.102128462567,-1.33548036236955));
#6816=CARTESIAN_POINT('Ctrl Pts',(173.423442797334,-106.965756531063,-1.34829651194757));
#6817=CARTESIAN_POINT('Ctrl Pts',(173.430226892588,-106.793842423289,-1.36445289321682));
#6818=CARTESIAN_POINT('Ctrl Pts',(173.421963745737,-106.588445599362,-1.38375595939222));
#6819=CARTESIAN_POINT('Ctrl Pts',(173.400116261569,-106.357432352878,-1.40546644107851));
#6820=CARTESIAN_POINT('Ctrl Pts',(173.36774774637,-106.11205318363,-1.42852702327986));
#6821=CARTESIAN_POINT('Ctrl Pts',(173.328763894103,-105.864464215492,-1.45179528101096));
#6822=CARTESIAN_POINT('Ctrl Pts',(173.287193629573,-105.625420361886,-1.47426047417589));
#6823=CARTESIAN_POINT('Ctrl Pts',(173.246362209336,-105.40153748095,-1.49530084852846));
#6824=CARTESIAN_POINT('Ctrl Pts',(173.208408464635,-105.193908019769,-1.51481373656895));
#6825=CARTESIAN_POINT('Ctrl Pts',(173.17460912339,-104.999877959609,-1.53304856133241));
#6826=CARTESIAN_POINT('Ctrl Pts',(173.145543605598,-104.814202398407,-1.55049823546334));
#6827=CARTESIAN_POINT('Ctrl Pts',(173.121320386844,-104.630434266401,-1.56776865058092));
#6828=CARTESIAN_POINT('Ctrl Pts',(173.101781434127,-104.442245730508,-1.58545449251534));
#6829=CARTESIAN_POINT('Ctrl Pts',(173.086705814173,-104.244702773929,-1.60401945710643));
#6830=CARTESIAN_POINT('Ctrl Pts',(173.076040647592,-104.035759275309,-1.62365583757072));
#6831=CARTESIAN_POINT('Ctrl Pts',(173.0698792442,-103.815877248477,-1.64432021413499));
#6832=CARTESIAN_POINT('Ctrl Pts',(173.068389196146,-103.587281904825,-1.66580346281206));
#6833=CARTESIAN_POINT('Ctrl Pts',(173.071757529273,-103.353339110218,-1.6877892616148));
#6834=CARTESIAN_POINT('Ctrl Pts',(173.08012951377,-103.117891547419,-1.70991647759926));
#6835=CARTESIAN_POINT('Ctrl Pts',(173.093548275528,-102.884589145038,-1.73184209273751));
#6836=CARTESIAN_POINT('Ctrl Pts',(173.11189857006,-102.656277000098,-1.75329872657529));
#6837=CARTESIAN_POINT('Ctrl Pts',(173.134837270857,-102.43421829048,-1.77416766643824));
#6838=CARTESIAN_POINT('Ctrl Pts',(173.161792615023,-102.218156121322,-1.79447305514646));
#6839=CARTESIAN_POINT('Ctrl Pts',(173.191994135532,-102.006745234342,-1.81434131923911));
#6840=CARTESIAN_POINT('Ctrl Pts',(173.224492440388,-101.797867217789,-1.83397154573941));
#6841=CARTESIAN_POINT('Ctrl Pts',(173.258183949951,-101.588990181686,-1.85360168009754));
#6842=CARTESIAN_POINT('Ctrl Pts',(173.29183181232,-101.377518615067,-1.87347564682509));
#6843=CARTESIAN_POINT('Ctrl Pts',(173.324092438052,-101.161125731978,-1.89381211582351));
#6844=CARTESIAN_POINT('Ctrl Pts',(173.353529371793,-100.93814936752,-1.91476729631951));
#6845=CARTESIAN_POINT('Ctrl Pts',(173.378697387248,-100.707606560009,-1.93643356644275));
#6846=CARTESIAN_POINT('Ctrl Pts',(173.398250151367,-100.469078686467,-1.95885026812118));
#6847=CARTESIAN_POINT('Ctrl Pts',(173.411039969816,-100.222639480305,-1.98201047193453));
#6848=CARTESIAN_POINT('Ctrl Pts',(173.416221136498,-99.9687651035727,-2.0058694284686));
#6849=CARTESIAN_POINT('Ctrl Pts',(173.413351054697,-99.7082519899282,-2.03035228938195));
#6850=CARTESIAN_POINT('Ctrl Pts',(173.402493905458,-99.4421311911761,-2.0553621570652));
#6851=CARTESIAN_POINT('Ctrl Pts',(173.384319470399,-99.1715845915139,-2.08078795877416));
#6852=CARTESIAN_POINT('Ctrl Pts',(173.360214284535,-98.8978593346792,-2.10651248871358));
#6853=CARTESIAN_POINT('Ctrl Pts',(173.332081449658,-98.6222119484899,-2.13241765917809));
#6854=CARTESIAN_POINT('Ctrl Pts',(173.302126514481,-98.3458535615529,-2.15838964905209));
#6855=CARTESIAN_POINT('Ctrl Pts',(173.272648891549,-98.0698949041995,-2.18432407258763));
#6856=CARTESIAN_POINT('Ctrl Pts',(173.245829916675,-97.7952910043705,-2.21013117685092));
#6857=CARTESIAN_POINT('Ctrl Pts',(173.223524704562,-97.522786929509,-2.23574094086556));
#6858=CARTESIAN_POINT('Ctrl Pts',(173.20704690379,-97.2528609515126,-2.26110841693514));
#6859=CARTESIAN_POINT('Ctrl Pts',(173.196969240448,-96.985673773155,-2.2862185023126));
#6860=CARTESIAN_POINT('Ctrl Pts',(173.192886750649,-96.7210032760046,-2.31109207155044));
#6861=CARTESIAN_POINT('Ctrl Pts',(173.193288855124,-96.4582215821567,-2.33578813222489));
#6862=CARTESIAN_POINT('Ctrl Pts',(173.19589788376,-96.1964533371842,-2.36038894960232));
#6863=CARTESIAN_POINT('Ctrl Pts',(173.197941451833,-95.9347084355131,-2.38498757319076));
#6864=CARTESIAN_POINT('Ctrl Pts',(173.196449564698,-95.6720240026719,-2.4096744933361));
#6865=CARTESIAN_POINT('Ctrl Pts',(173.188543600899,-95.4076040453221,-2.4345245169988));
#6866=CARTESIAN_POINT('Ctrl Pts',(173.171723189348,-95.1409563686511,-2.45958390034222));
#6867=CARTESIAN_POINT('Ctrl Pts',(173.144167009806,-94.8720393562713,-2.48485655444866));
#6868=CARTESIAN_POINT('Ctrl Pts',(173.10499704059,-94.6013841128401,-2.51029256643169));
#6869=CARTESIAN_POINT('Ctrl Pts',(173.05463723781,-94.3302797289178,-2.53577078835962));
#6870=CARTESIAN_POINT('Ctrl Pts',(172.994640134586,-94.0606032998229,-2.56111481197814));
#6871=CARTESIAN_POINT('Ctrl Pts',(172.92732994507,-93.7945272225471,-2.58612047676476));
#6872=CARTESIAN_POINT('Ctrl Pts',(172.855507142884,-93.5342680291326,-2.61057947441232));
#6873=CARTESIAN_POINT('Ctrl Pts',(172.782125255015,-93.2818155169927,-2.6343048049935));
#6874=CARTESIAN_POINT('Ctrl Pts',(172.709984457846,-93.0386757743439,-2.65715492727143));
#6875=CARTESIAN_POINT('Ctrl Pts',(172.641406620952,-92.805595595171,-2.67905965801038));
#6876=CARTESIAN_POINT('Ctrl Pts',(172.577944741867,-92.5823243606727,-2.70004255020995));
#6877=CARTESIAN_POINT('Ctrl Pts',(172.520013542083,-92.3672883576528,-2.72025150046065));
#6878=CARTESIAN_POINT('Ctrl Pts',(172.466768122259,-92.1575416413766,-2.73996336682232));
#6879=CARTESIAN_POINT('Ctrl Pts',(172.416488859327,-91.9492815162932,-2.75953552426532));
#6880=CARTESIAN_POINT('Ctrl Pts',(172.366860014973,-91.7382456461276,-2.7793685445103));
#6881=CARTESIAN_POINT('Ctrl Pts',(172.315289935717,-91.5201550821121,-2.79986456050968));
#6882=CARTESIAN_POINT('Ctrl Pts',(172.259215501016,-91.2911408435177,-2.82138717667378));
#6883=CARTESIAN_POINT('Ctrl Pts',(172.196408655363,-91.0481702052426,-2.8442214066275));
#6884=CARTESIAN_POINT('Ctrl Pts',(172.12529320468,-90.7894906426615,-2.86853195154864));
#6885=CARTESIAN_POINT('Ctrl Pts',(172.045225164751,-90.515015871915,-2.89432692034081));
#6886=CARTESIAN_POINT('Ctrl Pts',(171.956326609948,-90.2260109008259,-2.92148742835309));
#6887=CARTESIAN_POINT('Ctrl Pts',(171.859350614756,-89.9248257982136,-2.94979261757474));
#6888=CARTESIAN_POINT('Ctrl Pts',(171.755534352885,-89.614610902011,-2.97894642119994));
#6889=CARTESIAN_POINT('Ctrl Pts',(171.646457282961,-89.2990400274667,-3.00860357634921));
#6890=CARTESIAN_POINT('Ctrl Pts',(171.53389702536,-88.9820299805054,-3.03839598403));
#6891=CARTESIAN_POINT('Ctrl Pts',(171.419686519805,-88.6674622601192,-3.0679588633734));
#6892=CARTESIAN_POINT('Ctrl Pts',(171.305569967916,-88.3589024314169,-3.09695712478098));
#6893=CARTESIAN_POINT('Ctrl Pts',(171.193060844252,-88.0593237292724,-3.12511134548258));
#6894=CARTESIAN_POINT('Ctrl Pts',(171.083295345783,-87.7708211714798,-3.15222463700472));
#6895=CARTESIAN_POINT('Ctrl Pts',(170.976898204316,-87.494351478848,-3.17820708731891));
#6896=CARTESIAN_POINT('Ctrl Pts',(170.874074793954,-87.2299454589831,-3.20305580114542));
#6897=CARTESIAN_POINT('Ctrl Pts',(170.774692652913,-86.9768983453197,-3.22683701200915));
#6898=CARTESIAN_POINT('Ctrl Pts',(170.678366728559,-86.7339677711477,-3.2496674767633));
#6899=CARTESIAN_POINT('Ctrl Pts',(170.584543640311,-86.499570017507,-3.2716960323339));
#6900=CARTESIAN_POINT('Ctrl Pts',(170.492584976509,-86.2719734893689,-3.29308541294824));
#6901=CARTESIAN_POINT('Ctrl Pts',(170.40185423036,-86.0495015442166,-3.31399318843058));
#6902=CARTESIAN_POINT('Ctrl Pts',(170.311794636375,-85.8307122266279,-3.33455487285758));
#6903=CARTESIAN_POINT('Ctrl Pts',(170.222029487404,-85.6146349325351,-3.35486168299778));
#6904=CARTESIAN_POINT('Ctrl Pts',(170.132381524067,-85.4008022581017,-3.37495754517393));
#6905=CARTESIAN_POINT('Ctrl Pts',(170.042802699441,-85.189055303342,-3.39485739270823));
#6906=CARTESIAN_POINT('Ctrl Pts',(169.953327405457,-84.9794079107749,-3.41455992468929));
#6907=CARTESIAN_POINT('Ctrl Pts',(169.864016420341,-84.771888395846,-3.43406248004911));
#6908=CARTESIAN_POINT('Ctrl Pts',(169.774904184049,-84.5663874553478,-3.45337533103537));
#6909=CARTESIAN_POINT('Ctrl Pts',(169.68594614157,-84.3625114636649,-3.47253547033936));
#6910=CARTESIAN_POINT('Ctrl Pts',(169.596962473491,-84.1594142216893,-3.49162242322865));
#6911=CARTESIAN_POINT('Ctrl Pts',(169.507594028824,-83.9556952163506,-3.51076780905333));
#6912=CARTESIAN_POINT('Ctrl Pts',(169.417329733116,-83.7496852906171,-3.53012849415645));
#6913=CARTESIAN_POINT('Ctrl Pts',(169.325525671052,-83.5396849518078,-3.54986419580654));
#6914=CARTESIAN_POINT('Ctrl Pts',(169.231426973689,-83.3242235654227,-3.5701131233222));
#6915=CARTESIAN_POINT('Ctrl Pts',(169.134189456876,-83.1023038037801,-3.59096900494064));
#6916=CARTESIAN_POINT('Ctrl Pts',(169.032899173082,-82.8736660185508,-3.61245624225087));
#6917=CARTESIAN_POINT('Ctrl Pts',(168.926598005821,-82.6390121848897,-3.63450886406303));
#6918=CARTESIAN_POINT('Ctrl Pts',(168.814293507505,-82.4003286486456,-3.6569401948257));
#6919=CARTESIAN_POINT('Ctrl Pts',(168.695049981243,-82.1607074747288,-3.67945964419555));
#6920=CARTESIAN_POINT('Ctrl Pts',(168.568114314826,-81.9239581431961,-3.70170919959856));
#6921=CARTESIAN_POINT('Ctrl Pts',(168.433029150297,-81.6942884593983,-3.72329341409653));
#6922=CARTESIAN_POINT('Ctrl Pts',(168.289754582243,-81.4759528766211,-3.74381245680724));
#6923=CARTESIAN_POINT('Ctrl Pts',(168.138778691708,-81.2729234887039,-3.76289303281418));
#6924=CARTESIAN_POINT('Ctrl Pts',(167.981250319507,-81.0885310927094,-3.78022211587437));
#6925=CARTESIAN_POINT('Ctrl Pts',(167.819061514847,-80.9251662894401,-3.79557503880645));
#6926=CARTESIAN_POINT('Ctrl Pts',(167.655052540577,-80.7838380524852,-3.80885697889803));
#6927=CARTESIAN_POINT('Ctrl Pts',(167.492761513145,-80.6642578736136,-3.8200950499738));
#6928=CARTESIAN_POINT('Ctrl Pts',(167.335705982139,-80.565455578667,-3.8293804283997));
#6929=CARTESIAN_POINT('Ctrl Pts',(167.186814079093,-80.4862364646752,-3.83682539162019));
#6930=CARTESIAN_POINT('Ctrl Pts',(167.047745675961,-80.4257345015412,-3.84251132860691));
#6931=CARTESIAN_POINT('Ctrl Pts',(166.918373953989,-80.3838520094297,-3.84644741925019));
#6932=CARTESIAN_POINT('Ctrl Pts',(166.795911958522,-80.3619307622303,-3.84850756447176));
#6933=CARTESIAN_POINT('Ctrl Pts',(166.675581721978,-80.3624396134189,-3.84845974295252));
#6934=CARTESIAN_POINT('Ctrl Pts',(166.552274881159,-80.3880434358738,-3.84605351159148));
#6935=CARTESIAN_POINT('Ctrl Pts',(166.421781126018,-80.4409249978003,-3.84108373518593));
#6936=CARTESIAN_POINT('Ctrl Pts',(166.282505119645,-80.5218484963943,-3.83347859495716));
#6937=CARTESIAN_POINT('Ctrl Pts',(166.135543948848,-80.6300430669184,-3.8233105362953));
#6938=CARTESIAN_POINT('Ctrl Pts',(165.983774382946,-80.7635724165382,-3.8107615308005));
#6939=CARTESIAN_POINT('Ctrl Pts',(165.831243387274,-80.9195591861073,-3.7961019909015));
#6940=CARTESIAN_POINT('Ctrl Pts',(165.682416001829,-81.0944707689279,-3.7796639087857));
#6941=CARTESIAN_POINT('Ctrl Pts',(165.541524858312,-81.2843752369449,-3.76181680461408));
#6942=CARTESIAN_POINT('Ctrl Pts',(165.411777115876,-81.4852187857645,-3.74294165241041));
#6943=CARTESIAN_POINT('Ctrl Pts',(165.29497476795,-81.6930629831645,-3.72340858359324));
#6944=CARTESIAN_POINT('Ctrl Pts',(165.191733664043,-81.904270164368,-3.70355946364312));
#6945=CARTESIAN_POINT('Ctrl Pts',(165.101559767494,-82.115702062199,-3.68368922496367));
#6946=CARTESIAN_POINT('Ctrl Pts',(165.022984135553,-82.3249104718236,-3.6640279483274));
#6947=CARTESIAN_POINT('Ctrl Pts',(164.953670198541,-82.5303373947344,-3.64472205346812));
#6948=CARTESIAN_POINT('Ctrl Pts',(164.890538961559,-82.7314969874168,-3.62581719965814));
#6949=CARTESIAN_POINT('Ctrl Pts',(164.829872150934,-82.9291990450517,-3.60723728284841));
#6950=CARTESIAN_POINT('Ctrl Pts',(164.767467154645,-83.1256552079038,-3.58877445445796));
#6951=CARTESIAN_POINT('Ctrl Pts',(164.699117050799,-83.3238205703297,-3.5701509965512));
#6952=CARTESIAN_POINT('Ctrl Pts',(164.621055077849,-83.5268188110749,-3.55107334773617));
#6953=CARTESIAN_POINT('Ctrl Pts',(164.530413989673,-83.7373338048059,-3.5312892791356));
#6954=CARTESIAN_POINT('Ctrl Pts',(164.425676336138,-83.9570185821316,-3.51064343995766));
#6955=CARTESIAN_POINT('Ctrl Pts',(164.307135021505,-84.1858896590228,-3.48913427804168));
#6956=CARTESIAN_POINT('Ctrl Pts',(164.17733439528,-84.4217445891322,-3.46696877792993));
#6957=CARTESIAN_POINT('Ctrl Pts',(164.041560646621,-84.659523468549,-3.44462246625505));
#6958=CARTESIAN_POINT('Ctrl Pts',(163.906782540905,-84.8924175766372,-3.42273522236127));
#6959=CARTESIAN_POINT('Ctrl Pts',(163.780552702892,-85.1130229651655,-3.40200286471326));
#6960=CARTESIAN_POINT('Ctrl Pts',(163.669901118153,-85.3145015376993,-3.38306803337461));
#6961=CARTESIAN_POINT('Ctrl Pts',(163.580282077068,-85.4916849423719,-3.36641644684959));
#6962=CARTESIAN_POINT('Ctrl Pts',(163.514381987732,-85.6423281619379,-3.35225909046711));
#6963=CARTESIAN_POINT('Ctrl Pts',(163.47125900291,-85.7680057730949,-3.34044798648531));
#6964=CARTESIAN_POINT('Ctrl Pts',(163.444655896107,-85.8758986894136,-3.33030827709865));
#6965=CARTESIAN_POINT('Ctrl Pts',(163.424855525357,-85.9767647645968,-3.32082894588558));
#6966=CARTESIAN_POINT('Ctrl Pts',(163.402904028625,-86.080357600478,-3.31109335539257));
#6967=CARTESIAN_POINT('Ctrl Pts',(163.37397556421,-86.1917724079833,-3.30062266085562));
#6968=CARTESIAN_POINT('Ctrl Pts',(163.341458113918,-86.3070096817236,-3.28979273331167));
#6969=CARTESIAN_POINT('Ctrl Pts',(163.312340135755,-86.4179640827285,-3.27936530749221));
#6970=CARTESIAN_POINT('Ctrl Pts',(163.292779379189,-86.5172001506623,-3.2700391633499));
#6971=CARTESIAN_POINT('Ctrl Pts',(163.282559000888,-86.6039710086768,-3.2618844919079));
#6972=CARTESIAN_POINT('Ctrl Pts',(163.273243221263,-86.6861260682152,-3.25416361034509));
#6973=CARTESIAN_POINT('Ctrl Pts',(163.254548336522,-86.7730594999753,-3.24599366032328));
#6974=CARTESIAN_POINT('Ctrl Pts',(163.220104639158,-86.8691210693071,-3.23696585359153));
#6975=CARTESIAN_POINT('Ctrl Pts',(163.170286813455,-86.9709548772071,-3.22739557545768));
#6976=CARTESIAN_POINT('Ctrl Pts',(163.108968886912,-87.0727318157567,-3.21783064187012));
#6977=CARTESIAN_POINT('Ctrl Pts',(163.04181620338,-87.1692954260556,-3.20875565363953));
#6978=CARTESIAN_POINT('Ctrl Pts',(162.973800390098,-87.2605984280281,-3.2001750541181));
#6979=CARTESIAN_POINT('Ctrl Pts',(162.908955386654,-87.3501762896553,-3.1917565822168));
#6980=CARTESIAN_POINT('Ctrl Pts',(162.850270410834,-87.4431369597343,-3.18302019607441));
#6981=CARTESIAN_POINT('Ctrl Pts',(162.799536922182,-87.5441841378064,-3.17352384492411));
#6982=CARTESIAN_POINT('Ctrl Pts',(162.757226197744,-87.6560021790706,-3.16301525472849));
#6983=CARTESIAN_POINT('Ctrl Pts',(162.722299126406,-87.7792954724155,-3.15142822745649));
#6984=CARTESIAN_POINT('Ctrl Pts',(162.692123473574,-87.9126400878967,-3.1388965831615));
#6985=CARTESIAN_POINT('Ctrl Pts',(162.662145518276,-88.0522554702131,-3.12577561608696));
#6986=CARTESIAN_POINT('Ctrl Pts',(162.62628486034,-88.192279816793,-3.11261621480447));
#6987=CARTESIAN_POINT('Ctrl Pts',(162.579316424937,-88.3266059257791,-3.09999233035838));
#6988=CARTESIAN_POINT('Ctrl Pts',(162.519105795168,-88.4505610373943,-3.08834310581563));
#6989=CARTESIAN_POINT('Ctrl Pts',(162.448483109332,-88.5623948100374,-3.07783303719477));
#6990=CARTESIAN_POINT('Ctrl Pts',(162.378338233279,-88.6654949382159,-3.06814375106622));
#6991=CARTESIAN_POINT('Ctrl Pts',(162.32316512324,-88.7660317617665,-3.05869536271745));
#6992=CARTESIAN_POINT('Ctrl Pts',(162.294000020123,-88.8690104438091,-3.04901749002145));
#6993=CARTESIAN_POINT('Ctrl Pts',(162.292537055014,-88.9750604480464,-3.03905097636968));
#6994=CARTESIAN_POINT('Ctrl Pts',(162.303968173697,-89.0763974757885,-3.02952738532709));
#6995=CARTESIAN_POINT('Ctrl Pts',(162.307661685542,-89.1640157923764,-3.02129307025376));
#6996=CARTESIAN_POINT('Ctrl Pts',(162.287693933897,-89.2345921557277,-3.01466034738032));
#6997=CARTESIAN_POINT('Ctrl Pts',(162.24554348957,-89.2992554192259,-3.00858333396521));
#6998=CARTESIAN_POINT('Ctrl Pts',(162.19377846105,-89.3762908603644,-3.00134359096568));
#6999=CARTESIAN_POINT('Ctrl Pts',(162.145299887983,-89.4799194293522,-2.99160464229747));
#7000=CARTESIAN_POINT('Ctrl Pts',(162.105265878648,-89.6118180854196,-2.97920888837177));
#7001=CARTESIAN_POINT('Ctrl Pts',(162.073649671087,-89.7656229855638,-2.96475439920866));
#7002=CARTESIAN_POINT('Ctrl Pts',(162.047136459799,-89.9306047258061,-2.94924951754229));
#7003=CARTESIAN_POINT('Ctrl Pts',(162.021119114113,-90.0953669448567,-2.93376526634142));
#7004=CARTESIAN_POINT('Ctrl Pts',(161.991994686769,-90.252218393885,-2.91902446440291));
#7005=CARTESIAN_POINT('Ctrl Pts',(161.958003508618,-90.3986028726588,-2.90526734183985));
#7006=CARTESIAN_POINT('Ctrl Pts',(161.918475663671,-90.5353460848755,-2.89241629953065));
#7007=CARTESIAN_POINT('Ctrl Pts',(161.873487475126,-90.6657425679243,-2.88016171889395));
#7008=CARTESIAN_POINT('Ctrl Pts',(161.823391777204,-90.7943322352861,-2.86807694167536));
#7009=CARTESIAN_POINT('Ctrl Pts',(161.768297994192,-90.9257268436485,-2.85572855784048));
#7010=CARTESIAN_POINT('Ctrl Pts',(161.708156148671,-91.0638952997298,-2.84274357199648));
#7011=CARTESIAN_POINT('Ctrl Pts',(161.643105350079,-91.2117222224828,-2.8288508894425));
#7012=CARTESIAN_POINT('Ctrl Pts',(161.573758155751,-91.3704269312973,-2.81393591929823));
#7013=CARTESIAN_POINT('Ctrl Pts',(161.501461185183,-91.5391490826869,-2.79807951611113));
#7014=CARTESIAN_POINT('Ctrl Pts',(161.42869353158,-91.7141892127289,-2.78162935320715));
#7015=CARTESIAN_POINT('Ctrl Pts',(161.358731783066,-91.8898428573986,-2.76512153257882));
#7016=CARTESIAN_POINT('Ctrl Pts',(161.294963333816,-92.0599792997548,-2.74913221520348));
#7017=CARTESIAN_POINT('Ctrl Pts',(161.240308860374,-92.2193905334161,-2.73415084629212));
#7018=CARTESIAN_POINT('Ctrl Pts',(161.196604793777,-92.3652236545686,-2.72044553997648));
#7019=CARTESIAN_POINT('Ctrl Pts',(161.163990376348,-92.4984056389455,-2.70792917965186));
#7020=CARTESIAN_POINT('Ctrl Pts',(161.140325602252,-92.6249972817766,-2.69603217553998));
#7021=CARTESIAN_POINT('Ctrl Pts',(161.122284925591,-92.753548886174,-2.6839509754552));
#7022=CARTESIAN_POINT('Ctrl Pts',(161.106496786025,-92.8923734750165,-2.67090432666107));
#7023=CARTESIAN_POINT('Ctrl Pts',(161.0905237823,-93.0471362982456,-2.65635981248031));
#7024=CARTESIAN_POINT('Ctrl Pts',(161.074257871867,-93.2176126751874,-2.64033854826336));
#7025=CARTESIAN_POINT('Ctrl Pts',(161.059565864879,-93.3979622108352,-2.62338941071215));
#7026=CARTESIAN_POINT('Ctrl Pts',(161.048781746653,-93.5793380075205,-2.60634382578488));
#7027=CARTESIAN_POINT('Ctrl Pts',(161.043513317981,-93.7518325730717,-2.59013289345361));
#7028=CARTESIAN_POINT('Ctrl Pts',(161.043383437684,-93.9066261596802,-2.57558548814953));
#7029=CARTESIAN_POINT('Ctrl Pts',(161.044646360659,-94.0382179875389,-2.56321856974866));
#7030=CARTESIAN_POINT('Ctrl Pts',(161.03932289229,-94.1461044145073,-2.55307947022712));
#7031=CARTESIAN_POINT('Ctrl Pts',(161.018432202026,-94.2318354259558,-2.54502252292074));
#7032=CARTESIAN_POINT('Ctrl Pts',(160.974438681712,-94.2969874467365,-2.53889957639923));
#7033=CARTESIAN_POINT('Ctrl Pts',(160.904741399125,-94.339887617524,-2.53486784494489));
#7034=CARTESIAN_POINT('Ctrl Pts',(160.811038417295,-94.3573022513899,-2.5332312284505));
#7035=CARTESIAN_POINT('Ctrl Pts',(160.696703923114,-94.3484613122698,-2.534062094428));
#7036=CARTESIAN_POINT('Ctrl Pts',(160.564680350175,-94.3185968636129,-2.5368687367981));
#7037=CARTESIAN_POINT('Ctrl Pts',(160.417663982492,-94.2767888842869,-2.540797824776));
#7038=CARTESIAN_POINT('Ctrl Pts',(160.258573636195,-94.2332671475543,-2.54488797061252));
#7039=CARTESIAN_POINT('Ctrl Pts',(160.090848086974,-94.1970774341103,-2.54828905744591));
#7040=CARTESIAN_POINT('Ctrl Pts',(159.918958415905,-94.1732249964256,-2.55053069475204));
#7041=CARTESIAN_POINT('Ctrl Pts',(159.748376896578,-94.1612139096276,-2.55165948924295));
#7042=CARTESIAN_POINT('Ctrl Pts',(159.584127656169,-94.1573160831961,-2.5520258045545));
#7043=CARTESIAN_POINT('Ctrl Pts',(159.429573038983,-94.1561768479983,-2.55213286917211));
#7044=CARTESIAN_POINT('Ctrl Pts',(159.285153392204,-94.152648279953,-2.55246448180945));
#7045=CARTESIAN_POINT('Ctrl Pts',(159.147037552723,-94.1436061935638,-2.5533142514826));
#7046=CARTESIAN_POINT('Ctrl Pts',(159.006129139195,-94.1295406256289,-2.55463612483707));
#7047=CARTESIAN_POINT('Ctrl Pts',(158.851247291755,-94.1131569101308,-2.55617585626239));
#7048=CARTESIAN_POINT('Ctrl Pts',(158.671897980185,-94.0982364486051,-2.55757807198652));
#7049=CARTESIAN_POINT('Ctrl Pts',(158.461384220088,-94.088345557917,-2.55850761176146));
#7050=CARTESIAN_POINT('Ctrl Pts',(158.219353677275,-94.0857293359453,-2.55875348268042));
#7051=CARTESIAN_POINT('Ctrl Pts',(157.95563959046,-94.0898235094767,-2.55836871479015));
#7052=CARTESIAN_POINT('Ctrl Pts',(157.688549543724,-94.0973665548213,-2.55765982406503));
#7053=CARTESIAN_POINT('Ctrl Pts',(157.439808357715,-94.1034675040003,-2.55708646064351));
#7054=CARTESIAN_POINT('Ctrl Pts',(157.230540274576,-94.102383906745,-2.55718829644178));
#7055=CARTESIAN_POINT('Ctrl Pts',(157.076770972208,-94.0884191428248,-2.55850069629745));
#7056=CARTESIAN_POINT('Ctrl Pts',(156.985251346599,-94.0567697673938,-2.5614750849792));
#7057=CARTESIAN_POINT('Ctrl Pts',(156.948872144157,-94.0043916663326,-2.56639754644475));
#7058=CARTESIAN_POINT('Ctrl Pts',(156.942923340641,-93.9308617194035,-2.57330784527174));
#7059=CARTESIAN_POINT('Ctrl Pts',(156.938284469446,-93.8379589826752,-2.58203878687375));
#7060=CARTESIAN_POINT('Ctrl Pts',(156.917453074012,-93.7294039687592,-2.59224071978212));
#7061=CARTESIAN_POINT('Ctrl Pts',(156.876072265594,-93.6099038040242,-2.60347127117894));
#7062=CARTESIAN_POINT('Ctrl Pts',(156.816969055981,-93.4837890032053,-2.61532346197414));
#7063=CARTESIAN_POINT('Ctrl Pts',(156.746759782415,-93.3538882250228,-2.62753145657482));
#7064=CARTESIAN_POINT('Ctrl Pts',(156.670860349614,-93.2200322563906,-2.64011115752191));
#7065=CARTESIAN_POINT('Ctrl Pts',(156.593029753993,-93.0796820977922,-2.65330117841592));
#7066=CARTESIAN_POINT('Ctrl Pts',(156.515812485782,-92.9290790948342,-2.66745475526651));
#7067=CARTESIAN_POINT('Ctrl Pts',(156.440695984466,-92.7642553272832,-2.68294479075728));
#7068=CARTESIAN_POINT('Ctrl Pts',(156.368379193415,-92.5820210074462,-2.7000710591581));
#7069=CARTESIAN_POINT('Ctrl Pts',(156.299011503297,-92.3811604239192,-2.71894781227303));
#7070=CARTESIAN_POINT('Ctrl Pts',(156.232378465682,-92.1628117492128,-2.73946808535512));
#7071=CARTESIAN_POINT('Ctrl Pts',(156.167977751473,-91.9297334277416,-2.76137264150842));
#7072=CARTESIAN_POINT('Ctrl Pts',(156.1051237679,-91.6858500032364,-2.78429265454617));
#7073=CARTESIAN_POINT('Ctrl Pts',(156.043041306306,-91.435681005196,-2.80780338188795));
#7074=CARTESIAN_POINT('Ctrl Pts',(155.980962167881,-91.1838282339033,-2.83147234919613));
#7075=CARTESIAN_POINT('Ctrl Pts',(155.918224501194,-90.9344185151586,-2.85491171994043));
#7076=CARTESIAN_POINT('Ctrl Pts',(155.854361600965,-90.6906111565826,-2.8778245843493));
#7077=CARTESIAN_POINT('Ctrl Pts',(155.789219280849,-90.4539607633139,-2.9000648415956));
#7078=CARTESIAN_POINT('Ctrl Pts',(155.722918465622,-90.2245347191567,-2.92162615899119));
#7079=CARTESIAN_POINT('Ctrl Pts',(155.655759447466,-90.0013134000714,-2.94260436017118));
#7080=CARTESIAN_POINT('Ctrl Pts',(155.588144846585,-89.7824992928334,-2.96316837431405));
#7081=CARTESIAN_POINT('Ctrl Pts',(155.520495507322,-89.5658617570187,-2.98352783562393));
#7082=CARTESIAN_POINT('Ctrl Pts',(155.453167725045,-89.3490719003526,-3.003901611953));
#7083=CARTESIAN_POINT('Ctrl Pts',(155.3863738616,-89.1300291057695,-3.02448711799079));
#7084=CARTESIAN_POINT('Ctrl Pts',(155.320092005839,-88.9072213614207,-3.04542645167345));
#7085=CARTESIAN_POINT('Ctrl Pts',(155.254009313491,-88.6799789122625,-3.06678255616476));
#7086=CARTESIAN_POINT('Ctrl Pts',(155.187607678879,-88.4482753668059,-3.08855791172051));
#7087=CARTESIAN_POINT('Ctrl Pts',(155.120228490401,-88.212595062119,-3.11070700064331));
#7088=CARTESIAN_POINT('Ctrl Pts',(155.051145977756,-87.9737738229524,-3.13315127264126));
#7089=CARTESIAN_POINT('Ctrl Pts',(154.979635921292,-87.7328527528702,-3.15579288544686));
#7090=CARTESIAN_POINT('Ctrl Pts',(154.905048620043,-87.4909224958787,-3.17852934101254));
#7091=CARTESIAN_POINT('Ctrl Pts',(154.826874743499,-87.248980760531,-3.20126687530702));
#7092=CARTESIAN_POINT('Ctrl Pts',(154.744827126428,-87.0077618052936,-3.22393648317483));
#7093=CARTESIAN_POINT('Ctrl Pts',(154.658870705435,-86.7676560022222,-3.24650147769218));
#7094=CARTESIAN_POINT('Ctrl Pts',(154.569168213778,-86.5287753542248,-3.26895133289522));
#7095=CARTESIAN_POINT('Ctrl Pts',(154.476045348712,-86.290985317972,-3.29129869308264));
#7096=CARTESIAN_POINT('Ctrl Pts',(154.379948102357,-86.0539501262988,-3.31357511344443));
#7097=CARTESIAN_POINT('Ctrl Pts',(154.281403436393,-85.8171724872554,-3.33582732916976));
#7098=CARTESIAN_POINT('Ctrl Pts',(154.180978535607,-85.5800353550061,-3.35811332984369));
#7099=CARTESIAN_POINT('Ctrl Pts',(154.079240633317,-85.3418436167511,-3.38049844173624));
#7100=CARTESIAN_POINT('Ctrl Pts',(153.976716686451,-85.1018638773943,-3.40305158886385));
#7101=CARTESIAN_POINT('Ctrl Pts',(153.87385283421,-84.8593709734846,-3.42584092163809));
#7102=CARTESIAN_POINT('Ctrl Pts',(153.770972737782,-84.6137228207433,-3.44892678274139));
#7103=CARTESIAN_POINT('Ctrl Pts',(153.668235868228,-84.3644312478639,-3.47235505021052));
#7104=CARTESIAN_POINT('Ctrl Pts',(153.565596287124,-84.1112340488571,-3.49615036600177));
#7105=CARTESIAN_POINT('Ctrl Pts',(153.462760136153,-83.8541673159382,-3.52030933819115));
#7106=CARTESIAN_POINT('Ctrl Pts',(153.359146185139,-83.5936358006484,-3.54479392847972));
#7107=CARTESIAN_POINT('Ctrl Pts',(153.253839244149,-83.3304884287091,-3.56952435535449));
#7108=CARTESIAN_POINT('Ctrl Pts',(153.145560248361,-83.0660815367631,-3.59437315113865));
#7109=CARTESIAN_POINT('Ctrl Pts',(153.032595502067,-82.8023722972118,-3.61915638198326));
#7110=CARTESIAN_POINT('Ctrl Pts',(152.912877849573,-82.5418997286947,-3.64363543249068));
#7111=CARTESIAN_POINT('Ctrl Pts',(152.784215019826,-82.287656563558,-3.66752904753037));
#7112=CARTESIAN_POINT('Ctrl Pts',(152.644478149769,-82.0429909840203,-3.69052256701316));
#7113=CARTESIAN_POINT('Ctrl Pts',(152.491805765186,-81.8114960306858,-3.71227831921059));
#7114=CARTESIAN_POINT('Ctrl Pts',(152.32480304671,-81.5969045528513,-3.73244549325997));
#7115=CARTESIAN_POINT('Ctrl Pts',(152.142738706749,-81.402981169432,-3.75067029260954));
#7116=CARTESIAN_POINT('Ctrl Pts',(151.945753173513,-81.2334169241935,-3.76660583525449));
#7117=CARTESIAN_POINT('Ctrl Pts',(151.73503774652,-81.0917194735553,-3.77992247381913));
#7118=CARTESIAN_POINT('Ctrl Pts',(151.513089268866,-80.9811137956442,-3.79031712685844));
#7119=CARTESIAN_POINT('Ctrl Pts',(151.283451888568,-80.9043739565505,-3.79752908936106));
#7120=CARTESIAN_POINT('Ctrl Pts',(151.050334425392,-80.863639787258,-3.80135726133773));
#7121=CARTESIAN_POINT('Ctrl Pts',(150.818267733903,-80.8602355590567,-3.80167718859361));
#7122=CARTESIAN_POINT('Ctrl Pts',(150.591750643253,-80.8944948177855,-3.79845752469755));
#7123=CARTESIAN_POINT('Ctrl Pts',(150.37488844225,-80.9655663860969,-3.79177826276897));
#7124=CARTESIAN_POINT('Ctrl Pts',(150.171063509683,-81.0712663554417,-3.78184464517939));
#7125=CARTESIAN_POINT('Ctrl Pts',(149.982519177598,-81.2078148101022,-3.76901190606458));
#7126=CARTESIAN_POINT('Ctrl Pts',(149.810330521152,-81.3700792707245,-3.7537623926523));
#7127=CARTESIAN_POINT('Ctrl Pts',(149.654603670653,-81.5521149501854,-3.73665479235088));
#7128=CARTESIAN_POINT('Ctrl Pts',(149.514605138171,-81.7476169214692,-3.71828163829246));
#7129=CARTESIAN_POINT('Ctrl Pts',(149.38892057895,-81.950403263256,-3.69922390361017));
#7130=CARTESIAN_POINT('Ctrl Pts',(149.275599841539,-82.1548975485731,-3.68000565745375));
#7131=CARTESIAN_POINT('Ctrl Pts',(149.172310445333,-82.3565822078913,-3.66105145820687));
#7132=CARTESIAN_POINT('Ctrl Pts',(149.076481351659,-82.5525352209825,-3.64263591551902));
#7133=CARTESIAN_POINT('Ctrl Pts',(148.985469863053,-82.7417078562632,-3.62485758853425));
#7134=CARTESIAN_POINT('Ctrl Pts',(148.896791694539,-82.9244110788392,-3.60768725294473));
#7135=CARTESIAN_POINT('Ctrl Pts',(148.808343809386,-83.10193711745,-3.59100346589461));
#7136=CARTESIAN_POINT('Ctrl Pts',(148.718622512999,-83.2761331639376,-3.57463262943978));
#7137=CARTESIAN_POINT('Ctrl Pts',(148.62696092094,-83.448983086379,-3.55838830088828));
#7138=CARTESIAN_POINT('Ctrl Pts',(148.533717453372,-83.6222147646409,-3.54210809516143));
#7139=CARTESIAN_POINT('Ctrl Pts',(148.440589666437,-83.7968219142324,-3.52569862349176));
#7140=CARTESIAN_POINT('Ctrl Pts',(148.350259352081,-83.9730591374392,-3.50913595851432));
#7141=CARTESIAN_POINT('Ctrl Pts',(148.265770987744,-84.1506210198489,-3.4924488028862));
#7142=CARTESIAN_POINT('Ctrl Pts',(148.190011384155,-84.3287614494093,-3.47570727575553));
#7143=CARTESIAN_POINT('Ctrl Pts',(148.125115080881,-84.506437481378,-3.45900939242264));
#7144=CARTESIAN_POINT('Ctrl Pts',(148.071976061009,-84.682443553512,-3.4424684508797));
#7145=CARTESIAN_POINT('Ctrl Pts',(148.029529736146,-84.855547673305,-3.42620023301868));
#7146=CARTESIAN_POINT('Ctrl Pts',(147.994861755224,-85.0246351704292,-3.41030949486594));
#7147=CARTESIAN_POINT('Ctrl Pts',(147.964132739754,-85.188861540733,-3.39487560239809));
#7148=CARTESIAN_POINT('Ctrl Pts',(147.933287234069,-85.3478045310939,-3.37993823870182));
#7149=CARTESIAN_POINT('Ctrl Pts',(147.898839220994,-85.501612542078,-3.3654834571839));
#7150=CARTESIAN_POINT('Ctrl Pts',(147.858652156697,-85.6511640222644,-3.35142870179148));
#7151=CARTESIAN_POINT('Ctrl Pts',(147.812643632916,-85.7981953410791,-3.33761078960238));
#7152=CARTESIAN_POINT('Ctrl Pts',(147.762129557754,-85.9449622659666,-3.32381772499066));
#7153=CARTESIAN_POINT('Ctrl Pts',(147.709248576004,-86.0939280131203,-3.30981801642552));
#7154=CARTESIAN_POINT('Ctrl Pts',(147.656357035902,-86.2474417040986,-3.29539089491928));
#7155=CARTESIAN_POINT('Ctrl Pts',(147.605434038395,-86.4074198471095,-3.2803562482187));
#7156=CARTESIAN_POINT('Ctrl Pts',(147.557488956906,-86.575029259487,-3.26460441955412));
#7157=CARTESIAN_POINT('Ctrl Pts',(147.512778966706,-86.7505841419854,-3.24810588053341));
#7158=CARTESIAN_POINT('Ctrl Pts',(147.471015721309,-86.9334462907316,-3.23092060916093));
#7159=CARTESIAN_POINT('Ctrl Pts',(147.431579348612,-87.1219131057853,-3.21320861472352));
#7160=CARTESIAN_POINT('Ctrl Pts',(147.393722029839,-87.3131358306879,-3.19523762158706));
#7161=CARTESIAN_POINT('Ctrl Pts',(147.35679348328,-87.502965010618,-3.17739759294318));
#7162=CARTESIAN_POINT('Ctrl Pts',(147.320404851419,-87.6860069726031,-3.16019542283399));
#7163=CARTESIAN_POINT('Ctrl Pts',(147.284240744619,-87.8569174062355,-3.14413336623835));
#7164=CARTESIAN_POINT('Ctrl Pts',(147.247919737061,-88.0115084256765,-3.12960499807108));
#7165=CARTESIAN_POINT('Ctrl Pts',(147.210823738432,-88.1480040714927,-3.11677722189873));
#7166=CARTESIAN_POINT('Ctrl Pts',(147.171969122734,-88.2680570467595,-3.10549471771085));
#7167=CARTESIAN_POINT('Ctrl Pts',(147.129786415866,-88.3783202428095,-3.09513225090452));
#7168=CARTESIAN_POINT('Ctrl Pts',(147.082402234311,-88.4889485120954,-3.08473547474181));
#7169=CARTESIAN_POINT('Ctrl Pts',(147.028122483816,-88.6109007049711,-3.07327448326048));
#7170=CARTESIAN_POINT('Ctrl Pts',(146.965807167686,-88.7538368746074,-3.05984143065236));
#7171=CARTESIAN_POINT('Ctrl Pts',(146.895391335058,-88.9232874664713,-3.04391656908109));
#7172=CARTESIAN_POINT('Ctrl Pts',(146.817908551724,-89.1202014407344,-3.02541071585805));
#7173=CARTESIAN_POINT('Ctrl Pts',(146.735149040968,-89.3422246522223,-3.00454511208729));
#7174=CARTESIAN_POINT('Ctrl Pts',(146.649423172722,-89.5844802479493,-2.98177808138894));
#7175=CARTESIAN_POINT('Ctrl Pts',(146.563281515757,-89.8405541587561,-2.95771241400615));
#7176=CARTESIAN_POINT('Ctrl Pts',(146.479253784711,-90.1033917934582,-2.93301109604492));
#7177=CARTESIAN_POINT('Ctrl Pts',(146.399579007005,-90.366235040076,-2.90830925067931));
#7178=CARTESIAN_POINT('Ctrl Pts',(146.325941004013,-90.6235369561327,-2.88412817612445));
#7179=CARTESIAN_POINT('Ctrl Pts',(146.259197353255,-90.8718997146777,-2.86078719805065));
#7180=CARTESIAN_POINT('Ctrl Pts',(146.199507643846,-91.109729178968,-2.83843613244071));
#7181=CARTESIAN_POINT('Ctrl Pts',(146.146466440864,-91.3368752037692,-2.81708908985068));
#7182=CARTESIAN_POINT('Ctrl Pts',(146.099234903179,-91.5542750743092,-2.79665798479593));
#7183=CARTESIAN_POINT('Ctrl Pts',(146.056672119335,-91.763600264283,-2.77698573321483));
#7184=CARTESIAN_POINT('Ctrl Pts',(146.017468530729,-91.9668910256623,-2.75788059349196));
#7185=CARTESIAN_POINT('Ctrl Pts',(145.980273856479,-92.1662213360626,-2.73914765449678));
#7186=CARTESIAN_POINT('Ctrl Pts',(145.943838793788,-92.3632884510929,-2.72062740919939));
#7187=CARTESIAN_POINT('Ctrl Pts',(145.907104183752,-92.5592899522904,-2.70220730962937));
#7188=CARTESIAN_POINT('Ctrl Pts',(145.869243295155,-92.7550595497785,-2.68380900422619));
#7189=CARTESIAN_POINT('Ctrl Pts',(145.829716640286,-92.9511303490876,-2.6653823920626));
#7190=CARTESIAN_POINT('Ctrl Pts',(145.788322818463,-93.147828764102,-2.64689679696413));
#7191=CARTESIAN_POINT('Ctrl Pts',(145.745248382111,-93.3453531779516,-2.6283335750072));
#7192=CARTESIAN_POINT('Ctrl Pts',(145.701124493901,-93.5438642081099,-2.60967763146125));
#7193=CARTESIAN_POINT('Ctrl Pts',(145.657062381461,-93.7435555660659,-2.59091076144063));
#7194=CARTESIAN_POINT('Ctrl Pts',(145.614463489284,-93.9445523072187,-2.57202121231644));
#7195=CARTESIAN_POINT('Ctrl Pts',(145.57484489486,-94.1468187341145,-2.55301233891328));
#7196=CARTESIAN_POINT('Ctrl Pts',(145.539662373672,-94.3500685727485,-2.53391104508464));
#7197=CARTESIAN_POINT('Ctrl Pts',(145.510126602756,-94.5536607239128,-2.51477758093662));
#7198=CARTESIAN_POINT('Ctrl Pts',(145.487040646913,-94.7565326051414,-2.49571180731062));
#7199=CARTESIAN_POINT('Ctrl Pts',(145.470582796065,-94.9570393501183,-2.47686830772327));
#7200=CARTESIAN_POINT('Ctrl Pts',(145.460299222968,-95.1531548985689,-2.45843749006311));
#7201=CARTESIAN_POINT('Ctrl Pts',(145.455285843689,-95.3430098402098,-2.44059504034962));
#7202=CARTESIAN_POINT('Ctrl Pts',(145.454316485685,-95.5253179734208,-2.42346183501367));
#7203=CARTESIAN_POINT('Ctrl Pts',(145.455995088687,-95.6998863147442,-2.40705601052098));
#7204=CARTESIAN_POINT('Ctrl Pts',(145.45889291507,-95.8680017773397,-2.39125662357063));
#7205=CARTESIAN_POINT('Ctrl Pts',(145.461703768907,-96.0330869894149,-2.37574201768555));
#7206=CARTESIAN_POINT('Ctrl Pts',(145.463346895378,-96.2003968222387,-2.36001834332169));
#7207=CARTESIAN_POINT('Ctrl Pts',(145.463019185554,-96.3756803698079,-2.34354530418941));
#7208=CARTESIAN_POINT('Ctrl Pts',(145.4602576216,-96.5641491571363,-2.32583312439886));
#7209=CARTESIAN_POINT('Ctrl Pts',(145.455004377997,-96.76925406603,-2.30655749221727));
#7210=CARTESIAN_POINT('Ctrl Pts',(145.447654965711,-96.9916979805623,-2.28565235103521));
#7211=CARTESIAN_POINT('Ctrl Pts',(145.439153537538,-97.2279593904666,-2.26344865020435));
#7212=CARTESIAN_POINT('Ctrl Pts',(145.430874514096,-97.4709076394904,-2.24061652437858));
#7213=CARTESIAN_POINT('Ctrl Pts',(145.424383817341,-97.7115863462309,-2.21799768872958));
#7214=CARTESIAN_POINT('Ctrl Pts',(145.421234504652,-97.9406593674622,-2.19646954820971));
#7215=CARTESIAN_POINT('Ctrl Pts',(145.422753842388,-98.1499509037897,-2.17680045937743));
#7216=CARTESIAN_POINT('Ctrl Pts',(145.429820930732,-98.3340503883268,-2.15949890395441));
#7217=CARTESIAN_POINT('Ctrl Pts',(145.442679095278,-98.491643408976,-2.14468840957471));
#7218=CARTESIAN_POINT('Ctrl Pts',(145.460656058633,-98.6275802094304,-2.13191315334299));
#7219=CARTESIAN_POINT('Ctrl Pts',(145.482286925401,-98.7517025595809,-2.12024821182638));
#7220=CARTESIAN_POINT('Ctrl Pts',(145.505693456723,-98.8755660984236,-2.10860759323602));
#7221=CARTESIAN_POINT('Ctrl Pts',(145.528877955946,-99.0099283540554,-2.09598031175058));
#7222=CARTESIAN_POINT('Ctrl Pts',(145.550070469949,-99.1616259366845,-2.0817238669811));
#7223=CARTESIAN_POINT('Ctrl Pts',(145.567998480952,-99.3316132093722,-2.06574856847872));
#7224=CARTESIAN_POINT('Ctrl Pts',(145.581925710515,-99.5170063012797,-2.04832544063701));
#7225=CARTESIAN_POINT('Ctrl Pts',(145.591718581574,-99.712495166919,-2.02995351823894));
#7226=CARTESIAN_POINT('Ctrl Pts',(145.597914677608,-99.9120654021216,-2.01119803125959));
#7227=CARTESIAN_POINT('Ctrl Pts',(145.601761177263,-100.110443061224,-1.99255462184281));
#7228=CARTESIAN_POINT('Ctrl Pts',(145.605337520981,-100.305013011988,-1.97426905849503));
#7229=CARTESIAN_POINT('Ctrl Pts',(145.611382412268,-100.496246257564,-1.95629707663218));
#7230=CARTESIAN_POINT('Ctrl Pts',(145.622703967955,-100.686084077758,-1.93845623598161));
#7231=CARTESIAN_POINT('Ctrl Pts',(145.641701303565,-100.876846901812,-1.92052846404179));
#7232=CARTESIAN_POINT('Ctrl Pts',(145.669821680982,-101.069878167607,-1.90238750535348));
#7233=CARTESIAN_POINT('Ctrl Pts',(145.707089708694,-101.264422868387,-1.88410431498358));
#7234=CARTESIAN_POINT('Ctrl Pts',(145.751498912666,-101.456114480497,-1.86608925611803));
#7235=CARTESIAN_POINT('Ctrl Pts',(145.798790687544,-101.636522197689,-1.84913465070138));
#7236=CARTESIAN_POINT('Ctrl Pts',(145.843632045505,-101.796436972608,-1.83410595929483));
#7237=CARTESIAN_POINT('Ctrl Pts',(145.880591291872,-101.928670173696,-1.82167876503551));
#7238=CARTESIAN_POINT('Ctrl Pts',(145.905159312097,-102.030845933427,-1.81207635048052));
#7239=CARTESIAN_POINT('Ctrl Pts',(145.914829173775,-102.108652759699,-1.80476411318441));
#7240=CARTESIAN_POINT('Ctrl Pts',(145.909940978213,-102.177680161507,-1.79827696075654));
#7241=CARTESIAN_POINT('Ctrl Pts',(145.892469539371,-102.254394396938,-1.79106740447028));
#7242=CARTESIAN_POINT('Ctrl Pts',(145.86458085278,-102.345259124169,-1.7825279937373));
#7243=CARTESIAN_POINT('Ctrl Pts',(145.828518764141,-102.445452398247,-1.77311189195502));
#7244=CARTESIAN_POINT('Ctrl Pts',(145.787559935715,-102.54649584843,-1.76361589114941));
#7245=CARTESIAN_POINT('Ctrl Pts',(145.747075891714,-102.642288012837,-1.75461340292542));
#7246=CARTESIAN_POINT('Ctrl Pts',(145.714330624916,-102.733123395254,-1.74607674999998));
#7247=CARTESIAN_POINT('Ctrl Pts',(145.6951001569,-102.822093186827,-1.73771542414533));
#7248=CARTESIAN_POINT('Ctrl Pts',(145.690711892059,-102.913000869939,-1.72917197644537));
#7249=CARTESIAN_POINT('Ctrl Pts',(145.695500782808,-103.007922407635,-1.72025130917998));
#7250=CARTESIAN_POINT('Ctrl Pts',(145.701317409996,-103.108022146677,-1.71084399776235));
#7251=CARTESIAN_POINT('Ctrl Pts',(145.701378679371,-103.214001323892,-1.70088414039026));
#7252=CARTESIAN_POINT('Ctrl Pts',(145.694515198394,-103.326721764822,-1.69029074323349));
#7253=CARTESIAN_POINT('Ctrl Pts',(145.683109716559,-103.44671692095,-1.6790136728524));
#7254=CARTESIAN_POINT('Ctrl Pts',(145.671007658206,-103.573751066244,-1.66707508263341));
#7255=CARTESIAN_POINT('Ctrl Pts',(145.661249550709,-103.706259679575,-1.65462200530222));
#7256=CARTESIAN_POINT('Ctrl Pts',(145.654430248631,-103.841134937348,-1.64194651219356));
#7257=CARTESIAN_POINT('Ctrl Pts',(145.649678185659,-103.974894031399,-1.62937591545952));
#7258=CARTESIAN_POINT('Ctrl Pts',(145.645250661547,-104.104657257078,-1.6171808479579));
#7259=CARTESIAN_POINT('Ctrl Pts',(145.639268314628,-104.229171058473,-1.60547911809604));
#7260=CARTESIAN_POINT('Ctrl Pts',(145.630419260883,-104.349890270691,-1.59413400137246));
#7261=CARTESIAN_POINT('Ctrl Pts',(145.61801375797,-104.470200302732,-1.58282733914832));
#7262=CARTESIAN_POINT('Ctrl Pts',(145.601991170467,-104.594519754676,-1.57114387412733));
#7263=CARTESIAN_POINT('Ctrl Pts',(145.582938006208,-104.727455488101,-1.55865065631454));
#7264=CARTESIAN_POINT('Ctrl Pts',(145.562119526206,-104.872912456552,-1.54498070059658));
#7265=CARTESIAN_POINT('Ctrl Pts',(145.541170675662,-105.033731692063,-1.52986700854429));
#7266=CARTESIAN_POINT('Ctrl Pts',(145.521772177771,-105.211381433448,-1.51317159598415));
#7267=CARTESIAN_POINT('Ctrl Pts',(145.505311795555,-105.405590745657,-1.49491992522415));
#7268=CARTESIAN_POINT('Ctrl Pts',(145.492597883113,-105.614094704966,-1.47532485239184));
#7269=CARTESIAN_POINT('Ctrl Pts',(145.483436333929,-105.832115193254,-1.45483542206585));
#7270=CARTESIAN_POINT('Ctrl Pts',(145.476747067985,-106.052867240645,-1.43408928150884));
#7271=CARTESIAN_POINT('Ctrl Pts',(145.471128527604,-106.268914328636,-1.41378531011938));
#7272=CARTESIAN_POINT('Ctrl Pts',(145.465291685833,-106.473276134705,-1.39457951428063));
#7273=CARTESIAN_POINT('Ctrl Pts',(145.458554111767,-106.660651138011,-1.37697012763434));
#7274=CARTESIAN_POINT('Ctrl Pts',(145.451293408033,-106.828559609525,-1.36119019357756));
#7275=CARTESIAN_POINT('Ctrl Pts',(145.445453359363,-106.978592774668,-1.34709016973152));
#7276=CARTESIAN_POINT('Ctrl Pts',(145.444930227174,-107.117417816943,-1.33404347832407));
#7277=CARTESIAN_POINT('Ctrl Pts',(145.454056741351,-107.253882688972,-1.32121859425319));
#7278=CARTESIAN_POINT('Ctrl Pts',(145.476095768529,-107.39614513787,-1.3078488575023));
#7279=CARTESIAN_POINT('Ctrl Pts',(145.511883310575,-107.549097717649,-1.29347446887876));
#7280=CARTESIAN_POINT('Ctrl Pts',(145.558044975714,-107.710943440157,-1.27826430821489));
#7281=CARTESIAN_POINT('Ctrl Pts',(145.606646007637,-107.87261527529,-1.26307048937867));
#7282=CARTESIAN_POINT('Ctrl Pts',(145.647294473715,-108.021932115848,-1.24903778527307));
#7283=CARTESIAN_POINT('Ctrl Pts',(145.66870847101,-108.146878899821,-1.23729536397693));
#7284=CARTESIAN_POINT('Ctrl Pts',(145.660453984096,-108.23881083834,-1.22865565738877));
#7285=CARTESIAN_POINT('Ctrl Pts',(145.614720400665,-108.296753445088,-1.22321024712852));
#7286=CARTESIAN_POINT('Ctrl Pts',(145.52758065572,-108.32621885777,-1.22044110591195));
#7287=CARTESIAN_POINT('Ctrl Pts',(145.3999586328,-108.334442128308,-1.21966828804486));
#7288=CARTESIAN_POINT('Ctrl Pts',(145.238550748543,-108.326901026631,-1.22037699610527));
#7289=CARTESIAN_POINT('Ctrl Pts',(145.053507683658,-108.307737960531,-1.2221779291771));
#7290=CARTESIAN_POINT('Ctrl Pts',(144.856330304214,-108.280164568498,-1.22476925946607));
#7291=CARTESIAN_POINT('Ctrl Pts',(144.6575826144,-108.246882732405,-1.22789706578873));
#7292=CARTESIAN_POINT('Ctrl Pts',(144.464913339629,-108.210453409583,-1.23132067096292));
#7293=CARTESIAN_POINT('Ctrl Pts',(144.280376113413,-108.173800450259,-1.23476529335699));
#7294=CARTESIAN_POINT('Ctrl Pts',(144.100278024122,-108.140215389925,-1.23792159650588));
#7295=CARTESIAN_POINT('Ctrl Pts',(143.917650503665,-108.112841084572,-1.24049421675203));
#7296=CARTESIAN_POINT('Ctrl Pts',(143.724004981744,-108.094299221885,-1.24223676951216));
#7297=CARTESIAN_POINT('Ctrl Pts',(143.511406553746,-108.086250410161,-1.24299319184806));
#7298=CARTESIAN_POINT('Ctrl Pts',(143.274351420981,-108.089003144319,-1.2427344915985));
#7299=CARTESIAN_POINT('Ctrl Pts',(143.011871826396,-108.101054071075,-1.24160195297306));
#7300=CARTESIAN_POINT('Ctrl Pts',(142.729124044104,-108.118797431498,-1.23993444296061));
#7301=CARTESIAN_POINT('Ctrl Pts',(142.435380226279,-108.137433488563,-1.23818303787122));
#7302=CARTESIAN_POINT('Ctrl Pts',(142.142375251314,-108.151758421609,-1.23683678954433));
#7303=CARTESIAN_POINT('Ctrl Pts',(141.86251973965,-108.156998403003,-1.23634433934149));
#7304=CARTESIAN_POINT('Ctrl Pts',(141.607164856322,-108.149627806944,-1.23703702338965));
#7305=CARTESIAN_POINT('Ctrl Pts',(141.38485673483,-108.12818747481,-1.23905197251155));
#7306=CARTESIAN_POINT('Ctrl Pts',(141.199567681739,-108.094118720731,-1.24225373289878));
#7307=CARTESIAN_POINT('Ctrl Pts',(141.049003113548,-108.052553140221,-1.24616004038618));
#7308=CARTESIAN_POINT('Ctrl Pts',(140.922689088442,-108.013227742672,-1.24985581686779));
#7309=CARTESIAN_POINT('Ctrl Pts',(140.80655042777,-107.98771299592,-1.25225367694949));
#7310=CARTESIAN_POINT('Ctrl Pts',(140.68808382833,-107.986304376321,-1.25238605814615));
#7311=CARTESIAN_POINT('Ctrl Pts',(140.560748652546,-108.015355024426,-1.24965589624738));
#7312=CARTESIAN_POINT('Ctrl Pts',(140.430102724678,-108.073625975042,-1.24417962843397));
#7313=CARTESIAN_POINT('Ctrl Pts',(140.310553740639,-108.153898207357,-1.23663569380636));
#7314=CARTESIAN_POINT('Ctrl Pts',(140.218136196586,-108.246772305338,-1.22790744365609));
#7315=CARTESIAN_POINT('Ctrl Pts',(140.165427369309,-108.343352680143,-1.21883087990759));
#7316=CARTESIAN_POINT('Ctrl Pts',(140.153574146278,-108.439349257193,-1.2098091811102));
#7317=CARTESIAN_POINT('Ctrl Pts',(140.173890899635,-108.5346004289,-1.20085753504483));
#7318=CARTESIAN_POINT('Ctrl Pts',(140.2157713316,-108.629604111754,-1.19192914782842));
#7319=CARTESIAN_POINT('Ctrl Pts',(140.27421375658,-108.72221069283,-1.18322603875095));
#7320=CARTESIAN_POINT('Ctrl Pts',(140.352590383295,-108.806653475193,-1.17529015841535));
#7321=CARTESIAN_POINT('Ctrl Pts',(140.457473107619,-108.876498285921,-1.16872618640393));
#7322=CARTESIAN_POINT('Ctrl Pts',(140.595751632721,-108.926411178627,-1.16403540369133));
#7323=CARTESIAN_POINT('Ctrl Pts',(140.770219132126,-108.954826628261,-1.16136493735108));
#7324=CARTESIAN_POINT('Ctrl Pts',(140.979452744804,-108.963684560908,-1.16053247433243));
#7325=CARTESIAN_POINT('Ctrl Pts',(141.218938242288,-108.957267664676,-1.16113553026214));
#7326=CARTESIAN_POINT('Ctrl Pts',(141.481803116655,-108.941321369031,-1.1626341532408));
#7327=CARTESIAN_POINT('Ctrl Pts',(141.759707871844,-108.922068503513,-1.1644435256062));
#7328=CARTESIAN_POINT('Ctrl Pts',(142.043679628282,-108.905240829455,-1.16602497998176));
#7329=CARTESIAN_POINT('Ctrl Pts',(142.3249468214,-108.895169275929,-1.1669714983382));
#7330=CARTESIAN_POINT('Ctrl Pts',(142.59583060068,-108.893690068511,-1.16711051333431));
#7331=CARTESIAN_POINT('Ctrl Pts',(142.850430395971,-108.899632017107,-1.16655209268903));
#7332=CARTESIAN_POINT('Ctrl Pts',(143.08467036568,-108.910030393663,-1.16557485970688));
#7333=CARTESIAN_POINT('Ctrl Pts',(143.296467882554,-108.92104726372,-1.16453950108887));
#7334=CARTESIAN_POINT('Ctrl Pts',(143.485835739296,-108.928983683472,-1.1637936412808));
#7335=CARTESIAN_POINT('Ctrl Pts',(143.655053971741,-108.931307550573,-1.16357524569138));
#7336=CARTESIAN_POINT('Ctrl Pts',(143.808715523169,-108.927547023748,-1.163928657671));
#7337=CARTESIAN_POINT('Ctrl Pts',(143.954059200587,-108.920551094396,-1.16458613077436));
#7338=CARTESIAN_POINT('Ctrl Pts',(144.100407773274,-108.916566561665,-1.16496059469012));
#7339=CARTESIAN_POINT('Ctrl Pts',(144.256758075338,-108.922832818289,-1.16437169577741));
#7340=CARTESIAN_POINT('Ctrl Pts',(144.429707095296,-108.945654216309,-1.16222695493983));
#7341=CARTESIAN_POINT('Ctrl Pts',(144.621344950509,-108.988362998408,-1.15821321007573));
#7342=CARTESIAN_POINT('Ctrl Pts',(144.826924249799,-109.049137872418,-1.15250162509413));
#7343=CARTESIAN_POINT('Ctrl Pts',(145.033329555657,-109.119447990104,-1.14589392382324));
#7344=CARTESIAN_POINT('Ctrl Pts',(145.224230623723,-109.187741194637,-1.13947577080005));
#7345=CARTESIAN_POINT('Ctrl Pts',(145.384344554846,-109.242487309853,-1.13433076483229));
#7346=CARTESIAN_POINT('Ctrl Pts',(145.504512442637,-109.275725440684,-1.13120706590305));
#7347=CARTESIAN_POINT('Ctrl Pts',(145.585348114653,-109.285810399922,-1.13025928768613));
#7348=CARTESIAN_POINT('Ctrl Pts',(145.644191113813,-109.281958914968,-1.13062124785432));
#7349=CARTESIAN_POINT('Ctrl Pts',(145.709350235486,-109.282004985468,-1.13061691817728));
#7350=CARTESIAN_POINT('Ctrl Pts',(145.799881901827,-109.302921105198,-1.12865123421215));
#7351=CARTESIAN_POINT('Ctrl Pts',(145.914148809878,-109.354957857148,-1.12376085252445));
#7352=CARTESIAN_POINT('Ctrl Pts',(146.039277747123,-109.44246474873,-1.11553700910406));
#7353=CARTESIAN_POINT('Ctrl Pts',(146.157779282202,-109.563997452795,-1.1041154409211));
#7354=CARTESIAN_POINT('Ctrl Pts',(146.255673212249,-109.712589119639,-1.09015088819161));
#7355=CARTESIAN_POINT('Ctrl Pts',(146.328756822065,-109.876244576163,-1.07477064984678));
#7356=CARTESIAN_POINT('Ctrl Pts',(146.37884267274,-110.040928511724,-1.05929375567982));
#7357=CARTESIAN_POINT('Ctrl Pts',(146.410950115149,-110.193290557331,-1.04497486509157));
#7358=CARTESIAN_POINT('Ctrl Pts',(146.430144339438,-110.323477541857,-1.0327399729962));
#7359=CARTESIAN_POINT('Ctrl Pts',(146.43850150645,-110.427943056824,-1.02292236866369));
#7360=CARTESIAN_POINT('Ctrl Pts',(146.432082857507,-110.512167456222,-1.01500701182375));
#7361=CARTESIAN_POINT('Ctrl Pts',(146.404292571756,-110.585045564858,-1.0081579723555));
#7362=CARTESIAN_POINT('Ctrl Pts',(146.349251271543,-110.653188317885,-1.00175395867157));
#7363=CARTESIAN_POINT('Ctrl Pts',(146.264958833107,-110.715663049059,-0.995882622167464));
#7364=CARTESIAN_POINT('Ctrl Pts',(146.152450419919,-110.767778999871,-0.99098479741981));
#7365=CARTESIAN_POINT('Ctrl Pts',(146.015151156066,-110.804107791535,-0.987570640101532));
#7366=CARTESIAN_POINT('Ctrl Pts',(145.85817601565,-110.82244182739,-0.985847618778202));
#7367=CARTESIAN_POINT('Ctrl Pts',(145.687559689826,-110.824217577446,-0.985680734888839));
#7368=CARTESIAN_POINT('Ctrl Pts',(145.509432777521,-110.81309780072,-0.986725764611785));
#7369=CARTESIAN_POINT('Ctrl Pts',(145.329188419221,-110.794099010212,-0.988511259165237));
#7370=CARTESIAN_POINT('Ctrl Pts',(145.150714453412,-110.772538250063,-0.990537526037312));
#7371=CARTESIAN_POINT('Ctrl Pts',(144.975449880235,-110.752949445075,-0.992378469785922));
#7372=CARTESIAN_POINT('Ctrl Pts',(144.801988729399,-110.738357258185,-0.993749834463254));
#7373=CARTESIAN_POINT('Ctrl Pts',(144.627229715296,-110.730688389776,-0.994470549961993));
#7374=CARTESIAN_POINT('Ctrl Pts',(144.44722501168,-110.730966270467,-0.994444434906923));
#7375=CARTESIAN_POINT('Ctrl Pts',(144.258186848566,-110.739600809085,-0.993632966320631));
#7376=CARTESIAN_POINT('Ctrl Pts',(144.057337520972,-110.75661662964,-0.992033830053952));
#7377=CARTESIAN_POINT('Ctrl Pts',(143.84404672146,-110.781959354889,-0.989652136446476));
#7378=CARTESIAN_POINT('Ctrl Pts',(143.619984993001,-110.815566641405,-0.986493744494795));
#7379=CARTESIAN_POINT('Ctrl Pts',(143.388271155927,-110.857205890696,-0.982580513660954));
#7380=CARTESIAN_POINT('Ctrl Pts',(143.152886361427,-110.906372688864,-0.977959848450423));
#7381=CARTESIAN_POINT('Ctrl Pts',(142.917984977598,-110.962167488001,-0.97271628781789));
#7382=CARTESIAN_POINT('Ctrl Pts',(142.687236696831,-111.023174691767,-0.966982868629854));
#7383=CARTESIAN_POINT('Ctrl Pts',(142.463185350262,-111.087356781774,-0.960951075601167));
#7384=CARTESIAN_POINT('Ctrl Pts',(142.246528515241,-111.151903567364,-0.954885008707572));
#7385=CARTESIAN_POINT('Ctrl Pts',(142.035645246065,-111.213214698509,-0.949123026612882));
#7386=CARTESIAN_POINT('Ctrl Pts',(141.827555961355,-111.267637911843,-0.944008366763792));
#7387=CARTESIAN_POINT('Ctrl Pts',(141.618715213847,-111.312123356719,-0.939827652233465));
#7388=CARTESIAN_POINT('Ctrl Pts',(141.405861509214,-111.344897974724,-0.936747513952159));
#7389=CARTESIAN_POINT('Ctrl Pts',(141.186860088867,-111.366159559252,-0.934749363419496));
#7390=CARTESIAN_POINT('Ctrl Pts',(140.961508654586,-111.378696793742,-0.933571121894661));
#7391=CARTESIAN_POINT('Ctrl Pts',(140.732454916384,-111.388697899983,-0.932631224130367));
#7392=CARTESIAN_POINT('Ctrl Pts',(140.505778532532,-111.406009256684,-0.931004313559947));
#7393=CARTESIAN_POINT('Ctrl Pts',(140.289857585912,-111.441632918251,-0.927656423931012));
#7394=CARTESIAN_POINT('Ctrl Pts',(140.094454298978,-111.505551429673,-0.921649401854299));
#7395=CARTESIAN_POINT('Ctrl Pts',(139.929718552186,-111.604481992879,-0.912351968856938));
#7396=CARTESIAN_POINT('Ctrl Pts',(139.805219908601,-111.739532321286,-0.899660022718603));
#7397=CARTESIAN_POINT('Ctrl Pts',(139.728982606608,-111.904200275101,-0.884184630506211));
#7398=CARTESIAN_POINT('Ctrl Pts',(139.706479970794,-112.081432293096,-0.86752847533129));
#7399=CARTESIAN_POINT('Ctrl Pts',(139.739949706862,-112.247944234897,-0.851879786271095));
#7400=CARTESIAN_POINT('Ctrl Pts',(139.827740290012,-112.380149587999,-0.839455209148166));
#7401=CARTESIAN_POINT('Ctrl Pts',(139.963714134688,-112.459347478436,-0.832012240504194));
#7402=CARTESIAN_POINT('Ctrl Pts',(140.136471387715,-112.477647083256,-0.830292454988164));
#7403=CARTESIAN_POINT('Ctrl Pts',(140.32911173516,-112.442324485798,-0.833612050798807));
#7404=CARTESIAN_POINT('Ctrl Pts',(140.522909942973,-112.370003603591,-0.840408722472743));
#7405=CARTESIAN_POINT('Ctrl Pts',(140.700443115853,-112.282028941062,-0.848676526716768));
#7406=CARTESIAN_POINT('Ctrl Pts',(140.849203144716,-112.19911265014,-0.856468948333025));
#7407=CARTESIAN_POINT('Ctrl Pts',(140.964375149351,-112.136903764518,-0.862315300836918));
#7408=CARTESIAN_POINT('Ctrl Pts',(141.053523475721,-112.099645285681,-0.865816829579356));
#7409=CARTESIAN_POINT('Ctrl Pts',(141.13423910718,-112.080778498035,-0.867589918585787));
#7410=CARTESIAN_POINT('Ctrl Pts',(141.226147716028,-112.069302466799,-0.868668428886654));
#7411=CARTESIAN_POINT('Ctrl Pts',(141.343494977507,-112.055182027641,-0.869995459004716));
#7412=CARTESIAN_POINT('Ctrl Pts',(141.490566688611,-112.033133960678,-0.872067522669038));
#7413=CARTESIAN_POINT('Ctrl Pts',(141.665246638846,-112.000983123963,-0.875089038371295));
#7414=CARTESIAN_POINT('Ctrl Pts',(141.860849592343,-111.959190818562,-0.879016653323526));
#7415=CARTESIAN_POINT('Ctrl Pts',(142.068649529427,-111.909910954723,-0.883647944375714));
#7416=CARTESIAN_POINT('Ctrl Pts',(142.280102117251,-111.856250249747,-0.888690944161981));
#7417=CARTESIAN_POINT('Ctrl Pts',(142.489222489715,-111.801434831284,-0.893842463205946));
#7418=CARTESIAN_POINT('Ctrl Pts',(142.692264247963,-111.748591098535,-0.898808684448842));
#7419=CARTESIAN_POINT('Ctrl Pts',(142.887392633228,-111.700512641527,-0.90332706803183));
#7420=CARTESIAN_POINT('Ctrl Pts',(143.074358840512,-111.659441537827,-0.907186904895237));
#7421=CARTESIAN_POINT('Ctrl Pts',(143.254172964066,-111.626824878032,-0.910252198361828));
#7422=CARTESIAN_POINT('Ctrl Pts',(143.428779781049,-111.603125396441,-0.912479460949177));
#7423=CARTESIAN_POINT('Ctrl Pts',(143.600727716211,-111.587500218517,-0.913947905483488));
#7424=CARTESIAN_POINT('Ctrl Pts',(143.772864892015,-111.578012938283,-0.914839514198199));
#7425=CARTESIAN_POINT('Ctrl Pts',(143.948053599926,-111.572244874195,-0.915381593285188));
#7426=CARTESIAN_POINT('Ctrl Pts',(144.128881851788,-111.567782272458,-0.915800985829789));
#7427=CARTESIAN_POINT('Ctrl Pts',(144.317370767574,-111.562771293319,-0.916271914542686));
#7428=CARTESIAN_POINT('Ctrl Pts',(144.51469627624,-111.556404944822,-0.916870220027597));
#7429=CARTESIAN_POINT('Ctrl Pts',(144.720871425081,-111.54954280283,-0.917515119877804));
#7430=CARTESIAN_POINT('Ctrl Pts',(144.934805011267,-111.544150201585,-0.918021913199576));
#7431=CARTESIAN_POINT('Ctrl Pts',(145.154415450546,-111.542563279048,-0.918171051195796));
#7432=CARTESIAN_POINT('Ctrl Pts',(145.376726129572,-111.546818519904,-0.917771146298248));
#7433=CARTESIAN_POINT('Ctrl Pts',(145.597966430831,-111.557947758552,-0.916725227349713));
#7434=CARTESIAN_POINT('Ctrl Pts',(145.813675231045,-111.575305153761,-0.915093990108825));
#7435=CARTESIAN_POINT('Ctrl Pts',(146.018791620137,-111.59583958942,-0.913164176576072));
#7436=CARTESIAN_POINT('Ctrl Pts',(146.207785412444,-111.61350909251,-0.911503607630051));
#7437=CARTESIAN_POINT('Ctrl Pts',(146.375732478699,-111.621848462625,-0.910719878796636));
#7438=CARTESIAN_POINT('Ctrl Pts',(146.519314066304,-111.616307119778,-0.911240650762045));
#7439=CARTESIAN_POINT('Ctrl Pts',(146.637912269925,-111.596852698997,-0.913068965166131));
#7440=CARTESIAN_POINT('Ctrl Pts',(146.73450968341,-111.570050371789,-0.915587831260834));
#7441=CARTESIAN_POINT('Ctrl Pts',(146.817079992066,-111.552446394098,-0.917242242170509));
#7442=CARTESIAN_POINT('Ctrl Pts',(146.896055381003,-111.563590855593,-0.916194892588341));
#7443=CARTESIAN_POINT('Ctrl Pts',(146.981100079459,-111.617277081471,-0.911149494363429));
#7444=CARTESIAN_POINT('Ctrl Pts',(147.07805486678,-111.713110689088,-0.902143111332297));
#7445=CARTESIAN_POINT('Ctrl Pts',(147.188897434132,-111.840704139335,-0.890151957980559));
#7446=CARTESIAN_POINT('Ctrl Pts',(147.311833443015,-111.984344286678,-0.876652745984033));
#7447=CARTESIAN_POINT('Ctrl Pts',(147.441339213711,-112.127487519125,-0.863200233741322));
#7448=CARTESIAN_POINT('Ctrl Pts',(147.56821958648,-112.257307819619,-0.850999802383905));
#7449=CARTESIAN_POINT('Ctrl Pts',(147.679666810295,-112.369280383624,-0.84047669023688));
#7450=CARTESIAN_POINT('Ctrl Pts',(147.76239694941,-112.464730090714,-0.83150638593926));
#7451=CARTESIAN_POINT('Ctrl Pts',(147.806081736765,-112.54821066687,-0.823660933146551));
#7452=CARTESIAN_POINT('Ctrl Pts',(147.806161506188,-112.625098884737,-0.81643502609879));
#7453=CARTESIAN_POINT('Ctrl Pts',(147.768186084772,-112.698719429813,-0.809516212914148));
#7454=CARTESIAN_POINT('Ctrl Pts',(147.704432238583,-112.769802900979,-0.802835832362683));
#7455=CARTESIAN_POINT('Ctrl Pts',(147.627320306583,-112.836953368536,-0.796525073052037));
#7456=CARTESIAN_POINT('Ctrl Pts',(147.543785750415,-112.896726641583,-0.790907617907937));
#7457=CARTESIAN_POINT('Ctrl Pts',(147.456138414635,-112.945765906388,-0.786298938203873));
#7458=CARTESIAN_POINT('Ctrl Pts',(147.363244150382,-112.982630949185,-0.782834384336473));
#7459=CARTESIAN_POINT('Ctrl Pts',(147.261487799273,-113.010337648161,-0.780230525943746));
#7460=CARTESIAN_POINT('Ctrl Pts',(147.146358502758,-113.035143285879,-0.777899307489418));
#7461=CARTESIAN_POINT('Ctrl Pts',(147.01426774442,-113.063890407399,-0.775197670830981));
#7462=CARTESIAN_POINT('Ctrl Pts',(146.864225640306,-113.101886620561,-0.771626810274036));
#7463=CARTESIAN_POINT('Ctrl Pts',(146.699750912096,-113.150391377158,-0.767068363319841));
#7464=CARTESIAN_POINT('Ctrl Pts',(146.527287915658,-113.207625588808,-0.761689527591771));
#7465=CARTESIAN_POINT('Ctrl Pts',(146.354437669082,-113.269958916379,-0.755831480110632));
#7466=CARTESIAN_POINT('Ctrl Pts',(146.188167209314,-113.333076047854,-0.749899771224481));
#7467=CARTESIAN_POINT('Ctrl Pts',(146.033228769054,-113.393059219819,-0.744262589910272));
#7468=CARTESIAN_POINT('Ctrl Pts',(145.889999974563,-113.447732207819,-0.739124456392886));
#7469=CARTESIAN_POINT('Ctrl Pts',(145.754329935766,-113.497078546027,-0.734486918120707));
#7470=CARTESIAN_POINT('Ctrl Pts',(145.620108283474,-113.542374711058,-0.730230012612763));
#7471=CARTESIAN_POINT('Ctrl Pts',(145.481280759884,-113.585616980637,-0.72616613092612));
#7472=CARTESIAN_POINT('Ctrl Pts',(145.333844135249,-113.628875058391,-0.722100763596985));
#7473=CARTESIAN_POINT('Ctrl Pts',(145.178459964005,-113.673563130867,-0.717901006250312));
#7474=CARTESIAN_POINT('Ctrl Pts',(145.019818410341,-113.720307799478,-0.713507971274015));
#7475=CARTESIAN_POINT('Ctrl Pts',(144.864230546651,-113.769168476328,-0.708916075155124));
#7476=CARTESIAN_POINT('Ctrl Pts',(144.71765947596,-113.819746817858,-0.70416275397456));
#7477=CARTESIAN_POINT('Ctrl Pts',(144.583815074426,-113.871344219561,-0.699313662150658));
#7478=CARTESIAN_POINT('Ctrl Pts',(144.461612154397,-113.923093589959,-0.694450288403099));
#7479=CARTESIAN_POINT('Ctrl Pts',(144.345565035197,-113.974127862108,-0.689654119145547));
#7480=CARTESIAN_POINT('Ctrl Pts',(144.228548651638,-114.023781759569,-0.684987676645441));
#7481=CARTESIAN_POINT('Ctrl Pts',(144.103731918924,-114.071760690537,-0.680478646457943));
#7482=CARTESIAN_POINT('Ctrl Pts',(143.967166854224,-114.118377062972,-0.676097668676676));
#7483=CARTESIAN_POINT('Ctrl Pts',(143.819075660989,-114.164583780866,-0.671755189975187));
#7484=CARTESIAN_POINT('Ctrl Pts',(143.662435671263,-114.211551147651,-0.667341225962506));
#7485=CARTESIAN_POINT('Ctrl Pts',(143.502079484229,-114.260319680649,-0.662757989465732));
#7486=CARTESIAN_POINT('Ctrl Pts',(143.343612093119,-114.31145385688,-0.657952431284543));
#7487=CARTESIAN_POINT('Ctrl Pts',(143.192355492591,-114.36462155831,-0.652955763665799));
#7488=CARTESIAN_POINT('Ctrl Pts',(143.052447127829,-114.418440754459,-0.647897868977394));
#7489=CARTESIAN_POINT('Ctrl Pts',(142.926553698323,-114.471077730635,-0.642951078588967));
#7490=CARTESIAN_POINT('Ctrl Pts',(142.815400731978,-114.520713746901,-0.638286316552477));
#7491=CARTESIAN_POINT('Ctrl Pts',(142.717517676019,-114.566049226859,-0.634025716252109));
#7492=CARTESIAN_POINT('Ctrl Pts',(142.62853365309,-114.606830959211,-0.630193074328622));
#7493=CARTESIAN_POINT('Ctrl Pts',(142.542775160637,-114.644048848778,-0.62669536014059));
#7494=CARTESIAN_POINT('Ctrl Pts',(142.455407273192,-114.679862554431,-0.623329610286305));
#7495=CARTESIAN_POINT('Ctrl Pts',(142.364837155735,-114.717891875367,-0.619755638281279));
#7496=CARTESIAN_POINT('Ctrl Pts',(142.273291221876,-114.762344882643,-0.615577972216408));
#7497=CARTESIAN_POINT('Ctrl Pts',(142.18543169975,-114.816323741613,-0.610505072514969));
#7498=CARTESIAN_POINT('Ctrl Pts',(142.107661202784,-114.879981813569,-0.604522526377829));
#7499=CARTESIAN_POINT('Ctrl Pts',(142.046753703052,-114.949843422134,-0.597956975716121));
#7500=CARTESIAN_POINT('Ctrl Pts',(142.007867986629,-115.021327930973,-0.591238905892795));
#7501=CARTESIAN_POINT('Ctrl Pts',(141.992117948723,-115.090951600211,-0.584695716621455));
#7502=CARTESIAN_POINT('Ctrl Pts',(141.995872620208,-115.157844196961,-0.578409191849396));
#7503=CARTESIAN_POINT('Ctrl Pts',(142.014733871925,-115.222866656822,-0.572298421382807));
#7504=CARTESIAN_POINT('Ctrl Pts',(142.046629520172,-115.288071760128,-0.566170486198516));
#7505=CARTESIAN_POINT('Ctrl Pts',(142.090383171392,-115.354035207287,-0.559971282329015));
#7506=CARTESIAN_POINT('Ctrl Pts',(142.143240472409,-115.415991414703,-0.55414867636624));
#7507=CARTESIAN_POINT('Ctrl Pts',(142.201756220071,-115.465108414337,-0.54953269119109));
#7508=CARTESIAN_POINT('Ctrl Pts',(142.264940928185,-115.493151770102,-0.546897194001994));
#7509=CARTESIAN_POINT('Ctrl Pts',(142.336367585061,-115.496035829884,-0.546626151851642));
#7510=CARTESIAN_POINT('Ctrl Pts',(142.420720993487,-115.473863505193,-0.548709893180188));
#7511=CARTESIAN_POINT('Ctrl Pts',(142.519713559585,-115.431350235988,-0.552705263863691));
#7512=CARTESIAN_POINT('Ctrl Pts',(142.63191531274,-115.376184489989,-0.557889706472237));
#7513=CARTESIAN_POINT('Ctrl Pts',(142.754265390889,-115.316486569395,-0.563500080039519));
#7514=CARTESIAN_POINT('Ctrl Pts',(142.883026254255,-115.258601738781,-0.568940060534533));
#7515=CARTESIAN_POINT('Ctrl Pts',(143.015005213143,-115.204640453855,-0.574011308638212));
#7516=CARTESIAN_POINT('Ctrl Pts',(143.147689631807,-115.153770273305,-0.578792056668973));
#7517=CARTESIAN_POINT('Ctrl Pts',(143.279399202459,-115.103708852278,-0.583496797981136));
#7518=CARTESIAN_POINT('Ctrl Pts',(143.409393302947,-115.052026496363,-0.588353873749166));
#7519=CARTESIAN_POINT('Ctrl Pts',(143.538082802361,-114.997810340409,-0.593449074474042));
#7520=CARTESIAN_POINT('Ctrl Pts',(143.66689224636,-114.942166154278,-0.598678480589596));
#7521=CARTESIAN_POINT('Ctrl Pts',(143.79763750849,-114.887100663979,-0.603853501229683));
#7522=CARTESIAN_POINT('Ctrl Pts',(143.932006269755,-114.834776115501,-0.608770929856675));
#7523=CARTESIAN_POINT('Ctrl Pts',(144.071029279164,-114.786659145596,-0.613292932857939));
#7524=CARTESIAN_POINT('Ctrl Pts',(144.2144706157,-114.742597273594,-0.617433840272201));
#7525=CARTESIAN_POINT('Ctrl Pts',(144.361185292084,-114.701217414095,-0.621322693814148));
#7526=CARTESIAN_POINT('Ctrl Pts',(144.509622387409,-114.660533182826,-0.625146172646347));
#7527=CARTESIAN_POINT('Ctrl Pts',(144.658276392304,-114.618477412327,-0.629098547885017));
#7528=CARTESIAN_POINT('Ctrl Pts',(144.806160807788,-114.573466668484,-0.633328629686683));
#7529=CARTESIAN_POINT('Ctrl Pts',(144.95327096662,-114.524950748094,-0.6378881258072));
#7530=CARTESIAN_POINT('Ctrl Pts',(145.100236058645,-114.47318560172,-0.642752982171209));
#7531=CARTESIAN_POINT('Ctrl Pts',(145.247971688024,-114.41900526207,-0.647844816902041));
#7532=CARTESIAN_POINT('Ctrl Pts',(145.397330979327,-114.363594285159,-0.653052306159721));
#7533=CARTESIAN_POINT('Ctrl Pts',(145.54875941188,-114.308259993261,-0.658252588607427));
#7534=CARTESIAN_POINT('Ctrl Pts',(145.70193970496,-114.254204579048,-0.663332682923095));
#7535=CARTESIAN_POINT('Ctrl Pts',(145.856108830534,-114.202394139181,-0.668201795941546));
#7536=CARTESIAN_POINT('Ctrl Pts',(146.010375706585,-114.153434544173,-0.67280298832759));
#7537=CARTESIAN_POINT('Ctrl Pts',(146.164054489456,-114.107433998293,-0.67712609111098));
#7538=CARTESIAN_POINT('Ctrl Pts',(146.316955024215,-114.063895887731,-0.681217775749856));
#7539=CARTESIAN_POINT('Ctrl Pts',(146.469785991883,-114.021534510853,-0.685198871686617));
#7540=CARTESIAN_POINT('Ctrl Pts',(146.623746285859,-113.978640704676,-0.689230004998769));
#7541=CARTESIAN_POINT('Ctrl Pts',(146.779961385611,-113.93354960649,-0.693467638451719));
#7542=CARTESIAN_POINT('Ctrl Pts',(146.938935249587,-113.88510383677,-0.698020541855755));
#7543=CARTESIAN_POINT('Ctrl Pts',(147.10008085942,-113.833049785702,-0.702912549303865));
#7544=CARTESIAN_POINT('Ctrl Pts',(147.261003877708,-113.77863479593,-0.708026436307639));
#7545=CARTESIAN_POINT('Ctrl Pts',(147.417899482032,-113.724305411458,-0.71313227817847));
#7546=CARTESIAN_POINT('Ctrl Pts',(147.566575014224,-113.672904284065,-0.717962924264379));
#7547=CARTESIAN_POINT('Ctrl Pts',(147.703343217337,-113.62696485703,-0.722280283136625));
#7548=CARTESIAN_POINT('Ctrl Pts',(147.825832728979,-113.588087756869,-0.725933928907607));
#7549=CARTESIAN_POINT('Ctrl Pts',(147.934170851687,-113.55598018711,-0.728951378408218));
#7550=CARTESIAN_POINT('Ctrl Pts',(148.030562430951,-113.528936960149,-0.731492884112384));
#7551=CARTESIAN_POINT('Ctrl Pts',(148.117800760217,-113.505289595178,-0.733715248812006));
#7552=CARTESIAN_POINT('Ctrl Pts',(148.1978832857,-113.484743881774,-0.735646122220322));
#7553=CARTESIAN_POINT('Ctrl Pts',(148.271119465263,-113.469313787021,-0.737096232959165));
#7554=CARTESIAN_POINT('Ctrl Pts',(148.338324568228,-113.461315453605,-0.737847911374981));
#7555=CARTESIAN_POINT('Ctrl Pts',(148.40365618844,-113.461064824993,-0.737871465296596));
#7556=CARTESIAN_POINT('Ctrl Pts',(148.473300992938,-113.466996389285,-0.737314020561748));
#7557=CARTESIAN_POINT('Ctrl Pts',(148.549587333699,-113.477975307467,-0.7362822286374));
#7558=CARTESIAN_POINT('Ctrl Pts',(148.62898224499,-113.494557234174,-0.734723869445586));
#7559=CARTESIAN_POINT('Ctrl Pts',(148.706201342403,-113.51890615089,-0.732435573347867));
#7560=CARTESIAN_POINT('Ctrl Pts',(148.777632676401,-113.555479273543,-0.728998453954759));
#7561=CARTESIAN_POINT('Ctrl Pts',(148.84282136238,-113.60810449739,-0.724052768042969));
#7562=CARTESIAN_POINT('Ctrl Pts',(148.905048225583,-113.675643915741,-0.717705455377891));
#7563=CARTESIAN_POINT('Ctrl Pts',(148.972013015698,-113.748605209644,-0.710848598209773));
#7564=CARTESIAN_POINT('Ctrl Pts',(149.051617408491,-113.815461691589,-0.704565467484726));
#7565=CARTESIAN_POINT('Ctrl Pts',(149.148354421842,-113.868138640568,-0.699614920477148));
#7566=CARTESIAN_POINT('Ctrl Pts',(149.258813840988,-113.90865377047,-0.695807333686551));
#7567=CARTESIAN_POINT('Ctrl Pts',(149.375107388578,-113.945459176971,-0.692348384401378));
#7568=CARTESIAN_POINT('Ctrl Pts',(149.489170408951,-113.988609829531,-0.688293112825338));
#7569=CARTESIAN_POINT('Ctrl Pts',(149.596960091412,-114.045146640495,-0.682979818381378));
#7570=CARTESIAN_POINT('Ctrl Pts',(149.702130384288,-114.114939221392,-0.676420754897083));
#7571=CARTESIAN_POINT('Ctrl Pts',(149.812540593767,-114.193566864266,-0.669031377765528));
#7572=CARTESIAN_POINT('Ctrl Pts',(149.937185584483,-114.274751106356,-0.66140173302468));
#7573=CARTESIAN_POINT('Ctrl Pts',(150.083208236897,-114.352776230095,-0.65406898026793));
#7574=CARTESIAN_POINT('Ctrl Pts',(150.252262480929,-114.425379179264,-0.647245800115704));
#7575=CARTESIAN_POINT('Ctrl Pts',(150.441060978764,-114.493486910599,-0.640845077748704));
#7576=CARTESIAN_POINT('Ctrl Pts',(150.64335581151,-114.559867839709,-0.634606639184272));
#7577=CARTESIAN_POINT('Ctrl Pts',(150.851419818304,-114.628160696223,-0.628188518867756));
#7578=CARTESIAN_POINT('Ctrl Pts',(151.057788579682,-114.701709314444,-0.621276465324279));
#7579=CARTESIAN_POINT('Ctrl Pts',(151.256770196205,-114.782564820706,-0.6136777149728));
#7580=CARTESIAN_POINT('Ctrl Pts',(151.446344971509,-114.870213119572,-0.605440582183532));
#7581=CARTESIAN_POINT('Ctrl Pts',(151.628970142003,-114.96106853678,-0.596902046400814));
#7582=CARTESIAN_POINT('Ctrl Pts',(151.809490912074,-115.049988592362,-0.588545394703828));
#7583=CARTESIAN_POINT('Ctrl Pts',(151.993562195534,-115.131432888915,-0.580891310205698));
#7584=CARTESIAN_POINT('Ctrl Pts',(152.185915754273,-115.200728141151,-0.574378985360615));
#7585=CARTESIAN_POINT('Ctrl Pts',(152.388584733544,-115.255367206682,-0.569244039855903));
#7586=CARTESIAN_POINT('Ctrl Pts',(152.599400905588,-115.296107717445,-0.565415271911762));
#7587=CARTESIAN_POINT('Ctrl Pts',(152.809721987657,-115.328633503609,-0.562358518692723));
#7588=CARTESIAN_POINT('Ctrl Pts',(153.00640002027,-115.36211922165,-0.559211551670862));
#7589=CARTESIAN_POINT('Ctrl Pts',(153.175256333031,-115.406696222326,-0.555022232783242));
#7590=CARTESIAN_POINT('Ctrl Pts',(153.304150865806,-115.471212173504,-0.548959063688628));
#7591=CARTESIAN_POINT('Ctrl Pts',(153.386025171655,-115.561015364207,-0.540519415500516));
#7592=CARTESIAN_POINT('Ctrl Pts',(153.422422477263,-115.675377699679,-0.529771714112595));
#7593=CARTESIAN_POINT('Ctrl Pts',(153.425388090555,-115.806139152371,-0.517482833855059));
#7594=CARTESIAN_POINT('Ctrl Pts',(153.41138143853,-115.942398996622,-0.504677218167602));
#7595=CARTESIAN_POINT('Ctrl Pts',(153.396455350147,-116.07422859221,-0.49228795450293));
#7596=CARTESIAN_POINT('Ctrl Pts',(153.390567861512,-116.197089138515,-0.48074159652944));
#7597=CARTESIAN_POINT('Ctrl Pts',(153.39334708574,-116.315009776216,-0.46965948810402));
#7598=CARTESIAN_POINT('Ctrl Pts',(153.399230072187,-116.435593060353,-0.45832714581735));
#7599=CARTESIAN_POINT('Ctrl Pts',(153.401516491472,-116.565989682,-0.446072552155266));
#7600=CARTESIAN_POINT('Ctrl Pts',(153.397174876088,-116.708165928575,-0.432710916645312));
#7601=CARTESIAN_POINT('Ctrl Pts',(153.390386420404,-116.855414948855,-0.418872545007443));
#7602=CARTESIAN_POINT('Ctrl Pts',(153.387906472992,-116.99725742398,-0.405542277131477));
#7603=CARTESIAN_POINT('Ctrl Pts',(153.39468138075,-117.123967838752,-0.393634110906243));
#7604=CARTESIAN_POINT('Ctrl Pts',(153.410323686944,-117.230486455215,-0.383623557368009));
#7605=CARTESIAN_POINT('Ctrl Pts',(153.422859423724,-117.322468471566,-0.374979144496213));
#7606=CARTESIAN_POINT('Ctrl Pts',(153.416630142384,-117.410969509239,-0.366661871842558));
#7607=CARTESIAN_POINT('Ctrl Pts',(153.382802844617,-117.504718433007,-0.357851406107146));
#7608=CARTESIAN_POINT('Ctrl Pts',(153.333822154842,-117.599905295774,-0.348905803756141));
#7609=CARTESIAN_POINT('Ctrl Pts',(153.296152851758,-117.684638585119,-0.340942621754472));
#7610=CARTESIAN_POINT('Ctrl Pts',(153.291306137771,-117.751124624901,-0.334694304954262));
#7611=CARTESIAN_POINT('Ctrl Pts',(153.314706088186,-117.809865912712,-0.329173835142873));
#7612=CARTESIAN_POINT('Ctrl Pts',(153.339107529794,-117.88474799786,-0.322136463204279));
#7613=CARTESIAN_POINT('Ctrl Pts',(153.342522554651,-117.988442235049,-0.31239134307927));
#7614=CARTESIAN_POINT('Ctrl Pts',(153.322920152216,-118.109980679692,-0.300969235400302));
#7615=CARTESIAN_POINT('Ctrl Pts',(153.2888324628,-118.230046859372,-0.289685490269887));
#7616=CARTESIAN_POINT('Ctrl Pts',(153.253409519269,-118.330905659832,-0.280206842730815));
#7617=CARTESIAN_POINT('Ctrl Pts',(153.225970433036,-118.41225991943,-0.272561219849932));
#7618=CARTESIAN_POINT('Ctrl Pts',(153.210311990528,-118.486767203387,-0.265559071495005));
#7619=CARTESIAN_POINT('Ctrl Pts',(153.20647565256,-118.566059856307,-0.258107197131574));
#7620=CARTESIAN_POINT('Ctrl Pts',(153.211466890337,-118.646533522232,-0.250544331898211));
#7621=CARTESIAN_POINT('Ctrl Pts',(153.220390162543,-118.717098561306,-0.243912673273301));
#7622=CARTESIAN_POINT('Ctrl Pts',(153.227221223196,-118.77763369858,-0.238223618601494));
#7623=CARTESIAN_POINT('Ctrl Pts',(153.226116979641,-118.846385934851,-0.23176232606013));
#7624=CARTESIAN_POINT('Ctrl Pts',(153.213936483082,-118.940609862614,-0.222907219743798));
#7625=CARTESIAN_POINT('Ctrl Pts',(153.192922481847,-119.059467520579,-0.211737050734875));
#7626=CARTESIAN_POINT('Ctrl Pts',(153.168591863994,-119.189889716614,-0.199480053607679));
#7627=CARTESIAN_POINT('Ctrl Pts',(153.147210914391,-119.315144173755,-0.187708717378008));
#7628=CARTESIAN_POINT('Ctrl Pts',(153.133296091645,-119.42280307307,-0.177591000764295));
#7629=CARTESIAN_POINT('Ctrl Pts',(153.127461043289,-119.511780674915,-0.169228940905186));
#7630=CARTESIAN_POINT('Ctrl Pts',(153.127642823375,-119.588184569066,-0.162048550299936));
#7631=CARTESIAN_POINT('Ctrl Pts',(153.129968087757,-119.662322558974,-0.155081107970823));
#7632=CARTESIAN_POINT('Ctrl Pts',(153.129820853566,-119.745208806468,-0.147291509817249));
#7633=CARTESIAN_POINT('Ctrl Pts',(153.123338201662,-119.845852181216,-0.137833107852965));
#7634=CARTESIAN_POINT('Ctrl Pts',(153.109164081721,-119.967981979982,-0.126355425080163));
#7635=CARTESIAN_POINT('Ctrl Pts',(153.089440346161,-120.108184377887,-0.113179290644559));
#7636=CARTESIAN_POINT('Ctrl Pts',(153.067985184259,-120.259113846307,-0.0989950327722491));
#7637=CARTESIAN_POINT('Ctrl Pts',(153.048827758053,-120.412037257692,-0.0846233853762726));
#7638=CARTESIAN_POINT('Ctrl Pts',(153.034761016377,-120.55941564747,-0.0707728556731671));
#7639=CARTESIAN_POINT('Ctrl Pts',(153.02549043066,-120.698030508005,-0.0577459170154018));
#7640=CARTESIAN_POINT('Ctrl Pts',(153.018217274665,-120.828705746013,-0.0454651391603791));
#7641=CARTESIAN_POINT('Ctrl Pts',(153.00934011505,-120.954519296906,-0.0336412596464955));
#7642=CARTESIAN_POINT('Ctrl Pts',(152.99566263099,-121.07958003812,-0.0218881287195097));
#7643=CARTESIAN_POINT('Ctrl Pts',(152.976113280915,-121.207392344336,-0.0098764074194449));
#7644=CARTESIAN_POINT('Ctrl Pts',(152.952198355495,-121.340003066873,0.00258626607165108));
#7645=CARTESIAN_POINT('Ctrl Pts',(152.926395948724,-121.478326986067,0.0155858622425861));
#7646=CARTESIAN_POINT('Ctrl Pts',(152.900991859256,-121.622212476101,0.0291081313931427));
#7647=CARTESIAN_POINT('Ctrl Pts',(152.876774707687,-121.770614716499,0.0430548819427432));
#7648=CARTESIAN_POINT('Ctrl Pts',(152.851692993676,-121.921713154624,0.0572550194831864));
#7649=CARTESIAN_POINT('Ctrl Pts',(152.822215812031,-122.07332484328,0.0715033919903039));
#7650=CARTESIAN_POINT('Ctrl Pts',(152.784850869588,-122.223325125453,0.0856003255151959));
#7651=CARTESIAN_POINT('Ctrl Pts',(152.737587799238,-122.370062440868,0.0993906074470451));
#7652=CARTESIAN_POINT('Ctrl Pts',(152.681410723123,-122.512784175975,0.112803507631065));
#7653=CARTESIAN_POINT('Ctrl Pts',(152.621679593613,-122.652034342679,0.125890151968788));
#7654=CARTESIAN_POINT('Ctrl Pts',(152.565701221668,-122.789104187045,0.138771890964839));
#7655=CARTESIAN_POINT('Ctrl Pts',(152.520277849012,-122.92548852963,0.151589206928502));
#7656=CARTESIAN_POINT('Ctrl Pts',(152.489487334137,-123.062373843825,0.164453603893602));
#7657=CARTESIAN_POINT('Ctrl Pts',(152.47184129102,-123.200033294849,0.177390753757849));
#7658=CARTESIAN_POINT('Ctrl Pts',(152.459372978775,-123.337515363642,0.190311233349989));
#7659=CARTESIAN_POINT('Ctrl Pts',(152.441910254479,-123.473140472901,0.203057197036471));
#7660=CARTESIAN_POINT('Ctrl Pts',(152.41051507049,-123.604850331556,0.215435207898364));
#7661=CARTESIAN_POINT('Ctrl Pts',(152.360997258753,-123.730612641725,0.227254271840809));
#7662=CARTESIAN_POINT('Ctrl Pts',(152.298066561446,-123.84880795951,0.238362194530244));
#7663=CARTESIAN_POINT('Ctrl Pts',(152.23210832941,-123.958669387108,0.248686903386481));
#7664=CARTESIAN_POINT('Ctrl Pts',(152.17455977466,-124.060817074615,0.258286679731214));
#7665=CARTESIAN_POINT('Ctrl Pts',(152.134134130831,-124.157586828606,0.2673810412182));
#7666=CARTESIAN_POINT('Ctrl Pts',(152.111802810152,-124.25387163348,0.276429827487798));
#7667=CARTESIAN_POINT('Ctrl Pts',(152.102443328051,-124.355018726954,0.285935568625637));
#7668=CARTESIAN_POINT('Ctrl Pts',(152.098113113433,-124.464350021172,0.296210455875532));
#7669=CARTESIAN_POINT('Ctrl Pts',(152.091084417721,-124.57998832649,0.307078072118512));
#7670=CARTESIAN_POINT('Ctrl Pts',(152.075942049759,-124.694887230278,0.317876199864127));
#7671=CARTESIAN_POINT('Ctrl Pts',(152.050211415571,-124.801779141058,0.327921835370868));
#7672=CARTESIAN_POINT('Ctrl Pts',(152.015039570955,-124.896411824377,0.336815356280957));
#7673=CARTESIAN_POINT('Ctrl Pts',(151.976628887221,-124.982644353235,0.344919435882569));
#7674=CARTESIAN_POINT('Ctrl Pts',(151.942128308472,-125.068255227802,0.352965092799282));
#7675=CARTESIAN_POINT('Ctrl Pts',(151.915362483371,-125.159664799767,0.361555707702601));
#7676=CARTESIAN_POINT('Ctrl Pts',(151.890370063996,-125.255246606693,0.370538426660867));
#7677=CARTESIAN_POINT('Ctrl Pts',(151.856405892844,-125.347795416787,0.379236106457146));
#7678=CARTESIAN_POINT('Ctrl Pts',(151.806574226474,-125.430696593317,0.387027107632294));
#7679=CARTESIAN_POINT('Ctrl Pts',(151.748979424235,-125.504656525814,0.393977816236426));
#7680=CARTESIAN_POINT('Ctrl Pts',(151.703584407275,-125.577798904998,0.400851691686967));
#7681=CARTESIAN_POINT('Ctrl Pts',(151.686833414316,-125.659036559185,0.408486356063626));
#7682=CARTESIAN_POINT('Ctrl Pts',(151.694860297314,-125.752090201145,0.417231479645776));
#7683=CARTESIAN_POINT('Ctrl Pts',(151.706444966332,-125.854276838309,0.426834916455092));
#7684=CARTESIAN_POINT('Ctrl Pts',(151.699707830412,-125.959737230566,0.436746018738485));
#7685=CARTESIAN_POINT('Ctrl Pts',(151.668395378928,-126.061193684809,0.446280833409556));
#7686=CARTESIAN_POINT('Ctrl Pts',(151.625393370524,-126.152619484615,0.454872973395304));
#7687=CARTESIAN_POINT('Ctrl Pts',(151.588467934868,-126.231313928394,0.462268628434428));
#7688=CARTESIAN_POINT('Ctrl Pts',(151.569265602958,-126.301278943404,0.468843897169751));
#7689=CARTESIAN_POINT('Ctrl Pts',(151.565090490378,-126.372992820044,0.475583522836904));
#7690=CARTESIAN_POINT('Ctrl Pts',(151.566611421612,-126.454353378553,0.483229737685453));
#7691=CARTESIAN_POINT('Ctrl Pts',(151.563063879125,-126.540316143207,0.491308465014419));
#7692=CARTESIAN_POINT('Ctrl Pts',(151.546276235532,-126.619753863386,0.498773972708895));
#7693=CARTESIAN_POINT('Ctrl Pts',(151.513687196815,-126.688878133853,0.505270228793326));
#7694=CARTESIAN_POINT('Ctrl Pts',(151.47127813357,-126.76110853113,0.512058396749597));
#7695=CARTESIAN_POINT('Ctrl Pts',(151.428277105654,-126.85478563753,0.520862113133293));
#7696=CARTESIAN_POINT('Ctrl Pts',(151.391955890072,-126.980566200167,0.532682892431417));
#7697=CARTESIAN_POINT('Ctrl Pts',(151.363360529906,-127.131690127344,0.546885425417178));
#7698=CARTESIAN_POINT('Ctrl Pts',(151.339676016808,-127.292259055466,0.561975593736204));
#7699=CARTESIAN_POINT('Ctrl Pts',(151.315818125677,-127.443779216389,0.576215364523727));
#7700=CARTESIAN_POINT('Ctrl Pts',(151.286274835039,-127.571560243098,0.588224146195138));
#7701=CARTESIAN_POINT('Ctrl Pts',(151.246963606975,-127.673151918329,0.597771668850804));
#7702=CARTESIAN_POINT('Ctrl Pts',(151.196597959903,-127.758141036482,0.605758893485264));
#7703=CARTESIAN_POINT('Ctrl Pts',(151.137455507148,-127.83905004939,0.613362672358175));
#7704=CARTESIAN_POINT('Ctrl Pts',(151.076341610122,-127.924555132581,0.621398387067067));
#7705=CARTESIAN_POINT('Ctrl Pts',(151.025380164898,-128.012019124448,0.629618198798811));
#7706=CARTESIAN_POINT('Ctrl Pts',(150.995494247971,-128.095706172173,0.63748305566157));
#7707=CARTESIAN_POINT('Ctrl Pts',(150.990510915856,-128.173923422134,0.644833864321586));
#7708=CARTESIAN_POINT('Ctrl Pts',(151.000014604694,-128.257720162461,0.65270903002715));
#7709=CARTESIAN_POINT('Ctrl Pts',(151.00642239207,-128.36355706592,0.662655516599815));
#7710=CARTESIAN_POINT('Ctrl Pts',(150.992828252014,-128.505158792841,0.675963159108859));
#7711=CARTESIAN_POINT('Ctrl Pts',(150.951867209258,-128.684162512222,0.692785817681729));
#7712=CARTESIAN_POINT('Ctrl Pts',(150.885146848372,-128.891670845679,0.712287322213683));
#7713=CARTESIAN_POINT('Ctrl Pts',(150.7999616195,-129.11295126418,0.733083118760052));
#7714=CARTESIAN_POINT('Ctrl Pts',(150.706963621683,-129.331004028328,0.753575582351325));
#7715=CARTESIAN_POINT('Ctrl Pts',(150.617364457639,-129.530737442541,0.772346404792972));
#7716=CARTESIAN_POINT('Ctrl Pts',(150.540495785386,-129.702574220202,0.78849551862612));
#7717=CARTESIAN_POINT('Ctrl Pts',(150.480837066374,-129.847043674237,0.802072668351392));
#7718=CARTESIAN_POINT('Ctrl Pts',(150.436463219788,-129.9766209681,0.814250262096317));
#7719=CARTESIAN_POINT('Ctrl Pts',(150.401717064821,-130.109339624191,0.826723079115885));
#7720=CARTESIAN_POINT('Ctrl Pts',(150.369181621148,-130.263724999455,0.841232120970834));
#7721=CARTESIAN_POINT('Ctrl Pts',(150.331869246034,-130.453416265308,0.859059188535252));
#7722=CARTESIAN_POINT('Ctrl Pts',(150.285456692355,-130.681430726402,0.880487846229729));
#7723=CARTESIAN_POINT('Ctrl Pts',(150.230090394578,-130.936029239085,0.904414856611471));
#7724=CARTESIAN_POINT('Ctrl Pts',(150.169260952576,-131.19668333058,0.928910966535856));
#7725=CARTESIAN_POINT('Ctrl Pts',(150.109031945351,-131.438962704013,0.951680231848231));
#7726=CARTESIAN_POINT('Ctrl Pts',(150.057110770522,-131.639645079909,0.970540237120512));
#7727=CARTESIAN_POINT('Ctrl Pts',(150.022034052582,-131.782175783519,0.983935184282883));
#7728=CARTESIAN_POINT('Ctrl Pts',(150.012193200486,-131.86094108929,0.991337498888143));
#7729=CARTESIAN_POINT('Ctrl Pts',(150.035208076785,-131.888599931037,0.993936859688196));
#7730=CARTESIAN_POINT('Ctrl Pts',(150.09594218482,-131.892642941691,0.994316819322938));
#7731=CARTESIAN_POINT('Ctrl Pts',(150.190036055371,-131.889570339328,0.994028058057765));
#7732=CARTESIAN_POINT('Ctrl Pts',(150.307854232841,-131.886158811994,0.993707444833911));
#7733=CARTESIAN_POINT('Ctrl Pts',(150.43979963959,-131.883836804207,0.993489223981632));
#7734=CARTESIAN_POINT('Ctrl Pts',(150.582309992464,-131.882684558029,0.993380936600188));
#7735=CARTESIAN_POINT('Ctrl Pts',(150.737521731097,-131.882694285149,0.993381850748918));
#7736=CARTESIAN_POINT('Ctrl Pts',(150.910093589545,-131.88352639709,0.993460052113271));
#7737=CARTESIAN_POINT('Ctrl Pts',(151.104873947871,-131.88477097535,0.993577016806491));
#7738=CARTESIAN_POINT('Ctrl Pts',(151.324397752305,-131.885992233657,0.993691789905098));
#7739=CARTESIAN_POINT('Ctrl Pts',(151.566021524239,-131.886879465899,0.993775171441129));
#7740=CARTESIAN_POINT('Ctrl Pts',(151.820606875855,-131.88730949628,0.993815585429751));
#7741=CARTESIAN_POINT('Ctrl Pts',(152.075565367247,-131.887292801022,0.993814016419736));
#7742=CARTESIAN_POINT('Ctrl Pts',(152.317106584799,-131.88693692656,0.99378057155844));
#7743=CARTESIAN_POINT('Ctrl Pts',(152.532758458385,-131.886403755017,0.99373046442732));
#7744=CARTESIAN_POINT('Ctrl Pts',(152.713871350184,-131.885868362381,0.99368014855935));
#7745=CARTESIAN_POINT('Ctrl Pts',(152.857896455993,-131.885479570084,0.993643610100328));
#7746=CARTESIAN_POINT('Ctrl Pts',(152.971322144285,-131.885314041454,0.993628053822315));
#7747=CARTESIAN_POINT('Ctrl Pts',(153.070543008156,-131.885351265617,0.993631552126026));
#7748=CARTESIAN_POINT('Ctrl Pts',(153.175562264906,-131.885519311022,0.993647344929065));
#7749=CARTESIAN_POINT('Ctrl Pts',(153.305369771493,-131.885725790157,0.993666749710147));
#7750=CARTESIAN_POINT('Ctrl Pts',(153.471629554597,-131.885900862502,0.993683202900566));
#7751=CARTESIAN_POINT('Ctrl Pts',(153.677545590471,-131.886008229725,0.993693293205629));
#7752=CARTESIAN_POINT('Ctrl Pts',(153.920285899603,-131.886035023314,0.993695811250521));
#7753=CARTESIAN_POINT('Ctrl Pts',(154.192373981065,-131.885987758823,0.993691369362939));
#7754=CARTESIAN_POINT('Ctrl Pts',(154.483513584902,-131.885885770808,0.993681784592539));
#7755=CARTESIAN_POINT('Ctrl Pts',(154.782207798247,-131.885755790194,0.993669569094988));
#7756=CARTESIAN_POINT('Ctrl Pts',(155.077513031754,-131.885625883999,0.993657360591389));
#7757=CARTESIAN_POINT('Ctrl Pts',(155.36062584852,-131.885520012958,0.993647410896512));
#7758=CARTESIAN_POINT('Ctrl Pts',(155.626826598628,-131.885451426489,0.993640965182681));
#7759=CARTESIAN_POINT('Ctrl Pts',(155.875053798502,-131.88542353429,0.99363834389111));
#7760=CARTESIAN_POINT('Ctrl Pts',(156.106921915808,-131.885432525149,0.993639188846516));
#7761=CARTESIAN_POINT('Ctrl Pts',(156.325924191298,-131.885469401832,0.99364265449434));
#7762=CARTESIAN_POINT('Ctrl Pts',(156.536568685478,-131.885522235164,0.993647619738054));
#7763=CARTESIAN_POINT('Ctrl Pts',(156.743518012224,-131.885578383185,0.993652896494301));
#7764=CARTESIAN_POINT('Ctrl Pts',(156.950785752907,-131.885626587289,0.993657426686063));
#7765=CARTESIAN_POINT('Ctrl Pts',(157.160767280249,-131.885659455858,0.993660515653796));
#7766=CARTESIAN_POINT('Ctrl Pts',(157.373811402505,-131.885674668147,0.993661945295303));
#7767=CARTESIAN_POINT('Ctrl Pts',(157.58893191854,-131.885673470761,0.993661832765735));
#7768=CARTESIAN_POINT('Ctrl Pts',(157.804287065243,-131.885659730836,0.993660541496129));
#7769=CARTESIAN_POINT('Ctrl Pts',(158.01773987132,-131.885638783848,0.993658572911134));
#7770=CARTESIAN_POINT('Ctrl Pts',(158.227410927112,-131.885616330358,0.993656462746106));
#7771=CARTESIAN_POINT('Ctrl Pts',(158.432171375224,-131.885597402375,0.993654683905993));
#7772=CARTESIAN_POINT('Ctrl Pts',(158.632319149374,-131.885585073256,0.993653525222982));
#7773=CARTESIAN_POINT('Ctrl Pts',(158.829486389357,-131.885580269247,0.993653073745264));
#7774=CARTESIAN_POINT('Ctrl Pts',(159.02597018018,-131.885582407405,0.993653274688016));
#7775=CARTESIAN_POINT('Ctrl Pts',(159.22423679204,-131.885589790102,0.993653968509278));
#7776=CARTESIAN_POINT('Ctrl Pts',(159.426343174279,-131.885600104155,0.993654937817596));
#7777=CARTESIAN_POINT('Ctrl Pts',(159.633419980763,-131.885610865039,0.993655949118781));
#7778=CARTESIAN_POINT('Ctrl Pts',(159.845065872444,-131.885619908792,0.99365679904506));
#7779=CARTESIAN_POINT('Ctrl Pts',(160.058965460615,-131.885625791375,0.993657351886552));
#7780=CARTESIAN_POINT('Ctrl Pts',(160.271671879212,-131.885627728117,0.993657533900429));
#7781=CARTESIAN_POINT('Ctrl Pts',(160.479254480794,-131.885625592597,0.99365733320554));
#7782=CARTESIAN_POINT('Ctrl Pts',(160.677982352052,-131.885619884875,0.993656796797397));
#7783=CARTESIAN_POINT('Ctrl Pts',(160.865029836878,-131.885611730317,0.993656030437071));
#7784=CARTESIAN_POINT('Ctrl Pts',(161.039085448149,-131.88560282426,0.993655193451346));
#7785=CARTESIAN_POINT('Ctrl Pts',(161.201223807896,-131.885595503708,0.993654505470412));
#7786=CARTESIAN_POINT('Ctrl Pts',(161.354489355781,-131.885592228537,0.993654197671872));
#7787=CARTESIAN_POINT('Ctrl Pts',(161.502896830081,-131.885594835267,0.993654442650784));
#7788=CARTESIAN_POINT('Ctrl Pts',(161.650588377395,-131.885603785533,0.993655283791202));
#7789=CARTESIAN_POINT('Ctrl Pts',(161.800988980839,-131.885617589247,0.993656581055662));
#7790=CARTESIAN_POINT('Ctrl Pts',(161.955802188116,-131.885631718804,0.993657908942669));
#7791=CARTESIAN_POINT('Ctrl Pts',(162.114934944149,-131.885640000306,0.993658687233117));
#7792=CARTESIAN_POINT('Ctrl Pts',(162.276885470192,-131.885637026522,0.993658407758717));
#7793=CARTESIAN_POINT('Ctrl Pts',(162.438955395329,-131.885620477541,0.993656852495794));
#7794=CARTESIAN_POINT('Ctrl Pts',(162.597597891786,-131.885592963277,0.993654266722273));
#7795=CARTESIAN_POINT('Ctrl Pts',(162.748549525245,-131.88556536493,0.993651673046803));
#7796=CARTESIAN_POINT('Ctrl Pts',(162.887817987961,-131.885553365333,0.993650545332085));
#7797=CARTESIAN_POINT('Ctrl Pts',(163.013274150818,-131.885569324619,0.993652045175837));
#7798=CARTESIAN_POINT('Ctrl Pts',(163.125928485155,-131.88561618659,0.993656449234874));
#7799=CARTESIAN_POINT('Ctrl Pts',(163.231641422429,-131.885679130748,0.993662364687846));
#7800=CARTESIAN_POINT('Ctrl Pts',(163.341713252685,-131.885722553862,0.993666445565093));
#7801=CARTESIAN_POINT('Ctrl Pts',(163.469198535718,-131.885707127344,0.993664995790569));
#7802=CARTESIAN_POINT('Ctrl Pts',(163.62601661492,-131.885602999408,0.993655209911688));
#7803=CARTESIAN_POINT('Ctrl Pts',(163.81945324152,-131.885406176299,0.993636712597925));
#7804=CARTESIAN_POINT('Ctrl Pts',(164.04981312578,-131.885148539822,0.993612500081513));
#7805=CARTESIAN_POINT('Ctrl Pts',(164.312337981568,-131.884883870624,0.993587626634425));
#7806=CARTESIAN_POINT('Ctrl Pts',(164.598515903148,-131.88467729371,0.993568212664109));
#7807=CARTESIAN_POINT('Ctrl Pts',(164.897623815103,-131.884593442313,0.993560332361731));
#7808=CARTESIAN_POINT('Ctrl Pts',(165.198179075964,-131.884685052746,0.993568941853455));
#7809=CARTESIAN_POINT('Ctrl Pts',(165.48941057334,-131.884981640434,0.993596814980526));
#7810=CARTESIAN_POINT('Ctrl Pts',(165.762766949655,-131.885477521089,0.993643417537009));
#7811=CARTESIAN_POINT('Ctrl Pts',(166.013301682636,-131.886121572862,0.993703945123416));
#7812=CARTESIAN_POINT('Ctrl Pts',(166.24139361893,-131.886802404164,0.993767929227045));
#7813=CARTESIAN_POINT('Ctrl Pts',(166.451717084374,-131.887370933943,0.993821359303189));
#7814=CARTESIAN_POINT('Ctrl Pts',(166.651705880923,-131.887669806554,0.9938494471659));
#7815=CARTESIAN_POINT('Ctrl Pts',(166.85018933212,-131.887560561986,0.993839180429101));
#7816=CARTESIAN_POINT('Ctrl Pts',(167.055965030007,-131.886951452924,0.993781936737081));
#7817=CARTESIAN_POINT('Ctrl Pts',(167.27637789351,-131.885825671159,0.99367613646475));
#7818=CARTESIAN_POINT('Ctrl Pts',(167.515945772379,-131.884267776718,0.993529726510998));
#7819=CARTESIAN_POINT('Ctrl Pts',(167.774832013716,-131.882495281401,0.993363148499988));
#7820=CARTESIAN_POINT('Ctrl Pts',(168.049700285507,-131.880811375552,0.993204896072288));
#7821=CARTESIAN_POINT('Ctrl Pts',(168.334767438567,-131.879550968918,0.993086443838216));
#7822=CARTESIAN_POINT('Ctrl Pts',(168.622780327116,-131.879029589475,0.993037444921383));
#7823=CARTESIAN_POINT('Ctrl Pts',(168.90603508689,-131.879490068086,0.993080720415793));
#7824=CARTESIAN_POINT('Ctrl Pts',(169.177354203686,-131.881052505271,0.993227557293781));
#7825=CARTESIAN_POINT('Ctrl Pts',(169.431137412868,-131.883657410437,0.993472364666366));
#7826=CARTESIAN_POINT('Ctrl Pts',(169.664250824241,-131.887024425117,0.993788794618564));
#7827=CARTESIAN_POINT('Ctrl Pts',(169.877304507959,-131.890573319088,0.994122317473771));
#7828=CARTESIAN_POINT('Ctrl Pts',(170.074590826671,-131.893475378055,0.994395051176342));
#7829=CARTESIAN_POINT('Ctrl Pts',(170.262257203262,-131.894877674076,0.994526838087109));
#7830=CARTESIAN_POINT('Ctrl Pts',(170.44693403198,-131.894081535295,0.994452017457983));
#7831=CARTESIAN_POINT('Ctrl Pts',(170.634147629448,-131.890745211816,0.994138471845862));
#7832=CARTESIAN_POINT('Ctrl Pts',(170.826895222524,-131.885063235738,0.993604483256634));
#7833=CARTESIAN_POINT('Ctrl Pts',(171.023982970616,-131.877986761,0.992939440547844));
#7834=CARTESIAN_POINT('Ctrl Pts',(171.218964386904,-131.871333379979,0.992314159924295));
#7835=CARTESIAN_POINT('Ctrl Pts',(171.403018745699,-131.867137560806,0.991919839439592));
#7836=CARTESIAN_POINT('Ctrl Pts',(171.567287965728,-131.867119832481,0.991918173342614));
#7837=CARTESIAN_POINT('Ctrl Pts',(171.705648329577,-131.872037733154,0.992380354599038));
#7838=CARTESIAN_POINT('Ctrl Pts',(171.816778169703,-131.881253281188,0.993246426090004));
#7839=CARTESIAN_POINT('Ctrl Pts',(171.907830747156,-131.891791189512,0.994236772181198));
#7840=CARTESIAN_POINT('Ctrl Pts',(171.991039979014,-131.899623876421,0.994972883240981));
#7841=CARTESIAN_POINT('Ctrl Pts',(172.077756561586,-131.901678457855,0.995165971530423));
#7842=CARTESIAN_POINT('Ctrl Pts',(172.171597390824,-131.898308265953,0.994849242984892));
#7843=CARTESIAN_POINT('Ctrl Pts',(172.269103327691,-131.892670756256,0.994319433318576));
#7844=CARTESIAN_POINT('Ctrl Pts',(172.365140287397,-131.888252057841,0.99390416678089));
#7845=CARTESIAN_POINT('Ctrl Pts',(172.458070384262,-131.886364464838,0.993726771960737));
#7846=CARTESIAN_POINT('Ctrl Pts',(172.550371761315,-131.885931420191,0.993686074693201));
#7847=CARTESIAN_POINT('Ctrl Pts',(172.645059306655,-131.885396934617,0.993635844070357));
#7848=CARTESIAN_POINT('Ctrl Pts',(172.742511667771,-131.884276888279,0.993530582809854));
#7849=CARTESIAN_POINT('Ctrl Pts',(172.839954457591,-131.883827567943,0.993488355963297));
#7850=CARTESIAN_POINT('Ctrl Pts',(172.933761326225,-131.885744763511,0.993668532814209));
#7851=CARTESIAN_POINT('Ctrl Pts',(173.022295434088,-131.892264302543,0.99428123505054));
#7852=CARTESIAN_POINT('Ctrl Pts',(173.104711112294,-131.90331151301,0.995319445041489));
#7853=CARTESIAN_POINT('Ctrl Pts',(173.161128491757,-131.910495390916,0.995994581433335));
#7854=CARTESIAN_POINT('Ctrl Pts',(173.188904422771,-131.90514520029,0.995491773835198));
#7855=CARTESIAN_POINT('Ctrl Pts',(173.197976247773,-131.893582929527,0.994405158797076));
#7856=CARTESIAN_POINT('Ctrl Pts',(173.199996128678,-131.885608808345,0.993655755832001));
#7857=CARTESIAN_POINT('',(173.165628333994,-132.000001966952,-4.62969680123479E-18));
#7858=CARTESIAN_POINT('Ctrl Pts',(173.165628333994,-132.000001966952,-4.62969680123479E-18));
#7859=CARTESIAN_POINT('Ctrl Pts',(173.165933329775,-131.99997811437,-2.24165085045162E-6));
#7860=CARTESIAN_POINT('Ctrl Pts',(173.176892920788,-131.999082739469,-8.63884290161518E-5));
#7861=CARTESIAN_POINT('Ctrl Pts',(173.186147991528,-131.99692738844,-0.000288946982503522));
#7862=CARTESIAN_POINT('Ctrl Pts',(173.193311060858,-131.993095918748,-0.000649026128784751));
#7863=CARTESIAN_POINT('Ctrl Pts',(173.197976247773,-131.987150019851,-0.00120781802087189));
#7864=CARTESIAN_POINT('Ctrl Pts',(173.199996128678,-131.979175898669,-0.00195722098594642));
#7865=CARTESIAN_POINT('',(75.8624852179257,-132.000001966953,-2.77555756156289E-16));
#7866=CARTESIAN_POINT('Origin',(158.539826690826,-106.136213076573,-1.42625649151921));
#7867=CARTESIAN_POINT('Ctrl Pts',(163.088678856599,-102.215126443181,-2.79916413637892));
#7868=CARTESIAN_POINT('Ctrl Pts',(163.088678856599,-102.121559352857,-1.80355115956097));
#7869=CARTESIAN_POINT('Ctrl Pts',(163.056873066239,-102.221360557631,-2.79857825816777));
#7870=CARTESIAN_POINT('Ctrl Pts',(163.056873066239,-102.127793467307,-1.80296528134983));
#7871=CARTESIAN_POINT('Ctrl Pts',(162.993410709817,-102.235647993854,-2.79723553376911));
#7872=CARTESIAN_POINT('Ctrl Pts',(162.993410709817,-102.14208090353,-1.80162255695116));
#7873=CARTESIAN_POINT('Ctrl Pts',(162.900205354934,-102.261975227541,-2.79476131666894));
#7874=CARTESIAN_POINT('Ctrl Pts',(162.900205354934,-102.168408137217,-1.79914833985099));
#7875=CARTESIAN_POINT('Ctrl Pts',(162.785046339931,-102.305234426297,-2.79069584398874));
#7876=CARTESIAN_POINT('Ctrl Pts',(162.785046339931,-102.211667335973,-1.7950828671708));
#7877=CARTESIAN_POINT('Ctrl Pts',(162.664288585415,-102.371296892729,-2.78448733434934));
#7878=CARTESIAN_POINT('Ctrl Pts',(162.664288585415,-102.277729802405,-1.78887435753139));
#7879=CARTESIAN_POINT('Ctrl Pts',(162.570541310329,-102.449221895148,-2.77716399093219));
#7880=CARTESIAN_POINT('Ctrl Pts',(162.570541310329,-102.355654804824,-1.78155101411424));
#7881=CARTESIAN_POINT('Ctrl Pts',(162.503926369437,-102.539539442934,-2.76867600378427));
#7882=CARTESIAN_POINT('Ctrl Pts',(162.503926369437,-102.44597235261,-1.77306302696632));
#7883=CARTESIAN_POINT('Ctrl Pts',(162.46143767335,-102.642558283331,-2.75899435703098));
#7884=CARTESIAN_POINT('Ctrl Pts',(162.46143767335,-102.548991193007,-1.76338138021303));
#7885=CARTESIAN_POINT('Ctrl Pts',(162.437428021255,-102.757449383848,-2.748196962632));
#7886=CARTESIAN_POINT('Ctrl Pts',(162.437428021255,-102.663882293524,-1.75258398581405));
#7887=CARTESIAN_POINT('Ctrl Pts',(162.424843292087,-102.882452333172,-2.73644926295101));
#7888=CARTESIAN_POINT('Ctrl Pts',(162.424843292087,-102.788885242848,-1.74083628613306));
#7889=CARTESIAN_POINT('Ctrl Pts',(162.416513898324,-103.015178160619,-2.72397577197178));
#7890=CARTESIAN_POINT('Ctrl Pts',(162.416513898324,-102.921611070295,-1.72836279515383));
#7891=CARTESIAN_POINT('Ctrl Pts',(162.406413337876,-103.152875289965,-2.71103508112223));
#7892=CARTESIAN_POINT('Ctrl Pts',(162.406413337876,-103.059308199641,-1.71542210430428));
#7893=CARTESIAN_POINT('Ctrl Pts',(162.390959011589,-103.292711242151,-2.69789338502805));
#7894=CARTESIAN_POINT('Ctrl Pts',(162.390959011589,-103.199144151827,-1.7022804082101));
#7895=CARTESIAN_POINT('Ctrl Pts',(162.370221449274,-103.432044740156,-2.68479890926634));
#7896=CARTESIAN_POINT('Ctrl Pts',(162.370221449274,-103.338477649832,-1.68918593244839));
#7897=CARTESIAN_POINT('Ctrl Pts',(162.34666046848,-103.56865819662,-2.67196006132236));
#7898=CARTESIAN_POINT('Ctrl Pts',(162.34666046848,-103.475091106296,-1.67634708450441));
#7899=CARTESIAN_POINT('Ctrl Pts',(162.323965438122,-103.700984215099,-2.65952414414211));
#7900=CARTESIAN_POINT('Ctrl Pts',(162.323965438122,-103.607417124775,-1.66391116732417));
#7901=CARTESIAN_POINT('Ctrl Pts',(162.305826721943,-103.828348724788,-2.64755450648204));
#7902=CARTESIAN_POINT('Ctrl Pts',(162.305826721943,-103.734781634464,-1.65194152966409));
#7903=CARTESIAN_POINT('Ctrl Pts',(162.294811069802,-103.951177745932,-2.63601111122365));
#7904=CARTESIAN_POINT('Ctrl Pts',(162.294811069802,-103.857610655608,-1.6403981344057));
#7905=CARTESIAN_POINT('Ctrl Pts',(162.29099486046,-104.0713027534,-2.62472183749416));
#7906=CARTESIAN_POINT('Ctrl Pts',(162.29099486046,-103.977735663076,-1.62910886067621));
#7907=CARTESIAN_POINT('Ctrl Pts',(162.292782223171,-104.19136273718,-2.6134386746506));
#7908=CARTESIAN_POINT('Ctrl Pts',(162.292782223171,-104.097795646856,-1.61782569783265));
#7909=CARTESIAN_POINT('Ctrl Pts',(162.298052195165,-104.31406951908,-2.60190676736062));
#7910=CARTESIAN_POINT('Ctrl Pts',(162.298052195165,-104.220502428756,-1.60629379054267));
#7911=CARTESIAN_POINT('Ctrl Pts',(162.30518795183,-104.44152228916,-2.58992883504373));
#7912=CARTESIAN_POINT('Ctrl Pts',(162.30518795183,-104.347955198836,-1.59431585822578));
#7913=CARTESIAN_POINT('Ctrl Pts',(162.314158151633,-104.574499109103,-2.5774317559454));
#7914=CARTESIAN_POINT('Ctrl Pts',(162.314158151633,-104.480932018779,-1.58181877912745));
#7915=CARTESIAN_POINT('Ctrl Pts',(162.327571341864,-104.71176106005,-2.56453196289187));
#7916=CARTESIAN_POINT('Ctrl Pts',(162.327571341864,-104.618193969726,-1.56891898607392));
#7917=CARTESIAN_POINT('Ctrl Pts',(162.349599126808,-104.850552957228,-2.55148838644011));
#7918=CARTESIAN_POINT('Ctrl Pts',(162.349599126808,-104.756985866904,-1.55587540962216));
#7919=CARTESIAN_POINT('Ctrl Pts',(162.384926509334,-104.987093413277,-2.53865639902993));
#7920=CARTESIAN_POINT('Ctrl Pts',(162.384926509334,-104.893526322953,-1.54304342221198));
#7921=CARTESIAN_POINT('Ctrl Pts',(162.437657919768,-105.117075260311,-2.52644078562881));
#7922=CARTESIAN_POINT('Ctrl Pts',(162.437657919768,-105.023508169987,-1.53082780881086));
#7923=CARTESIAN_POINT('Ctrl Pts',(162.510323036005,-105.236141363173,-2.51525102709771));
#7924=CARTESIAN_POINT('Ctrl Pts',(162.510323036005,-105.142574272849,-1.51963805027976));
#7925=CARTESIAN_POINT('Ctrl Pts',(162.602625329347,-105.340420586626,-2.50545093032627));
#7926=CARTESIAN_POINT('Ctrl Pts',(162.602625329347,-105.246853496302,-1.50983795350832));
#7927=CARTESIAN_POINT('Ctrl Pts',(162.711942654441,-105.426647299586,-2.49734739729913));
#7928=CARTESIAN_POINT('Ctrl Pts',(162.711942654441,-105.333080209262,-1.50173442048118));
#7929=CARTESIAN_POINT('Ctrl Pts',(162.834224292398,-105.492180805781,-2.49118859901488));
#7930=CARTESIAN_POINT('Ctrl Pts',(162.834224292398,-105.398613715457,-1.49557562219693));
#7931=CARTESIAN_POINT('Ctrl Pts',(162.964777744684,-105.535064353313,-2.48715842980376));
#7932=CARTESIAN_POINT('Ctrl Pts',(162.964777744684,-105.441497262989,-1.49154545298581));
#7933=CARTESIAN_POINT('Ctrl Pts',(163.099037184219,-105.554059228486,-2.48537330321104));
#7934=CARTESIAN_POINT('Ctrl Pts',(163.099037184219,-105.460492138162,-1.4897603263931));
#7935=CARTESIAN_POINT('Ctrl Pts',(163.233499551075,-105.548715307614,-2.48587552158158));
#7936=CARTESIAN_POINT('Ctrl Pts',(163.233499551075,-105.45514821729,-1.49026254476363));
#7937=CARTESIAN_POINT('Ctrl Pts',(163.365690717674,-105.519291292916,-2.48864077224131));
#7938=CARTESIAN_POINT('Ctrl Pts',(163.365690717674,-105.425724202592,-1.49302779542336));
#7939=CARTESIAN_POINT('Ctrl Pts',(163.493734064272,-105.466619174734,-2.49359086525355));
#7940=CARTESIAN_POINT('Ctrl Pts',(163.493734064272,-105.37305208441,-1.4979778884356));
#7941=CARTESIAN_POINT('Ctrl Pts',(163.616028265955,-105.391981514723,-2.50060526626926));
#7942=CARTESIAN_POINT('Ctrl Pts',(163.616028265955,-105.298414424399,-1.50499228945131));
#7943=CARTESIAN_POINT('Ctrl Pts',(163.730926084249,-105.296998229432,-2.50953173653537));
#7944=CARTESIAN_POINT('Ctrl Pts',(163.730926084249,-105.203431139107,-1.51391875971743));
#7945=CARTESIAN_POINT('Ctrl Pts',(163.836298555843,-105.18347571325,-2.52020051222704));
#7946=CARTESIAN_POINT('Ctrl Pts',(163.836298555843,-105.089908622926,-1.52458753540909));
#7947=CARTESIAN_POINT('Ctrl Pts',(163.929666633472,-105.053429674466,-2.53242215832902));
#7948=CARTESIAN_POINT('Ctrl Pts',(163.929666633472,-104.959862584142,-1.53680918151107));
#7949=CARTESIAN_POINT('Ctrl Pts',(164.008736290125,-104.909232640614,-2.54597370617438));
#7950=CARTESIAN_POINT('Ctrl Pts',(164.008736290125,-104.81566555029,-1.55036072935643));
#7951=CARTESIAN_POINT('Ctrl Pts',(164.071802062843,-104.753717040862,-2.56058896582606));
#7952=CARTESIAN_POINT('Ctrl Pts',(164.071802062843,-104.660149950538,-1.56497598900811));
#7953=CARTESIAN_POINT('Ctrl Pts',(164.118230681949,-104.590314898961,-2.57594539781961));
#7954=CARTESIAN_POINT('Ctrl Pts',(164.118230681949,-104.496747808637,-1.58033242100166));
#7955=CARTESIAN_POINT('Ctrl Pts',(164.148854049363,-104.423142227672,-2.59165618182749));
#7956=CARTESIAN_POINT('Ctrl Pts',(164.148854049363,-104.329575137348,-1.59604320500954));
#7957=CARTESIAN_POINT('Ctrl Pts',(164.166555482474,-104.257214581749,-2.60724995912335));
#7958=CARTESIAN_POINT('Ctrl Pts',(164.166555482474,-104.163647491425,-1.6116369823054));
#7959=CARTESIAN_POINT('Ctrl Pts',(164.175472894131,-104.097708016186,-2.62224028726772));
#7960=CARTESIAN_POINT('Ctrl Pts',(164.175472894131,-104.004140925862,-1.62662731044977));
#7961=CARTESIAN_POINT('Ctrl Pts',(164.17995161712,-103.949058774736,-2.63621025082306));
#7962=CARTESIAN_POINT('Ctrl Pts',(164.17995161712,-103.855491684412,-1.64059727400511));
#7963=CARTESIAN_POINT('Ctrl Pts',(164.183541943737,-103.814064399386,-2.64889693852765));
#7964=CARTESIAN_POINT('Ctrl Pts',(164.183541943737,-103.720497309062,-1.6532839617097));
#7965=CARTESIAN_POINT('Ctrl Pts',(164.18807264287,-103.693101872459,-2.66026492181671));
#7966=CARTESIAN_POINT('Ctrl Pts',(164.18807264287,-103.599534782135,-1.66465194499876));
#7967=CARTESIAN_POINT('Ctrl Pts',(164.192460748822,-103.583004652603,-2.67061179028319));
#7968=CARTESIAN_POINT('Ctrl Pts',(164.192460748822,-103.489437562279,-1.67499881346524));
#7969=CARTESIAN_POINT('Ctrl Pts',(164.192350860415,-103.476980529186,-2.68057587167152));
#7970=CARTESIAN_POINT('Ctrl Pts',(164.192350860415,-103.383413438862,-1.68496289485357));
#7971=CARTESIAN_POINT('Ctrl Pts',(164.182110247391,-103.367391508072,-2.69087497993532));
#7972=CARTESIAN_POINT('Ctrl Pts',(164.182110247391,-103.273824417748,-1.69526200311737));
#7973=CARTESIAN_POINT('Ctrl Pts',(164.156484958907,-103.248203029942,-2.70207623921828));
#7974=CARTESIAN_POINT('Ctrl Pts',(164.156484958907,-103.154635939618,-1.70646326240033));
#7975=CARTESIAN_POINT('Ctrl Pts',(164.112213111266,-103.117182423638,-2.71438947457153));
#7976=CARTESIAN_POINT('Ctrl Pts',(164.112213111266,-103.023615333314,-1.71877649775358));
#7977=CARTESIAN_POINT('Ctrl Pts',(164.050097494521,-102.979156269257,-2.72736108699003));
#7978=CARTESIAN_POINT('Ctrl Pts',(164.050097494521,-102.885589178933,-1.73174811017208));
#7979=CARTESIAN_POINT('Ctrl Pts',(163.974772896383,-102.844356737084,-2.74002946345366));
#7980=CARTESIAN_POINT('Ctrl Pts',(163.974772896383,-102.75078964676,-1.74441648663571));
#7981=CARTESIAN_POINT('Ctrl Pts',(163.893049375671,-102.724087003518,-2.75133233845217));
#7982=CARTESIAN_POINT('Ctrl Pts',(163.893049375671,-102.630519913194,-1.75571936163422));
#7983=CARTESIAN_POINT('Ctrl Pts',(163.812764260132,-102.62682973629,-2.76047251613089));
#7984=CARTESIAN_POINT('Ctrl Pts',(163.812764260132,-102.533262645966,-1.76485953931294));
#7985=CARTESIAN_POINT('Ctrl Pts',(163.741275311079,-102.555010526626,-2.76722204093026));
#7986=CARTESIAN_POINT('Ctrl Pts',(163.741275311079,-102.461443436302,-1.77160906411231));
#7987=CARTESIAN_POINT('Ctrl Pts',(163.684469292506,-102.49942922924,-2.77244553680061));
#7988=CARTESIAN_POINT('Ctrl Pts',(163.684469292506,-102.405862138916,-1.77683255998266));
#7989=CARTESIAN_POINT('Ctrl Pts',(163.644331195448,-102.442061597597,-2.77783691125694));
#7990=CARTESIAN_POINT('Ctrl Pts',(163.644331195448,-102.348494507273,-1.78222393443899));
#7991=CARTESIAN_POINT('Ctrl Pts',(163.61543400224,-102.369788535337,-2.78462908884191));
#7992=CARTESIAN_POINT('Ctrl Pts',(163.61543400224,-102.276221445013,-1.78901611202396));
#7993=CARTESIAN_POINT('Ctrl Pts',(163.580665986366,-102.285990197466,-2.79250440468367));
#7994=CARTESIAN_POINT('Ctrl Pts',(163.580665986366,-102.192423107142,-1.79689142786572));
#7995=CARTESIAN_POINT('Ctrl Pts',(163.508586525925,-102.222979438675,-2.79842611673087));
#7996=CARTESIAN_POINT('Ctrl Pts',(163.508586525925,-102.129412348351,-1.80281313991292));
#7997=CARTESIAN_POINT('Ctrl Pts',(163.395487030157,-102.189911179214,-2.8015338512541));
#7998=CARTESIAN_POINT('Ctrl Pts',(163.395487030157,-102.09634408889,-1.80592087443615));
#7999=CARTESIAN_POINT('Ctrl Pts',(163.278793825222,-102.188288939169,-2.8016863083678));
#8000=CARTESIAN_POINT('Ctrl Pts',(163.278793825222,-102.094721848845,-1.80607333154985));
#8001=CARTESIAN_POINT('Ctrl Pts',(163.184245451979,-102.198243307153,-2.80075080303598));
#8002=CARTESIAN_POINT('Ctrl Pts',(163.184245451979,-102.104676216829,-1.80513782621803));
#8003=CARTESIAN_POINT('Ctrl Pts',(163.12048464696,-102.208892328731,-2.79975001459006));
#8004=CARTESIAN_POINT('Ctrl Pts',(163.12048464696,-102.115325238407,-1.80413703777212));
#8005=CARTESIAN_POINT('Ctrl Pts',(163.088678856599,-102.215126443181,-2.79916413637892));
#8006=CARTESIAN_POINT('Ctrl Pts',(163.088678856599,-102.121559352857,-1.80355115956097));
#8007=CARTESIAN_POINT('',(163.088678856599,-102.215126443181,-2.79916413637892));
#8008=CARTESIAN_POINT('Ctrl Pts',(163.088678856599,-102.215126443181,-2.79916413637892));
#8009=CARTESIAN_POINT('Ctrl Pts',(163.056873066239,-102.221360557631,-2.79857825816777));
#8010=CARTESIAN_POINT('Ctrl Pts',(162.993410709817,-102.235647993854,-2.79723553376911));
#8011=CARTESIAN_POINT('Ctrl Pts',(162.900205354934,-102.261975227541,-2.79476131666894));
#8012=CARTESIAN_POINT('Ctrl Pts',(162.785046339931,-102.305234426297,-2.79069584398874));
#8013=CARTESIAN_POINT('Ctrl Pts',(162.664288585415,-102.371296892729,-2.78448733434934));
#8014=CARTESIAN_POINT('Ctrl Pts',(162.570541310329,-102.449221895148,-2.77716399093219));
#8015=CARTESIAN_POINT('Ctrl Pts',(162.503926369437,-102.539539442934,-2.76867600378427));
#8016=CARTESIAN_POINT('Ctrl Pts',(162.46143767335,-102.642558283331,-2.75899435703098));
#8017=CARTESIAN_POINT('Ctrl Pts',(162.437428021255,-102.757449383848,-2.748196962632));
#8018=CARTESIAN_POINT('Ctrl Pts',(162.424843292087,-102.882452333172,-2.73644926295101));
#8019=CARTESIAN_POINT('Ctrl Pts',(162.416513898324,-103.015178160619,-2.72397577197178));
#8020=CARTESIAN_POINT('Ctrl Pts',(162.406413337876,-103.152875289965,-2.71103508112223));
#8021=CARTESIAN_POINT('Ctrl Pts',(162.390959011589,-103.292711242151,-2.69789338502805));
#8022=CARTESIAN_POINT('Ctrl Pts',(162.370221449274,-103.432044740156,-2.68479890926634));
#8023=CARTESIAN_POINT('Ctrl Pts',(162.34666046848,-103.56865819662,-2.67196006132236));
#8024=CARTESIAN_POINT('Ctrl Pts',(162.323965438122,-103.700984215099,-2.65952414414211));
#8025=CARTESIAN_POINT('Ctrl Pts',(162.305826721943,-103.828348724788,-2.64755450648204));
#8026=CARTESIAN_POINT('Ctrl Pts',(162.294811069802,-103.951177745932,-2.63601111122365));
#8027=CARTESIAN_POINT('Ctrl Pts',(162.29099486046,-104.0713027534,-2.62472183749416));
#8028=CARTESIAN_POINT('Ctrl Pts',(162.292782223171,-104.19136273718,-2.6134386746506));
#8029=CARTESIAN_POINT('Ctrl Pts',(162.298052195165,-104.31406951908,-2.60190676736062));
#8030=CARTESIAN_POINT('Ctrl Pts',(162.30518795183,-104.44152228916,-2.58992883504373));
#8031=CARTESIAN_POINT('Ctrl Pts',(162.314158151633,-104.574499109103,-2.5774317559454));
#8032=CARTESIAN_POINT('Ctrl Pts',(162.327571341864,-104.71176106005,-2.56453196289187));
#8033=CARTESIAN_POINT('Ctrl Pts',(162.349599126808,-104.850552957228,-2.55148838644011));
#8034=CARTESIAN_POINT('Ctrl Pts',(162.384926509334,-104.987093413277,-2.53865639902993));
#8035=CARTESIAN_POINT('Ctrl Pts',(162.437657919768,-105.117075260311,-2.52644078562881));
#8036=CARTESIAN_POINT('Ctrl Pts',(162.510323036005,-105.236141363173,-2.51525102709771));
#8037=CARTESIAN_POINT('Ctrl Pts',(162.602625329347,-105.340420586626,-2.50545093032627));
#8038=CARTESIAN_POINT('Ctrl Pts',(162.711942654441,-105.426647299586,-2.49734739729913));
#8039=CARTESIAN_POINT('Ctrl Pts',(162.834224292398,-105.492180805781,-2.49118859901488));
#8040=CARTESIAN_POINT('Ctrl Pts',(162.964777744684,-105.535064353313,-2.48715842980376));
#8041=CARTESIAN_POINT('Ctrl Pts',(163.099037184219,-105.554059228486,-2.48537330321104));
#8042=CARTESIAN_POINT('Ctrl Pts',(163.233499551075,-105.548715307614,-2.48587552158158));
#8043=CARTESIAN_POINT('Ctrl Pts',(163.365690717674,-105.519291292916,-2.48864077224131));
#8044=CARTESIAN_POINT('Ctrl Pts',(163.493734064272,-105.466619174734,-2.49359086525355));
#8045=CARTESIAN_POINT('Ctrl Pts',(163.616028265955,-105.391981514723,-2.50060526626926));
#8046=CARTESIAN_POINT('Ctrl Pts',(163.730926084249,-105.296998229432,-2.50953173653537));
#8047=CARTESIAN_POINT('Ctrl Pts',(163.836298555843,-105.18347571325,-2.52020051222704));
#8048=CARTESIAN_POINT('Ctrl Pts',(163.929666633472,-105.053429674466,-2.53242215832902));
#8049=CARTESIAN_POINT('Ctrl Pts',(164.008736290125,-104.909232640614,-2.54597370617438));
#8050=CARTESIAN_POINT('Ctrl Pts',(164.071802062843,-104.753717040862,-2.56058896582606));
#8051=CARTESIAN_POINT('Ctrl Pts',(164.118230681949,-104.590314898961,-2.57594539781961));
#8052=CARTESIAN_POINT('Ctrl Pts',(164.148854049363,-104.423142227672,-2.59165618182749));
#8053=CARTESIAN_POINT('Ctrl Pts',(164.166555482474,-104.257214581749,-2.60724995912335));
#8054=CARTESIAN_POINT('Ctrl Pts',(164.175472894131,-104.097708016186,-2.62224028726772));
#8055=CARTESIAN_POINT('Ctrl Pts',(164.17995161712,-103.949058774736,-2.63621025082306));
#8056=CARTESIAN_POINT('Ctrl Pts',(164.183541943737,-103.814064399386,-2.64889693852765));
#8057=CARTESIAN_POINT('Ctrl Pts',(164.18807264287,-103.693101872459,-2.66026492181671));
#8058=CARTESIAN_POINT('Ctrl Pts',(164.192460748822,-103.583004652603,-2.67061179028319));
#8059=CARTESIAN_POINT('Ctrl Pts',(164.192350860415,-103.476980529186,-2.68057587167152));
#8060=CARTESIAN_POINT('Ctrl Pts',(164.182110247391,-103.367391508072,-2.69087497993532));
#8061=CARTESIAN_POINT('Ctrl Pts',(164.156484958907,-103.248203029942,-2.70207623921828));
#8062=CARTESIAN_POINT('Ctrl Pts',(164.112213111266,-103.117182423638,-2.71438947457153));
#8063=CARTESIAN_POINT('Ctrl Pts',(164.050097494521,-102.979156269257,-2.72736108699003));
#8064=CARTESIAN_POINT('Ctrl Pts',(163.974772896383,-102.844356737084,-2.74002946345366));
#8065=CARTESIAN_POINT('Ctrl Pts',(163.893049375671,-102.724087003518,-2.75133233845217));
#8066=CARTESIAN_POINT('Ctrl Pts',(163.812764260132,-102.62682973629,-2.76047251613089));
#8067=CARTESIAN_POINT('Ctrl Pts',(163.741275311079,-102.555010526626,-2.76722204093026));
#8068=CARTESIAN_POINT('Ctrl Pts',(163.684469292506,-102.49942922924,-2.77244553680061));
#8069=CARTESIAN_POINT('Ctrl Pts',(163.644331195448,-102.442061597597,-2.77783691125694));
#8070=CARTESIAN_POINT('Ctrl Pts',(163.61543400224,-102.369788535337,-2.78462908884191));
#8071=CARTESIAN_POINT('Ctrl Pts',(163.580665986366,-102.285990197466,-2.79250440468367));
#8072=CARTESIAN_POINT('Ctrl Pts',(163.508586525925,-102.222979438675,-2.79842611673087));
#8073=CARTESIAN_POINT('Ctrl Pts',(163.395487030157,-102.189911179214,-2.8015338512541));
#8074=CARTESIAN_POINT('Ctrl Pts',(163.278793825222,-102.188288939169,-2.8016863083678));
#8075=CARTESIAN_POINT('Ctrl Pts',(163.184245451979,-102.198243307153,-2.80075080303598));
#8076=CARTESIAN_POINT('Ctrl Pts',(163.12048464696,-102.208892328731,-2.79975001459006));
#8077=CARTESIAN_POINT('Ctrl Pts',(163.088678856599,-102.215126443181,-2.79916413637892));
#8078=CARTESIAN_POINT('',(163.088678856599,-102.121559352857,-1.80355115956097));
#8079=CARTESIAN_POINT('',(163.088678856599,-102.215126443181,-2.79916413637892));
#8080=CARTESIAN_POINT('Ctrl Pts',(163.088678856599,-102.121559352857,-1.80355115956097));
#8081=CARTESIAN_POINT('Ctrl Pts',(163.056873066239,-102.127793467307,-1.80296528134982));
#8082=CARTESIAN_POINT('Ctrl Pts',(162.993410709817,-102.14208090353,-1.80162255695116));
#8083=CARTESIAN_POINT('Ctrl Pts',(162.900205354934,-102.168408137217,-1.79914833985099));
#8084=CARTESIAN_POINT('Ctrl Pts',(162.785046339931,-102.211667335973,-1.79508286717079));
#8085=CARTESIAN_POINT('Ctrl Pts',(162.664288585415,-102.277729802405,-1.78887435753139));
#8086=CARTESIAN_POINT('Ctrl Pts',(162.570541310329,-102.355654804824,-1.78155101411424));
#8087=CARTESIAN_POINT('Ctrl Pts',(162.503926369437,-102.44597235261,-1.77306302696632));
#8088=CARTESIAN_POINT('Ctrl Pts',(162.46143767335,-102.548991193007,-1.76338138021303));
#8089=CARTESIAN_POINT('Ctrl Pts',(162.437428021255,-102.663882293524,-1.75258398581405));
#8090=CARTESIAN_POINT('Ctrl Pts',(162.424843292087,-102.788885242848,-1.74083628613306));
#8091=CARTESIAN_POINT('Ctrl Pts',(162.416513898324,-102.921611070295,-1.72836279515383));
#8092=CARTESIAN_POINT('Ctrl Pts',(162.406413337876,-103.059308199641,-1.71542210430428));
#8093=CARTESIAN_POINT('Ctrl Pts',(162.390959011589,-103.199144151827,-1.7022804082101));
#8094=CARTESIAN_POINT('Ctrl Pts',(162.370221449274,-103.338477649832,-1.68918593244839));
#8095=CARTESIAN_POINT('Ctrl Pts',(162.34666046848,-103.475091106296,-1.67634708450441));
#8096=CARTESIAN_POINT('Ctrl Pts',(162.323965438122,-103.607417124775,-1.66391116732417));
#8097=CARTESIAN_POINT('Ctrl Pts',(162.305826721943,-103.734781634464,-1.65194152966409));
#8098=CARTESIAN_POINT('Ctrl Pts',(162.294811069802,-103.857610655608,-1.6403981344057));
#8099=CARTESIAN_POINT('Ctrl Pts',(162.29099486046,-103.977735663076,-1.62910886067621));
#8100=CARTESIAN_POINT('Ctrl Pts',(162.292782223171,-104.097795646856,-1.61782569783265));
#8101=CARTESIAN_POINT('Ctrl Pts',(162.298052195165,-104.220502428756,-1.60629379054267));
#8102=CARTESIAN_POINT('Ctrl Pts',(162.30518795183,-104.347955198836,-1.59431585822578));
#8103=CARTESIAN_POINT('Ctrl Pts',(162.314158151633,-104.480932018779,-1.58181877912745));
#8104=CARTESIAN_POINT('Ctrl Pts',(162.327571341864,-104.618193969726,-1.56891898607392));
#8105=CARTESIAN_POINT('Ctrl Pts',(162.349599126808,-104.756985866904,-1.55587540962216));
#8106=CARTESIAN_POINT('Ctrl Pts',(162.384926509334,-104.893526322953,-1.54304342221198));
#8107=CARTESIAN_POINT('Ctrl Pts',(162.437657919768,-105.023508169987,-1.53082780881086));
#8108=CARTESIAN_POINT('Ctrl Pts',(162.510323036005,-105.142574272849,-1.51963805027976));
#8109=CARTESIAN_POINT('Ctrl Pts',(162.602625329347,-105.246853496302,-1.50983795350832));
#8110=CARTESIAN_POINT('Ctrl Pts',(162.711942654441,-105.333080209262,-1.50173442048118));
#8111=CARTESIAN_POINT('Ctrl Pts',(162.834224292398,-105.398613715457,-1.49557562219693));
#8112=CARTESIAN_POINT('Ctrl Pts',(162.964777744684,-105.441497262989,-1.49154545298581));
#8113=CARTESIAN_POINT('Ctrl Pts',(163.099037184219,-105.460492138162,-1.4897603263931));
#8114=CARTESIAN_POINT('Ctrl Pts',(163.233499551075,-105.45514821729,-1.49026254476363));
#8115=CARTESIAN_POINT('Ctrl Pts',(163.365690717674,-105.425724202592,-1.49302779542336));
#8116=CARTESIAN_POINT('Ctrl Pts',(163.493734064272,-105.37305208441,-1.4979778884356));
#8117=CARTESIAN_POINT('Ctrl Pts',(163.616028265955,-105.298414424399,-1.50499228945131));
#8118=CARTESIAN_POINT('Ctrl Pts',(163.730926084249,-105.203431139107,-1.51391875971742));
#8119=CARTESIAN_POINT('Ctrl Pts',(163.836298555843,-105.089908622926,-1.52458753540909));
#8120=CARTESIAN_POINT('Ctrl Pts',(163.929666633472,-104.959862584142,-1.53680918151107));
#8121=CARTESIAN_POINT('Ctrl Pts',(164.008736290125,-104.81566555029,-1.55036072935643));
#8122=CARTESIAN_POINT('Ctrl Pts',(164.071802062843,-104.660149950538,-1.56497598900811));
#8123=CARTESIAN_POINT('Ctrl Pts',(164.118230681949,-104.496747808637,-1.58033242100166));
#8124=CARTESIAN_POINT('Ctrl Pts',(164.148854049363,-104.329575137348,-1.59604320500954));
#8125=CARTESIAN_POINT('Ctrl Pts',(164.166555482474,-104.163647491425,-1.6116369823054));
#8126=CARTESIAN_POINT('Ctrl Pts',(164.175472894131,-104.004140925862,-1.62662731044977));
#8127=CARTESIAN_POINT('Ctrl Pts',(164.17995161712,-103.855491684412,-1.64059727400511));
#8128=CARTESIAN_POINT('Ctrl Pts',(164.183541943737,-103.720497309062,-1.6532839617097));
#8129=CARTESIAN_POINT('Ctrl Pts',(164.18807264287,-103.599534782135,-1.66465194499876));
#8130=CARTESIAN_POINT('Ctrl Pts',(164.192460748822,-103.489437562279,-1.67499881346524));
#8131=CARTESIAN_POINT('Ctrl Pts',(164.192350860415,-103.383413438862,-1.68496289485357));
#8132=CARTESIAN_POINT('Ctrl Pts',(164.182110247391,-103.273824417748,-1.69526200311737));
#8133=CARTESIAN_POINT('Ctrl Pts',(164.156484958907,-103.154635939618,-1.70646326240033));
#8134=CARTESIAN_POINT('Ctrl Pts',(164.112213111266,-103.023615333314,-1.71877649775358));
#8135=CARTESIAN_POINT('Ctrl Pts',(164.050097494521,-102.885589178933,-1.73174811017208));
#8136=CARTESIAN_POINT('Ctrl Pts',(163.974772896383,-102.75078964676,-1.74441648663571));
#8137=CARTESIAN_POINT('Ctrl Pts',(163.893049375671,-102.630519913194,-1.75571936163422));
#8138=CARTESIAN_POINT('Ctrl Pts',(163.812764260132,-102.533262645966,-1.76485953931294));
#8139=CARTESIAN_POINT('Ctrl Pts',(163.741275311079,-102.461443436302,-1.77160906411231));
#8140=CARTESIAN_POINT('Ctrl Pts',(163.684469292506,-102.405862138916,-1.77683255998266));
#8141=CARTESIAN_POINT('Ctrl Pts',(163.644331195448,-102.348494507273,-1.78222393443899));
#8142=CARTESIAN_POINT('Ctrl Pts',(163.61543400224,-102.276221445013,-1.78901611202396));
#8143=CARTESIAN_POINT('Ctrl Pts',(163.580665986366,-102.192423107142,-1.79689142786572));
#8144=CARTESIAN_POINT('Ctrl Pts',(163.508586525925,-102.129412348351,-1.80281313991292));
#8145=CARTESIAN_POINT('Ctrl Pts',(163.395487030157,-102.09634408889,-1.80592087443615));
#8146=CARTESIAN_POINT('Ctrl Pts',(163.278793825222,-102.094721848845,-1.80607333154985));
#8147=CARTESIAN_POINT('Ctrl Pts',(163.184245451979,-102.104676216829,-1.80513782621803));
#8148=CARTESIAN_POINT('Ctrl Pts',(163.12048464696,-102.115325238407,-1.80413703777212));
#8149=CARTESIAN_POINT('Ctrl Pts',(163.088678856599,-102.121559352857,-1.80355115956097));
#8150=CARTESIAN_POINT('Origin',(163.241727804641,-103.777606993504,-1.64791682897147));
#8151=CARTESIAN_POINT('Ctrl Pts',(152.799996584654,-102.210348557198,-2.79961315914151));
#8152=CARTESIAN_POINT('Ctrl Pts',(152.799996584654,-102.116781466874,-1.80400018232356));
#8153=CARTESIAN_POINT('Ctrl Pts',(152.777962408771,-102.209140261973,-2.79972671397763));
#8154=CARTESIAN_POINT('Ctrl Pts',(152.777962408771,-102.115573171649,-1.80411373715968));
#8155=CARTESIAN_POINT('Ctrl Pts',(152.732883410116,-102.208908393154,-2.7997485048655));
#8156=CARTESIAN_POINT('Ctrl Pts',(152.732883410116,-102.11534130283,-1.80413552804755));
#8157=CARTESIAN_POINT('Ctrl Pts',(152.662411561034,-102.215516820545,-2.7991274489562));
#8158=CARTESIAN_POINT('Ctrl Pts',(152.662411561034,-102.121949730221,-1.80351447213825));
#8159=CARTESIAN_POINT('Ctrl Pts',(152.564466474527,-102.239257638759,-2.7968963015788));
#8160=CARTESIAN_POINT('Ctrl Pts',(152.564466474527,-102.145690548435,-1.80128332476085));
#8161=CARTESIAN_POINT('Ctrl Pts',(152.442641680845,-102.294191871417,-2.79173361645041));
#8162=CARTESIAN_POINT('Ctrl Pts',(152.442641680845,-102.200624781093,-1.79612063963246));
#8163=CARTESIAN_POINT('Ctrl Pts',(152.329412150522,-102.373388167548,-2.78429079763834));
#8164=CARTESIAN_POINT('Ctrl Pts',(152.329412150522,-102.279821077224,-1.78867782082039));
#8165=CARTESIAN_POINT('Ctrl Pts',(152.231540170814,-102.475213116417,-2.77472135207079));
#8166=CARTESIAN_POINT('Ctrl Pts',(152.231540170814,-102.381646026093,-1.77910837525284));
#8167=CARTESIAN_POINT('Ctrl Pts',(152.152029166631,-102.598291221172,-2.76315454808899));
#8168=CARTESIAN_POINT('Ctrl Pts',(152.152029166631,-102.504724130848,-1.76754157127104));
#8169=CARTESIAN_POINT('Ctrl Pts',(152.090310781801,-102.741598745198,-2.74968659582562));
#8170=CARTESIAN_POINT('Ctrl Pts',(152.090310781801,-102.648031654874,-1.75407361900767));
#8171=CARTESIAN_POINT('Ctrl Pts',(152.043663819227,-102.90418932129,-2.73440643428366));
#8172=CARTESIAN_POINT('Ctrl Pts',(152.043663819227,-102.810622230966,-1.73879345746571));
#8173=CARTESIAN_POINT('Ctrl Pts',(152.008272270422,-103.085032051855,-2.71741094657989));
#8174=CARTESIAN_POINT('Ctrl Pts',(152.008272270422,-102.991464961531,-1.72179796976194));
#8175=CARTESIAN_POINT('Ctrl Pts',(151.980350005015,-103.282812224274,-2.69882368859113));
#8176=CARTESIAN_POINT('Ctrl Pts',(151.980350005015,-103.18924513395,-1.70321071177318));
#8177=CARTESIAN_POINT('Ctrl Pts',(151.957435061724,-103.495722624002,-2.67881450122008));
#8178=CARTESIAN_POINT('Ctrl Pts',(151.957435061724,-103.402155533678,-1.68320152440213));
#8179=CARTESIAN_POINT('Ctrl Pts',(151.938697873965,-103.721370441669,-2.65760825920765));
#8180=CARTESIAN_POINT('Ctrl Pts',(151.938697873965,-103.627803351345,-1.6619952823897));
#8181=CARTESIAN_POINT('Ctrl Pts',(151.924575648226,-103.956768777266,-2.63548566956508));
#8182=CARTESIAN_POINT('Ctrl Pts',(151.924575648226,-103.863201686942,-1.63987269274713));
#8183=CARTESIAN_POINT('Ctrl Pts',(151.916613085661,-104.198300749019,-2.61278664459926));
#8184=CARTESIAN_POINT('Ctrl Pts',(151.916613085661,-104.104733658695,-1.61717366778131));
#8185=CARTESIAN_POINT('Ctrl Pts',(151.917220162903,-104.441693494754,-2.58991274524811));
#8186=CARTESIAN_POINT('Ctrl Pts',(151.917220162903,-104.34812640443,-1.59429976843016));
#8187=CARTESIAN_POINT('Ctrl Pts',(151.929467897625,-104.681985917348,-2.56733021234371));
#8188=CARTESIAN_POINT('Ctrl Pts',(151.929467897625,-104.588418827024,-1.57171723552576));
#8189=CARTESIAN_POINT('Ctrl Pts',(151.956868418017,-104.913498381004,-2.54557281453715));
#8190=CARTESIAN_POINT('Ctrl Pts',(151.956868418017,-104.81993129068,-1.5499598377192));
#8191=CARTESIAN_POINT('Ctrl Pts',(152.003164804893,-105.129797808616,-2.52524512842649));
#8192=CARTESIAN_POINT('Ctrl Pts',(152.003164804893,-105.036230718292,-1.52963215160854));
#8193=CARTESIAN_POINT('Ctrl Pts',(152.071744197394,-105.324312805448,-2.5069647296152));
#8194=CARTESIAN_POINT('Ctrl Pts',(152.071744197394,-105.230745715124,-1.51135175279725));
#8195=CARTESIAN_POINT('Ctrl Pts',(152.165062157554,-105.490939162821,-2.49130528785044));
#8196=CARTESIAN_POINT('Ctrl Pts',(152.165062157554,-105.397372072497,-1.49569231103249));
#8197=CARTESIAN_POINT('Ctrl Pts',(152.284038703278,-105.624669811766,-2.47873736436989));
#8198=CARTESIAN_POINT('Ctrl Pts',(152.284038703278,-105.531102721442,-1.48312438755194));
#8199=CARTESIAN_POINT('Ctrl Pts',(152.427512570101,-105.72217206203,-2.46957416333733));
#8200=CARTESIAN_POINT('Ctrl Pts',(152.427512570101,-105.628604971706,-1.47396118651938));
#8201=CARTESIAN_POINT('Ctrl Pts',(152.591546416606,-105.782499089244,-2.46390466671989));
#8202=CARTESIAN_POINT('Ctrl Pts',(152.591546416606,-105.68893199892,-1.46829168990194));
#8203=CARTESIAN_POINT('Ctrl Pts',(152.769156056729,-105.807418601884,-2.46156274637102));
#8204=CARTESIAN_POINT('Ctrl Pts',(152.769156056729,-105.71385151156,-1.46594976955307));
#8205=CARTESIAN_POINT('Ctrl Pts',(152.951691694872,-105.800247369156,-2.46223669437691));
#8206=CARTESIAN_POINT('Ctrl Pts',(152.951691694872,-105.706680278832,-1.46662371755896));
#8207=CARTESIAN_POINT('Ctrl Pts',(153.129957125891,-105.764925352811,-2.46555623557488));
#8208=CARTESIAN_POINT('Ctrl Pts',(153.129957125891,-105.671358262487,-1.46994325875693));
#8209=CARTESIAN_POINT('Ctrl Pts',(153.295442072547,-105.704982694226,-2.47118960946683));
#8210=CARTESIAN_POINT('Ctrl Pts',(153.295442072547,-105.611415603902,-1.47557663264888));
#8211=CARTESIAN_POINT('Ctrl Pts',(153.441477655055,-105.622589794095,-2.47893284314114));
#8212=CARTESIAN_POINT('Ctrl Pts',(153.441477655055,-105.529022703771,-1.48331986632319));
#8213=CARTESIAN_POINT('Ctrl Pts',(153.564508079459,-105.517469937098,-2.48881194213188));
#8214=CARTESIAN_POINT('Ctrl Pts',(153.564508079459,-105.423902846774,-1.49319896531393));
#8215=CARTESIAN_POINT('Ctrl Pts',(153.663515752099,-105.388062531902,-2.50097356984516));
#8216=CARTESIAN_POINT('Ctrl Pts',(153.663515752099,-105.294495441578,-1.50536059302722));
#8217=CARTESIAN_POINT('Ctrl Pts',(153.73935276316,-105.232783131267,-2.51556663165023));
#8218=CARTESIAN_POINT('Ctrl Pts',(153.73935276316,-105.139216040943,-1.51995365483228));
#8219=CARTESIAN_POINT('Ctrl Pts',(153.794097139368,-105.051307225096,-2.53262162480499));
#8220=CARTESIAN_POINT('Ctrl Pts',(153.794097139368,-104.957740134772,-1.53700864798704));
#8221=CARTESIAN_POINT('Ctrl Pts',(153.830434118806,-104.845711938176,-2.5519433424094));
#8222=CARTESIAN_POINT('Ctrl Pts',(153.830434118806,-104.752144847852,-1.55633036559145));
#8223=CARTESIAN_POINT('Ctrl Pts',(153.850946978185,-104.622031309152,-2.57296470925268));
#8224=CARTESIAN_POINT('Ctrl Pts',(153.850946978185,-104.528464218828,-1.57735173243473));
#8225=CARTESIAN_POINT('Ctrl Pts',(153.857999739651,-104.389292311266,-2.59483737598584));
#8226=CARTESIAN_POINT('Ctrl Pts',(153.857999739651,-104.295725220942,-1.59922439916789));
#8227=CARTESIAN_POINT('Ctrl Pts',(153.85380226437,-104.157767841663,-2.61659590210386));
#8228=CARTESIAN_POINT('Ctrl Pts',(153.85380226437,-104.064200751339,-1.62098292528591));
#8229=CARTESIAN_POINT('Ctrl Pts',(153.840410543623,-103.93753832371,-2.63729293566826));
#8230=CARTESIAN_POINT('Ctrl Pts',(153.840410543623,-103.843971233386,-1.64167995885032));
#8231=CARTESIAN_POINT('Ctrl Pts',(153.819761943943,-103.736829554396,-2.65615542137759));
#8232=CARTESIAN_POINT('Ctrl Pts',(153.819761943943,-103.643262464072,-1.66054244455964));
#8233=CARTESIAN_POINT('Ctrl Pts',(153.79367685261,-103.560664518136,-2.6727113022705));
#8234=CARTESIAN_POINT('Ctrl Pts',(153.79367685261,-103.467097427812,-1.67709832545255));
#8235=CARTESIAN_POINT('Ctrl Pts',(153.763920177208,-103.408828103223,-2.68698079441193));
#8236=CARTESIAN_POINT('Ctrl Pts',(153.763920177208,-103.315261012899,-1.69136781759398));
#8237=CARTESIAN_POINT('Ctrl Pts',(153.732062209476,-103.276227306962,-2.6994425350378));
#8238=CARTESIAN_POINT('Ctrl Pts',(153.732062209476,-103.182660216638,-1.70382955821985));
#8239=CARTESIAN_POINT('Ctrl Pts',(153.699141698174,-103.155736473241,-2.71076618889173));
#8240=CARTESIAN_POINT('Ctrl Pts',(153.699141698174,-103.062169382917,-1.71515321207378));
#8241=CARTESIAN_POINT('Ctrl Pts',(153.665362944375,-103.040441512638,-2.72160153781129));
#8242=CARTESIAN_POINT('Ctrl Pts',(153.665362944375,-102.946874422314,-1.72598856099334));
#8243=CARTESIAN_POINT('Ctrl Pts',(153.629816142419,-102.925982339825,-2.73235833991243));
#8244=CARTESIAN_POINT('Ctrl Pts',(153.629816142419,-102.832415249501,-1.73674536309448));
#8245=CARTESIAN_POINT('Ctrl Pts',(153.590081872067,-102.813243142065,-2.74295349982446));
#8246=CARTESIAN_POINT('Ctrl Pts',(153.590081872067,-102.719676051741,-1.74734052300651));
#8247=CARTESIAN_POINT('Ctrl Pts',(153.543115202064,-102.706495103158,-2.75298561434176));
#8248=CARTESIAN_POINT('Ctrl Pts',(153.543115202064,-102.612928012834,-1.75737263752381));
#8249=CARTESIAN_POINT('Ctrl Pts',(153.486394230163,-102.610718019762,-2.76198668526158));
#8250=CARTESIAN_POINT('Ctrl Pts',(153.486394230163,-102.517150929438,-1.76637370844363));
#8251=CARTESIAN_POINT('Ctrl Pts',(153.418830917129,-102.529473909357,-2.76962195638965));
#8252=CARTESIAN_POINT('Ctrl Pts',(153.418830917129,-102.435906819033,-1.77400897957171));
#8253=CARTESIAN_POINT('Ctrl Pts',(153.342145200045,-102.461905866936,-2.77597195912709));
#8254=CARTESIAN_POINT('Ctrl Pts',(153.342145200045,-102.368338776612,-1.78035898230914));
#8255=CARTESIAN_POINT('Ctrl Pts',(153.259848397213,-102.403982750018,-2.78141553774512));
#8256=CARTESIAN_POINT('Ctrl Pts',(153.259848397213,-102.310415659694,-1.78580256092717));
#8257=CARTESIAN_POINT('Ctrl Pts',(153.175278121045,-102.351355956384,-2.78636137118453));
#8258=CARTESIAN_POINT('Ctrl Pts',(153.175278121045,-102.25778886606,-1.79074839436658));
#8259=CARTESIAN_POINT('Ctrl Pts',(153.090085791899,-102.301530061515,-2.79104397789443));
#8260=CARTESIAN_POINT('Ctrl Pts',(153.090085791899,-102.207962971191,-1.79543100107648));
#8261=CARTESIAN_POINT('Ctrl Pts',(153.002173499171,-102.256722447592,-2.79525496967212));
#8262=CARTESIAN_POINT('Ctrl Pts',(153.002173499171,-102.163155357268,-1.79964199285418));
#8263=CARTESIAN_POINT('Ctrl Pts',(152.926464492471,-102.229212231763,-2.79784036270057));
#8264=CARTESIAN_POINT('Ctrl Pts',(152.926464492471,-102.135645141439,-1.80222738588262));
#8265=CARTESIAN_POINT('Ctrl Pts',(152.865088465415,-102.216158164502,-2.79906717584875));
#8266=CARTESIAN_POINT('Ctrl Pts',(152.865088465415,-102.122591074178,-1.8034541990308));
#8267=CARTESIAN_POINT('Ctrl Pts',(152.822030760537,-102.211556852423,-2.79949960430538));
#8268=CARTESIAN_POINT('Ctrl Pts',(152.822030760537,-102.117989762099,-1.80388662748744));
#8269=CARTESIAN_POINT('Ctrl Pts',(152.799996584654,-102.210348557198,-2.79961315914151));
#8270=CARTESIAN_POINT('Ctrl Pts',(152.799996584654,-102.116781466874,-1.80400018232356));
#8271=CARTESIAN_POINT('',(152.799996584654,-102.210348557198,-2.79961315914151));
#8272=CARTESIAN_POINT('Ctrl Pts',(152.799996584654,-102.210348557198,-2.79961315914151));
#8273=CARTESIAN_POINT('Ctrl Pts',(152.777962408771,-102.209140261973,-2.79972671397763));
#8274=CARTESIAN_POINT('Ctrl Pts',(152.732883410116,-102.208908393154,-2.7997485048655));
#8275=CARTESIAN_POINT('Ctrl Pts',(152.662411561034,-102.215516820545,-2.7991274489562));
#8276=CARTESIAN_POINT('Ctrl Pts',(152.564466474527,-102.239257638759,-2.7968963015788));
#8277=CARTESIAN_POINT('Ctrl Pts',(152.442641680845,-102.294191871417,-2.79173361645041));
#8278=CARTESIAN_POINT('Ctrl Pts',(152.329412150522,-102.373388167548,-2.78429079763834));
#8279=CARTESIAN_POINT('Ctrl Pts',(152.231540170814,-102.475213116417,-2.77472135207079));
#8280=CARTESIAN_POINT('Ctrl Pts',(152.152029166631,-102.598291221172,-2.76315454808899));
#8281=CARTESIAN_POINT('Ctrl Pts',(152.090310781801,-102.741598745198,-2.74968659582562));
#8282=CARTESIAN_POINT('Ctrl Pts',(152.043663819227,-102.90418932129,-2.73440643428366));
#8283=CARTESIAN_POINT('Ctrl Pts',(152.008272270422,-103.085032051855,-2.71741094657989));
#8284=CARTESIAN_POINT('Ctrl Pts',(151.980350005015,-103.282812224274,-2.69882368859113));
#8285=CARTESIAN_POINT('Ctrl Pts',(151.957435061724,-103.495722624002,-2.67881450122008));
#8286=CARTESIAN_POINT('Ctrl Pts',(151.938697873965,-103.721370441669,-2.65760825920765));
#8287=CARTESIAN_POINT('Ctrl Pts',(151.924575648226,-103.956768777266,-2.63548566956508));
#8288=CARTESIAN_POINT('Ctrl Pts',(151.916613085661,-104.198300749019,-2.61278664459926));
#8289=CARTESIAN_POINT('Ctrl Pts',(151.917220162903,-104.441693494754,-2.58991274524811));
#8290=CARTESIAN_POINT('Ctrl Pts',(151.929467897625,-104.681985917348,-2.56733021234371));
#8291=CARTESIAN_POINT('Ctrl Pts',(151.956868418017,-104.913498381004,-2.54557281453715));
#8292=CARTESIAN_POINT('Ctrl Pts',(152.003164804893,-105.129797808616,-2.52524512842649));
#8293=CARTESIAN_POINT('Ctrl Pts',(152.071744197394,-105.324312805448,-2.5069647296152));
#8294=CARTESIAN_POINT('Ctrl Pts',(152.165062157554,-105.490939162821,-2.49130528785044));
#8295=CARTESIAN_POINT('Ctrl Pts',(152.284038703278,-105.624669811766,-2.47873736436989));
#8296=CARTESIAN_POINT('Ctrl Pts',(152.427512570101,-105.72217206203,-2.46957416333733));
#8297=CARTESIAN_POINT('Ctrl Pts',(152.591546416606,-105.782499089244,-2.46390466671989));
#8298=CARTESIAN_POINT('Ctrl Pts',(152.769156056729,-105.807418601884,-2.46156274637102));
#8299=CARTESIAN_POINT('Ctrl Pts',(152.951691694872,-105.800247369156,-2.46223669437691));
#8300=CARTESIAN_POINT('Ctrl Pts',(153.129957125891,-105.764925352811,-2.46555623557488));
#8301=CARTESIAN_POINT('Ctrl Pts',(153.295442072547,-105.704982694226,-2.47118960946683));
#8302=CARTESIAN_POINT('Ctrl Pts',(153.441477655055,-105.622589794095,-2.47893284314114));
#8303=CARTESIAN_POINT('Ctrl Pts',(153.564508079459,-105.517469937098,-2.48881194213188));
#8304=CARTESIAN_POINT('Ctrl Pts',(153.663515752099,-105.388062531902,-2.50097356984516));
#8305=CARTESIAN_POINT('Ctrl Pts',(153.73935276316,-105.232783131267,-2.51556663165023));
#8306=CARTESIAN_POINT('Ctrl Pts',(153.794097139368,-105.051307225096,-2.53262162480499));
#8307=CARTESIAN_POINT('Ctrl Pts',(153.830434118806,-104.845711938176,-2.5519433424094));
#8308=CARTESIAN_POINT('Ctrl Pts',(153.850946978185,-104.622031309152,-2.57296470925268));
#8309=CARTESIAN_POINT('Ctrl Pts',(153.857999739651,-104.389292311266,-2.59483737598584));
#8310=CARTESIAN_POINT('Ctrl Pts',(153.85380226437,-104.157767841663,-2.61659590210386));
#8311=CARTESIAN_POINT('Ctrl Pts',(153.840410543623,-103.93753832371,-2.63729293566826));
#8312=CARTESIAN_POINT('Ctrl Pts',(153.819761943943,-103.736829554396,-2.65615542137759));
#8313=CARTESIAN_POINT('Ctrl Pts',(153.79367685261,-103.560664518136,-2.6727113022705));
#8314=CARTESIAN_POINT('Ctrl Pts',(153.763920177208,-103.408828103223,-2.68698079441193));
#8315=CARTESIAN_POINT('Ctrl Pts',(153.732062209476,-103.276227306962,-2.6994425350378));
#8316=CARTESIAN_POINT('Ctrl Pts',(153.699141698174,-103.155736473241,-2.71076618889173));
#8317=CARTESIAN_POINT('Ctrl Pts',(153.665362944375,-103.040441512638,-2.72160153781129));
#8318=CARTESIAN_POINT('Ctrl Pts',(153.629816142419,-102.925982339825,-2.73235833991243));
#8319=CARTESIAN_POINT('Ctrl Pts',(153.590081872067,-102.813243142065,-2.74295349982446));
#8320=CARTESIAN_POINT('Ctrl Pts',(153.543115202064,-102.706495103158,-2.75298561434176));
#8321=CARTESIAN_POINT('Ctrl Pts',(153.486394230163,-102.610718019762,-2.76198668526158));
#8322=CARTESIAN_POINT('Ctrl Pts',(153.418830917129,-102.529473909357,-2.76962195638965));
#8323=CARTESIAN_POINT('Ctrl Pts',(153.342145200045,-102.461905866936,-2.77597195912709));
#8324=CARTESIAN_POINT('Ctrl Pts',(153.259848397213,-102.403982750018,-2.78141553774512));
#8325=CARTESIAN_POINT('Ctrl Pts',(153.175278121045,-102.351355956384,-2.78636137118453));
#8326=CARTESIAN_POINT('Ctrl Pts',(153.090085791899,-102.301530061515,-2.79104397789443));
#8327=CARTESIAN_POINT('Ctrl Pts',(153.002173499171,-102.256722447592,-2.79525496967212));
#8328=CARTESIAN_POINT('Ctrl Pts',(152.926464492471,-102.229212231763,-2.79784036270057));
#8329=CARTESIAN_POINT('Ctrl Pts',(152.865088465415,-102.216158164502,-2.79906717584875));
#8330=CARTESIAN_POINT('Ctrl Pts',(152.822030760537,-102.211556852423,-2.79949960430538));
#8331=CARTESIAN_POINT('Ctrl Pts',(152.799996584654,-102.210348557198,-2.79961315914151));
#8332=CARTESIAN_POINT('',(152.799996584654,-102.116781466874,-1.80400018232356));
#8333=CARTESIAN_POINT('',(152.799996584654,-102.210348557198,-2.79961315914151));
#8334=CARTESIAN_POINT('Ctrl Pts',(152.799996584654,-102.116781466874,-1.80400018232356));
#8335=CARTESIAN_POINT('Ctrl Pts',(152.777962408771,-102.115573171649,-1.80411373715968));
#8336=CARTESIAN_POINT('Ctrl Pts',(152.732883410116,-102.11534130283,-1.80413552804755));
#8337=CARTESIAN_POINT('Ctrl Pts',(152.662411561034,-102.121949730221,-1.80351447213825));
#8338=CARTESIAN_POINT('Ctrl Pts',(152.564466474527,-102.145690548435,-1.80128332476085));
#8339=CARTESIAN_POINT('Ctrl Pts',(152.442641680845,-102.200624781093,-1.79612063963246));
#8340=CARTESIAN_POINT('Ctrl Pts',(152.329412150522,-102.279821077224,-1.78867782082039));
#8341=CARTESIAN_POINT('Ctrl Pts',(152.231540170814,-102.381646026093,-1.77910837525284));
#8342=CARTESIAN_POINT('Ctrl Pts',(152.152029166631,-102.504724130848,-1.76754157127104));
#8343=CARTESIAN_POINT('Ctrl Pts',(152.090310781801,-102.648031654874,-1.75407361900767));
#8344=CARTESIAN_POINT('Ctrl Pts',(152.043663819227,-102.810622230966,-1.73879345746571));
#8345=CARTESIAN_POINT('Ctrl Pts',(152.008272270422,-102.991464961531,-1.72179796976194));
#8346=CARTESIAN_POINT('Ctrl Pts',(151.980350005015,-103.18924513395,-1.70321071177318));
#8347=CARTESIAN_POINT('Ctrl Pts',(151.957435061724,-103.402155533678,-1.68320152440213));
#8348=CARTESIAN_POINT('Ctrl Pts',(151.938697873965,-103.627803351345,-1.6619952823897));
#8349=CARTESIAN_POINT('Ctrl Pts',(151.924575648226,-103.863201686942,-1.63987269274713));
#8350=CARTESIAN_POINT('Ctrl Pts',(151.916613085661,-104.104733658695,-1.61717366778131));
#8351=CARTESIAN_POINT('Ctrl Pts',(151.917220162903,-104.34812640443,-1.59429976843016));
#8352=CARTESIAN_POINT('Ctrl Pts',(151.929467897625,-104.588418827024,-1.57171723552576));
#8353=CARTESIAN_POINT('Ctrl Pts',(151.956868418017,-104.81993129068,-1.5499598377192));
#8354=CARTESIAN_POINT('Ctrl Pts',(152.003164804893,-105.036230718292,-1.52963215160854));
#8355=CARTESIAN_POINT('Ctrl Pts',(152.071744197394,-105.230745715124,-1.51135175279725));
#8356=CARTESIAN_POINT('Ctrl Pts',(152.165062157554,-105.397372072497,-1.49569231103249));
#8357=CARTESIAN_POINT('Ctrl Pts',(152.284038703278,-105.531102721442,-1.48312438755194));
#8358=CARTESIAN_POINT('Ctrl Pts',(152.427512570101,-105.628604971706,-1.47396118651938));
#8359=CARTESIAN_POINT('Ctrl Pts',(152.591546416606,-105.68893199892,-1.46829168990194));
#8360=CARTESIAN_POINT('Ctrl Pts',(152.769156056729,-105.71385151156,-1.46594976955306));
#8361=CARTESIAN_POINT('Ctrl Pts',(152.951691694872,-105.706680278832,-1.46662371755896));
#8362=CARTESIAN_POINT('Ctrl Pts',(153.129957125891,-105.671358262487,-1.46994325875693));
#8363=CARTESIAN_POINT('Ctrl Pts',(153.295442072547,-105.611415603902,-1.47557663264888));
#8364=CARTESIAN_POINT('Ctrl Pts',(153.441477655055,-105.529022703771,-1.48331986632319));
#8365=CARTESIAN_POINT('Ctrl Pts',(153.564508079459,-105.423902846774,-1.49319896531393));
#8366=CARTESIAN_POINT('Ctrl Pts',(153.663515752099,-105.294495441578,-1.50536059302721));
#8367=CARTESIAN_POINT('Ctrl Pts',(153.73935276316,-105.139216040943,-1.51995365483228));
#8368=CARTESIAN_POINT('Ctrl Pts',(153.794097139368,-104.957740134772,-1.53700864798704));
#8369=CARTESIAN_POINT('Ctrl Pts',(153.830434118806,-104.752144847852,-1.55633036559145));
#8370=CARTESIAN_POINT('Ctrl Pts',(153.850946978185,-104.528464218828,-1.57735173243473));
#8371=CARTESIAN_POINT('Ctrl Pts',(153.857999739651,-104.295725220942,-1.59922439916788));
#8372=CARTESIAN_POINT('Ctrl Pts',(153.85380226437,-104.064200751339,-1.62098292528591));
#8373=CARTESIAN_POINT('Ctrl Pts',(153.840410543623,-103.843971233386,-1.64167995885031));
#8374=CARTESIAN_POINT('Ctrl Pts',(153.819761943943,-103.643262464072,-1.66054244455964));
#8375=CARTESIAN_POINT('Ctrl Pts',(153.79367685261,-103.467097427812,-1.67709832545255));
#8376=CARTESIAN_POINT('Ctrl Pts',(153.763920177208,-103.315261012899,-1.69136781759398));
#8377=CARTESIAN_POINT('Ctrl Pts',(153.732062209476,-103.182660216638,-1.70382955821985));
#8378=CARTESIAN_POINT('Ctrl Pts',(153.699141698174,-103.062169382917,-1.71515321207378));
#8379=CARTESIAN_POINT('Ctrl Pts',(153.665362944375,-102.946874422314,-1.72598856099334));
#8380=CARTESIAN_POINT('Ctrl Pts',(153.629816142419,-102.832415249501,-1.73674536309448));
#8381=CARTESIAN_POINT('Ctrl Pts',(153.590081872067,-102.719676051741,-1.74734052300651));
#8382=CARTESIAN_POINT('Ctrl Pts',(153.543115202064,-102.612928012834,-1.75737263752381));
#8383=CARTESIAN_POINT('Ctrl Pts',(153.486394230163,-102.517150929438,-1.76637370844363));
#8384=CARTESIAN_POINT('Ctrl Pts',(153.418830917129,-102.435906819033,-1.7740089795717));
#8385=CARTESIAN_POINT('Ctrl Pts',(153.342145200045,-102.368338776612,-1.78035898230914));
#8386=CARTESIAN_POINT('Ctrl Pts',(153.259848397213,-102.310415659694,-1.78580256092717));
#8387=CARTESIAN_POINT('Ctrl Pts',(153.175278121045,-102.25778886606,-1.79074839436658));
#8388=CARTESIAN_POINT('Ctrl Pts',(153.090085791899,-102.207962971191,-1.79543100107648));
#8389=CARTESIAN_POINT('Ctrl Pts',(153.002173499171,-102.163155357268,-1.79964199285417));
#8390=CARTESIAN_POINT('Ctrl Pts',(152.926464492471,-102.135645141439,-1.80222738588262));
#8391=CARTESIAN_POINT('Ctrl Pts',(152.865088465415,-102.122591074178,-1.8034541990308));
#8392=CARTESIAN_POINT('Ctrl Pts',(152.822030760537,-102.117989762099,-1.80388662748743));
#8393=CARTESIAN_POINT('Ctrl Pts',(152.799996584654,-102.116781466874,-1.80400018232356));
#8394=CARTESIAN_POINT('Origin',(152.887306412656,-103.914596407195,-1.63504264880031));
#8395=CARTESIAN_POINT('Origin',(0.,-132.000001966953,1.11022302462516E-15));
#8396=CARTESIAN_POINT('Origin',(0.,-132.000001966953,1.11022302462516E-15));
#8397=CARTESIAN_POINT('Origin',(0.,-132.000001966953,1.11022302462516E-15));
#8398=CARTESIAN_POINT('Origin',(209.022673376158,-110.89713513619,0.));
#8399=CARTESIAN_POINT('',(210.022673376158,-110.89713513619,13.));
#8400=CARTESIAN_POINT('',(209.361338044759,-111.838042274138,13.));
#8401=CARTESIAN_POINT('Origin',(209.022673376158,-110.89713513619,13.));
#8402=CARTESIAN_POINT('',(209.361338044759,-111.838042274138,11.8722240026292));
#8403=CARTESIAN_POINT('',(209.361338044759,-111.838042274138,0.));
#8404=CARTESIAN_POINT('',(210.022509975533,-110.915212042727,10.8));
#8405=CARTESIAN_POINT('Ctrl Pts',(210.022509975533,-110.915212042727,10.8));
#8406=CARTESIAN_POINT('Ctrl Pts',(210.022509975533,-110.915212042727,10.8032331628676));
#8407=CARTESIAN_POINT('Ctrl Pts',(210.022497880742,-110.915884082979,10.805927903334));
#8408=CARTESIAN_POINT('Ctrl Pts',(210.022463877453,-110.917627588663,10.810785265659));
#8409=CARTESIAN_POINT('Ctrl Pts',(210.022442228322,-110.91864359286,10.8129676182814));
#8410=CARTESIAN_POINT('Ctrl Pts',(210.022364290352,-110.922166499664,10.8190688966545));
#8411=CARTESIAN_POINT('Ctrl Pts',(210.022299721997,-110.924595211289,10.8227428607072));
#8412=CARTESIAN_POINT('Ctrl Pts',(210.022064678333,-110.932404795343,10.833463902121));
#8413=CARTESIAN_POINT('Ctrl Pts',(210.021859308572,-110.937877171006,10.8400863176862));
#8414=CARTESIAN_POINT('Ctrl Pts',(210.021066700556,-110.954929208876,10.8603750485491));
#8415=CARTESIAN_POINT('Ctrl Pts',(210.020309785776,-110.966954070509,10.8740032946443));
#8416=CARTESIAN_POINT('Ctrl Pts',(210.017218696987,-111.004454243539,10.9159748454615));
#8417=CARTESIAN_POINT('Ctrl Pts',(210.013975870878,-111.03177658803,10.9462553417255));
#8418=CARTESIAN_POINT('Ctrl Pts',(210.000092994198,-111.115965255406,11.0392169652329));
#8419=CARTESIAN_POINT('Ctrl Pts',(209.984416107287,-111.179109445842,11.1087231700442));
#8420=CARTESIAN_POINT('Ctrl Pts',(209.915376449693,-111.367150796198,11.3167081483281));
#8421=CARTESIAN_POINT('Ctrl Pts',(209.834566040159,-111.502751134923,11.4678195713543));
#8422=CARTESIAN_POINT('Ctrl Pts',(209.639824169994,-111.691667573256,11.6866620517075));
#8423=CARTESIAN_POINT('Ctrl Pts',(209.536052538079,-111.765401967507,11.7748712535415));
#8424=CARTESIAN_POINT('Ctrl Pts',(209.397139404503,-111.824568519028,11.8536607449832));
#8425=CARTESIAN_POINT('Ctrl Pts',(209.379394602526,-111.83154310126,11.8631499843883));
#8426=CARTESIAN_POINT('Ctrl Pts',(209.361338044759,-111.838042274138,11.8722240026292));
#8427=CARTESIAN_POINT('',(210.022509975533,-110.915212042727,0.));
#8428=CARTESIAN_POINT('',(210.022509975533,-110.915212042727,0.));
#8429=CARTESIAN_POINT('',(210.022673376158,-110.89713513619,0.));
#8430=CARTESIAN_POINT('Origin',(209.022673376158,-110.89713513619,0.));
#8431=CARTESIAN_POINT('',(210.022673376158,-110.89713513619,0.));
#8432=CARTESIAN_POINT('Origin',(152.361300439334,-83.5505402250765,13.));
#8433=CARTESIAN_POINT('',(210.022673376158,-29.7995771359265,13.));
#8434=CARTESIAN_POINT('',(210.022673376158,-111.600005063228,13.));
#8435=CARTESIAN_POINT('',(209.023097935733,-28.7995772260519,13.));
#8436=CARTESIAN_POINT('Origin',(209.022673376158,-29.7995771359265,13.));
#8437=CARTESIAN_POINT('',(201.022673376158,-28.7961805688985,13.));
#8438=CARTESIAN_POINT('',(210.022673376158,-28.8000016054139,13.));
#8439=CARTESIAN_POINT('',(201.022673376158,-33.7987084822845,13.));
#8440=CARTESIAN_POINT('',(201.022673376158,-56.1695393604721,13.));
#8441=CARTESIAN_POINT('',(202.750483811648,-33.7995276961218,13.));
#8442=CARTESIAN_POINT('',(99.6999311940972,-33.7506679156046,13.));
#8443=CARTESIAN_POINT('',(203.750009677606,-34.7995275837203,13.));
#8444=CARTESIAN_POINT('Origin',(202.750009677606,-34.7995275837203,13.));
#8445=CARTESIAN_POINT('',(203.750009677606,-105.910093818092,13.));
#8446=CARTESIAN_POINT('',(203.750009677606,-33.8000016054139,13.));
#8447=CARTESIAN_POINT('',(203.105043859729,-106.844947137883,13.));
#8448=CARTESIAN_POINT('Origin',(202.750009677606,-105.910093818092,13.));
#8449=CARTESIAN_POINT('',(182.144974438665,-114.805063389927,13.));
#8450=CARTESIAN_POINT('',(203.750009677606,-106.600005063228,13.));
#8451=CARTESIAN_POINT('',(181.500008620787,-115.739916709718,13.));
#8452=CARTESIAN_POINT('Origin',(182.500008620787,-115.739916709718,13.));
#8453=CARTESIAN_POINT('',(181.500008620787,-132.350006333785,13.));
#8454=CARTESIAN_POINT('',(181.500008620787,-115.050005464582,13.));
#8455=CARTESIAN_POINT('',(180.500008620787,-133.350006333785,13.));
#8456=CARTESIAN_POINT('Origin',(180.500008620787,-132.350006333785,13.));
#8457=CARTESIAN_POINT('',(100.700003997124,-133.350006333785,13.));
#8458=CARTESIAN_POINT('',(181.500008620787,-133.350006333785,13.));
#8459=CARTESIAN_POINT('',(99.7000039971241,-132.350007072157,13.));
#8460=CARTESIAN_POINT('Origin',(100.700003997124,-132.350006333785,13.));
#8461=CARTESIAN_POINT('',(99.6999319328203,-34.7511429008239,13.));
#8462=CARTESIAN_POINT('',(99.7000047354959,-133.350006333785,13.));
#8463=CARTESIAN_POINT('',(100.700406066862,-33.7511422748531,13.));
#8464=CARTESIAN_POINT('Origin',(100.69993193282,-34.7511421624515,13.));
#8465=CARTESIAN_POINT('',(183.022673376158,-33.7901740685723,13.));
#8466=CARTESIAN_POINT('',(99.6999311940972,-33.7506679156046,13.));
#8467=CARTESIAN_POINT('',(183.022673376158,-28.7885384958677,13.));
#8468=CARTESIAN_POINT('',(183.022673376158,-58.6703571468244,13.));
#8469=CARTESIAN_POINT('',(95.7003528007697,-28.7514649652538,13.));
#8470=CARTESIAN_POINT('',(210.022673376158,-28.8000016054139,13.));
#8471=CARTESIAN_POINT('',(94.6999282411954,-29.7514656135007,13.));
#8472=CARTESIAN_POINT('Origin',(95.6999282411952,-29.7514648751284,13.));
#8473=CARTESIAN_POINT('',(94.700007689009,-137.350040225077,13.));
#8474=CARTESIAN_POINT('',(94.699927502509,-28.7510402250765,13.));
#8475=CARTESIAN_POINT('',(95.7000084273811,-138.350039486704,13.));
#8476=CARTESIAN_POINT('Origin',(95.7000076890087,-137.350039486704,13.));
#8477=CARTESIAN_POINT('',(185.500008427382,-138.349973180866,13.));
#8478=CARTESIAN_POINT('',(94.7000084273814,-138.350040225076,13.));
#8479=CARTESIAN_POINT('',(186.500007689009,-137.349972442494,13.));
#8480=CARTESIAN_POINT('Origin',(185.500007689009,-137.349973180866,13.));
#8481=CARTESIAN_POINT('',(186.499994927461,-120.066621778255,13.));
#8482=CARTESIAN_POINT('',(186.500008427381,-138.349972442494,13.));
#8483=CARTESIAN_POINT('',(186.499994927461,-120.066621778255,13.));
#8484=CARTESIAN_POINT('Origin',(210.022673376158,-111.600005063228,0.));
#8485=CARTESIAN_POINT('',(210.022673376158,-29.7995771359265,0.));
#8486=CARTESIAN_POINT('',(210.022673376158,-111.600005063228,0.));
#8487=CARTESIAN_POINT('',(210.022673376158,-29.7995771359265,0.));
#8488=CARTESIAN_POINT('Origin',(151.724970435851,-83.5503371246948,0.));
#8489=CARTESIAN_POINT('',(95.7000084273811,-138.350039486704,0.));
#8490=CARTESIAN_POINT('',(186.500008858258,-138.350006569913,0.));
#8491=CARTESIAN_POINT('',(94.7000084273814,-138.350040225076,0.));
#8492=CARTESIAN_POINT('',(94.700007689009,-137.350040225077,0.));
#8493=CARTESIAN_POINT('Origin',(95.7000076890087,-137.350039486704,0.));
#8494=CARTESIAN_POINT('',(94.6999282411954,-29.7514656135007,0.));
#8495=CARTESIAN_POINT('',(94.699927502509,-28.7510402250765,0.));
#8496=CARTESIAN_POINT('',(95.7003528007697,-28.7514649652538,0.));
#8497=CARTESIAN_POINT('Origin',(95.6999282411952,-29.7514648751284,0.));
#8498=CARTESIAN_POINT('',(209.023097935733,-28.7995772260519,0.));
#8499=CARTESIAN_POINT('',(210.022673376158,-28.8000016054139,0.));
#8500=CARTESIAN_POINT('Origin',(209.022673376158,-29.7995771359265,0.));
#8501=CARTESIAN_POINT('',(210.022509975533,-137.150006571272,0.));
#8502=CARTESIAN_POINT('',(210.022509975533,-110.950171847984,0.));
#8503=CARTESIAN_POINT('',(208.822509975533,-138.350006571272,0.));
#8504=CARTESIAN_POINT('Origin',(208.822509975533,-137.150006571272,0.));
#8505=CARTESIAN_POINT('',(186.500008858275,-138.350006571272,0.));
#8506=CARTESIAN_POINT('',(205.,-113.407837043479,0.));
#8507=CARTESIAN_POINT('',(209.101041606685,-111.93173186728,0.));
#8508=CARTESIAN_POINT('',(186.499994927461,-120.066621778255,0.));
#8509=CARTESIAN_POINT('',(205.,-35.0000005215406,0.));
#8510=CARTESIAN_POINT('',(205.,-83.5251691844709,0.));
#8511=CARTESIAN_POINT('',(100.,-35.0000005215406,0.));
#8512=CARTESIAN_POINT('',(75.8624852179257,-35.0000005215406,0.));
#8513=CARTESIAN_POINT('',(100.,-132.000001966953,1.11022302462516E-15));
#8514=CARTESIAN_POINT('',(100.,-35.0000005215406,0.));
#8515=CARTESIAN_POINT('',(75.8624852179257,-132.000001966953,-2.77555756156289E-16));
#8516=CARTESIAN_POINT('',(186.500003738739,-132.000001966953,1.11022302462516E-15));
#8517=CARTESIAN_POINT('',(75.8624852179257,-132.000001966953,-2.77555756156289E-16));
#8518=CARTESIAN_POINT('',(186.500003849499,-132.150007457319,0.));
#8519=CARTESIAN_POINT('',(186.500008427381,-138.349972442494,0.));
#8520=CARTESIAN_POINT('',(187.700003849498,-133.350006571272,0.));
#8521=CARTESIAN_POINT('Origin',(187.700003849498,-132.150006571272,0.));
#8522=CARTESIAN_POINT('',(204.197682059327,-133.350006571272,0.));
#8523=CARTESIAN_POINT('',(205.397682059327,-133.350006571272,0.));
#8524=CARTESIAN_POINT('',(205.397682059327,-132.150006571272,0.));
#8525=CARTESIAN_POINT('Origin',(204.197682059327,-132.150006571272,0.));
#8526=CARTESIAN_POINT('',(205.397682059327,-113.264933080615,0.));
#8527=CARTESIAN_POINT('',(205.397682059327,-113.264933080615,0.));
#8528=CARTESIAN_POINT('',(205.397682059327,-113.264933080615,0.));
#8529=CARTESIAN_POINT('Origin',(185.500007689009,-137.349973180866,0.));
#8530=CARTESIAN_POINT('',(185.500008427382,-138.349973180866,10.8089518635003));
#8531=CARTESIAN_POINT('',(185.500008427382,-138.349973180866,0.));
#8532=CARTESIAN_POINT('',(186.500007689009,-137.349972442494,11.9832217249303));
#8533=CARTESIAN_POINT('Ctrl Pts',(186.500007689009,-137.349973180866,11.9832216001441));
#8534=CARTESIAN_POINT('Ctrl Pts',(186.500007797689,-137.497162011904,11.9583465135796));
#8535=CARTESIAN_POINT('Ctrl Pts',(186.466188004217,-137.642191337372,11.9040714886135));
#8536=CARTESIAN_POINT('Ctrl Pts',(186.351503638884,-137.892052930002,11.7542466428965));
#8537=CARTESIAN_POINT('Ctrl Pts',(186.270923823678,-137.997141600055,11.658906623731));
#8538=CARTESIAN_POINT('Ctrl Pts',(186.072681157472,-138.184927148024,11.4310970085996));
#8539=CARTESIAN_POINT('Ctrl Pts',(185.936164661878,-138.258890535756,11.2794955806754));
#8540=CARTESIAN_POINT('Ctrl Pts',(185.754035723137,-138.319282543954,11.0787080051592));
#8541=CARTESIAN_POINT('Ctrl Pts',(185.69325738015,-138.332534057277,11.0119952516428));
#8542=CARTESIAN_POINT('Ctrl Pts',(185.61507631111,-138.343679569468,10.92638316075));
#8543=CARTESIAN_POINT('Ctrl Pts',(185.589474779334,-138.346220173583,10.8983825715809));
#8544=CARTESIAN_POINT('Ctrl Pts',(185.55559162323,-138.348491392915,10.8615270094611));
#8545=CARTESIAN_POINT('Ctrl Pts',(185.544352090196,-138.349036474759,10.8496224256307));
#8546=CARTESIAN_POINT('Ctrl Pts',(185.52906645471,-138.349566600755,10.8328923084232));
#8547=CARTESIAN_POINT('Ctrl Pts',(185.523891730624,-138.349700126337,10.8276253530953));
#8548=CARTESIAN_POINT('Ctrl Pts',(185.516296664543,-138.349844032961,10.8199018938306));
#8549=CARTESIAN_POINT('Ctrl Pts',(185.513784422214,-138.349882064176,10.8174578680617));
#8550=CARTESIAN_POINT('Ctrl Pts',(185.50964224059,-138.349927734246,10.8138078455421));
#8551=CARTESIAN_POINT('Ctrl Pts',(185.508196603212,-138.349940494705,10.8126967487072));
#8552=CARTESIAN_POINT('Ctrl Pts',(185.50577990785,-138.349957146314,10.8108927015525));
#8553=CARTESIAN_POINT('Ctrl Pts',(185.504880302831,-138.349961788741,10.8103851895306));
#8554=CARTESIAN_POINT('Ctrl Pts',(185.502809507253,-138.349969851904,10.8093950618975));
#8555=CARTESIAN_POINT('Ctrl Pts',(185.501619698877,-138.349973180866,10.808951863467));
#8556=CARTESIAN_POINT('Ctrl Pts',(185.500007689009,-138.349973180866,10.808951863467));
#8557=CARTESIAN_POINT('',(186.500007689009,-137.349972442494,0.));
#8558=CARTESIAN_POINT('Origin',(186.500008427381,-138.349972442494,0.));
#8559=CARTESIAN_POINT('',(186.50000754136,-137.150006571272,12.));
#8560=CARTESIAN_POINT('Origin',(186.50000754136,-137.150006571272,10.8));
#8561=CARTESIAN_POINT('',(186.500005384177,-134.228468426401,12.));
#8562=CARTESIAN_POINT('',(186.500003489532,-131.662493531332,12.));
#8563=CARTESIAN_POINT('',(186.500003849499,-132.150007457319,10.8));
#8564=CARTESIAN_POINT('Ctrl Pts',(186.500005384177,-134.228468426401,12.));
#8565=CARTESIAN_POINT('Ctrl Pts',(186.500005158343,-133.922615520151,12.));
#8566=CARTESIAN_POINT('Ctrl Pts',(186.500004899225,-133.5716840251,11.8925136001227));
#8567=CARTESIAN_POINT('Ctrl Pts',(186.500004394615,-132.888275383964,11.5246952594265));
#8568=CARTESIAN_POINT('Ctrl Pts',(186.500004095021,-132.482525323816,11.1325178664971));
#8569=CARTESIAN_POINT('Ctrl Pts',(186.500003849499,-132.150007457319,10.8));
#8570=CARTESIAN_POINT('',(186.500003849499,-132.150007457319,0.));
#8571=CARTESIAN_POINT('',(186.499994927461,-120.066621778255,-1.12149167195006));
#8572=CARTESIAN_POINT('',(186.500003738688,-131.999933716525,-6.41413289415772E-6));
#8573=CARTESIAN_POINT('',(186.499994927461,-120.066621778255,0.));
#8574=CARTESIAN_POINT('Origin',(95.6999282411952,-29.7514648751284,0.));
#8575=CARTESIAN_POINT('',(95.7003528007697,-28.7514649652538,0.));
#8576=CARTESIAN_POINT('',(94.6999282411954,-29.7514656135007,0.));
#8577=CARTESIAN_POINT('Origin',(210.022673376158,-28.8000016054139,0.));
#8578=CARTESIAN_POINT('',(183.022673376158,-28.7885384958677,5.));
#8579=CARTESIAN_POINT('',(183.02267337616,-28.7885384958677,6.5));
#8580=CARTESIAN_POINT('',(201.022673376158,-28.7961805688985,5.));
#8581=CARTESIAN_POINT('',(201.023204343891,-28.7961807943259,5.));
#8582=CARTESIAN_POINT('',(201.022673376158,-28.7961805688985,6.5));
#8583=CARTESIAN_POINT('',(209.023097935733,-28.7995772260519,0.));
#8584=CARTESIAN_POINT('Origin',(209.022673376158,-29.7995771359265,0.));
#8585=CARTESIAN_POINT('Origin',(95.7000076890087,-137.350039486704,0.));
#8586=CARTESIAN_POINT('',(94.700007689009,-137.350040225077,0.));
#8587=CARTESIAN_POINT('',(95.7000084273811,-138.350039486704,0.));
#8588=CARTESIAN_POINT('Origin',(94.7000084273814,-138.350040225076,0.));
#8589=CARTESIAN_POINT('',(186.500008858275,-138.350006571272,10.8));
#8590=CARTESIAN_POINT('',(186.500008858275,-138.350006571272,0.));
#8591=CARTESIAN_POINT('',(186.500008856555,-138.349972442494,10.8090502985562));
#8592=CARTESIAN_POINT('Origin',(186.500000275909,-137.150006571272,10.8));
#8593=CARTESIAN_POINT('',(186.000008058195,-138.34997281168,10.808997848379));
#8594=CARTESIAN_POINT('Origin',(204.197682059327,-132.150006571272,10.8));
#8595=CARTESIAN_POINT('',(205.397682059327,-132.150006571272,10.8));
#8596=CARTESIAN_POINT('',(206.597682059327,-132.150006571272,12.));
#8597=CARTESIAN_POINT('Origin',(206.597682059327,-132.150006571272,10.8));
#8598=CARTESIAN_POINT('',(204.197682059327,-133.350006571272,10.8));
#8599=CARTESIAN_POINT('Origin',(204.197682059327,-132.150006571272,10.8));
#8600=CARTESIAN_POINT('',(204.197682059327,-134.550006571272,12.));
#8601=CARTESIAN_POINT('Origin',(204.197682059327,-134.550006571272,10.8));
#8602=CARTESIAN_POINT('Origin',(204.197682059327,-132.150006571272,12.));
#8603=CARTESIAN_POINT('Origin',(204.197682059327,-132.150006571272,0.));
#8604=CARTESIAN_POINT('',(204.197682059327,-133.350006571272,0.));
#8605=CARTESIAN_POINT('',(205.397682059327,-132.150006571272,0.));
#8606=CARTESIAN_POINT('Origin',(201.829461798151,-134.550006571272,10.8));
#8607=CARTESIAN_POINT('',(187.700003849498,-133.350006571272,10.8));
#8608=CARTESIAN_POINT('',(187.700003849498,-134.550006571272,12.));
#8609=CARTESIAN_POINT('Origin',(187.700003849498,-134.550006571272,10.8));
#8610=CARTESIAN_POINT('',(201.829461798151,-134.550006571272,12.));
#8611=CARTESIAN_POINT('',(201.829461798151,-133.350006571272,10.8));
#8612=CARTESIAN_POINT('Origin',(187.700003849498,-132.150006571272,10.8));
#8613=CARTESIAN_POINT('Origin',(187.700003849498,-132.150006571272,12.));
#8614=CARTESIAN_POINT('Origin',(187.700003849498,-132.150006571272,10.8));
#8615=CARTESIAN_POINT('Origin',(206.597682059327,-119.119969508305,10.8));
#8616=CARTESIAN_POINT('',(206.597682059327,-112.832935745346,12.));
#8617=CARTESIAN_POINT('',(205.397682059327,-113.264933080615,10.8));
#8618=CARTESIAN_POINT('Origin',(206.597682059327,-112.832935745346,10.8));
#8619=CARTESIAN_POINT('',(205.397682059327,-119.119969508305,10.8));
#8620=CARTESIAN_POINT('',(206.597682059327,-119.119969508305,12.));
#8621=CARTESIAN_POINT('Origin',(210.022509975533,-111.600005300716,0.));
#8622=CARTESIAN_POINT('',(208.822509975533,-112.032002635985,12.));
#8623=CARTESIAN_POINT('',(205.397682059327,-113.264933080615,12.));
#8624=CARTESIAN_POINT('',(209.101041606797,-111.93173186724,11.9672275401077));
#8625=CARTESIAN_POINT('Origin',(208.822509975533,-112.032002635985,10.8));
#8626=CARTESIAN_POINT('',(209.101041606797,-111.93173186724,0.));
#8627=CARTESIAN_POINT('',(205.397682059327,-113.264933080615,0.));
#8628=CARTESIAN_POINT('Origin',(198.261241536975,-124.975005935994,12.));
#8629=CARTESIAN_POINT('',(208.822509975533,-137.150006571272,12.));
#8630=CARTESIAN_POINT('',(192.380625197625,-137.150006571272,12.));
#8631=CARTESIAN_POINT('',(208.822509975533,-131.662506253633,12.));
#8632=CARTESIAN_POINT('Origin',(187.700003849498,-132.150006571272,0.));
#8633=CARTESIAN_POINT('',(187.700003849498,-133.350006571272,0.));
#8634=CARTESIAN_POINT('Origin',(205.397682059327,-133.350006571272,0.));
#8635=CARTESIAN_POINT('Origin',(208.822509975533,-137.150006571272,10.8));
#8636=CARTESIAN_POINT('',(208.822509975533,-138.350006571272,10.8));
#8637=CARTESIAN_POINT('Origin',(208.822509975533,-137.150006571272,10.8));
#8638=CARTESIAN_POINT('',(210.022509975533,-137.150006571272,10.8));
#8639=CARTESIAN_POINT('Origin',(208.822509975533,-137.150006571272,10.8));
#8640=CARTESIAN_POINT('Origin',(208.822509975533,-137.150006571272,10.8));
#8641=CARTESIAN_POINT('Origin',(208.822509975533,-137.150006571272,0.));
#8642=CARTESIAN_POINT('',(210.022509975533,-137.150006571272,0.));
#8643=CARTESIAN_POINT('',(208.822509975533,-138.350006571272,0.));
#8644=CARTESIAN_POINT('Origin',(208.822509975533,-131.662506253633,10.8));
#8645=CARTESIAN_POINT('',(210.022509975533,-131.662506253633,10.8));
#8646=CARTESIAN_POINT('Origin',(208.822509975533,-112.03198493026,10.8));
#8647=CARTESIAN_POINT('Origin',(192.380625197625,-137.150006571272,10.8));
#8648=CARTESIAN_POINT('',(192.380625197625,-138.350006571272,10.8));
#8649=CARTESIAN_POINT('Origin',(210.022509975533,-138.350006571272,0.));
#8650=CARTESIAN_POINT('Origin',(186.500008858275,-138.350006571272,0.));
#8651=CARTESIAN_POINT('Origin',(205.397682059327,-113.264933080615,0.));
#8652=CARTESIAN_POINT('Origin',(186.499994927461,-120.066621778255,0.));
#8653=CARTESIAN_POINT('',(205.,-113.407837043479,-1.74728013316344));
#8654=CARTESIAN_POINT('',(102.095807886277,-150.446576271094,1.73359761701838));
#8655=CARTESIAN_POINT('',(205.,-113.407837043479,-2.279));
#8656=CARTESIAN_POINT('Origin',(100.700003997124,-132.350006333785,0.));
#8657=CARTESIAN_POINT('',(99.7000039971241,-132.350007072157,2.));
#8658=CARTESIAN_POINT('',(100.700003997124,-133.350006333785,2.));
#8659=CARTESIAN_POINT('Origin',(100.700003997124,-132.350006333785,2.));
#8660=CARTESIAN_POINT('',(99.7000039971241,-132.350007072157,0.));
#8661=CARTESIAN_POINT('',(100.700003997124,-133.350006333785,0.));
#8662=CARTESIAN_POINT('Origin',(99.7000047354959,-133.350006333785,0.));
#8663=CARTESIAN_POINT('',(99.6999319328203,-34.7511429008239,2.));
#8664=CARTESIAN_POINT('',(99.7000047354959,-133.350006333785,2.));
#8665=CARTESIAN_POINT('',(99.6999319328203,-34.7511429008239,0.));
#8666=CARTESIAN_POINT('Origin',(180.500008620787,-132.350006333785,0.));
#8667=CARTESIAN_POINT('',(180.500008620787,-133.350006333785,2.));
#8668=CARTESIAN_POINT('',(181.500008620787,-132.350006333785,2.));
#8669=CARTESIAN_POINT('Origin',(180.500008620787,-132.350006333785,2.));
#8670=CARTESIAN_POINT('',(180.500008620787,-133.350006333785,0.));
#8671=CARTESIAN_POINT('',(181.500008620787,-132.350006333785,0.));
#8672=CARTESIAN_POINT('Origin',(151.724970435851,-83.5503371246948,2.));
#8673=CARTESIAN_POINT('',(181.500008620787,-133.350006333785,2.));
#8674=CARTESIAN_POINT('',(181.500008620787,-115.739916709718,2.));
#8675=CARTESIAN_POINT('',(181.500008620787,-115.050005464582,2.));
#8676=CARTESIAN_POINT('',(182.144974438665,-114.805063389927,2.));
#8677=CARTESIAN_POINT('Origin',(182.500008620787,-115.739916709718,2.));
#8678=CARTESIAN_POINT('',(203.105043859729,-106.844947137883,2.));
#8679=CARTESIAN_POINT('',(203.750009677606,-106.600005063228,2.));
#8680=CARTESIAN_POINT('',(203.750009677606,-105.910093818092,2.));
#8681=CARTESIAN_POINT('Origin',(202.750009677606,-105.910093818092,2.));
#8682=CARTESIAN_POINT('',(203.750009677606,-34.7995275837203,2.));
#8683=CARTESIAN_POINT('',(203.750009677606,-33.8000016054139,2.));
#8684=CARTESIAN_POINT('',(202.750483811648,-33.7995276961218,2.));
#8685=CARTESIAN_POINT('Origin',(202.750009677606,-34.7995275837203,2.));
#8686=CARTESIAN_POINT('',(100.700406066862,-33.7511422748531,2.));
#8687=CARTESIAN_POINT('',(99.6999311940972,-33.7506679156046,2.));
#8688=CARTESIAN_POINT('Origin',(100.69993193282,-34.7511421624515,2.));
#8689=CARTESIAN_POINT('Origin',(181.500008620787,-115.050005464582,0.));
#8690=CARTESIAN_POINT('',(181.500008620787,-115.739916709718,0.));
#8691=CARTESIAN_POINT('Origin',(202.750009677606,-105.910093818092,0.));
#8692=CARTESIAN_POINT('',(203.105043859729,-106.844947137883,0.));
#8693=CARTESIAN_POINT('',(203.750009677606,-105.910093818092,0.));
#8694=CARTESIAN_POINT('Origin',(203.750009677606,-106.600005063228,0.));
#8695=CARTESIAN_POINT('',(182.144974438665,-114.805063389927,0.));
#8696=CARTESIAN_POINT('Origin',(182.500008620787,-115.739916709718,0.));
#8697=CARTESIAN_POINT('Origin',(202.750009677606,-34.7995275837203,0.));
#8698=CARTESIAN_POINT('',(203.750009677606,-34.7995275837203,0.));
#8699=CARTESIAN_POINT('',(202.750483811648,-33.7995276961218,0.));
#8700=CARTESIAN_POINT('Origin',(99.6999311940972,-33.7506679156046,0.));
#8701=CARTESIAN_POINT('',(201.022673376158,-33.7987084822845,5.));
#8702=CARTESIAN_POINT('',(201.022673376158,-33.7987084822845,6.5));
#8703=CARTESIAN_POINT('',(183.022673376158,-33.7901740685723,5.));
#8704=CARTESIAN_POINT('',(145.860709423772,-33.7725543144207,5.));
#8705=CARTESIAN_POINT('',(183.022673376158,-33.7901740685723,6.5));
#8706=CARTESIAN_POINT('',(100.700406066862,-33.7511422748531,0.));
#8707=CARTESIAN_POINT('Origin',(100.69993193282,-34.7511421624515,0.));
#8708=CARTESIAN_POINT('Origin',(201.022673376158,-28.7885384958677,13.));
#8709=CARTESIAN_POINT('',(201.022673376158,-28.7885384958677,5.));
#8710=CARTESIAN_POINT('Origin',(183.022673376158,-33.7901740685723,13.));
#8711=CARTESIAN_POINT('',(183.022673376158,-33.7987084822845,5.));
#8712=CARTESIAN_POINT('Origin',(192.022673376158,-31.2936234890761,5.));
#8713=CARTESIAN_POINT('Origin',(0.,-132.000001966953,1.11022302462516E-15));
#8714=CARTESIAN_POINT('',(100.,-35.0000005215406,-9.116));
#8715=CARTESIAN_POINT('',(100.,-107.7500016056,-2.279));
#8716=CARTESIAN_POINT('',(205.,-35.0000005215406,-9.116));
#8717=CARTESIAN_POINT('',(0.,-35.0000005215406,-9.116));
#8718=CARTESIAN_POINT('',(205.,-35.0000005215406,-9.116));
#8719=CARTESIAN_POINT('Origin',(100.,-83.500001244247,-4.558));
#8720=CARTESIAN_POINT('',(100.,-35.0000005215406,-6.837));
#8721=CARTESIAN_POINT('Origin',(0.,-35.0000005215406,-9.116));
#8722=CARTESIAN_POINT('',(205.,-35.0000005215406,-9.116));
#8723=CARTESIAN_POINT('Origin',(205.,-83.500001244247,-4.558));
#8724=CARTESIAN_POINT('Origin',(181.500008620787,-133.350006333785,0.));
#8725=CARTESIAN_POINT('Origin',(203.750009677606,-33.8000016054139,0.));
#8726=CARTESIAN_POINT('Origin',(94.699927502509,-28.7510402250765,0.));
#8727=UNCERTAINTY_MEASURE_WITH_UNIT(LENGTH_MEASURE(0.01),#8731,
'DISTANCE_ACCURACY_VALUE',
'Maximum model space distance between geometric entities at asserted c
onnectivities');
#8728=UNCERTAINTY_MEASURE_WITH_UNIT(LENGTH_MEASURE(0.01),#8731,
'DISTANCE_ACCURACY_VALUE',
'Maximum model space distance between geometric entities at asserted c
onnectivities');
#8729=(
GEOMETRIC_REPRESENTATION_CONTEXT(3)
GLOBAL_UNCERTAINTY_ASSIGNED_CONTEXT((#8727))
GLOBAL_UNIT_ASSIGNED_CONTEXT((#8731,#8733,#8734))
REPRESENTATION_CONTEXT('','3D')
);
#8730=(
GEOMETRIC_REPRESENTATION_CONTEXT(3)
GLOBAL_UNCERTAINTY_ASSIGNED_CONTEXT((#8728))
GLOBAL_UNIT_ASSIGNED_CONTEXT((#8731,#8733,#8734))
REPRESENTATION_CONTEXT('','3D')
);
#8731=(
LENGTH_UNIT()
NAMED_UNIT(*)
SI_UNIT(.MILLI.,.METRE.)
);
#8732=(
LENGTH_UNIT()
NAMED_UNIT(*)
SI_UNIT($,.METRE.)
);
#8733=(
NAMED_UNIT(*)
PLANE_ANGLE_UNIT()
SI_UNIT($,.RADIAN.)
);
#8734=(
NAMED_UNIT(*)
SI_UNIT($,.STERADIAN.)
SOLID_ANGLE_UNIT()
);
#8735=SHAPE_DEFINITION_REPRESENTATION(#8736,#8737);
#8736=PRODUCT_DEFINITION_SHAPE('',$,#8739);
#8737=SHAPE_REPRESENTATION('',(#1134),#8729);
#8738=PRODUCT_DEFINITION_CONTEXT('part definition',#8743,'design');
#8739=PRODUCT_DEFINITION('3d 1','bottom',#8740,#8738);
#8740=PRODUCT_DEFINITION_FORMATION('',$,#8745);
#8741=PRODUCT_RELATED_PRODUCT_CATEGORY('bottom','bottom',(#8745));
#8742=APPLICATION_PROTOCOL_DEFINITION('international standard',
'automotive_design',2009,#8743);
#8743=APPLICATION_CONTEXT(
'Core Data for Automotive Mechanical Design Process');
#8744=PRODUCT_CONTEXT('part definition',#8743,'mechanical');
#8745=PRODUCT('3d 1','bottom','KiCad electronic assembly',(#8744));
#8746=PRESENTATION_STYLE_ASSIGNMENT((#8747));
#8747=SURFACE_STYLE_USAGE(.BOTH.,#8748);
#8748=SURFACE_SIDE_STYLE('',(#8749));
#8749=SURFACE_STYLE_FILL_AREA(#8750);
#8750=FILL_AREA_STYLE('Steel - Satin',(#8751));
#8751=FILL_AREA_STYLE_COLOUR('Steel - Satin',#8752);
#8752=COLOUR_RGB('Steel - Satin',0.627450980392157,0.627450980392157,0.627450980392157);
ENDSEC;
END-ISO-10303-21;
