ISO-10303-21;
HEADER;
/* Generated by software containing ST-Developer
 * from STEP Tools, Inc. (www.steptools.com) 
 */

FILE_DESCRIPTION(
/* description */ (''),
/* implementation_level */ '2;1');

FILE_NAME(
/* name */ 'middle.step',
/* time_stamp */ '2026-06-14T06:47:30+05:30',
/* author */ (''),
/* organization */ (''),
/* preprocessor_version */ 'ST-DEVELOPER v20.1',
/* originating_system */ 'Autodesk Translation Framework v15.8.0.0',
/* authorisation */ '');

FILE_SCHEMA (('AUTOMOTIVE_DESIGN { 1 0 10303 214 3 1 1 }'));
ENDSEC;

DATA;
#10=MECHANICAL_DESIGN_GEOMETRIC_PRESENTATION_REPRESENTATION('',(#13),#7075);
#11=SHAPE_REPRESENTATION_RELATIONSHIP('SRR','None',#7082,#12);
#12=ADVANCED_BREP_SHAPE_REPRESENTATION('',(#14),#7074);
#13=STYLED_ITEM('',(#7091),#14);
#14=MANIFOLD_SOLID_BREP('Body1',#4207);
#15=FACE_BOUND('',#380,.T.);
#16=FACE_BOUND('',#381,.T.);
#17=FACE_BOUND('',#382,.T.);
#18=FACE_BOUND('',#383,.T.);
#19=FACE_BOUND('',#384,.T.);
#20=FACE_BOUND('',#385,.T.);
#21=FACE_BOUND('',#386,.T.);
#22=FACE_BOUND('',#387,.T.);
#23=FACE_BOUND('',#388,.T.);
#24=FACE_BOUND('',#389,.T.);
#25=FACE_BOUND('',#390,.T.);
#26=FACE_BOUND('',#391,.T.);
#27=FACE_BOUND('',#392,.T.);
#28=FACE_BOUND('',#393,.T.);
#29=FACE_BOUND('',#394,.T.);
#30=FACE_BOUND('',#395,.T.);
#31=FACE_BOUND('',#396,.T.);
#32=FACE_BOUND('',#397,.T.);
#33=FACE_BOUND('',#398,.T.);
#34=FACE_BOUND('',#399,.T.);
#35=FACE_BOUND('',#400,.T.);
#36=FACE_BOUND('',#401,.T.);
#37=FACE_BOUND('',#402,.T.);
#38=FACE_BOUND('',#403,.T.);
#39=FACE_BOUND('',#607,.T.);
#40=FACE_BOUND('',#608,.T.);
#41=FACE_BOUND('',#609,.T.);
#42=FACE_BOUND('',#610,.T.);
#43=FACE_BOUND('',#611,.T.);
#44=FACE_BOUND('',#612,.T.);
#45=FACE_BOUND('',#613,.T.);
#46=FACE_BOUND('',#614,.T.);
#47=FACE_BOUND('',#615,.T.);
#48=FACE_BOUND('',#616,.T.);
#49=FACE_BOUND('',#617,.T.);
#50=FACE_BOUND('',#618,.T.);
#51=FACE_BOUND('',#619,.T.);
#52=FACE_BOUND('',#620,.T.);
#53=FACE_BOUND('',#621,.T.);
#54=FACE_BOUND('',#622,.T.);
#55=FACE_BOUND('',#623,.T.);
#56=FACE_BOUND('',#624,.T.);
#57=FACE_BOUND('',#625,.T.);
#58=FACE_BOUND('',#626,.T.);
#59=FACE_BOUND('',#627,.T.);
#60=FACE_BOUND('',#628,.T.);
#61=FACE_BOUND('',#629,.T.);
#62=FACE_BOUND('',#630,.T.);
#63=PLANE('',#4224);
#64=PLANE('',#4225);
#65=PLANE('',#4325);
#66=PLANE('',#4328);
#67=PLANE('',#4331);
#68=PLANE('',#4334);
#69=PLANE('',#4337);
#70=PLANE('',#4340);
#71=PLANE('',#4343);
#72=PLANE('',#4346);
#73=PLANE('',#4349);
#74=PLANE('',#4352);
#75=PLANE('',#4355);
#76=PLANE('',#4358);
#77=PLANE('',#4361);
#78=PLANE('',#4364);
#79=PLANE('',#4367);
#80=PLANE('',#4370);
#81=PLANE('',#4373);
#82=PLANE('',#4376);
#83=PLANE('',#4379);
#84=PLANE('',#4382);
#85=PLANE('',#4385);
#86=PLANE('',#4388);
#87=PLANE('',#4391);
#88=PLANE('',#4394);
#89=PLANE('',#4397);
#90=PLANE('',#4398);
#91=PLANE('',#4399);
#92=PLANE('',#4400);
#93=PLANE('',#4401);
#94=PLANE('',#4404);
#95=PLANE('',#4407);
#96=PLANE('',#4410);
#97=PLANE('',#4413);
#98=PLANE('',#4416);
#99=PLANE('',#4419);
#100=PLANE('',#4422);
#101=PLANE('',#4425);
#102=PLANE('',#4428);
#103=PLANE('',#4431);
#104=PLANE('',#4434);
#105=PLANE('',#4437);
#106=PLANE('',#4440);
#107=PLANE('',#4443);
#108=PLANE('',#4446);
#109=PLANE('',#4449);
#110=PLANE('',#4452);
#111=PLANE('',#4455);
#112=PLANE('',#4458);
#113=PLANE('',#4461);
#114=PLANE('',#4464);
#115=PLANE('',#4467);
#116=PLANE('',#4470);
#117=PLANE('',#4473);
#118=PLANE('',#4476);
#119=PLANE('',#4479);
#120=PLANE('',#4482);
#121=PLANE('',#4485);
#122=PLANE('',#4488);
#123=PLANE('',#4491);
#124=PLANE('',#4494);
#125=PLANE('',#4497);
#126=PLANE('',#4500);
#127=PLANE('',#4503);
#128=PLANE('',#4506);
#129=PLANE('',#4509);
#130=PLANE('',#4512);
#131=PLANE('',#4515);
#132=PLANE('',#4518);
#133=PLANE('',#4521);
#134=PLANE('',#4524);
#135=PLANE('',#4527);
#136=PLANE('',#4530);
#137=PLANE('',#4533);
#138=PLANE('',#4536);
#139=PLANE('',#4539);
#140=PLANE('',#4542);
#141=PLANE('',#4545);
#142=PLANE('',#4548);
#143=PLANE('',#4551);
#144=PLANE('',#4554);
#145=PLANE('',#4557);
#146=PLANE('',#4560);
#147=PLANE('',#4563);
#148=PLANE('',#4566);
#149=PLANE('',#4569);
#150=PLANE('',#4572);
#151=PLANE('',#4575);
#152=PLANE('',#4578);
#153=PLANE('',#4581);
#154=PLANE('',#4584);
#155=PLANE('',#4587);
#156=PLANE('',#4590);
#157=PLANE('',#4593);
#158=PLANE('',#4596);
#159=PLANE('',#4599);
#160=PLANE('',#4602);
#161=PLANE('',#4605);
#162=PLANE('',#4608);
#163=PLANE('',#4611);
#164=PLANE('',#4614);
#165=PLANE('',#4617);
#166=PLANE('',#4618);
#167=PLANE('',#4619);
#168=PLANE('',#4620);
#169=PLANE('',#4621);
#170=PLANE('',#4622);
#171=FACE_OUTER_BOUND('',#377,.T.);
#172=FACE_OUTER_BOUND('',#378,.T.);
#173=FACE_OUTER_BOUND('',#379,.T.);
#174=FACE_OUTER_BOUND('',#404,.T.);
#175=FACE_OUTER_BOUND('',#405,.T.);
#176=FACE_OUTER_BOUND('',#406,.T.);
#177=FACE_OUTER_BOUND('',#407,.T.);
#178=FACE_OUTER_BOUND('',#408,.T.);
#179=FACE_OUTER_BOUND('',#409,.T.);
#180=FACE_OUTER_BOUND('',#410,.T.);
#181=FACE_OUTER_BOUND('',#411,.T.);
#182=FACE_OUTER_BOUND('',#412,.T.);
#183=FACE_OUTER_BOUND('',#413,.T.);
#184=FACE_OUTER_BOUND('',#414,.T.);
#185=FACE_OUTER_BOUND('',#415,.T.);
#186=FACE_OUTER_BOUND('',#416,.T.);
#187=FACE_OUTER_BOUND('',#417,.T.);
#188=FACE_OUTER_BOUND('',#418,.T.);
#189=FACE_OUTER_BOUND('',#419,.T.);
#190=FACE_OUTER_BOUND('',#420,.T.);
#191=FACE_OUTER_BOUND('',#421,.T.);
#192=FACE_OUTER_BOUND('',#422,.T.);
#193=FACE_OUTER_BOUND('',#423,.T.);
#194=FACE_OUTER_BOUND('',#424,.T.);
#195=FACE_OUTER_BOUND('',#425,.T.);
#196=FACE_OUTER_BOUND('',#426,.T.);
#197=FACE_OUTER_BOUND('',#427,.T.);
#198=FACE_OUTER_BOUND('',#428,.T.);
#199=FACE_OUTER_BOUND('',#429,.T.);
#200=FACE_OUTER_BOUND('',#430,.T.);
#201=FACE_OUTER_BOUND('',#431,.T.);
#202=FACE_OUTER_BOUND('',#432,.T.);
#203=FACE_OUTER_BOUND('',#433,.T.);
#204=FACE_OUTER_BOUND('',#434,.T.);
#205=FACE_OUTER_BOUND('',#435,.T.);
#206=FACE_OUTER_BOUND('',#436,.T.);
#207=FACE_OUTER_BOUND('',#437,.T.);
#208=FACE_OUTER_BOUND('',#438,.T.);
#209=FACE_OUTER_BOUND('',#439,.T.);
#210=FACE_OUTER_BOUND('',#440,.T.);
#211=FACE_OUTER_BOUND('',#441,.T.);
#212=FACE_OUTER_BOUND('',#442,.T.);
#213=FACE_OUTER_BOUND('',#443,.T.);
#214=FACE_OUTER_BOUND('',#444,.T.);
#215=FACE_OUTER_BOUND('',#445,.T.);
#216=FACE_OUTER_BOUND('',#446,.T.);
#217=FACE_OUTER_BOUND('',#447,.T.);
#218=FACE_OUTER_BOUND('',#448,.T.);
#219=FACE_OUTER_BOUND('',#449,.T.);
#220=FACE_OUTER_BOUND('',#450,.T.);
#221=FACE_OUTER_BOUND('',#451,.T.);
#222=FACE_OUTER_BOUND('',#452,.T.);
#223=FACE_OUTER_BOUND('',#453,.T.);
#224=FACE_OUTER_BOUND('',#454,.T.);
#225=FACE_OUTER_BOUND('',#455,.T.);
#226=FACE_OUTER_BOUND('',#456,.T.);
#227=FACE_OUTER_BOUND('',#457,.T.);
#228=FACE_OUTER_BOUND('',#458,.T.);
#229=FACE_OUTER_BOUND('',#459,.T.);
#230=FACE_OUTER_BOUND('',#460,.T.);
#231=FACE_OUTER_BOUND('',#461,.T.);
#232=FACE_OUTER_BOUND('',#462,.T.);
#233=FACE_OUTER_BOUND('',#463,.T.);
#234=FACE_OUTER_BOUND('',#464,.T.);
#235=FACE_OUTER_BOUND('',#465,.T.);
#236=FACE_OUTER_BOUND('',#466,.T.);
#237=FACE_OUTER_BOUND('',#467,.T.);
#238=FACE_OUTER_BOUND('',#468,.T.);
#239=FACE_OUTER_BOUND('',#469,.T.);
#240=FACE_OUTER_BOUND('',#470,.T.);
#241=FACE_OUTER_BOUND('',#471,.T.);
#242=FACE_OUTER_BOUND('',#472,.T.);
#243=FACE_OUTER_BOUND('',#473,.T.);
#244=FACE_OUTER_BOUND('',#474,.T.);
#245=FACE_OUTER_BOUND('',#475,.T.);
#246=FACE_OUTER_BOUND('',#476,.T.);
#247=FACE_OUTER_BOUND('',#477,.T.);
#248=FACE_OUTER_BOUND('',#478,.T.);
#249=FACE_OUTER_BOUND('',#479,.T.);
#250=FACE_OUTER_BOUND('',#480,.T.);
#251=FACE_OUTER_BOUND('',#481,.T.);
#252=FACE_OUTER_BOUND('',#482,.T.);
#253=FACE_OUTER_BOUND('',#483,.T.);
#254=FACE_OUTER_BOUND('',#484,.T.);
#255=FACE_OUTER_BOUND('',#485,.T.);
#256=FACE_OUTER_BOUND('',#486,.T.);
#257=FACE_OUTER_BOUND('',#487,.T.);
#258=FACE_OUTER_BOUND('',#488,.T.);
#259=FACE_OUTER_BOUND('',#489,.T.);
#260=FACE_OUTER_BOUND('',#490,.T.);
#261=FACE_OUTER_BOUND('',#491,.T.);
#262=FACE_OUTER_BOUND('',#492,.T.);
#263=FACE_OUTER_BOUND('',#493,.T.);
#264=FACE_OUTER_BOUND('',#494,.T.);
#265=FACE_OUTER_BOUND('',#495,.T.);
#266=FACE_OUTER_BOUND('',#496,.T.);
#267=FACE_OUTER_BOUND('',#497,.T.);
#268=FACE_OUTER_BOUND('',#498,.T.);
#269=FACE_OUTER_BOUND('',#499,.T.);
#270=FACE_OUTER_BOUND('',#500,.T.);
#271=FACE_OUTER_BOUND('',#501,.T.);
#272=FACE_OUTER_BOUND('',#502,.T.);
#273=FACE_OUTER_BOUND('',#503,.T.);
#274=FACE_OUTER_BOUND('',#504,.T.);
#275=FACE_OUTER_BOUND('',#505,.T.);
#276=FACE_OUTER_BOUND('',#506,.T.);
#277=FACE_OUTER_BOUND('',#507,.T.);
#278=FACE_OUTER_BOUND('',#508,.T.);
#279=FACE_OUTER_BOUND('',#509,.T.);
#280=FACE_OUTER_BOUND('',#510,.T.);
#281=FACE_OUTER_BOUND('',#511,.T.);
#282=FACE_OUTER_BOUND('',#512,.T.);
#283=FACE_OUTER_BOUND('',#513,.T.);
#284=FACE_OUTER_BOUND('',#514,.T.);
#285=FACE_OUTER_BOUND('',#515,.T.);
#286=FACE_OUTER_BOUND('',#516,.T.);
#287=FACE_OUTER_BOUND('',#517,.T.);
#288=FACE_OUTER_BOUND('',#518,.T.);
#289=FACE_OUTER_BOUND('',#519,.T.);
#290=FACE_OUTER_BOUND('',#520,.T.);
#291=FACE_OUTER_BOUND('',#521,.T.);
#292=FACE_OUTER_BOUND('',#522,.T.);
#293=FACE_OUTER_BOUND('',#523,.T.);
#294=FACE_OUTER_BOUND('',#524,.T.);
#295=FACE_OUTER_BOUND('',#525,.T.);
#296=FACE_OUTER_BOUND('',#526,.T.);
#297=FACE_OUTER_BOUND('',#527,.T.);
#298=FACE_OUTER_BOUND('',#528,.T.);
#299=FACE_OUTER_BOUND('',#529,.T.);
#300=FACE_OUTER_BOUND('',#530,.T.);
#301=FACE_OUTER_BOUND('',#531,.T.);
#302=FACE_OUTER_BOUND('',#532,.T.);
#303=FACE_OUTER_BOUND('',#533,.T.);
#304=FACE_OUTER_BOUND('',#534,.T.);
#305=FACE_OUTER_BOUND('',#535,.T.);
#306=FACE_OUTER_BOUND('',#536,.T.);
#307=FACE_OUTER_BOUND('',#537,.T.);
#308=FACE_OUTER_BOUND('',#538,.T.);
#309=FACE_OUTER_BOUND('',#539,.T.);
#310=FACE_OUTER_BOUND('',#540,.T.);
#311=FACE_OUTER_BOUND('',#541,.T.);
#312=FACE_OUTER_BOUND('',#542,.T.);
#313=FACE_OUTER_BOUND('',#543,.T.);
#314=FACE_OUTER_BOUND('',#544,.T.);
#315=FACE_OUTER_BOUND('',#545,.T.);
#316=FACE_OUTER_BOUND('',#546,.T.);
#317=FACE_OUTER_BOUND('',#547,.T.);
#318=FACE_OUTER_BOUND('',#548,.T.);
#319=FACE_OUTER_BOUND('',#549,.T.);
#320=FACE_OUTER_BOUND('',#550,.T.);
#321=FACE_OUTER_BOUND('',#551,.T.);
#322=FACE_OUTER_BOUND('',#552,.T.);
#323=FACE_OUTER_BOUND('',#553,.T.);
#324=FACE_OUTER_BOUND('',#554,.T.);
#325=FACE_OUTER_BOUND('',#555,.T.);
#326=FACE_OUTER_BOUND('',#556,.T.);
#327=FACE_OUTER_BOUND('',#557,.T.);
#328=FACE_OUTER_BOUND('',#558,.T.);
#329=FACE_OUTER_BOUND('',#559,.T.);
#330=FACE_OUTER_BOUND('',#560,.T.);
#331=FACE_OUTER_BOUND('',#561,.T.);
#332=FACE_OUTER_BOUND('',#562,.T.);
#333=FACE_OUTER_BOUND('',#563,.T.);
#334=FACE_OUTER_BOUND('',#564,.T.);
#335=FACE_OUTER_BOUND('',#565,.T.);
#336=FACE_OUTER_BOUND('',#566,.T.);
#337=FACE_OUTER_BOUND('',#567,.T.);
#338=FACE_OUTER_BOUND('',#568,.T.);
#339=FACE_OUTER_BOUND('',#569,.T.);
#340=FACE_OUTER_BOUND('',#570,.T.);
#341=FACE_OUTER_BOUND('',#571,.T.);
#342=FACE_OUTER_BOUND('',#572,.T.);
#343=FACE_OUTER_BOUND('',#573,.T.);
#344=FACE_OUTER_BOUND('',#574,.T.);
#345=FACE_OUTER_BOUND('',#575,.T.);
#346=FACE_OUTER_BOUND('',#576,.T.);
#347=FACE_OUTER_BOUND('',#577,.T.);
#348=FACE_OUTER_BOUND('',#578,.T.);
#349=FACE_OUTER_BOUND('',#579,.T.);
#350=FACE_OUTER_BOUND('',#580,.T.);
#351=FACE_OUTER_BOUND('',#581,.T.);
#352=FACE_OUTER_BOUND('',#582,.T.);
#353=FACE_OUTER_BOUND('',#583,.T.);
#354=FACE_OUTER_BOUND('',#584,.T.);
#355=FACE_OUTER_BOUND('',#585,.T.);
#356=FACE_OUTER_BOUND('',#586,.T.);
#357=FACE_OUTER_BOUND('',#587,.T.);
#358=FACE_OUTER_BOUND('',#588,.T.);
#359=FACE_OUTER_BOUND('',#589,.T.);
#360=FACE_OUTER_BOUND('',#590,.T.);
#361=FACE_OUTER_BOUND('',#591,.T.);
#362=FACE_OUTER_BOUND('',#592,.T.);
#363=FACE_OUTER_BOUND('',#593,.T.);
#364=FACE_OUTER_BOUND('',#594,.T.);
#365=FACE_OUTER_BOUND('',#595,.T.);
#366=FACE_OUTER_BOUND('',#596,.T.);
#367=FACE_OUTER_BOUND('',#597,.T.);
#368=FACE_OUTER_BOUND('',#598,.T.);
#369=FACE_OUTER_BOUND('',#599,.T.);
#370=FACE_OUTER_BOUND('',#600,.T.);
#371=FACE_OUTER_BOUND('',#601,.T.);
#372=FACE_OUTER_BOUND('',#602,.T.);
#373=FACE_OUTER_BOUND('',#603,.T.);
#374=FACE_OUTER_BOUND('',#604,.T.);
#375=FACE_OUTER_BOUND('',#605,.T.);
#376=FACE_OUTER_BOUND('',#606,.T.);
#377=EDGE_LOOP('',(#2679,#2680,#2681,#2682));
#378=EDGE_LOOP('',(#2683,#2684,#2685,#2686));
#379=EDGE_LOOP('',(#2687,#2688,#2689,#2690,#2691,#2692,#2693,#2694,#2695,
#2696,#2697,#2698,#2699,#2700,#2701,#2702));
#380=EDGE_LOOP('',(#2703,#2704,#2705,#2706,#2707,#2708,#2709,#2710));
#381=EDGE_LOOP('',(#2711,#2712,#2713,#2714,#2715,#2716,#2717,#2718));
#382=EDGE_LOOP('',(#2719,#2720,#2721,#2722,#2723,#2724,#2725,#2726));
#383=EDGE_LOOP('',(#2727,#2728,#2729,#2730,#2731,#2732,#2733,#2734));
#384=EDGE_LOOP('',(#2735,#2736,#2737,#2738,#2739,#2740,#2741,#2742));
#385=EDGE_LOOP('',(#2743,#2744,#2745,#2746));
#386=EDGE_LOOP('',(#2747,#2748,#2749,#2750,#2751,#2752,#2753,#2754));
#387=EDGE_LOOP('',(#2755,#2756,#2757,#2758,#2759,#2760,#2761,#2762));
#388=EDGE_LOOP('',(#2763,#2764,#2765,#2766,#2767,#2768,#2769,#2770));
#389=EDGE_LOOP('',(#2771,#2772,#2773,#2774,#2775,#2776,#2777,#2778));
#390=EDGE_LOOP('',(#2779,#2780,#2781,#2782,#2783,#2784,#2785,#2786));
#391=EDGE_LOOP('',(#2787,#2788,#2789,#2790,#2791,#2792,#2793,#2794));
#392=EDGE_LOOP('',(#2795,#2796,#2797,#2798,#2799,#2800,#2801,#2802));
#393=EDGE_LOOP('',(#2803,#2804,#2805,#2806,#2807,#2808,#2809,#2810));
#394=EDGE_LOOP('',(#2811,#2812,#2813,#2814,#2815,#2816,#2817,#2818));
#395=EDGE_LOOP('',(#2819,#2820,#2821,#2822,#2823,#2824,#2825,#2826));
#396=EDGE_LOOP('',(#2827,#2828,#2829,#2830,#2831,#2832,#2833,#2834));
#397=EDGE_LOOP('',(#2835,#2836,#2837,#2838,#2839,#2840,#2841,#2842));
#398=EDGE_LOOP('',(#2843,#2844,#2845,#2846,#2847,#2848,#2849,#2850));
#399=EDGE_LOOP('',(#2851,#2852,#2853,#2854,#2855,#2856,#2857,#2858));
#400=EDGE_LOOP('',(#2859,#2860,#2861,#2862,#2863,#2864,#2865,#2866));
#401=EDGE_LOOP('',(#2867,#2868,#2869,#2870,#2871,#2872,#2873,#2874));
#402=EDGE_LOOP('',(#2875,#2876,#2877,#2878,#2879,#2880,#2881,#2882));
#403=EDGE_LOOP('',(#2883,#2884,#2885,#2886,#2887,#2888,#2889,#2890));
#404=EDGE_LOOP('',(#2891,#2892,#2893,#2894));
#405=EDGE_LOOP('',(#2895,#2896,#2897,#2898));
#406=EDGE_LOOP('',(#2899,#2900,#2901,#2902));
#407=EDGE_LOOP('',(#2903,#2904,#2905,#2906));
#408=EDGE_LOOP('',(#2907,#2908,#2909,#2910));
#409=EDGE_LOOP('',(#2911,#2912,#2913,#2914));
#410=EDGE_LOOP('',(#2915,#2916,#2917,#2918));
#411=EDGE_LOOP('',(#2919,#2920,#2921,#2922));
#412=EDGE_LOOP('',(#2923,#2924,#2925,#2926));
#413=EDGE_LOOP('',(#2927,#2928,#2929,#2930));
#414=EDGE_LOOP('',(#2931,#2932,#2933,#2934));
#415=EDGE_LOOP('',(#2935,#2936,#2937,#2938));
#416=EDGE_LOOP('',(#2939,#2940,#2941,#2942));
#417=EDGE_LOOP('',(#2943,#2944,#2945,#2946));
#418=EDGE_LOOP('',(#2947,#2948,#2949,#2950));
#419=EDGE_LOOP('',(#2951,#2952,#2953,#2954));
#420=EDGE_LOOP('',(#2955,#2956,#2957,#2958));
#421=EDGE_LOOP('',(#2959,#2960,#2961,#2962));
#422=EDGE_LOOP('',(#2963,#2964,#2965,#2966));
#423=EDGE_LOOP('',(#2967,#2968,#2969,#2970));
#424=EDGE_LOOP('',(#2971,#2972,#2973,#2974));
#425=EDGE_LOOP('',(#2975,#2976,#2977,#2978));
#426=EDGE_LOOP('',(#2979,#2980,#2981,#2982));
#427=EDGE_LOOP('',(#2983,#2984,#2985,#2986));
#428=EDGE_LOOP('',(#2987,#2988,#2989,#2990));
#429=EDGE_LOOP('',(#2991,#2992,#2993,#2994));
#430=EDGE_LOOP('',(#2995,#2996,#2997,#2998));
#431=EDGE_LOOP('',(#2999,#3000,#3001,#3002));
#432=EDGE_LOOP('',(#3003,#3004,#3005,#3006));
#433=EDGE_LOOP('',(#3007,#3008,#3009,#3010));
#434=EDGE_LOOP('',(#3011,#3012,#3013,#3014));
#435=EDGE_LOOP('',(#3015,#3016,#3017,#3018));
#436=EDGE_LOOP('',(#3019,#3020,#3021,#3022));
#437=EDGE_LOOP('',(#3023,#3024,#3025,#3026));
#438=EDGE_LOOP('',(#3027,#3028,#3029,#3030));
#439=EDGE_LOOP('',(#3031,#3032,#3033,#3034));
#440=EDGE_LOOP('',(#3035,#3036,#3037,#3038));
#441=EDGE_LOOP('',(#3039,#3040,#3041,#3042));
#442=EDGE_LOOP('',(#3043,#3044,#3045,#3046));
#443=EDGE_LOOP('',(#3047,#3048,#3049,#3050));
#444=EDGE_LOOP('',(#3051,#3052,#3053,#3054));
#445=EDGE_LOOP('',(#3055,#3056,#3057,#3058));
#446=EDGE_LOOP('',(#3059,#3060,#3061,#3062));
#447=EDGE_LOOP('',(#3063,#3064,#3065,#3066));
#448=EDGE_LOOP('',(#3067,#3068,#3069,#3070));
#449=EDGE_LOOP('',(#3071,#3072,#3073,#3074));
#450=EDGE_LOOP('',(#3075,#3076,#3077,#3078));
#451=EDGE_LOOP('',(#3079,#3080,#3081,#3082));
#452=EDGE_LOOP('',(#3083,#3084,#3085,#3086));
#453=EDGE_LOOP('',(#3087,#3088,#3089,#3090));
#454=EDGE_LOOP('',(#3091,#3092,#3093,#3094));
#455=EDGE_LOOP('',(#3095,#3096,#3097,#3098));
#456=EDGE_LOOP('',(#3099,#3100,#3101,#3102));
#457=EDGE_LOOP('',(#3103,#3104,#3105,#3106));
#458=EDGE_LOOP('',(#3107,#3108,#3109,#3110));
#459=EDGE_LOOP('',(#3111,#3112,#3113,#3114));
#460=EDGE_LOOP('',(#3115,#3116,#3117,#3118));
#461=EDGE_LOOP('',(#3119,#3120,#3121,#3122));
#462=EDGE_LOOP('',(#3123,#3124,#3125,#3126));
#463=EDGE_LOOP('',(#3127,#3128,#3129,#3130));
#464=EDGE_LOOP('',(#3131,#3132,#3133,#3134));
#465=EDGE_LOOP('',(#3135,#3136,#3137,#3138));
#466=EDGE_LOOP('',(#3139,#3140,#3141,#3142));
#467=EDGE_LOOP('',(#3143,#3144,#3145,#3146));
#468=EDGE_LOOP('',(#3147,#3148,#3149,#3150));
#469=EDGE_LOOP('',(#3151,#3152,#3153,#3154));
#470=EDGE_LOOP('',(#3155,#3156,#3157,#3158));
#471=EDGE_LOOP('',(#3159,#3160,#3161,#3162));
#472=EDGE_LOOP('',(#3163,#3164,#3165,#3166));
#473=EDGE_LOOP('',(#3167,#3168,#3169,#3170));
#474=EDGE_LOOP('',(#3171,#3172,#3173,#3174));
#475=EDGE_LOOP('',(#3175,#3176,#3177,#3178));
#476=EDGE_LOOP('',(#3179,#3180,#3181,#3182));
#477=EDGE_LOOP('',(#3183,#3184,#3185,#3186));
#478=EDGE_LOOP('',(#3187,#3188,#3189,#3190));
#479=EDGE_LOOP('',(#3191,#3192,#3193,#3194));
#480=EDGE_LOOP('',(#3195,#3196,#3197,#3198));
#481=EDGE_LOOP('',(#3199,#3200,#3201,#3202));
#482=EDGE_LOOP('',(#3203,#3204,#3205,#3206));
#483=EDGE_LOOP('',(#3207,#3208,#3209,#3210));
#484=EDGE_LOOP('',(#3211,#3212,#3213,#3214));
#485=EDGE_LOOP('',(#3215,#3216,#3217,#3218));
#486=EDGE_LOOP('',(#3219,#3220,#3221,#3222));
#487=EDGE_LOOP('',(#3223,#3224,#3225,#3226));
#488=EDGE_LOOP('',(#3227,#3228,#3229,#3230));
#489=EDGE_LOOP('',(#3231,#3232,#3233,#3234));
#490=EDGE_LOOP('',(#3235,#3236,#3237,#3238));
#491=EDGE_LOOP('',(#3239,#3240,#3241,#3242));
#492=EDGE_LOOP('',(#3243,#3244,#3245,#3246));
#493=EDGE_LOOP('',(#3247,#3248,#3249,#3250));
#494=EDGE_LOOP('',(#3251,#3252,#3253,#3254));
#495=EDGE_LOOP('',(#3255,#3256,#3257,#3258));
#496=EDGE_LOOP('',(#3259,#3260,#3261,#3262));
#497=EDGE_LOOP('',(#3263,#3264,#3265,#3266));
#498=EDGE_LOOP('',(#3267,#3268,#3269,#3270));
#499=EDGE_LOOP('',(#3271,#3272,#3273,#3274));
#500=EDGE_LOOP('',(#3275,#3276,#3277,#3278));
#501=EDGE_LOOP('',(#3279,#3280,#3281,#3282));
#502=EDGE_LOOP('',(#3283,#3284,#3285,#3286));
#503=EDGE_LOOP('',(#3287,#3288,#3289,#3290));
#504=EDGE_LOOP('',(#3291,#3292,#3293,#3294));
#505=EDGE_LOOP('',(#3295,#3296,#3297,#3298));
#506=EDGE_LOOP('',(#3299,#3300,#3301,#3302));
#507=EDGE_LOOP('',(#3303,#3304,#3305,#3306));
#508=EDGE_LOOP('',(#3307,#3308,#3309,#3310));
#509=EDGE_LOOP('',(#3311,#3312,#3313,#3314));
#510=EDGE_LOOP('',(#3315,#3316,#3317,#3318));
#511=EDGE_LOOP('',(#3319,#3320,#3321,#3322));
#512=EDGE_LOOP('',(#3323,#3324,#3325,#3326));
#513=EDGE_LOOP('',(#3327,#3328,#3329,#3330));
#514=EDGE_LOOP('',(#3331,#3332,#3333,#3334));
#515=EDGE_LOOP('',(#3335,#3336,#3337,#3338));
#516=EDGE_LOOP('',(#3339,#3340,#3341,#3342));
#517=EDGE_LOOP('',(#3343,#3344,#3345,#3346));
#518=EDGE_LOOP('',(#3347,#3348,#3349,#3350));
#519=EDGE_LOOP('',(#3351,#3352,#3353,#3354));
#520=EDGE_LOOP('',(#3355,#3356,#3357,#3358));
#521=EDGE_LOOP('',(#3359,#3360,#3361,#3362));
#522=EDGE_LOOP('',(#3363,#3364,#3365,#3366));
#523=EDGE_LOOP('',(#3367,#3368,#3369,#3370));
#524=EDGE_LOOP('',(#3371,#3372,#3373,#3374));
#525=EDGE_LOOP('',(#3375,#3376,#3377,#3378));
#526=EDGE_LOOP('',(#3379,#3380,#3381,#3382));
#527=EDGE_LOOP('',(#3383,#3384,#3385,#3386));
#528=EDGE_LOOP('',(#3387,#3388,#3389,#3390));
#529=EDGE_LOOP('',(#3391,#3392,#3393,#3394));
#530=EDGE_LOOP('',(#3395,#3396,#3397,#3398));
#531=EDGE_LOOP('',(#3399,#3400,#3401,#3402));
#532=EDGE_LOOP('',(#3403,#3404,#3405,#3406));
#533=EDGE_LOOP('',(#3407,#3408,#3409,#3410));
#534=EDGE_LOOP('',(#3411,#3412,#3413,#3414));
#535=EDGE_LOOP('',(#3415,#3416,#3417,#3418));
#536=EDGE_LOOP('',(#3419,#3420,#3421,#3422));
#537=EDGE_LOOP('',(#3423,#3424,#3425,#3426));
#538=EDGE_LOOP('',(#3427,#3428,#3429,#3430));
#539=EDGE_LOOP('',(#3431,#3432,#3433,#3434));
#540=EDGE_LOOP('',(#3435,#3436,#3437,#3438));
#541=EDGE_LOOP('',(#3439,#3440,#3441,#3442));
#542=EDGE_LOOP('',(#3443,#3444,#3445,#3446));
#543=EDGE_LOOP('',(#3447,#3448,#3449,#3450));
#544=EDGE_LOOP('',(#3451,#3452,#3453,#3454));
#545=EDGE_LOOP('',(#3455,#3456,#3457,#3458));
#546=EDGE_LOOP('',(#3459,#3460,#3461,#3462));
#547=EDGE_LOOP('',(#3463,#3464,#3465,#3466));
#548=EDGE_LOOP('',(#3467,#3468,#3469,#3470));
#549=EDGE_LOOP('',(#3471,#3472,#3473,#3474));
#550=EDGE_LOOP('',(#3475,#3476,#3477,#3478));
#551=EDGE_LOOP('',(#3479,#3480,#3481,#3482));
#552=EDGE_LOOP('',(#3483,#3484,#3485,#3486));
#553=EDGE_LOOP('',(#3487,#3488,#3489,#3490));
#554=EDGE_LOOP('',(#3491,#3492,#3493,#3494));
#555=EDGE_LOOP('',(#3495,#3496,#3497,#3498));
#556=EDGE_LOOP('',(#3499,#3500,#3501,#3502));
#557=EDGE_LOOP('',(#3503,#3504,#3505,#3506));
#558=EDGE_LOOP('',(#3507,#3508,#3509,#3510));
#559=EDGE_LOOP('',(#3511,#3512,#3513,#3514));
#560=EDGE_LOOP('',(#3515,#3516,#3517,#3518));
#561=EDGE_LOOP('',(#3519,#3520,#3521,#3522));
#562=EDGE_LOOP('',(#3523,#3524,#3525,#3526));
#563=EDGE_LOOP('',(#3527,#3528,#3529,#3530));
#564=EDGE_LOOP('',(#3531,#3532,#3533,#3534));
#565=EDGE_LOOP('',(#3535,#3536,#3537,#3538));
#566=EDGE_LOOP('',(#3539,#3540,#3541,#3542));
#567=EDGE_LOOP('',(#3543,#3544,#3545,#3546));
#568=EDGE_LOOP('',(#3547,#3548,#3549,#3550));
#569=EDGE_LOOP('',(#3551,#3552,#3553,#3554));
#570=EDGE_LOOP('',(#3555,#3556,#3557,#3558));
#571=EDGE_LOOP('',(#3559,#3560,#3561,#3562));
#572=EDGE_LOOP('',(#3563,#3564,#3565,#3566));
#573=EDGE_LOOP('',(#3567,#3568,#3569,#3570));
#574=EDGE_LOOP('',(#3571,#3572,#3573,#3574));
#575=EDGE_LOOP('',(#3575,#3576,#3577,#3578));
#576=EDGE_LOOP('',(#3579,#3580,#3581,#3582));
#577=EDGE_LOOP('',(#3583,#3584,#3585,#3586));
#578=EDGE_LOOP('',(#3587,#3588,#3589,#3590));
#579=EDGE_LOOP('',(#3591,#3592,#3593,#3594));
#580=EDGE_LOOP('',(#3595,#3596,#3597,#3598));
#581=EDGE_LOOP('',(#3599,#3600,#3601,#3602));
#582=EDGE_LOOP('',(#3603,#3604,#3605,#3606));
#583=EDGE_LOOP('',(#3607,#3608,#3609,#3610));
#584=EDGE_LOOP('',(#3611,#3612,#3613,#3614));
#585=EDGE_LOOP('',(#3615,#3616,#3617,#3618));
#586=EDGE_LOOP('',(#3619,#3620,#3621,#3622));
#587=EDGE_LOOP('',(#3623,#3624,#3625,#3626));
#588=EDGE_LOOP('',(#3627,#3628,#3629,#3630));
#589=EDGE_LOOP('',(#3631,#3632,#3633,#3634));
#590=EDGE_LOOP('',(#3635,#3636,#3637,#3638));
#591=EDGE_LOOP('',(#3639,#3640,#3641,#3642));
#592=EDGE_LOOP('',(#3643,#3644,#3645,#3646));
#593=EDGE_LOOP('',(#3647,#3648,#3649,#3650));
#594=EDGE_LOOP('',(#3651,#3652,#3653,#3654));
#595=EDGE_LOOP('',(#3655,#3656,#3657,#3658));
#596=EDGE_LOOP('',(#3659,#3660,#3661,#3662));
#597=EDGE_LOOP('',(#3663,#3664,#3665,#3666));
#598=EDGE_LOOP('',(#3667,#3668,#3669,#3670));
#599=EDGE_LOOP('',(#3671,#3672,#3673,#3674));
#600=EDGE_LOOP('',(#3675,#3676,#3677,#3678));
#601=EDGE_LOOP('',(#3679,#3680,#3681,#3682));
#602=EDGE_LOOP('',(#3683,#3684,#3685,#3686));
#603=EDGE_LOOP('',(#3687,#3688,#3689,#3690));
#604=EDGE_LOOP('',(#3691,#3692,#3693,#3694));
#605=EDGE_LOOP('',(#3695,#3696,#3697,#3698));
#606=EDGE_LOOP('',(#3699,#3700,#3701,#3702,#3703,#3704,#3705,#3706,#3707,
#3708,#3709,#3710,#3711,#3712,#3713,#3714));
#607=EDGE_LOOP('',(#3715,#3716,#3717,#3718,#3719,#3720,#3721,#3722));
#608=EDGE_LOOP('',(#3723,#3724,#3725,#3726,#3727,#3728,#3729,#3730));
#609=EDGE_LOOP('',(#3731,#3732,#3733,#3734,#3735,#3736,#3737,#3738));
#610=EDGE_LOOP('',(#3739,#3740,#3741,#3742,#3743,#3744,#3745,#3746));
#611=EDGE_LOOP('',(#3747,#3748,#3749,#3750,#3751,#3752,#3753,#3754));
#612=EDGE_LOOP('',(#3755,#3756,#3757,#3758,#3759,#3760,#3761,#3762));
#613=EDGE_LOOP('',(#3763,#3764,#3765,#3766,#3767,#3768,#3769,#3770));
#614=EDGE_LOOP('',(#3771,#3772,#3773,#3774,#3775,#3776,#3777,#3778));
#615=EDGE_LOOP('',(#3779,#3780,#3781,#3782,#3783,#3784,#3785,#3786));
#616=EDGE_LOOP('',(#3787,#3788,#3789,#3790,#3791,#3792,#3793,#3794));
#617=EDGE_LOOP('',(#3795,#3796,#3797,#3798,#3799,#3800,#3801,#3802));
#618=EDGE_LOOP('',(#3803,#3804,#3805,#3806,#3807,#3808,#3809,#3810));
#619=EDGE_LOOP('',(#3811,#3812,#3813,#3814,#3815,#3816,#3817,#3818));
#620=EDGE_LOOP('',(#3819,#3820,#3821,#3822,#3823,#3824,#3825,#3826));
#621=EDGE_LOOP('',(#3827,#3828,#3829,#3830,#3831,#3832,#3833,#3834));
#622=EDGE_LOOP('',(#3835,#3836,#3837,#3838,#3839,#3840,#3841,#3842));
#623=EDGE_LOOP('',(#3843,#3844,#3845,#3846,#3847,#3848,#3849,#3850));
#624=EDGE_LOOP('',(#3851,#3852,#3853,#3854,#3855,#3856,#3857,#3858));
#625=EDGE_LOOP('',(#3859,#3860,#3861,#3862));
#626=EDGE_LOOP('',(#3863,#3864,#3865,#3866,#3867,#3868,#3869,#3870));
#627=EDGE_LOOP('',(#3871,#3872,#3873,#3874,#3875,#3876,#3877,#3878));
#628=EDGE_LOOP('',(#3879,#3880,#3881,#3882,#3883,#3884,#3885,#3886));
#629=EDGE_LOOP('',(#3887,#3888,#3889,#3890,#3891,#3892,#3893,#3894));
#630=EDGE_LOOP('',(#3895,#3896,#3897,#3898,#3899,#3900,#3901,#3902));
#631=LINE('',#5851,#1047);
#632=LINE('',#5854,#1048);
#633=LINE('',#5857,#1049);
#634=LINE('',#5859,#1050);
#635=LINE('',#5860,#1051);
#636=LINE('',#5863,#1052);
#637=LINE('',#5867,#1053);
#638=LINE('',#5871,#1054);
#639=LINE('',#5873,#1055);
#640=LINE('',#5875,#1056);
#641=LINE('',#5877,#1057);
#642=LINE('',#5879,#1058);
#643=LINE('',#5883,#1059);
#644=LINE('',#5887,#1060);
#645=LINE('',#5893,#1061);
#646=LINE('',#5897,#1062);
#647=LINE('',#5901,#1063);
#648=LINE('',#5904,#1064);
#649=LINE('',#5909,#1065);
#650=LINE('',#5913,#1066);
#651=LINE('',#5917,#1067);
#652=LINE('',#5920,#1068);
#653=LINE('',#5925,#1069);
#654=LINE('',#5929,#1070);
#655=LINE('',#5933,#1071);
#656=LINE('',#5936,#1072);
#657=LINE('',#5941,#1073);
#658=LINE('',#5945,#1074);
#659=LINE('',#5949,#1075);
#660=LINE('',#5952,#1076);
#661=LINE('',#5957,#1077);
#662=LINE('',#5961,#1078);
#663=LINE('',#5965,#1079);
#664=LINE('',#5968,#1080);
#665=LINE('',#5971,#1081);
#666=LINE('',#5973,#1082);
#667=LINE('',#5975,#1083);
#668=LINE('',#5976,#1084);
#669=LINE('',#5981,#1085);
#670=LINE('',#5985,#1086);
#671=LINE('',#5989,#1087);
#672=LINE('',#5992,#1088);
#673=LINE('',#5997,#1089);
#674=LINE('',#6001,#1090);
#675=LINE('',#6005,#1091);
#676=LINE('',#6008,#1092);
#677=LINE('',#6013,#1093);
#678=LINE('',#6017,#1094);
#679=LINE('',#6021,#1095);
#680=LINE('',#6024,#1096);
#681=LINE('',#6029,#1097);
#682=LINE('',#6033,#1098);
#683=LINE('',#6037,#1099);
#684=LINE('',#6040,#1100);
#685=LINE('',#6045,#1101);
#686=LINE('',#6049,#1102);
#687=LINE('',#6053,#1103);
#688=LINE('',#6056,#1104);
#689=LINE('',#6061,#1105);
#690=LINE('',#6065,#1106);
#691=LINE('',#6069,#1107);
#692=LINE('',#6072,#1108);
#693=LINE('',#6077,#1109);
#694=LINE('',#6081,#1110);
#695=LINE('',#6085,#1111);
#696=LINE('',#6088,#1112);
#697=LINE('',#6093,#1113);
#698=LINE('',#6097,#1114);
#699=LINE('',#6101,#1115);
#700=LINE('',#6104,#1116);
#701=LINE('',#6109,#1117);
#702=LINE('',#6113,#1118);
#703=LINE('',#6117,#1119);
#704=LINE('',#6120,#1120);
#705=LINE('',#6125,#1121);
#706=LINE('',#6129,#1122);
#707=LINE('',#6133,#1123);
#708=LINE('',#6136,#1124);
#709=LINE('',#6141,#1125);
#710=LINE('',#6145,#1126);
#711=LINE('',#6149,#1127);
#712=LINE('',#6152,#1128);
#713=LINE('',#6157,#1129);
#714=LINE('',#6161,#1130);
#715=LINE('',#6165,#1131);
#716=LINE('',#6168,#1132);
#717=LINE('',#6173,#1133);
#718=LINE('',#6177,#1134);
#719=LINE('',#6181,#1135);
#720=LINE('',#6184,#1136);
#721=LINE('',#6189,#1137);
#722=LINE('',#6193,#1138);
#723=LINE('',#6197,#1139);
#724=LINE('',#6200,#1140);
#725=LINE('',#6205,#1141);
#726=LINE('',#6209,#1142);
#727=LINE('',#6213,#1143);
#728=LINE('',#6216,#1144);
#729=LINE('',#6221,#1145);
#730=LINE('',#6225,#1146);
#731=LINE('',#6229,#1147);
#732=LINE('',#6232,#1148);
#733=LINE('',#6237,#1149);
#734=LINE('',#6241,#1150);
#735=LINE('',#6245,#1151);
#736=LINE('',#6248,#1152);
#737=LINE('',#6253,#1153);
#738=LINE('',#6257,#1154);
#739=LINE('',#6261,#1155);
#740=LINE('',#6264,#1156);
#741=LINE('',#6267,#1157);
#742=LINE('',#6271,#1158);
#743=LINE('',#6272,#1159);
#744=LINE('',#6276,#1160);
#745=LINE('',#6279,#1161);
#746=LINE('',#6280,#1162);
#747=LINE('',#6284,#1163);
#748=LINE('',#6287,#1164);
#749=LINE('',#6288,#1165);
#750=LINE('',#6293,#1166);
#751=LINE('',#6294,#1167);
#752=LINE('',#6297,#1168);
#753=LINE('',#6298,#1169);
#754=LINE('',#6302,#1170);
#755=LINE('',#6305,#1171);
#756=LINE('',#6307,#1172);
#757=LINE('',#6308,#1173);
#758=LINE('',#6312,#1174);
#759=LINE('',#6315,#1175);
#760=LINE('',#6316,#1176);
#761=LINE('',#6320,#1177);
#762=LINE('',#6323,#1178);
#763=LINE('',#6324,#1179);
#764=LINE('',#6328,#1180);
#765=LINE('',#6331,#1181);
#766=LINE('',#6332,#1182);
#767=LINE('',#6337,#1183);
#768=LINE('',#6339,#1184);
#769=LINE('',#6340,#1185);
#770=LINE('',#6344,#1186);
#771=LINE('',#6347,#1187);
#772=LINE('',#6348,#1188);
#773=LINE('',#6352,#1189);
#774=LINE('',#6355,#1190);
#775=LINE('',#6356,#1191);
#776=LINE('',#6360,#1192);
#777=LINE('',#6363,#1193);
#778=LINE('',#6364,#1194);
#779=LINE('',#6369,#1195);
#780=LINE('',#6371,#1196);
#781=LINE('',#6372,#1197);
#782=LINE('',#6376,#1198);
#783=LINE('',#6379,#1199);
#784=LINE('',#6380,#1200);
#785=LINE('',#6384,#1201);
#786=LINE('',#6387,#1202);
#787=LINE('',#6388,#1203);
#788=LINE('',#6392,#1204);
#789=LINE('',#6395,#1205);
#790=LINE('',#6396,#1206);
#791=LINE('',#6401,#1207);
#792=LINE('',#6403,#1208);
#793=LINE('',#6404,#1209);
#794=LINE('',#6408,#1210);
#795=LINE('',#6411,#1211);
#796=LINE('',#6412,#1212);
#797=LINE('',#6416,#1213);
#798=LINE('',#6419,#1214);
#799=LINE('',#6420,#1215);
#800=LINE('',#6424,#1216);
#801=LINE('',#6427,#1217);
#802=LINE('',#6428,#1218);
#803=LINE('',#6433,#1219);
#804=LINE('',#6435,#1220);
#805=LINE('',#6436,#1221);
#806=LINE('',#6440,#1222);
#807=LINE('',#6443,#1223);
#808=LINE('',#6444,#1224);
#809=LINE('',#6448,#1225);
#810=LINE('',#6451,#1226);
#811=LINE('',#6452,#1227);
#812=LINE('',#6456,#1228);
#813=LINE('',#6459,#1229);
#814=LINE('',#6460,#1230);
#815=LINE('',#6465,#1231);
#816=LINE('',#6467,#1232);
#817=LINE('',#6468,#1233);
#818=LINE('',#6471,#1234);
#819=LINE('',#6472,#1235);
#820=LINE('',#6475,#1236);
#821=LINE('',#6476,#1237);
#822=LINE('',#6478,#1238);
#823=LINE('',#6481,#1239);
#824=LINE('',#6483,#1240);
#825=LINE('',#6484,#1241);
#826=LINE('',#6488,#1242);
#827=LINE('',#6491,#1243);
#828=LINE('',#6492,#1244);
#829=LINE('',#6496,#1245);
#830=LINE('',#6499,#1246);
#831=LINE('',#6500,#1247);
#832=LINE('',#6504,#1248);
#833=LINE('',#6507,#1249);
#834=LINE('',#6508,#1250);
#835=LINE('',#6513,#1251);
#836=LINE('',#6515,#1252);
#837=LINE('',#6516,#1253);
#838=LINE('',#6520,#1254);
#839=LINE('',#6523,#1255);
#840=LINE('',#6524,#1256);
#841=LINE('',#6528,#1257);
#842=LINE('',#6531,#1258);
#843=LINE('',#6532,#1259);
#844=LINE('',#6536,#1260);
#845=LINE('',#6539,#1261);
#846=LINE('',#6540,#1262);
#847=LINE('',#6545,#1263);
#848=LINE('',#6547,#1264);
#849=LINE('',#6548,#1265);
#850=LINE('',#6552,#1266);
#851=LINE('',#6555,#1267);
#852=LINE('',#6556,#1268);
#853=LINE('',#6560,#1269);
#854=LINE('',#6563,#1270);
#855=LINE('',#6564,#1271);
#856=LINE('',#6568,#1272);
#857=LINE('',#6571,#1273);
#858=LINE('',#6572,#1274);
#859=LINE('',#6577,#1275);
#860=LINE('',#6579,#1276);
#861=LINE('',#6580,#1277);
#862=LINE('',#6584,#1278);
#863=LINE('',#6587,#1279);
#864=LINE('',#6588,#1280);
#865=LINE('',#6592,#1281);
#866=LINE('',#6595,#1282);
#867=LINE('',#6596,#1283);
#868=LINE('',#6600,#1284);
#869=LINE('',#6603,#1285);
#870=LINE('',#6604,#1286);
#871=LINE('',#6609,#1287);
#872=LINE('',#6611,#1288);
#873=LINE('',#6612,#1289);
#874=LINE('',#6616,#1290);
#875=LINE('',#6619,#1291);
#876=LINE('',#6620,#1292);
#877=LINE('',#6624,#1293);
#878=LINE('',#6627,#1294);
#879=LINE('',#6628,#1295);
#880=LINE('',#6632,#1296);
#881=LINE('',#6635,#1297);
#882=LINE('',#6636,#1298);
#883=LINE('',#6641,#1299);
#884=LINE('',#6643,#1300);
#885=LINE('',#6644,#1301);
#886=LINE('',#6648,#1302);
#887=LINE('',#6651,#1303);
#888=LINE('',#6652,#1304);
#889=LINE('',#6656,#1305);
#890=LINE('',#6659,#1306);
#891=LINE('',#6660,#1307);
#892=LINE('',#6664,#1308);
#893=LINE('',#6667,#1309);
#894=LINE('',#6668,#1310);
#895=LINE('',#6673,#1311);
#896=LINE('',#6675,#1312);
#897=LINE('',#6676,#1313);
#898=LINE('',#6680,#1314);
#899=LINE('',#6683,#1315);
#900=LINE('',#6684,#1316);
#901=LINE('',#6688,#1317);
#902=LINE('',#6691,#1318);
#903=LINE('',#6692,#1319);
#904=LINE('',#6696,#1320);
#905=LINE('',#6699,#1321);
#906=LINE('',#6700,#1322);
#907=LINE('',#6705,#1323);
#908=LINE('',#6707,#1324);
#909=LINE('',#6708,#1325);
#910=LINE('',#6712,#1326);
#911=LINE('',#6715,#1327);
#912=LINE('',#6716,#1328);
#913=LINE('',#6720,#1329);
#914=LINE('',#6723,#1330);
#915=LINE('',#6724,#1331);
#916=LINE('',#6728,#1332);
#917=LINE('',#6731,#1333);
#918=LINE('',#6732,#1334);
#919=LINE('',#6737,#1335);
#920=LINE('',#6739,#1336);
#921=LINE('',#6740,#1337);
#922=LINE('',#6744,#1338);
#923=LINE('',#6747,#1339);
#924=LINE('',#6748,#1340);
#925=LINE('',#6752,#1341);
#926=LINE('',#6755,#1342);
#927=LINE('',#6756,#1343);
#928=LINE('',#6760,#1344);
#929=LINE('',#6763,#1345);
#930=LINE('',#6764,#1346);
#931=LINE('',#6769,#1347);
#932=LINE('',#6771,#1348);
#933=LINE('',#6772,#1349);
#934=LINE('',#6776,#1350);
#935=LINE('',#6779,#1351);
#936=LINE('',#6780,#1352);
#937=LINE('',#6784,#1353);
#938=LINE('',#6787,#1354);
#939=LINE('',#6788,#1355);
#940=LINE('',#6792,#1356);
#941=LINE('',#6795,#1357);
#942=LINE('',#6796,#1358);
#943=LINE('',#6801,#1359);
#944=LINE('',#6803,#1360);
#945=LINE('',#6804,#1361);
#946=LINE('',#6808,#1362);
#947=LINE('',#6811,#1363);
#948=LINE('',#6812,#1364);
#949=LINE('',#6816,#1365);
#950=LINE('',#6819,#1366);
#951=LINE('',#6820,#1367);
#952=LINE('',#6824,#1368);
#953=LINE('',#6827,#1369);
#954=LINE('',#6828,#1370);
#955=LINE('',#6833,#1371);
#956=LINE('',#6835,#1372);
#957=LINE('',#6836,#1373);
#958=LINE('',#6840,#1374);
#959=LINE('',#6843,#1375);
#960=LINE('',#6844,#1376);
#961=LINE('',#6848,#1377);
#962=LINE('',#6851,#1378);
#963=LINE('',#6852,#1379);
#964=LINE('',#6856,#1380);
#965=LINE('',#6859,#1381);
#966=LINE('',#6860,#1382);
#967=LINE('',#6865,#1383);
#968=LINE('',#6867,#1384);
#969=LINE('',#6868,#1385);
#970=LINE('',#6872,#1386);
#971=LINE('',#6875,#1387);
#972=LINE('',#6876,#1388);
#973=LINE('',#6880,#1389);
#974=LINE('',#6883,#1390);
#975=LINE('',#6884,#1391);
#976=LINE('',#6888,#1392);
#977=LINE('',#6891,#1393);
#978=LINE('',#6892,#1394);
#979=LINE('',#6897,#1395);
#980=LINE('',#6899,#1396);
#981=LINE('',#6900,#1397);
#982=LINE('',#6904,#1398);
#983=LINE('',#6907,#1399);
#984=LINE('',#6908,#1400);
#985=LINE('',#6912,#1401);
#986=LINE('',#6915,#1402);
#987=LINE('',#6916,#1403);
#988=LINE('',#6920,#1404);
#989=LINE('',#6923,#1405);
#990=LINE('',#6924,#1406);
#991=LINE('',#6929,#1407);
#992=LINE('',#6931,#1408);
#993=LINE('',#6932,#1409);
#994=LINE('',#6936,#1410);
#995=LINE('',#6939,#1411);
#996=LINE('',#6940,#1412);
#997=LINE('',#6944,#1413);
#998=LINE('',#6947,#1414);
#999=LINE('',#6948,#1415);
#1000=LINE('',#6952,#1416);
#1001=LINE('',#6955,#1417);
#1002=LINE('',#6956,#1418);
#1003=LINE('',#6961,#1419);
#1004=LINE('',#6963,#1420);
#1005=LINE('',#6964,#1421);
#1006=LINE('',#6968,#1422);
#1007=LINE('',#6971,#1423);
#1008=LINE('',#6972,#1424);
#1009=LINE('',#6976,#1425);
#1010=LINE('',#6979,#1426);
#1011=LINE('',#6980,#1427);
#1012=LINE('',#6984,#1428);
#1013=LINE('',#6987,#1429);
#1014=LINE('',#6988,#1430);
#1015=LINE('',#6993,#1431);
#1016=LINE('',#6995,#1432);
#1017=LINE('',#6996,#1433);
#1018=LINE('',#7000,#1434);
#1019=LINE('',#7003,#1435);
#1020=LINE('',#7004,#1436);
#1021=LINE('',#7008,#1437);
#1022=LINE('',#7011,#1438);
#1023=LINE('',#7012,#1439);
#1024=LINE('',#7016,#1440);
#1025=LINE('',#7019,#1441);
#1026=LINE('',#7020,#1442);
#1027=LINE('',#7025,#1443);
#1028=LINE('',#7027,#1444);
#1029=LINE('',#7028,#1445);
#1030=LINE('',#7032,#1446);
#1031=LINE('',#7035,#1447);
#1032=LINE('',#7036,#1448);
#1033=LINE('',#7040,#1449);
#1034=LINE('',#7043,#1450);
#1035=LINE('',#7044,#1451);
#1036=LINE('',#7048,#1452);
#1037=LINE('',#7051,#1453);
#1038=LINE('',#7052,#1454);
#1039=LINE('',#7057,#1455);
#1040=LINE('',#7059,#1456);
#1041=LINE('',#7060,#1457);
#1042=LINE('',#7062,#1458);
#1043=LINE('',#7064,#1459);
#1044=LINE('',#7067,#1460);
#1045=LINE('',#7068,#1461);
#1046=LINE('',#7070,#1462);
#1047=VECTOR('',#4629,10.);
#1048=VECTOR('',#4632,10.);
#1049=VECTOR('',#4635,10.);
#1050=VECTOR('',#4636,10.);
#1051=VECTOR('',#4637,10.);
#1052=VECTOR('',#4640,10.);
#1053=VECTOR('',#4643,10.);
#1054=VECTOR('',#4646,10.);
#1055=VECTOR('',#4647,10.);
#1056=VECTOR('',#4648,10.);
#1057=VECTOR('',#4649,10.);
#1058=VECTOR('',#4650,10.);
#1059=VECTOR('',#4653,10.);
#1060=VECTOR('',#4656,10.);
#1061=VECTOR('',#4661,10.);
#1062=VECTOR('',#4664,10.);
#1063=VECTOR('',#4667,10.);
#1064=VECTOR('',#4670,10.);
#1065=VECTOR('',#4673,10.);
#1066=VECTOR('',#4676,10.);
#1067=VECTOR('',#4679,10.);
#1068=VECTOR('',#4682,10.);
#1069=VECTOR('',#4685,10.);
#1070=VECTOR('',#4688,10.);
#1071=VECTOR('',#4691,10.);
#1072=VECTOR('',#4694,10.);
#1073=VECTOR('',#4697,10.);
#1074=VECTOR('',#4700,10.);
#1075=VECTOR('',#4703,10.);
#1076=VECTOR('',#4706,10.);
#1077=VECTOR('',#4709,10.);
#1078=VECTOR('',#4712,10.);
#1079=VECTOR('',#4715,10.);
#1080=VECTOR('',#4718,10.);
#1081=VECTOR('',#4719,10.);
#1082=VECTOR('',#4720,10.);
#1083=VECTOR('',#4721,10.);
#1084=VECTOR('',#4722,10.);
#1085=VECTOR('',#4725,10.);
#1086=VECTOR('',#4728,10.);
#1087=VECTOR('',#4731,10.);
#1088=VECTOR('',#4734,10.);
#1089=VECTOR('',#4737,10.);
#1090=VECTOR('',#4740,10.);
#1091=VECTOR('',#4743,10.);
#1092=VECTOR('',#4746,10.);
#1093=VECTOR('',#4749,10.);
#1094=VECTOR('',#4752,10.);
#1095=VECTOR('',#4755,10.);
#1096=VECTOR('',#4758,10.);
#1097=VECTOR('',#4761,10.);
#1098=VECTOR('',#4764,10.);
#1099=VECTOR('',#4767,10.);
#1100=VECTOR('',#4770,10.);
#1101=VECTOR('',#4773,10.);
#1102=VECTOR('',#4776,10.);
#1103=VECTOR('',#4779,10.);
#1104=VECTOR('',#4782,10.);
#1105=VECTOR('',#4785,10.);
#1106=VECTOR('',#4788,10.);
#1107=VECTOR('',#4791,10.);
#1108=VECTOR('',#4794,10.);
#1109=VECTOR('',#4797,10.);
#1110=VECTOR('',#4800,10.);
#1111=VECTOR('',#4803,10.);
#1112=VECTOR('',#4806,10.);
#1113=VECTOR('',#4809,10.);
#1114=VECTOR('',#4812,10.);
#1115=VECTOR('',#4815,10.);
#1116=VECTOR('',#4818,10.);
#1117=VECTOR('',#4821,10.);
#1118=VECTOR('',#4824,10.);
#1119=VECTOR('',#4827,10.);
#1120=VECTOR('',#4830,10.);
#1121=VECTOR('',#4833,10.);
#1122=VECTOR('',#4836,10.);
#1123=VECTOR('',#4839,10.);
#1124=VECTOR('',#4842,10.);
#1125=VECTOR('',#4845,10.);
#1126=VECTOR('',#4848,10.);
#1127=VECTOR('',#4851,10.);
#1128=VECTOR('',#4854,10.);
#1129=VECTOR('',#4857,10.);
#1130=VECTOR('',#4860,10.);
#1131=VECTOR('',#4863,10.);
#1132=VECTOR('',#4866,10.);
#1133=VECTOR('',#4869,10.);
#1134=VECTOR('',#4872,10.);
#1135=VECTOR('',#4875,10.);
#1136=VECTOR('',#4878,10.);
#1137=VECTOR('',#4881,10.);
#1138=VECTOR('',#4884,10.);
#1139=VECTOR('',#4887,10.);
#1140=VECTOR('',#4890,10.);
#1141=VECTOR('',#4893,10.);
#1142=VECTOR('',#4896,10.);
#1143=VECTOR('',#4899,10.);
#1144=VECTOR('',#4902,10.);
#1145=VECTOR('',#4905,10.);
#1146=VECTOR('',#4908,10.);
#1147=VECTOR('',#4911,10.);
#1148=VECTOR('',#4914,10.);
#1149=VECTOR('',#4917,10.);
#1150=VECTOR('',#4920,10.);
#1151=VECTOR('',#4923,10.);
#1152=VECTOR('',#4926,10.);
#1153=VECTOR('',#4929,10.);
#1154=VECTOR('',#4932,10.);
#1155=VECTOR('',#4935,10.);
#1156=VECTOR('',#4938,10.);
#1157=VECTOR('',#4941,10.);
#1158=VECTOR('',#4946,10.);
#1159=VECTOR('',#4947,10.);
#1160=VECTOR('',#4952,10.);
#1161=VECTOR('',#4955,10.);
#1162=VECTOR('',#4956,10.);
#1163=VECTOR('',#4961,10.);
#1164=VECTOR('',#4964,10.);
#1165=VECTOR('',#4965,10.);
#1166=VECTOR('',#4970,10.);
#1167=VECTOR('',#4971,10.);
#1168=VECTOR('',#4974,10.);
#1169=VECTOR('',#4975,10.);
#1170=VECTOR('',#4980,10.);
#1171=VECTOR('',#4983,10.);
#1172=VECTOR('',#4984,10.);
#1173=VECTOR('',#4985,10.);
#1174=VECTOR('',#4990,10.);
#1175=VECTOR('',#4993,10.);
#1176=VECTOR('',#4994,10.);
#1177=VECTOR('',#4999,10.);
#1178=VECTOR('',#5002,10.);
#1179=VECTOR('',#5003,10.);
#1180=VECTOR('',#5008,10.);
#1181=VECTOR('',#5011,10.);
#1182=VECTOR('',#5012,10.);
#1183=VECTOR('',#5019,10.);
#1184=VECTOR('',#5020,10.);
#1185=VECTOR('',#5021,10.);
#1186=VECTOR('',#5026,10.);
#1187=VECTOR('',#5029,10.);
#1188=VECTOR('',#5030,10.);
#1189=VECTOR('',#5035,10.);
#1190=VECTOR('',#5038,10.);
#1191=VECTOR('',#5039,10.);
#1192=VECTOR('',#5044,10.);
#1193=VECTOR('',#5047,10.);
#1194=VECTOR('',#5048,10.);
#1195=VECTOR('',#5055,10.);
#1196=VECTOR('',#5056,10.);
#1197=VECTOR('',#5057,10.);
#1198=VECTOR('',#5062,10.);
#1199=VECTOR('',#5065,10.);
#1200=VECTOR('',#5066,10.);
#1201=VECTOR('',#5071,10.);
#1202=VECTOR('',#5074,10.);
#1203=VECTOR('',#5075,10.);
#1204=VECTOR('',#5080,10.);
#1205=VECTOR('',#5083,10.);
#1206=VECTOR('',#5084,10.);
#1207=VECTOR('',#5091,10.);
#1208=VECTOR('',#5092,10.);
#1209=VECTOR('',#5093,10.);
#1210=VECTOR('',#5098,10.);
#1211=VECTOR('',#5101,10.);
#1212=VECTOR('',#5102,10.);
#1213=VECTOR('',#5107,10.);
#1214=VECTOR('',#5110,10.);
#1215=VECTOR('',#5111,10.);
#1216=VECTOR('',#5116,10.);
#1217=VECTOR('',#5119,10.);
#1218=VECTOR('',#5120,10.);
#1219=VECTOR('',#5127,10.);
#1220=VECTOR('',#5128,10.);
#1221=VECTOR('',#5129,10.);
#1222=VECTOR('',#5134,10.);
#1223=VECTOR('',#5137,10.);
#1224=VECTOR('',#5138,10.);
#1225=VECTOR('',#5143,10.);
#1226=VECTOR('',#5146,10.);
#1227=VECTOR('',#5147,10.);
#1228=VECTOR('',#5152,10.);
#1229=VECTOR('',#5155,10.);
#1230=VECTOR('',#5156,10.);
#1231=VECTOR('',#5163,10.);
#1232=VECTOR('',#5164,10.);
#1233=VECTOR('',#5165,10.);
#1234=VECTOR('',#5168,10.);
#1235=VECTOR('',#5169,10.);
#1236=VECTOR('',#5172,10.);
#1237=VECTOR('',#5173,10.);
#1238=VECTOR('',#5176,10.);
#1239=VECTOR('',#5179,10.);
#1240=VECTOR('',#5180,10.);
#1241=VECTOR('',#5181,10.);
#1242=VECTOR('',#5186,10.);
#1243=VECTOR('',#5189,10.);
#1244=VECTOR('',#5190,10.);
#1245=VECTOR('',#5195,10.);
#1246=VECTOR('',#5198,10.);
#1247=VECTOR('',#5199,10.);
#1248=VECTOR('',#5204,10.);
#1249=VECTOR('',#5207,10.);
#1250=VECTOR('',#5208,10.);
#1251=VECTOR('',#5215,10.);
#1252=VECTOR('',#5216,10.);
#1253=VECTOR('',#5217,10.);
#1254=VECTOR('',#5222,10.);
#1255=VECTOR('',#5225,10.);
#1256=VECTOR('',#5226,10.);
#1257=VECTOR('',#5231,10.);
#1258=VECTOR('',#5234,10.);
#1259=VECTOR('',#5235,10.);
#1260=VECTOR('',#5240,10.);
#1261=VECTOR('',#5243,10.);
#1262=VECTOR('',#5244,10.);
#1263=VECTOR('',#5251,10.);
#1264=VECTOR('',#5252,10.);
#1265=VECTOR('',#5253,10.);
#1266=VECTOR('',#5258,10.);
#1267=VECTOR('',#5261,10.);
#1268=VECTOR('',#5262,10.);
#1269=VECTOR('',#5267,10.);
#1270=VECTOR('',#5270,10.);
#1271=VECTOR('',#5271,10.);
#1272=VECTOR('',#5276,10.);
#1273=VECTOR('',#5279,10.);
#1274=VECTOR('',#5280,10.);
#1275=VECTOR('',#5287,10.);
#1276=VECTOR('',#5288,10.);
#1277=VECTOR('',#5289,10.);
#1278=VECTOR('',#5294,10.);
#1279=VECTOR('',#5297,10.);
#1280=VECTOR('',#5298,10.);
#1281=VECTOR('',#5303,10.);
#1282=VECTOR('',#5306,10.);
#1283=VECTOR('',#5307,10.);
#1284=VECTOR('',#5312,10.);
#1285=VECTOR('',#5315,10.);
#1286=VECTOR('',#5316,10.);
#1287=VECTOR('',#5323,10.);
#1288=VECTOR('',#5324,10.);
#1289=VECTOR('',#5325,10.);
#1290=VECTOR('',#5330,10.);
#1291=VECTOR('',#5333,10.);
#1292=VECTOR('',#5334,10.);
#1293=VECTOR('',#5339,10.);
#1294=VECTOR('',#5342,10.);
#1295=VECTOR('',#5343,10.);
#1296=VECTOR('',#5348,10.);
#1297=VECTOR('',#5351,10.);
#1298=VECTOR('',#5352,10.);
#1299=VECTOR('',#5359,10.);
#1300=VECTOR('',#5360,10.);
#1301=VECTOR('',#5361,10.);
#1302=VECTOR('',#5366,10.);
#1303=VECTOR('',#5369,10.);
#1304=VECTOR('',#5370,10.);
#1305=VECTOR('',#5375,10.);
#1306=VECTOR('',#5378,10.);
#1307=VECTOR('',#5379,10.);
#1308=VECTOR('',#5384,10.);
#1309=VECTOR('',#5387,10.);
#1310=VECTOR('',#5388,10.);
#1311=VECTOR('',#5395,10.);
#1312=VECTOR('',#5396,10.);
#1313=VECTOR('',#5397,10.);
#1314=VECTOR('',#5402,10.);
#1315=VECTOR('',#5405,10.);
#1316=VECTOR('',#5406,10.);
#1317=VECTOR('',#5411,10.);
#1318=VECTOR('',#5414,10.);
#1319=VECTOR('',#5415,10.);
#1320=VECTOR('',#5420,10.);
#1321=VECTOR('',#5423,10.);
#1322=VECTOR('',#5424,10.);
#1323=VECTOR('',#5431,10.);
#1324=VECTOR('',#5432,10.);
#1325=VECTOR('',#5433,10.);
#1326=VECTOR('',#5438,10.);
#1327=VECTOR('',#5441,10.);
#1328=VECTOR('',#5442,10.);
#1329=VECTOR('',#5447,10.);
#1330=VECTOR('',#5450,10.);
#1331=VECTOR('',#5451,10.);
#1332=VECTOR('',#5456,10.);
#1333=VECTOR('',#5459,10.);
#1334=VECTOR('',#5460,10.);
#1335=VECTOR('',#5467,10.);
#1336=VECTOR('',#5468,10.);
#1337=VECTOR('',#5469,10.);
#1338=VECTOR('',#5474,10.);
#1339=VECTOR('',#5477,10.);
#1340=VECTOR('',#5478,10.);
#1341=VECTOR('',#5483,10.);
#1342=VECTOR('',#5486,10.);
#1343=VECTOR('',#5487,10.);
#1344=VECTOR('',#5492,10.);
#1345=VECTOR('',#5495,10.);
#1346=VECTOR('',#5496,10.);
#1347=VECTOR('',#5503,10.);
#1348=VECTOR('',#5504,10.);
#1349=VECTOR('',#5505,10.);
#1350=VECTOR('',#5510,10.);
#1351=VECTOR('',#5513,10.);
#1352=VECTOR('',#5514,10.);
#1353=VECTOR('',#5519,10.);
#1354=VECTOR('',#5522,10.);
#1355=VECTOR('',#5523,10.);
#1356=VECTOR('',#5528,10.);
#1357=VECTOR('',#5531,10.);
#1358=VECTOR('',#5532,10.);
#1359=VECTOR('',#5539,10.);
#1360=VECTOR('',#5540,10.);
#1361=VECTOR('',#5541,10.);
#1362=VECTOR('',#5546,10.);
#1363=VECTOR('',#5549,10.);
#1364=VECTOR('',#5550,10.);
#1365=VECTOR('',#5555,10.);
#1366=VECTOR('',#5558,10.);
#1367=VECTOR('',#5559,10.);
#1368=VECTOR('',#5564,10.);
#1369=VECTOR('',#5567,10.);
#1370=VECTOR('',#5568,10.);
#1371=VECTOR('',#5575,10.);
#1372=VECTOR('',#5576,10.);
#1373=VECTOR('',#5577,10.);
#1374=VECTOR('',#5582,10.);
#1375=VECTOR('',#5585,10.);
#1376=VECTOR('',#5586,10.);
#1377=VECTOR('',#5591,10.);
#1378=VECTOR('',#5594,10.);
#1379=VECTOR('',#5595,10.);
#1380=VECTOR('',#5600,10.);
#1381=VECTOR('',#5603,10.);
#1382=VECTOR('',#5604,10.);
#1383=VECTOR('',#5611,10.);
#1384=VECTOR('',#5612,10.);
#1385=VECTOR('',#5613,10.);
#1386=VECTOR('',#5618,10.);
#1387=VECTOR('',#5621,10.);
#1388=VECTOR('',#5622,10.);
#1389=VECTOR('',#5627,10.);
#1390=VECTOR('',#5630,10.);
#1391=VECTOR('',#5631,10.);
#1392=VECTOR('',#5636,10.);
#1393=VECTOR('',#5639,10.);
#1394=VECTOR('',#5640,10.);
#1395=VECTOR('',#5647,10.);
#1396=VECTOR('',#5648,10.);
#1397=VECTOR('',#5649,10.);
#1398=VECTOR('',#5654,10.);
#1399=VECTOR('',#5657,10.);
#1400=VECTOR('',#5658,10.);
#1401=VECTOR('',#5663,10.);
#1402=VECTOR('',#5666,10.);
#1403=VECTOR('',#5667,10.);
#1404=VECTOR('',#5672,10.);
#1405=VECTOR('',#5675,10.);
#1406=VECTOR('',#5676,10.);
#1407=VECTOR('',#5683,10.);
#1408=VECTOR('',#5684,10.);
#1409=VECTOR('',#5685,10.);
#1410=VECTOR('',#5690,10.);
#1411=VECTOR('',#5693,10.);
#1412=VECTOR('',#5694,10.);
#1413=VECTOR('',#5699,10.);
#1414=VECTOR('',#5702,10.);
#1415=VECTOR('',#5703,10.);
#1416=VECTOR('',#5708,10.);
#1417=VECTOR('',#5711,10.);
#1418=VECTOR('',#5712,10.);
#1419=VECTOR('',#5719,10.);
#1420=VECTOR('',#5720,10.);
#1421=VECTOR('',#5721,10.);
#1422=VECTOR('',#5726,10.);
#1423=VECTOR('',#5729,10.);
#1424=VECTOR('',#5730,10.);
#1425=VECTOR('',#5735,10.);
#1426=VECTOR('',#5738,10.);
#1427=VECTOR('',#5739,10.);
#1428=VECTOR('',#5744,10.);
#1429=VECTOR('',#5747,10.);
#1430=VECTOR('',#5748,10.);
#1431=VECTOR('',#5755,10.);
#1432=VECTOR('',#5756,10.);
#1433=VECTOR('',#5757,10.);
#1434=VECTOR('',#5762,10.);
#1435=VECTOR('',#5765,10.);
#1436=VECTOR('',#5766,10.);
#1437=VECTOR('',#5771,10.);
#1438=VECTOR('',#5774,10.);
#1439=VECTOR('',#5775,10.);
#1440=VECTOR('',#5780,10.);
#1441=VECTOR('',#5783,10.);
#1442=VECTOR('',#5784,10.);
#1443=VECTOR('',#5791,10.);
#1444=VECTOR('',#5792,10.);
#1445=VECTOR('',#5793,10.);
#1446=VECTOR('',#5798,10.);
#1447=VECTOR('',#5801,10.);
#1448=VECTOR('',#5802,10.);
#1449=VECTOR('',#5807,10.);
#1450=VECTOR('',#5810,10.);
#1451=VECTOR('',#5811,10.);
#1452=VECTOR('',#5816,10.);
#1453=VECTOR('',#5819,10.);
#1454=VECTOR('',#5820,10.);
#1455=VECTOR('',#5827,10.);
#1456=VECTOR('',#5828,10.);
#1457=VECTOR('',#5829,10.);
#1458=VECTOR('',#5832,10.);
#1459=VECTOR('',#5835,10.);
#1460=VECTOR('',#5838,10.);
#1461=VECTOR('',#5839,10.);
#1462=VECTOR('',#5842,10.);
#1463=CIRCLE('',#4222,1.);
#1464=CIRCLE('',#4223,1.);
#1465=CIRCLE('',#4226,1.);
#1466=CIRCLE('',#4227,1.);
#1467=CIRCLE('',#4228,1.);
#1468=CIRCLE('',#4229,1.);
#1469=CIRCLE('',#4230,1.);
#1470=CIRCLE('',#4231,0.500000000000003);
#1471=CIRCLE('',#4232,0.500000000000003);
#1472=CIRCLE('',#4233,0.499999999999998);
#1473=CIRCLE('',#4234,0.499999999999998);
#1474=CIRCLE('',#4235,0.499999999999998);
#1475=CIRCLE('',#4236,0.499999999999998);
#1476=CIRCLE('',#4237,0.499999999999998);
#1477=CIRCLE('',#4238,0.499999999999989);
#1478=CIRCLE('',#4239,0.499999999999989);
#1479=CIRCLE('',#4240,0.499999999999998);
#1480=CIRCLE('',#4241,0.500000000000007);
#1481=CIRCLE('',#4242,0.500000000000003);
#1482=CIRCLE('',#4243,0.499999999999998);
#1483=CIRCLE('',#4244,0.499999999999998);
#1484=CIRCLE('',#4245,0.499999999999998);
#1485=CIRCLE('',#4246,0.500000000000007);
#1486=CIRCLE('',#4247,0.500000000000003);
#1487=CIRCLE('',#4248,0.499999999999998);
#1488=CIRCLE('',#4249,0.499999999999998);
#1489=CIRCLE('',#4250,0.499999999999998);
#1490=CIRCLE('',#4251,0.499999999999998);
#1491=CIRCLE('',#4252,0.499999999999998);
#1492=CIRCLE('',#4253,0.499999999999998);
#1493=CIRCLE('',#4254,0.499999999999998);
#1494=CIRCLE('',#4255,0.499999999999998);
#1495=CIRCLE('',#4256,0.499999999999998);
#1496=CIRCLE('',#4257,0.499999999999998);
#1497=CIRCLE('',#4258,0.500000000000003);
#1498=CIRCLE('',#4259,0.500000000000003);
#1499=CIRCLE('',#4260,0.499999999999998);
#1500=CIRCLE('',#4261,0.499999999999998);
#1501=CIRCLE('',#4262,0.500000000000003);
#1502=CIRCLE('',#4263,0.499999999999998);
#1503=CIRCLE('',#4264,0.499999999999998);
#1504=CIRCLE('',#4265,0.499999999999998);
#1505=CIRCLE('',#4266,0.499999999999998);
#1506=CIRCLE('',#4267,0.499999999999998);
#1507=CIRCLE('',#4268,0.500000000000003);
#1508=CIRCLE('',#4269,0.500000000000003);
#1509=CIRCLE('',#4270,0.499999999999998);
#1510=CIRCLE('',#4271,0.499999999999998);
#1511=CIRCLE('',#4272,0.500000000000007);
#1512=CIRCLE('',#4273,0.499999999999998);
#1513=CIRCLE('',#4274,0.500000000000007);
#1514=CIRCLE('',#4275,0.499999999999998);
#1515=CIRCLE('',#4276,0.500000000000007);
#1516=CIRCLE('',#4277,0.499999999999998);
#1517=CIRCLE('',#4278,0.499999999999998);
#1518=CIRCLE('',#4279,0.499999999999998);
#1519=CIRCLE('',#4280,0.499999999999998);
#1520=CIRCLE('',#4281,0.499999999999998);
#1521=CIRCLE('',#4282,0.500000000000003);
#1522=CIRCLE('',#4283,0.499999999999998);
#1523=CIRCLE('',#4284,0.499999999999998);
#1524=CIRCLE('',#4285,0.500000000000003);
#1525=CIRCLE('',#4286,0.499999999999998);
#1526=CIRCLE('',#4287,0.499999999999989);
#1527=CIRCLE('',#4288,0.499999999999998);
#1528=CIRCLE('',#4289,0.500000000000007);
#1529=CIRCLE('',#4290,0.500000000000003);
#1530=CIRCLE('',#4291,0.499999999999998);
#1531=CIRCLE('',#4292,0.499999999999998);
#1532=CIRCLE('',#4293,0.499999999999998);
#1533=CIRCLE('',#4294,0.500000000000003);
#1534=CIRCLE('',#4295,0.500000000000003);
#1535=CIRCLE('',#4296,0.499999999999998);
#1536=CIRCLE('',#4297,0.499999999999998);
#1537=CIRCLE('',#4298,0.499999999999998);
#1538=CIRCLE('',#4299,0.499999999999998);
#1539=CIRCLE('',#4300,0.499999999999998);
#1540=CIRCLE('',#4301,0.499999999999998);
#1541=CIRCLE('',#4302,0.499999999999998);
#1542=CIRCLE('',#4303,0.499999999999998);
#1543=CIRCLE('',#4304,0.500000000000003);
#1544=CIRCLE('',#4305,0.499999999999998);
#1545=CIRCLE('',#4306,0.499999999999998);
#1546=CIRCLE('',#4307,0.499999999999998);
#1547=CIRCLE('',#4308,0.499999999999998);
#1548=CIRCLE('',#4309,0.499999999999989);
#1549=CIRCLE('',#4310,0.499999999999998);
#1550=CIRCLE('',#4311,0.499999999999998);
#1551=CIRCLE('',#4312,0.499999999999998);
#1552=CIRCLE('',#4313,0.499999999999989);
#1553=CIRCLE('',#4314,0.500000000000003);
#1554=CIRCLE('',#4315,0.499999999999998);
#1555=CIRCLE('',#4316,0.499999999999998);
#1556=CIRCLE('',#4317,0.500000000000003);
#1557=CIRCLE('',#4318,0.500000000000003);
#1558=CIRCLE('',#4319,0.499999999999998);
#1559=CIRCLE('',#4320,0.500000000000003);
#1560=CIRCLE('',#4321,0.499999999999998);
#1561=CIRCLE('',#4322,0.499999999999998);
#1562=CIRCLE('',#4324,1.);
#1563=CIRCLE('',#4327,1.);
#1564=CIRCLE('',#4330,1.);
#1565=CIRCLE('',#4333,1.);
#1566=CIRCLE('',#4336,1.);
#1567=CIRCLE('',#4339,0.500000000000003);
#1568=CIRCLE('',#4342,0.499999999999998);
#1569=CIRCLE('',#4345,0.499999999999998);
#1570=CIRCLE('',#4348,0.500000000000003);
#1571=CIRCLE('',#4351,0.499999999999998);
#1572=CIRCLE('',#4354,0.499999999999998);
#1573=CIRCLE('',#4357,0.499999999999989);
#1574=CIRCLE('',#4360,0.499999999999998);
#1575=CIRCLE('',#4363,0.499999999999998);
#1576=CIRCLE('',#4366,0.500000000000007);
#1577=CIRCLE('',#4369,0.500000000000003);
#1578=CIRCLE('',#4372,0.499999999999989);
#1579=CIRCLE('',#4375,0.499999999999998);
#1580=CIRCLE('',#4378,0.499999999999998);
#1581=CIRCLE('',#4381,0.500000000000007);
#1582=CIRCLE('',#4384,0.499999999999998);
#1583=CIRCLE('',#4387,0.499999999999998);
#1584=CIRCLE('',#4390,0.499999999999998);
#1585=CIRCLE('',#4393,0.499999999999998);
#1586=CIRCLE('',#4396,0.500000000000003);
#1587=CIRCLE('',#4403,0.499999999999998);
#1588=CIRCLE('',#4406,0.499999999999998);
#1589=CIRCLE('',#4409,0.499999999999998);
#1590=CIRCLE('',#4412,0.499999999999998);
#1591=CIRCLE('',#4415,0.499999999999998);
#1592=CIRCLE('',#4418,0.499999999999998);
#1593=CIRCLE('',#4421,0.500000000000003);
#1594=CIRCLE('',#4424,0.499999999999998);
#1595=CIRCLE('',#4427,0.499999999999998);
#1596=CIRCLE('',#4430,0.499999999999998);
#1597=CIRCLE('',#4433,0.500000000000003);
#1598=CIRCLE('',#4436,0.500000000000003);
#1599=CIRCLE('',#4439,0.499999999999998);
#1600=CIRCLE('',#4442,0.499999999999998);
#1601=CIRCLE('',#4445,0.499999999999998);
#1602=CIRCLE('',#4448,0.499999999999998);
#1603=CIRCLE('',#4451,0.500000000000003);
#1604=CIRCLE('',#4454,0.500000000000003);
#1605=CIRCLE('',#4457,0.499999999999998);
#1606=CIRCLE('',#4460,0.499999999999998);
#1607=CIRCLE('',#4463,0.500000000000007);
#1608=CIRCLE('',#4466,0.499999999999998);
#1609=CIRCLE('',#4469,0.500000000000007);
#1610=CIRCLE('',#4472,0.499999999999998);
#1611=CIRCLE('',#4475,0.500000000000007);
#1612=CIRCLE('',#4478,0.499999999999998);
#1613=CIRCLE('',#4481,0.499999999999998);
#1614=CIRCLE('',#4484,0.499999999999998);
#1615=CIRCLE('',#4487,0.499999999999998);
#1616=CIRCLE('',#4490,0.499999999999998);
#1617=CIRCLE('',#4493,0.500000000000003);
#1618=CIRCLE('',#4496,0.499999999999998);
#1619=CIRCLE('',#4499,0.499999999999998);
#1620=CIRCLE('',#4502,0.500000000000003);
#1621=CIRCLE('',#4505,0.499999999999998);
#1622=CIRCLE('',#4508,0.499999999999998);
#1623=CIRCLE('',#4511,0.499999999999998);
#1624=CIRCLE('',#4514,0.500000000000007);
#1625=CIRCLE('',#4517,0.500000000000003);
#1626=CIRCLE('',#4520,0.499999999999989);
#1627=CIRCLE('',#4523,0.499999999999998);
#1628=CIRCLE('',#4526,0.499999999999998);
#1629=CIRCLE('',#4529,0.500000000000003);
#1630=CIRCLE('',#4532,0.499999999999998);
#1631=CIRCLE('',#4535,0.499999999999998);
#1632=CIRCLE('',#4538,0.499999999999998);
#1633=CIRCLE('',#4541,0.499999999999998);
#1634=CIRCLE('',#4544,0.500000000000003);
#1635=CIRCLE('',#4547,0.499999999999998);
#1636=CIRCLE('',#4550,0.499999999999998);
#1637=CIRCLE('',#4553,0.499999999999998);
#1638=CIRCLE('',#4556,0.499999999999998);
#1639=CIRCLE('',#4559,0.500000000000003);
#1640=CIRCLE('',#4562,0.499999999999998);
#1641=CIRCLE('',#4565,0.499999999999998);
#1642=CIRCLE('',#4568,0.499999999999998);
#1643=CIRCLE('',#4571,0.499999999999998);
#1644=CIRCLE('',#4574,0.499999999999989);
#1645=CIRCLE('',#4577,0.499999999999998);
#1646=CIRCLE('',#4580,0.499999999999998);
#1647=CIRCLE('',#4583,0.499999999999998);
#1648=CIRCLE('',#4586,0.499999999999989);
#1649=CIRCLE('',#4589,0.500000000000003);
#1650=CIRCLE('',#4592,0.499999999999998);
#1651=CIRCLE('',#4595,0.499999999999998);
#1652=CIRCLE('',#4598,0.500000000000003);
#1653=CIRCLE('',#4601,0.500000000000003);
#1654=CIRCLE('',#4604,0.499999999999998);
#1655=CIRCLE('',#4607,0.500000000000003);
#1656=CIRCLE('',#4610,0.499999999999998);
#1657=CIRCLE('',#4613,0.499999999999998);
#1658=CIRCLE('',#4616,0.499999999999998);
#1659=VERTEX_POINT('',#5847);
#1660=VERTEX_POINT('',#5848);
#1661=VERTEX_POINT('',#5850);
#1662=VERTEX_POINT('',#5852);
#1663=VERTEX_POINT('',#5856);
#1664=VERTEX_POINT('',#5858);
#1665=VERTEX_POINT('',#5862);
#1666=VERTEX_POINT('',#5864);
#1667=VERTEX_POINT('',#5866);
#1668=VERTEX_POINT('',#5868);
#1669=VERTEX_POINT('',#5870);
#1670=VERTEX_POINT('',#5872);
#1671=VERTEX_POINT('',#5874);
#1672=VERTEX_POINT('',#5876);
#1673=VERTEX_POINT('',#5878);
#1674=VERTEX_POINT('',#5880);
#1675=VERTEX_POINT('',#5882);
#1676=VERTEX_POINT('',#5884);
#1677=VERTEX_POINT('',#5886);
#1678=VERTEX_POINT('',#5889);
#1679=VERTEX_POINT('',#5890);
#1680=VERTEX_POINT('',#5892);
#1681=VERTEX_POINT('',#5894);
#1682=VERTEX_POINT('',#5896);
#1683=VERTEX_POINT('',#5898);
#1684=VERTEX_POINT('',#5900);
#1685=VERTEX_POINT('',#5902);
#1686=VERTEX_POINT('',#5905);
#1687=VERTEX_POINT('',#5906);
#1688=VERTEX_POINT('',#5908);
#1689=VERTEX_POINT('',#5910);
#1690=VERTEX_POINT('',#5912);
#1691=VERTEX_POINT('',#5914);
#1692=VERTEX_POINT('',#5916);
#1693=VERTEX_POINT('',#5918);
#1694=VERTEX_POINT('',#5921);
#1695=VERTEX_POINT('',#5922);
#1696=VERTEX_POINT('',#5924);
#1697=VERTEX_POINT('',#5926);
#1698=VERTEX_POINT('',#5928);
#1699=VERTEX_POINT('',#5930);
#1700=VERTEX_POINT('',#5932);
#1701=VERTEX_POINT('',#5934);
#1702=VERTEX_POINT('',#5937);
#1703=VERTEX_POINT('',#5938);
#1704=VERTEX_POINT('',#5940);
#1705=VERTEX_POINT('',#5942);
#1706=VERTEX_POINT('',#5944);
#1707=VERTEX_POINT('',#5946);
#1708=VERTEX_POINT('',#5948);
#1709=VERTEX_POINT('',#5950);
#1710=VERTEX_POINT('',#5953);
#1711=VERTEX_POINT('',#5954);
#1712=VERTEX_POINT('',#5956);
#1713=VERTEX_POINT('',#5958);
#1714=VERTEX_POINT('',#5960);
#1715=VERTEX_POINT('',#5962);
#1716=VERTEX_POINT('',#5964);
#1717=VERTEX_POINT('',#5966);
#1718=VERTEX_POINT('',#5969);
#1719=VERTEX_POINT('',#5970);
#1720=VERTEX_POINT('',#5972);
#1721=VERTEX_POINT('',#5974);
#1722=VERTEX_POINT('',#5977);
#1723=VERTEX_POINT('',#5978);
#1724=VERTEX_POINT('',#5980);
#1725=VERTEX_POINT('',#5982);
#1726=VERTEX_POINT('',#5984);
#1727=VERTEX_POINT('',#5986);
#1728=VERTEX_POINT('',#5988);
#1729=VERTEX_POINT('',#5990);
#1730=VERTEX_POINT('',#5993);
#1731=VERTEX_POINT('',#5994);
#1732=VERTEX_POINT('',#5996);
#1733=VERTEX_POINT('',#5998);
#1734=VERTEX_POINT('',#6000);
#1735=VERTEX_POINT('',#6002);
#1736=VERTEX_POINT('',#6004);
#1737=VERTEX_POINT('',#6006);
#1738=VERTEX_POINT('',#6009);
#1739=VERTEX_POINT('',#6010);
#1740=VERTEX_POINT('',#6012);
#1741=VERTEX_POINT('',#6014);
#1742=VERTEX_POINT('',#6016);
#1743=VERTEX_POINT('',#6018);
#1744=VERTEX_POINT('',#6020);
#1745=VERTEX_POINT('',#6022);
#1746=VERTEX_POINT('',#6025);
#1747=VERTEX_POINT('',#6026);
#1748=VERTEX_POINT('',#6028);
#1749=VERTEX_POINT('',#6030);
#1750=VERTEX_POINT('',#6032);
#1751=VERTEX_POINT('',#6034);
#1752=VERTEX_POINT('',#6036);
#1753=VERTEX_POINT('',#6038);
#1754=VERTEX_POINT('',#6041);
#1755=VERTEX_POINT('',#6042);
#1756=VERTEX_POINT('',#6044);
#1757=VERTEX_POINT('',#6046);
#1758=VERTEX_POINT('',#6048);
#1759=VERTEX_POINT('',#6050);
#1760=VERTEX_POINT('',#6052);
#1761=VERTEX_POINT('',#6054);
#1762=VERTEX_POINT('',#6057);
#1763=VERTEX_POINT('',#6058);
#1764=VERTEX_POINT('',#6060);
#1765=VERTEX_POINT('',#6062);
#1766=VERTEX_POINT('',#6064);
#1767=VERTEX_POINT('',#6066);
#1768=VERTEX_POINT('',#6068);
#1769=VERTEX_POINT('',#6070);
#1770=VERTEX_POINT('',#6073);
#1771=VERTEX_POINT('',#6074);
#1772=VERTEX_POINT('',#6076);
#1773=VERTEX_POINT('',#6078);
#1774=VERTEX_POINT('',#6080);
#1775=VERTEX_POINT('',#6082);
#1776=VERTEX_POINT('',#6084);
#1777=VERTEX_POINT('',#6086);
#1778=VERTEX_POINT('',#6089);
#1779=VERTEX_POINT('',#6090);
#1780=VERTEX_POINT('',#6092);
#1781=VERTEX_POINT('',#6094);
#1782=VERTEX_POINT('',#6096);
#1783=VERTEX_POINT('',#6098);
#1784=VERTEX_POINT('',#6100);
#1785=VERTEX_POINT('',#6102);
#1786=VERTEX_POINT('',#6105);
#1787=VERTEX_POINT('',#6106);
#1788=VERTEX_POINT('',#6108);
#1789=VERTEX_POINT('',#6110);
#1790=VERTEX_POINT('',#6112);
#1791=VERTEX_POINT('',#6114);
#1792=VERTEX_POINT('',#6116);
#1793=VERTEX_POINT('',#6118);
#1794=VERTEX_POINT('',#6121);
#1795=VERTEX_POINT('',#6122);
#1796=VERTEX_POINT('',#6124);
#1797=VERTEX_POINT('',#6126);
#1798=VERTEX_POINT('',#6128);
#1799=VERTEX_POINT('',#6130);
#1800=VERTEX_POINT('',#6132);
#1801=VERTEX_POINT('',#6134);
#1802=VERTEX_POINT('',#6137);
#1803=VERTEX_POINT('',#6138);
#1804=VERTEX_POINT('',#6140);
#1805=VERTEX_POINT('',#6142);
#1806=VERTEX_POINT('',#6144);
#1807=VERTEX_POINT('',#6146);
#1808=VERTEX_POINT('',#6148);
#1809=VERTEX_POINT('',#6150);
#1810=VERTEX_POINT('',#6153);
#1811=VERTEX_POINT('',#6154);
#1812=VERTEX_POINT('',#6156);
#1813=VERTEX_POINT('',#6158);
#1814=VERTEX_POINT('',#6160);
#1815=VERTEX_POINT('',#6162);
#1816=VERTEX_POINT('',#6164);
#1817=VERTEX_POINT('',#6166);
#1818=VERTEX_POINT('',#6169);
#1819=VERTEX_POINT('',#6170);
#1820=VERTEX_POINT('',#6172);
#1821=VERTEX_POINT('',#6174);
#1822=VERTEX_POINT('',#6176);
#1823=VERTEX_POINT('',#6178);
#1824=VERTEX_POINT('',#6180);
#1825=VERTEX_POINT('',#6182);
#1826=VERTEX_POINT('',#6185);
#1827=VERTEX_POINT('',#6186);
#1828=VERTEX_POINT('',#6188);
#1829=VERTEX_POINT('',#6190);
#1830=VERTEX_POINT('',#6192);
#1831=VERTEX_POINT('',#6194);
#1832=VERTEX_POINT('',#6196);
#1833=VERTEX_POINT('',#6198);
#1834=VERTEX_POINT('',#6201);
#1835=VERTEX_POINT('',#6202);
#1836=VERTEX_POINT('',#6204);
#1837=VERTEX_POINT('',#6206);
#1838=VERTEX_POINT('',#6208);
#1839=VERTEX_POINT('',#6210);
#1840=VERTEX_POINT('',#6212);
#1841=VERTEX_POINT('',#6214);
#1842=VERTEX_POINT('',#6217);
#1843=VERTEX_POINT('',#6218);
#1844=VERTEX_POINT('',#6220);
#1845=VERTEX_POINT('',#6222);
#1846=VERTEX_POINT('',#6224);
#1847=VERTEX_POINT('',#6226);
#1848=VERTEX_POINT('',#6228);
#1849=VERTEX_POINT('',#6230);
#1850=VERTEX_POINT('',#6233);
#1851=VERTEX_POINT('',#6234);
#1852=VERTEX_POINT('',#6236);
#1853=VERTEX_POINT('',#6238);
#1854=VERTEX_POINT('',#6240);
#1855=VERTEX_POINT('',#6242);
#1856=VERTEX_POINT('',#6244);
#1857=VERTEX_POINT('',#6246);
#1858=VERTEX_POINT('',#6249);
#1859=VERTEX_POINT('',#6250);
#1860=VERTEX_POINT('',#6252);
#1861=VERTEX_POINT('',#6254);
#1862=VERTEX_POINT('',#6256);
#1863=VERTEX_POINT('',#6258);
#1864=VERTEX_POINT('',#6260);
#1865=VERTEX_POINT('',#6262);
#1866=VERTEX_POINT('',#6266);
#1867=VERTEX_POINT('',#6270);
#1868=VERTEX_POINT('',#6274);
#1869=VERTEX_POINT('',#6278);
#1870=VERTEX_POINT('',#6282);
#1871=VERTEX_POINT('',#6286);
#1872=VERTEX_POINT('',#6290);
#1873=VERTEX_POINT('',#6291);
#1874=VERTEX_POINT('',#6296);
#1875=VERTEX_POINT('',#6300);
#1876=VERTEX_POINT('',#6304);
#1877=VERTEX_POINT('',#6306);
#1878=VERTEX_POINT('',#6310);
#1879=VERTEX_POINT('',#6314);
#1880=VERTEX_POINT('',#6318);
#1881=VERTEX_POINT('',#6322);
#1882=VERTEX_POINT('',#6326);
#1883=VERTEX_POINT('',#6330);
#1884=VERTEX_POINT('',#6336);
#1885=VERTEX_POINT('',#6338);
#1886=VERTEX_POINT('',#6342);
#1887=VERTEX_POINT('',#6346);
#1888=VERTEX_POINT('',#6350);
#1889=VERTEX_POINT('',#6354);
#1890=VERTEX_POINT('',#6358);
#1891=VERTEX_POINT('',#6362);
#1892=VERTEX_POINT('',#6368);
#1893=VERTEX_POINT('',#6370);
#1894=VERTEX_POINT('',#6374);
#1895=VERTEX_POINT('',#6378);
#1896=VERTEX_POINT('',#6382);
#1897=VERTEX_POINT('',#6386);
#1898=VERTEX_POINT('',#6390);
#1899=VERTEX_POINT('',#6394);
#1900=VERTEX_POINT('',#6400);
#1901=VERTEX_POINT('',#6402);
#1902=VERTEX_POINT('',#6406);
#1903=VERTEX_POINT('',#6410);
#1904=VERTEX_POINT('',#6414);
#1905=VERTEX_POINT('',#6418);
#1906=VERTEX_POINT('',#6422);
#1907=VERTEX_POINT('',#6426);
#1908=VERTEX_POINT('',#6432);
#1909=VERTEX_POINT('',#6434);
#1910=VERTEX_POINT('',#6438);
#1911=VERTEX_POINT('',#6442);
#1912=VERTEX_POINT('',#6446);
#1913=VERTEX_POINT('',#6450);
#1914=VERTEX_POINT('',#6454);
#1915=VERTEX_POINT('',#6458);
#1916=VERTEX_POINT('',#6464);
#1917=VERTEX_POINT('',#6466);
#1918=VERTEX_POINT('',#6470);
#1919=VERTEX_POINT('',#6474);
#1920=VERTEX_POINT('',#6480);
#1921=VERTEX_POINT('',#6482);
#1922=VERTEX_POINT('',#6486);
#1923=VERTEX_POINT('',#6490);
#1924=VERTEX_POINT('',#6494);
#1925=VERTEX_POINT('',#6498);
#1926=VERTEX_POINT('',#6502);
#1927=VERTEX_POINT('',#6506);
#1928=VERTEX_POINT('',#6512);
#1929=VERTEX_POINT('',#6514);
#1930=VERTEX_POINT('',#6518);
#1931=VERTEX_POINT('',#6522);
#1932=VERTEX_POINT('',#6526);
#1933=VERTEX_POINT('',#6530);
#1934=VERTEX_POINT('',#6534);
#1935=VERTEX_POINT('',#6538);
#1936=VERTEX_POINT('',#6544);
#1937=VERTEX_POINT('',#6546);
#1938=VERTEX_POINT('',#6550);
#1939=VERTEX_POINT('',#6554);
#1940=VERTEX_POINT('',#6558);
#1941=VERTEX_POINT('',#6562);
#1942=VERTEX_POINT('',#6566);
#1943=VERTEX_POINT('',#6570);
#1944=VERTEX_POINT('',#6576);
#1945=VERTEX_POINT('',#6578);
#1946=VERTEX_POINT('',#6582);
#1947=VERTEX_POINT('',#6586);
#1948=VERTEX_POINT('',#6590);
#1949=VERTEX_POINT('',#6594);
#1950=VERTEX_POINT('',#6598);
#1951=VERTEX_POINT('',#6602);
#1952=VERTEX_POINT('',#6608);
#1953=VERTEX_POINT('',#6610);
#1954=VERTEX_POINT('',#6614);
#1955=VERTEX_POINT('',#6618);
#1956=VERTEX_POINT('',#6622);
#1957=VERTEX_POINT('',#6626);
#1958=VERTEX_POINT('',#6630);
#1959=VERTEX_POINT('',#6634);
#1960=VERTEX_POINT('',#6640);
#1961=VERTEX_POINT('',#6642);
#1962=VERTEX_POINT('',#6646);
#1963=VERTEX_POINT('',#6650);
#1964=VERTEX_POINT('',#6654);
#1965=VERTEX_POINT('',#6658);
#1966=VERTEX_POINT('',#6662);
#1967=VERTEX_POINT('',#6666);
#1968=VERTEX_POINT('',#6672);
#1969=VERTEX_POINT('',#6674);
#1970=VERTEX_POINT('',#6678);
#1971=VERTEX_POINT('',#6682);
#1972=VERTEX_POINT('',#6686);
#1973=VERTEX_POINT('',#6690);
#1974=VERTEX_POINT('',#6694);
#1975=VERTEX_POINT('',#6698);
#1976=VERTEX_POINT('',#6704);
#1977=VERTEX_POINT('',#6706);
#1978=VERTEX_POINT('',#6710);
#1979=VERTEX_POINT('',#6714);
#1980=VERTEX_POINT('',#6718);
#1981=VERTEX_POINT('',#6722);
#1982=VERTEX_POINT('',#6726);
#1983=VERTEX_POINT('',#6730);
#1984=VERTEX_POINT('',#6736);
#1985=VERTEX_POINT('',#6738);
#1986=VERTEX_POINT('',#6742);
#1987=VERTEX_POINT('',#6746);
#1988=VERTEX_POINT('',#6750);
#1989=VERTEX_POINT('',#6754);
#1990=VERTEX_POINT('',#6758);
#1991=VERTEX_POINT('',#6762);
#1992=VERTEX_POINT('',#6768);
#1993=VERTEX_POINT('',#6770);
#1994=VERTEX_POINT('',#6774);
#1995=VERTEX_POINT('',#6778);
#1996=VERTEX_POINT('',#6782);
#1997=VERTEX_POINT('',#6786);
#1998=VERTEX_POINT('',#6790);
#1999=VERTEX_POINT('',#6794);
#2000=VERTEX_POINT('',#6800);
#2001=VERTEX_POINT('',#6802);
#2002=VERTEX_POINT('',#6806);
#2003=VERTEX_POINT('',#6810);
#2004=VERTEX_POINT('',#6814);
#2005=VERTEX_POINT('',#6818);
#2006=VERTEX_POINT('',#6822);
#2007=VERTEX_POINT('',#6826);
#2008=VERTEX_POINT('',#6832);
#2009=VERTEX_POINT('',#6834);
#2010=VERTEX_POINT('',#6838);
#2011=VERTEX_POINT('',#6842);
#2012=VERTEX_POINT('',#6846);
#2013=VERTEX_POINT('',#6850);
#2014=VERTEX_POINT('',#6854);
#2015=VERTEX_POINT('',#6858);
#2016=VERTEX_POINT('',#6864);
#2017=VERTEX_POINT('',#6866);
#2018=VERTEX_POINT('',#6870);
#2019=VERTEX_POINT('',#6874);
#2020=VERTEX_POINT('',#6878);
#2021=VERTEX_POINT('',#6882);
#2022=VERTEX_POINT('',#6886);
#2023=VERTEX_POINT('',#6890);
#2024=VERTEX_POINT('',#6896);
#2025=VERTEX_POINT('',#6898);
#2026=VERTEX_POINT('',#6902);
#2027=VERTEX_POINT('',#6906);
#2028=VERTEX_POINT('',#6910);
#2029=VERTEX_POINT('',#6914);
#2030=VERTEX_POINT('',#6918);
#2031=VERTEX_POINT('',#6922);
#2032=VERTEX_POINT('',#6928);
#2033=VERTEX_POINT('',#6930);
#2034=VERTEX_POINT('',#6934);
#2035=VERTEX_POINT('',#6938);
#2036=VERTEX_POINT('',#6942);
#2037=VERTEX_POINT('',#6946);
#2038=VERTEX_POINT('',#6950);
#2039=VERTEX_POINT('',#6954);
#2040=VERTEX_POINT('',#6960);
#2041=VERTEX_POINT('',#6962);
#2042=VERTEX_POINT('',#6966);
#2043=VERTEX_POINT('',#6970);
#2044=VERTEX_POINT('',#6974);
#2045=VERTEX_POINT('',#6978);
#2046=VERTEX_POINT('',#6982);
#2047=VERTEX_POINT('',#6986);
#2048=VERTEX_POINT('',#6992);
#2049=VERTEX_POINT('',#6994);
#2050=VERTEX_POINT('',#6998);
#2051=VERTEX_POINT('',#7002);
#2052=VERTEX_POINT('',#7006);
#2053=VERTEX_POINT('',#7010);
#2054=VERTEX_POINT('',#7014);
#2055=VERTEX_POINT('',#7018);
#2056=VERTEX_POINT('',#7024);
#2057=VERTEX_POINT('',#7026);
#2058=VERTEX_POINT('',#7030);
#2059=VERTEX_POINT('',#7034);
#2060=VERTEX_POINT('',#7038);
#2061=VERTEX_POINT('',#7042);
#2062=VERTEX_POINT('',#7046);
#2063=VERTEX_POINT('',#7050);
#2064=VERTEX_POINT('',#7056);
#2065=VERTEX_POINT('',#7058);
#2066=VERTEX_POINT('',#7066);
#2067=EDGE_CURVE('',#1659,#1660,#1463,.T.);
#2068=EDGE_CURVE('',#1660,#1661,#631,.T.);
#2069=EDGE_CURVE('',#1661,#1662,#1464,.T.);
#2070=EDGE_CURVE('',#1662,#1659,#632,.T.);
#2071=EDGE_CURVE('',#1662,#1663,#633,.T.);
#2072=EDGE_CURVE('',#1664,#1663,#634,.T.);
#2073=EDGE_CURVE('',#1659,#1664,#635,.T.);
#2074=EDGE_CURVE('',#1665,#1661,#636,.T.);
#2075=EDGE_CURVE('',#1666,#1665,#1465,.T.);
#2076=EDGE_CURVE('',#1667,#1666,#637,.T.);
#2077=EDGE_CURVE('',#1668,#1667,#1466,.T.);
#2078=EDGE_CURVE('',#1669,#1668,#638,.T.);
#2079=EDGE_CURVE('',#1670,#1669,#639,.T.);
#2080=EDGE_CURVE('',#1671,#1670,#640,.T.);
#2081=EDGE_CURVE('',#1672,#1671,#641,.T.);
#2082=EDGE_CURVE('',#1673,#1672,#642,.T.);
#2083=EDGE_CURVE('',#1674,#1673,#1467,.T.);
#2084=EDGE_CURVE('',#1675,#1674,#643,.T.);
#2085=EDGE_CURVE('',#1676,#1675,#1468,.T.);
#2086=EDGE_CURVE('',#1677,#1676,#644,.T.);
#2087=EDGE_CURVE('',#1663,#1677,#1469,.T.);
#2088=EDGE_CURVE('',#1678,#1679,#1470,.T.);
#2089=EDGE_CURVE('',#1680,#1678,#645,.T.);
#2090=EDGE_CURVE('',#1681,#1680,#1471,.T.);
#2091=EDGE_CURVE('',#1682,#1681,#646,.T.);
#2092=EDGE_CURVE('',#1683,#1682,#1472,.T.);
#2093=EDGE_CURVE('',#1684,#1683,#647,.T.);
#2094=EDGE_CURVE('',#1685,#1684,#1473,.T.);
#2095=EDGE_CURVE('',#1679,#1685,#648,.T.);
#2096=EDGE_CURVE('',#1686,#1687,#1474,.T.);
#2097=EDGE_CURVE('',#1688,#1686,#649,.T.);
#2098=EDGE_CURVE('',#1689,#1688,#1475,.T.);
#2099=EDGE_CURVE('',#1690,#1689,#650,.T.);
#2100=EDGE_CURVE('',#1691,#1690,#1476,.T.);
#2101=EDGE_CURVE('',#1692,#1691,#651,.T.);
#2102=EDGE_CURVE('',#1693,#1692,#1477,.T.);
#2103=EDGE_CURVE('',#1687,#1693,#652,.T.);
#2104=EDGE_CURVE('',#1694,#1695,#1478,.T.);
#2105=EDGE_CURVE('',#1696,#1694,#653,.T.);
#2106=EDGE_CURVE('',#1697,#1696,#1479,.T.);
#2107=EDGE_CURVE('',#1698,#1697,#654,.T.);
#2108=EDGE_CURVE('',#1699,#1698,#1480,.T.);
#2109=EDGE_CURVE('',#1700,#1699,#655,.T.);
#2110=EDGE_CURVE('',#1701,#1700,#1481,.T.);
#2111=EDGE_CURVE('',#1695,#1701,#656,.T.);
#2112=EDGE_CURVE('',#1702,#1703,#1482,.T.);
#2113=EDGE_CURVE('',#1704,#1702,#657,.T.);
#2114=EDGE_CURVE('',#1705,#1704,#1483,.T.);
#2115=EDGE_CURVE('',#1706,#1705,#658,.T.);
#2116=EDGE_CURVE('',#1707,#1706,#1484,.T.);
#2117=EDGE_CURVE('',#1708,#1707,#659,.T.);
#2118=EDGE_CURVE('',#1709,#1708,#1485,.T.);
#2119=EDGE_CURVE('',#1703,#1709,#660,.T.);
#2120=EDGE_CURVE('',#1710,#1711,#1486,.T.);
#2121=EDGE_CURVE('',#1712,#1710,#661,.T.);
#2122=EDGE_CURVE('',#1713,#1712,#1487,.T.);
#2123=EDGE_CURVE('',#1714,#1713,#662,.T.);
#2124=EDGE_CURVE('',#1715,#1714,#1488,.T.);
#2125=EDGE_CURVE('',#1716,#1715,#663,.T.);
#2126=EDGE_CURVE('',#1717,#1716,#1489,.T.);
#2127=EDGE_CURVE('',#1711,#1717,#664,.T.);
#2128=EDGE_CURVE('',#1718,#1719,#665,.T.);
#2129=EDGE_CURVE('',#1720,#1718,#666,.T.);
#2130=EDGE_CURVE('',#1721,#1720,#667,.T.);
#2131=EDGE_CURVE('',#1719,#1721,#668,.T.);
#2132=EDGE_CURVE('',#1722,#1723,#1490,.T.);
#2133=EDGE_CURVE('',#1724,#1722,#669,.T.);
#2134=EDGE_CURVE('',#1725,#1724,#1491,.T.);
#2135=EDGE_CURVE('',#1726,#1725,#670,.T.);
#2136=EDGE_CURVE('',#1727,#1726,#1492,.T.);
#2137=EDGE_CURVE('',#1728,#1727,#671,.T.);
#2138=EDGE_CURVE('',#1729,#1728,#1493,.T.);
#2139=EDGE_CURVE('',#1723,#1729,#672,.T.);
#2140=EDGE_CURVE('',#1730,#1731,#1494,.T.);
#2141=EDGE_CURVE('',#1732,#1730,#673,.T.);
#2142=EDGE_CURVE('',#1733,#1732,#1495,.T.);
#2143=EDGE_CURVE('',#1734,#1733,#674,.T.);
#2144=EDGE_CURVE('',#1735,#1734,#1496,.T.);
#2145=EDGE_CURVE('',#1736,#1735,#675,.T.);
#2146=EDGE_CURVE('',#1737,#1736,#1497,.T.);
#2147=EDGE_CURVE('',#1731,#1737,#676,.T.);
#2148=EDGE_CURVE('',#1738,#1739,#1498,.T.);
#2149=EDGE_CURVE('',#1740,#1738,#677,.T.);
#2150=EDGE_CURVE('',#1741,#1740,#1499,.T.);
#2151=EDGE_CURVE('',#1742,#1741,#678,.T.);
#2152=EDGE_CURVE('',#1743,#1742,#1500,.T.);
#2153=EDGE_CURVE('',#1744,#1743,#679,.T.);
#2154=EDGE_CURVE('',#1745,#1744,#1501,.T.);
#2155=EDGE_CURVE('',#1739,#1745,#680,.T.);
#2156=EDGE_CURVE('',#1746,#1747,#1502,.T.);
#2157=EDGE_CURVE('',#1748,#1746,#681,.T.);
#2158=EDGE_CURVE('',#1749,#1748,#1503,.T.);
#2159=EDGE_CURVE('',#1750,#1749,#682,.T.);
#2160=EDGE_CURVE('',#1751,#1750,#1504,.T.);
#2161=EDGE_CURVE('',#1752,#1751,#683,.T.);
#2162=EDGE_CURVE('',#1753,#1752,#1505,.T.);
#2163=EDGE_CURVE('',#1747,#1753,#684,.T.);
#2164=EDGE_CURVE('',#1754,#1755,#1506,.T.);
#2165=EDGE_CURVE('',#1756,#1754,#685,.T.);
#2166=EDGE_CURVE('',#1757,#1756,#1507,.T.);
#2167=EDGE_CURVE('',#1758,#1757,#686,.T.);
#2168=EDGE_CURVE('',#1759,#1758,#1508,.T.);
#2169=EDGE_CURVE('',#1760,#1759,#687,.T.);
#2170=EDGE_CURVE('',#1761,#1760,#1509,.T.);
#2171=EDGE_CURVE('',#1755,#1761,#688,.T.);
#2172=EDGE_CURVE('',#1762,#1763,#1510,.T.);
#2173=EDGE_CURVE('',#1764,#1762,#689,.T.);
#2174=EDGE_CURVE('',#1765,#1764,#1511,.T.);
#2175=EDGE_CURVE('',#1766,#1765,#690,.T.);
#2176=EDGE_CURVE('',#1767,#1766,#1512,.T.);
#2177=EDGE_CURVE('',#1768,#1767,#691,.T.);
#2178=EDGE_CURVE('',#1769,#1768,#1513,.T.);
#2179=EDGE_CURVE('',#1763,#1769,#692,.T.);
#2180=EDGE_CURVE('',#1770,#1771,#1514,.T.);
#2181=EDGE_CURVE('',#1772,#1770,#693,.T.);
#2182=EDGE_CURVE('',#1773,#1772,#1515,.T.);
#2183=EDGE_CURVE('',#1774,#1773,#694,.T.);
#2184=EDGE_CURVE('',#1775,#1774,#1516,.T.);
#2185=EDGE_CURVE('',#1776,#1775,#695,.T.);
#2186=EDGE_CURVE('',#1777,#1776,#1517,.T.);
#2187=EDGE_CURVE('',#1771,#1777,#696,.T.);
#2188=EDGE_CURVE('',#1778,#1779,#1518,.T.);
#2189=EDGE_CURVE('',#1780,#1778,#697,.T.);
#2190=EDGE_CURVE('',#1781,#1780,#1519,.T.);
#2191=EDGE_CURVE('',#1782,#1781,#698,.T.);
#2192=EDGE_CURVE('',#1783,#1782,#1520,.T.);
#2193=EDGE_CURVE('',#1784,#1783,#699,.T.);
#2194=EDGE_CURVE('',#1785,#1784,#1521,.T.);
#2195=EDGE_CURVE('',#1779,#1785,#700,.T.);
#2196=EDGE_CURVE('',#1786,#1787,#1522,.T.);
#2197=EDGE_CURVE('',#1788,#1786,#701,.T.);
#2198=EDGE_CURVE('',#1789,#1788,#1523,.T.);
#2199=EDGE_CURVE('',#1790,#1789,#702,.T.);
#2200=EDGE_CURVE('',#1791,#1790,#1524,.T.);
#2201=EDGE_CURVE('',#1792,#1791,#703,.T.);
#2202=EDGE_CURVE('',#1793,#1792,#1525,.T.);
#2203=EDGE_CURVE('',#1787,#1793,#704,.T.);
#2204=EDGE_CURVE('',#1794,#1795,#1526,.T.);
#2205=EDGE_CURVE('',#1796,#1794,#705,.T.);
#2206=EDGE_CURVE('',#1797,#1796,#1527,.T.);
#2207=EDGE_CURVE('',#1798,#1797,#706,.T.);
#2208=EDGE_CURVE('',#1799,#1798,#1528,.T.);
#2209=EDGE_CURVE('',#1800,#1799,#707,.T.);
#2210=EDGE_CURVE('',#1801,#1800,#1529,.T.);
#2211=EDGE_CURVE('',#1795,#1801,#708,.T.);
#2212=EDGE_CURVE('',#1802,#1803,#1530,.T.);
#2213=EDGE_CURVE('',#1804,#1802,#709,.T.);
#2214=EDGE_CURVE('',#1805,#1804,#1531,.T.);
#2215=EDGE_CURVE('',#1806,#1805,#710,.T.);
#2216=EDGE_CURVE('',#1807,#1806,#1532,.T.);
#2217=EDGE_CURVE('',#1808,#1807,#711,.T.);
#2218=EDGE_CURVE('',#1809,#1808,#1533,.T.);
#2219=EDGE_CURVE('',#1803,#1809,#712,.T.);
#2220=EDGE_CURVE('',#1810,#1811,#1534,.T.);
#2221=EDGE_CURVE('',#1812,#1810,#713,.T.);
#2222=EDGE_CURVE('',#1813,#1812,#1535,.T.);
#2223=EDGE_CURVE('',#1814,#1813,#714,.T.);
#2224=EDGE_CURVE('',#1815,#1814,#1536,.T.);
#2225=EDGE_CURVE('',#1816,#1815,#715,.T.);
#2226=EDGE_CURVE('',#1817,#1816,#1537,.T.);
#2227=EDGE_CURVE('',#1811,#1817,#716,.T.);
#2228=EDGE_CURVE('',#1818,#1819,#1538,.T.);
#2229=EDGE_CURVE('',#1820,#1818,#717,.T.);
#2230=EDGE_CURVE('',#1821,#1820,#1539,.T.);
#2231=EDGE_CURVE('',#1822,#1821,#718,.T.);
#2232=EDGE_CURVE('',#1823,#1822,#1540,.T.);
#2233=EDGE_CURVE('',#1824,#1823,#719,.T.);
#2234=EDGE_CURVE('',#1825,#1824,#1541,.T.);
#2235=EDGE_CURVE('',#1819,#1825,#720,.T.);
#2236=EDGE_CURVE('',#1826,#1827,#1542,.T.);
#2237=EDGE_CURVE('',#1828,#1826,#721,.T.);
#2238=EDGE_CURVE('',#1829,#1828,#1543,.T.);
#2239=EDGE_CURVE('',#1830,#1829,#722,.T.);
#2240=EDGE_CURVE('',#1831,#1830,#1544,.T.);
#2241=EDGE_CURVE('',#1832,#1831,#723,.T.);
#2242=EDGE_CURVE('',#1833,#1832,#1545,.T.);
#2243=EDGE_CURVE('',#1827,#1833,#724,.T.);
#2244=EDGE_CURVE('',#1834,#1835,#1546,.T.);
#2245=EDGE_CURVE('',#1836,#1834,#725,.T.);
#2246=EDGE_CURVE('',#1837,#1836,#1547,.T.);
#2247=EDGE_CURVE('',#1838,#1837,#726,.T.);
#2248=EDGE_CURVE('',#1839,#1838,#1548,.T.);
#2249=EDGE_CURVE('',#1840,#1839,#727,.T.);
#2250=EDGE_CURVE('',#1841,#1840,#1549,.T.);
#2251=EDGE_CURVE('',#1835,#1841,#728,.T.);
#2252=EDGE_CURVE('',#1842,#1843,#1550,.T.);
#2253=EDGE_CURVE('',#1844,#1842,#729,.T.);
#2254=EDGE_CURVE('',#1845,#1844,#1551,.T.);
#2255=EDGE_CURVE('',#1846,#1845,#730,.T.);
#2256=EDGE_CURVE('',#1847,#1846,#1552,.T.);
#2257=EDGE_CURVE('',#1848,#1847,#731,.T.);
#2258=EDGE_CURVE('',#1849,#1848,#1553,.T.);
#2259=EDGE_CURVE('',#1843,#1849,#732,.T.);
#2260=EDGE_CURVE('',#1850,#1851,#1554,.T.);
#2261=EDGE_CURVE('',#1852,#1850,#733,.T.);
#2262=EDGE_CURVE('',#1853,#1852,#1555,.T.);
#2263=EDGE_CURVE('',#1854,#1853,#734,.T.);
#2264=EDGE_CURVE('',#1855,#1854,#1556,.T.);
#2265=EDGE_CURVE('',#1856,#1855,#735,.T.);
#2266=EDGE_CURVE('',#1857,#1856,#1557,.T.);
#2267=EDGE_CURVE('',#1851,#1857,#736,.T.);
#2268=EDGE_CURVE('',#1858,#1859,#1558,.T.);
#2269=EDGE_CURVE('',#1860,#1858,#737,.T.);
#2270=EDGE_CURVE('',#1861,#1860,#1559,.T.);
#2271=EDGE_CURVE('',#1862,#1861,#738,.T.);
#2272=EDGE_CURVE('',#1863,#1862,#1560,.T.);
#2273=EDGE_CURVE('',#1864,#1863,#739,.T.);
#2274=EDGE_CURVE('',#1865,#1864,#1561,.T.);
#2275=EDGE_CURVE('',#1859,#1865,#740,.T.);
#2276=EDGE_CURVE('',#1677,#1866,#741,.T.);
#2277=EDGE_CURVE('',#1866,#1664,#1562,.T.);
#2278=EDGE_CURVE('',#1867,#1676,#742,.T.);
#2279=EDGE_CURVE('',#1866,#1867,#743,.T.);
#2280=EDGE_CURVE('',#1868,#1867,#1563,.T.);
#2281=EDGE_CURVE('',#1675,#1868,#744,.T.);
#2282=EDGE_CURVE('',#1869,#1674,#745,.T.);
#2283=EDGE_CURVE('',#1868,#1869,#746,.T.);
#2284=EDGE_CURVE('',#1870,#1869,#1564,.T.);
#2285=EDGE_CURVE('',#1673,#1870,#747,.T.);
#2286=EDGE_CURVE('',#1672,#1871,#748,.T.);
#2287=EDGE_CURVE('',#1870,#1871,#749,.T.);
#2288=EDGE_CURVE('',#1872,#1873,#1565,.T.);
#2289=EDGE_CURVE('',#1873,#1668,#750,.T.);
#2290=EDGE_CURVE('',#1667,#1872,#751,.T.);
#2291=EDGE_CURVE('',#1874,#1666,#752,.T.);
#2292=EDGE_CURVE('',#1872,#1874,#753,.T.);
#2293=EDGE_CURVE('',#1875,#1874,#1566,.T.);
#2294=EDGE_CURVE('',#1665,#1875,#754,.T.);
#2295=EDGE_CURVE('',#1678,#1876,#755,.T.);
#2296=EDGE_CURVE('',#1877,#1876,#756,.T.);
#2297=EDGE_CURVE('',#1680,#1877,#757,.T.);
#2298=EDGE_CURVE('',#1878,#1877,#1567,.T.);
#2299=EDGE_CURVE('',#1681,#1878,#758,.T.);
#2300=EDGE_CURVE('',#1879,#1878,#759,.T.);
#2301=EDGE_CURVE('',#1682,#1879,#760,.T.);
#2302=EDGE_CURVE('',#1880,#1879,#1568,.T.);
#2303=EDGE_CURVE('',#1683,#1880,#761,.T.);
#2304=EDGE_CURVE('',#1881,#1880,#762,.T.);
#2305=EDGE_CURVE('',#1684,#1881,#763,.T.);
#2306=EDGE_CURVE('',#1882,#1881,#1569,.T.);
#2307=EDGE_CURVE('',#1685,#1882,#764,.T.);
#2308=EDGE_CURVE('',#1883,#1882,#765,.T.);
#2309=EDGE_CURVE('',#1679,#1883,#766,.T.);
#2310=EDGE_CURVE('',#1876,#1883,#1570,.T.);
#2311=EDGE_CURVE('',#1686,#1884,#767,.T.);
#2312=EDGE_CURVE('',#1885,#1884,#768,.T.);
#2313=EDGE_CURVE('',#1688,#1885,#769,.T.);
#2314=EDGE_CURVE('',#1886,#1885,#1571,.T.);
#2315=EDGE_CURVE('',#1689,#1886,#770,.T.);
#2316=EDGE_CURVE('',#1887,#1886,#771,.T.);
#2317=EDGE_CURVE('',#1690,#1887,#772,.T.);
#2318=EDGE_CURVE('',#1888,#1887,#1572,.T.);
#2319=EDGE_CURVE('',#1691,#1888,#773,.T.);
#2320=EDGE_CURVE('',#1889,#1888,#774,.T.);
#2321=EDGE_CURVE('',#1692,#1889,#775,.T.);
#2322=EDGE_CURVE('',#1890,#1889,#1573,.T.);
#2323=EDGE_CURVE('',#1693,#1890,#776,.T.);
#2324=EDGE_CURVE('',#1891,#1890,#777,.T.);
#2325=EDGE_CURVE('',#1687,#1891,#778,.T.);
#2326=EDGE_CURVE('',#1884,#1891,#1574,.T.);
#2327=EDGE_CURVE('',#1694,#1892,#779,.T.);
#2328=EDGE_CURVE('',#1893,#1892,#780,.T.);
#2329=EDGE_CURVE('',#1696,#1893,#781,.T.);
#2330=EDGE_CURVE('',#1894,#1893,#1575,.T.);
#2331=EDGE_CURVE('',#1697,#1894,#782,.T.);
#2332=EDGE_CURVE('',#1895,#1894,#783,.T.);
#2333=EDGE_CURVE('',#1698,#1895,#784,.T.);
#2334=EDGE_CURVE('',#1896,#1895,#1576,.T.);
#2335=EDGE_CURVE('',#1699,#1896,#785,.T.);
#2336=EDGE_CURVE('',#1897,#1896,#786,.T.);
#2337=EDGE_CURVE('',#1700,#1897,#787,.T.);
#2338=EDGE_CURVE('',#1898,#1897,#1577,.T.);
#2339=EDGE_CURVE('',#1701,#1898,#788,.T.);
#2340=EDGE_CURVE('',#1899,#1898,#789,.T.);
#2341=EDGE_CURVE('',#1695,#1899,#790,.T.);
#2342=EDGE_CURVE('',#1892,#1899,#1578,.T.);
#2343=EDGE_CURVE('',#1702,#1900,#791,.T.);
#2344=EDGE_CURVE('',#1901,#1900,#792,.T.);
#2345=EDGE_CURVE('',#1704,#1901,#793,.T.);
#2346=EDGE_CURVE('',#1902,#1901,#1579,.T.);
#2347=EDGE_CURVE('',#1705,#1902,#794,.T.);
#2348=EDGE_CURVE('',#1903,#1902,#795,.T.);
#2349=EDGE_CURVE('',#1706,#1903,#796,.T.);
#2350=EDGE_CURVE('',#1904,#1903,#1580,.T.);
#2351=EDGE_CURVE('',#1707,#1904,#797,.T.);
#2352=EDGE_CURVE('',#1905,#1904,#798,.T.);
#2353=EDGE_CURVE('',#1708,#1905,#799,.T.);
#2354=EDGE_CURVE('',#1906,#1905,#1581,.T.);
#2355=EDGE_CURVE('',#1709,#1906,#800,.T.);
#2356=EDGE_CURVE('',#1907,#1906,#801,.T.);
#2357=EDGE_CURVE('',#1703,#1907,#802,.T.);
#2358=EDGE_CURVE('',#1900,#1907,#1582,.T.);
#2359=EDGE_CURVE('',#1710,#1908,#803,.T.);
#2360=EDGE_CURVE('',#1909,#1908,#804,.T.);
#2361=EDGE_CURVE('',#1712,#1909,#805,.T.);
#2362=EDGE_CURVE('',#1910,#1909,#1583,.T.);
#2363=EDGE_CURVE('',#1713,#1910,#806,.T.);
#2364=EDGE_CURVE('',#1911,#1910,#807,.T.);
#2365=EDGE_CURVE('',#1714,#1911,#808,.T.);
#2366=EDGE_CURVE('',#1912,#1911,#1584,.T.);
#2367=EDGE_CURVE('',#1715,#1912,#809,.T.);
#2368=EDGE_CURVE('',#1913,#1912,#810,.T.);
#2369=EDGE_CURVE('',#1716,#1913,#811,.T.);
#2370=EDGE_CURVE('',#1914,#1913,#1585,.T.);
#2371=EDGE_CURVE('',#1717,#1914,#812,.T.);
#2372=EDGE_CURVE('',#1915,#1914,#813,.T.);
#2373=EDGE_CURVE('',#1711,#1915,#814,.T.);
#2374=EDGE_CURVE('',#1908,#1915,#1586,.T.);
#2375=EDGE_CURVE('',#1718,#1916,#815,.T.);
#2376=EDGE_CURVE('',#1917,#1916,#816,.T.);
#2377=EDGE_CURVE('',#1720,#1917,#817,.T.);
#2378=EDGE_CURVE('',#1918,#1917,#818,.T.);
#2379=EDGE_CURVE('',#1721,#1918,#819,.T.);
#2380=EDGE_CURVE('',#1919,#1918,#820,.T.);
#2381=EDGE_CURVE('',#1719,#1919,#821,.T.);
#2382=EDGE_CURVE('',#1916,#1919,#822,.T.);
#2383=EDGE_CURVE('',#1722,#1920,#823,.T.);
#2384=EDGE_CURVE('',#1921,#1920,#824,.T.);
#2385=EDGE_CURVE('',#1724,#1921,#825,.T.);
#2386=EDGE_CURVE('',#1922,#1921,#1587,.T.);
#2387=EDGE_CURVE('',#1725,#1922,#826,.T.);
#2388=EDGE_CURVE('',#1923,#1922,#827,.T.);
#2389=EDGE_CURVE('',#1726,#1923,#828,.T.);
#2390=EDGE_CURVE('',#1924,#1923,#1588,.T.);
#2391=EDGE_CURVE('',#1727,#1924,#829,.T.);
#2392=EDGE_CURVE('',#1925,#1924,#830,.T.);
#2393=EDGE_CURVE('',#1728,#1925,#831,.T.);
#2394=EDGE_CURVE('',#1926,#1925,#1589,.T.);
#2395=EDGE_CURVE('',#1729,#1926,#832,.T.);
#2396=EDGE_CURVE('',#1927,#1926,#833,.T.);
#2397=EDGE_CURVE('',#1723,#1927,#834,.T.);
#2398=EDGE_CURVE('',#1920,#1927,#1590,.T.);
#2399=EDGE_CURVE('',#1730,#1928,#835,.T.);
#2400=EDGE_CURVE('',#1929,#1928,#836,.T.);
#2401=EDGE_CURVE('',#1732,#1929,#837,.T.);
#2402=EDGE_CURVE('',#1930,#1929,#1591,.T.);
#2403=EDGE_CURVE('',#1733,#1930,#838,.T.);
#2404=EDGE_CURVE('',#1931,#1930,#839,.T.);
#2405=EDGE_CURVE('',#1734,#1931,#840,.T.);
#2406=EDGE_CURVE('',#1932,#1931,#1592,.T.);
#2407=EDGE_CURVE('',#1735,#1932,#841,.T.);
#2408=EDGE_CURVE('',#1933,#1932,#842,.T.);
#2409=EDGE_CURVE('',#1736,#1933,#843,.T.);
#2410=EDGE_CURVE('',#1934,#1933,#1593,.T.);
#2411=EDGE_CURVE('',#1737,#1934,#844,.T.);
#2412=EDGE_CURVE('',#1935,#1934,#845,.T.);
#2413=EDGE_CURVE('',#1731,#1935,#846,.T.);
#2414=EDGE_CURVE('',#1928,#1935,#1594,.T.);
#2415=EDGE_CURVE('',#1738,#1936,#847,.T.);
#2416=EDGE_CURVE('',#1937,#1936,#848,.T.);
#2417=EDGE_CURVE('',#1740,#1937,#849,.T.);
#2418=EDGE_CURVE('',#1938,#1937,#1595,.T.);
#2419=EDGE_CURVE('',#1741,#1938,#850,.T.);
#2420=EDGE_CURVE('',#1939,#1938,#851,.T.);
#2421=EDGE_CURVE('',#1742,#1939,#852,.T.);
#2422=EDGE_CURVE('',#1940,#1939,#1596,.T.);
#2423=EDGE_CURVE('',#1743,#1940,#853,.T.);
#2424=EDGE_CURVE('',#1941,#1940,#854,.T.);
#2425=EDGE_CURVE('',#1744,#1941,#855,.T.);
#2426=EDGE_CURVE('',#1942,#1941,#1597,.T.);
#2427=EDGE_CURVE('',#1745,#1942,#856,.T.);
#2428=EDGE_CURVE('',#1943,#1942,#857,.T.);
#2429=EDGE_CURVE('',#1739,#1943,#858,.T.);
#2430=EDGE_CURVE('',#1936,#1943,#1598,.T.);
#2431=EDGE_CURVE('',#1746,#1944,#859,.T.);
#2432=EDGE_CURVE('',#1945,#1944,#860,.T.);
#2433=EDGE_CURVE('',#1748,#1945,#861,.T.);
#2434=EDGE_CURVE('',#1946,#1945,#1599,.T.);
#2435=EDGE_CURVE('',#1749,#1946,#862,.T.);
#2436=EDGE_CURVE('',#1947,#1946,#863,.T.);
#2437=EDGE_CURVE('',#1750,#1947,#864,.T.);
#2438=EDGE_CURVE('',#1948,#1947,#1600,.T.);
#2439=EDGE_CURVE('',#1751,#1948,#865,.T.);
#2440=EDGE_CURVE('',#1949,#1948,#866,.T.);
#2441=EDGE_CURVE('',#1752,#1949,#867,.T.);
#2442=EDGE_CURVE('',#1950,#1949,#1601,.T.);
#2443=EDGE_CURVE('',#1753,#1950,#868,.T.);
#2444=EDGE_CURVE('',#1951,#1950,#869,.T.);
#2445=EDGE_CURVE('',#1747,#1951,#870,.T.);
#2446=EDGE_CURVE('',#1944,#1951,#1602,.T.);
#2447=EDGE_CURVE('',#1754,#1952,#871,.T.);
#2448=EDGE_CURVE('',#1953,#1952,#872,.T.);
#2449=EDGE_CURVE('',#1756,#1953,#873,.T.);
#2450=EDGE_CURVE('',#1954,#1953,#1603,.T.);
#2451=EDGE_CURVE('',#1757,#1954,#874,.T.);
#2452=EDGE_CURVE('',#1955,#1954,#875,.T.);
#2453=EDGE_CURVE('',#1758,#1955,#876,.T.);
#2454=EDGE_CURVE('',#1956,#1955,#1604,.T.);
#2455=EDGE_CURVE('',#1759,#1956,#877,.T.);
#2456=EDGE_CURVE('',#1957,#1956,#878,.T.);
#2457=EDGE_CURVE('',#1760,#1957,#879,.T.);
#2458=EDGE_CURVE('',#1958,#1957,#1605,.T.);
#2459=EDGE_CURVE('',#1761,#1958,#880,.T.);
#2460=EDGE_CURVE('',#1959,#1958,#881,.T.);
#2461=EDGE_CURVE('',#1755,#1959,#882,.T.);
#2462=EDGE_CURVE('',#1952,#1959,#1606,.T.);
#2463=EDGE_CURVE('',#1762,#1960,#883,.T.);
#2464=EDGE_CURVE('',#1961,#1960,#884,.T.);
#2465=EDGE_CURVE('',#1764,#1961,#885,.T.);
#2466=EDGE_CURVE('',#1962,#1961,#1607,.T.);
#2467=EDGE_CURVE('',#1765,#1962,#886,.T.);
#2468=EDGE_CURVE('',#1963,#1962,#887,.T.);
#2469=EDGE_CURVE('',#1766,#1963,#888,.T.);
#2470=EDGE_CURVE('',#1964,#1963,#1608,.T.);
#2471=EDGE_CURVE('',#1767,#1964,#889,.T.);
#2472=EDGE_CURVE('',#1965,#1964,#890,.T.);
#2473=EDGE_CURVE('',#1768,#1965,#891,.T.);
#2474=EDGE_CURVE('',#1966,#1965,#1609,.T.);
#2475=EDGE_CURVE('',#1769,#1966,#892,.T.);
#2476=EDGE_CURVE('',#1967,#1966,#893,.T.);
#2477=EDGE_CURVE('',#1763,#1967,#894,.T.);
#2478=EDGE_CURVE('',#1960,#1967,#1610,.T.);
#2479=EDGE_CURVE('',#1770,#1968,#895,.T.);
#2480=EDGE_CURVE('',#1969,#1968,#896,.T.);
#2481=EDGE_CURVE('',#1772,#1969,#897,.T.);
#2482=EDGE_CURVE('',#1970,#1969,#1611,.T.);
#2483=EDGE_CURVE('',#1773,#1970,#898,.T.);
#2484=EDGE_CURVE('',#1971,#1970,#899,.T.);
#2485=EDGE_CURVE('',#1774,#1971,#900,.T.);
#2486=EDGE_CURVE('',#1972,#1971,#1612,.T.);
#2487=EDGE_CURVE('',#1775,#1972,#901,.T.);
#2488=EDGE_CURVE('',#1973,#1972,#902,.T.);
#2489=EDGE_CURVE('',#1776,#1973,#903,.T.);
#2490=EDGE_CURVE('',#1974,#1973,#1613,.T.);
#2491=EDGE_CURVE('',#1777,#1974,#904,.T.);
#2492=EDGE_CURVE('',#1975,#1974,#905,.T.);
#2493=EDGE_CURVE('',#1771,#1975,#906,.T.);
#2494=EDGE_CURVE('',#1968,#1975,#1614,.T.);
#2495=EDGE_CURVE('',#1778,#1976,#907,.T.);
#2496=EDGE_CURVE('',#1977,#1976,#908,.T.);
#2497=EDGE_CURVE('',#1780,#1977,#909,.T.);
#2498=EDGE_CURVE('',#1978,#1977,#1615,.T.);
#2499=EDGE_CURVE('',#1781,#1978,#910,.T.);
#2500=EDGE_CURVE('',#1979,#1978,#911,.T.);
#2501=EDGE_CURVE('',#1782,#1979,#912,.T.);
#2502=EDGE_CURVE('',#1980,#1979,#1616,.T.);
#2503=EDGE_CURVE('',#1783,#1980,#913,.T.);
#2504=EDGE_CURVE('',#1981,#1980,#914,.T.);
#2505=EDGE_CURVE('',#1784,#1981,#915,.T.);
#2506=EDGE_CURVE('',#1982,#1981,#1617,.T.);
#2507=EDGE_CURVE('',#1785,#1982,#916,.T.);
#2508=EDGE_CURVE('',#1983,#1982,#917,.T.);
#2509=EDGE_CURVE('',#1779,#1983,#918,.T.);
#2510=EDGE_CURVE('',#1976,#1983,#1618,.T.);
#2511=EDGE_CURVE('',#1786,#1984,#919,.T.);
#2512=EDGE_CURVE('',#1985,#1984,#920,.T.);
#2513=EDGE_CURVE('',#1788,#1985,#921,.T.);
#2514=EDGE_CURVE('',#1986,#1985,#1619,.T.);
#2515=EDGE_CURVE('',#1789,#1986,#922,.T.);
#2516=EDGE_CURVE('',#1987,#1986,#923,.T.);
#2517=EDGE_CURVE('',#1790,#1987,#924,.T.);
#2518=EDGE_CURVE('',#1988,#1987,#1620,.T.);
#2519=EDGE_CURVE('',#1791,#1988,#925,.T.);
#2520=EDGE_CURVE('',#1989,#1988,#926,.T.);
#2521=EDGE_CURVE('',#1792,#1989,#927,.T.);
#2522=EDGE_CURVE('',#1990,#1989,#1621,.T.);
#2523=EDGE_CURVE('',#1793,#1990,#928,.T.);
#2524=EDGE_CURVE('',#1991,#1990,#929,.T.);
#2525=EDGE_CURVE('',#1787,#1991,#930,.T.);
#2526=EDGE_CURVE('',#1984,#1991,#1622,.T.);
#2527=EDGE_CURVE('',#1794,#1992,#931,.T.);
#2528=EDGE_CURVE('',#1993,#1992,#932,.T.);
#2529=EDGE_CURVE('',#1796,#1993,#933,.T.);
#2530=EDGE_CURVE('',#1994,#1993,#1623,.T.);
#2531=EDGE_CURVE('',#1797,#1994,#934,.T.);
#2532=EDGE_CURVE('',#1995,#1994,#935,.T.);
#2533=EDGE_CURVE('',#1798,#1995,#936,.T.);
#2534=EDGE_CURVE('',#1996,#1995,#1624,.T.);
#2535=EDGE_CURVE('',#1799,#1996,#937,.T.);
#2536=EDGE_CURVE('',#1997,#1996,#938,.T.);
#2537=EDGE_CURVE('',#1800,#1997,#939,.T.);
#2538=EDGE_CURVE('',#1998,#1997,#1625,.T.);
#2539=EDGE_CURVE('',#1801,#1998,#940,.T.);
#2540=EDGE_CURVE('',#1999,#1998,#941,.T.);
#2541=EDGE_CURVE('',#1795,#1999,#942,.T.);
#2542=EDGE_CURVE('',#1992,#1999,#1626,.T.);
#2543=EDGE_CURVE('',#1802,#2000,#943,.T.);
#2544=EDGE_CURVE('',#2001,#2000,#944,.T.);
#2545=EDGE_CURVE('',#1804,#2001,#945,.T.);
#2546=EDGE_CURVE('',#2002,#2001,#1627,.T.);
#2547=EDGE_CURVE('',#1805,#2002,#946,.T.);
#2548=EDGE_CURVE('',#2003,#2002,#947,.T.);
#2549=EDGE_CURVE('',#1806,#2003,#948,.T.);
#2550=EDGE_CURVE('',#2004,#2003,#1628,.T.);
#2551=EDGE_CURVE('',#1807,#2004,#949,.T.);
#2552=EDGE_CURVE('',#2005,#2004,#950,.T.);
#2553=EDGE_CURVE('',#1808,#2005,#951,.T.);
#2554=EDGE_CURVE('',#2006,#2005,#1629,.T.);
#2555=EDGE_CURVE('',#1809,#2006,#952,.T.);
#2556=EDGE_CURVE('',#2007,#2006,#953,.T.);
#2557=EDGE_CURVE('',#1803,#2007,#954,.T.);
#2558=EDGE_CURVE('',#2000,#2007,#1630,.T.);
#2559=EDGE_CURVE('',#1810,#2008,#955,.T.);
#2560=EDGE_CURVE('',#2009,#2008,#956,.T.);
#2561=EDGE_CURVE('',#1812,#2009,#957,.T.);
#2562=EDGE_CURVE('',#2010,#2009,#1631,.T.);
#2563=EDGE_CURVE('',#1813,#2010,#958,.T.);
#2564=EDGE_CURVE('',#2011,#2010,#959,.T.);
#2565=EDGE_CURVE('',#1814,#2011,#960,.T.);
#2566=EDGE_CURVE('',#2012,#2011,#1632,.T.);
#2567=EDGE_CURVE('',#1815,#2012,#961,.T.);
#2568=EDGE_CURVE('',#2013,#2012,#962,.T.);
#2569=EDGE_CURVE('',#1816,#2013,#963,.T.);
#2570=EDGE_CURVE('',#2014,#2013,#1633,.T.);
#2571=EDGE_CURVE('',#1817,#2014,#964,.T.);
#2572=EDGE_CURVE('',#2015,#2014,#965,.T.);
#2573=EDGE_CURVE('',#1811,#2015,#966,.T.);
#2574=EDGE_CURVE('',#2008,#2015,#1634,.T.);
#2575=EDGE_CURVE('',#1818,#2016,#967,.T.);
#2576=EDGE_CURVE('',#2017,#2016,#968,.T.);
#2577=EDGE_CURVE('',#1820,#2017,#969,.T.);
#2578=EDGE_CURVE('',#2018,#2017,#1635,.T.);
#2579=EDGE_CURVE('',#1821,#2018,#970,.T.);
#2580=EDGE_CURVE('',#2019,#2018,#971,.T.);
#2581=EDGE_CURVE('',#1822,#2019,#972,.T.);
#2582=EDGE_CURVE('',#2020,#2019,#1636,.T.);
#2583=EDGE_CURVE('',#1823,#2020,#973,.T.);
#2584=EDGE_CURVE('',#2021,#2020,#974,.T.);
#2585=EDGE_CURVE('',#1824,#2021,#975,.T.);
#2586=EDGE_CURVE('',#2022,#2021,#1637,.T.);
#2587=EDGE_CURVE('',#1825,#2022,#976,.T.);
#2588=EDGE_CURVE('',#2023,#2022,#977,.T.);
#2589=EDGE_CURVE('',#1819,#2023,#978,.T.);
#2590=EDGE_CURVE('',#2016,#2023,#1638,.T.);
#2591=EDGE_CURVE('',#1826,#2024,#979,.T.);
#2592=EDGE_CURVE('',#2025,#2024,#980,.T.);
#2593=EDGE_CURVE('',#1828,#2025,#981,.T.);
#2594=EDGE_CURVE('',#2026,#2025,#1639,.T.);
#2595=EDGE_CURVE('',#1829,#2026,#982,.T.);
#2596=EDGE_CURVE('',#2027,#2026,#983,.T.);
#2597=EDGE_CURVE('',#1830,#2027,#984,.T.);
#2598=EDGE_CURVE('',#2028,#2027,#1640,.T.);
#2599=EDGE_CURVE('',#1831,#2028,#985,.T.);
#2600=EDGE_CURVE('',#2029,#2028,#986,.T.);
#2601=EDGE_CURVE('',#1832,#2029,#987,.T.);
#2602=EDGE_CURVE('',#2030,#2029,#1641,.T.);
#2603=EDGE_CURVE('',#1833,#2030,#988,.T.);
#2604=EDGE_CURVE('',#2031,#2030,#989,.T.);
#2605=EDGE_CURVE('',#1827,#2031,#990,.T.);
#2606=EDGE_CURVE('',#2024,#2031,#1642,.T.);
#2607=EDGE_CURVE('',#1834,#2032,#991,.T.);
#2608=EDGE_CURVE('',#2033,#2032,#992,.T.);
#2609=EDGE_CURVE('',#1836,#2033,#993,.T.);
#2610=EDGE_CURVE('',#2034,#2033,#1643,.T.);
#2611=EDGE_CURVE('',#1837,#2034,#994,.T.);
#2612=EDGE_CURVE('',#2035,#2034,#995,.T.);
#2613=EDGE_CURVE('',#1838,#2035,#996,.T.);
#2614=EDGE_CURVE('',#2036,#2035,#1644,.T.);
#2615=EDGE_CURVE('',#1839,#2036,#997,.T.);
#2616=EDGE_CURVE('',#2037,#2036,#998,.T.);
#2617=EDGE_CURVE('',#1840,#2037,#999,.T.);
#2618=EDGE_CURVE('',#2038,#2037,#1645,.T.);
#2619=EDGE_CURVE('',#1841,#2038,#1000,.T.);
#2620=EDGE_CURVE('',#2039,#2038,#1001,.T.);
#2621=EDGE_CURVE('',#1835,#2039,#1002,.T.);
#2622=EDGE_CURVE('',#2032,#2039,#1646,.T.);
#2623=EDGE_CURVE('',#1842,#2040,#1003,.T.);
#2624=EDGE_CURVE('',#2041,#2040,#1004,.T.);
#2625=EDGE_CURVE('',#1844,#2041,#1005,.T.);
#2626=EDGE_CURVE('',#2042,#2041,#1647,.T.);
#2627=EDGE_CURVE('',#1845,#2042,#1006,.T.);
#2628=EDGE_CURVE('',#2043,#2042,#1007,.T.);
#2629=EDGE_CURVE('',#1846,#2043,#1008,.T.);
#2630=EDGE_CURVE('',#2044,#2043,#1648,.T.);
#2631=EDGE_CURVE('',#1847,#2044,#1009,.T.);
#2632=EDGE_CURVE('',#2045,#2044,#1010,.T.);
#2633=EDGE_CURVE('',#1848,#2045,#1011,.T.);
#2634=EDGE_CURVE('',#2046,#2045,#1649,.T.);
#2635=EDGE_CURVE('',#1849,#2046,#1012,.T.);
#2636=EDGE_CURVE('',#2047,#2046,#1013,.T.);
#2637=EDGE_CURVE('',#1843,#2047,#1014,.T.);
#2638=EDGE_CURVE('',#2040,#2047,#1650,.T.);
#2639=EDGE_CURVE('',#1850,#2048,#1015,.T.);
#2640=EDGE_CURVE('',#2049,#2048,#1016,.T.);
#2641=EDGE_CURVE('',#1852,#2049,#1017,.T.);
#2642=EDGE_CURVE('',#2050,#2049,#1651,.T.);
#2643=EDGE_CURVE('',#1853,#2050,#1018,.T.);
#2644=EDGE_CURVE('',#2051,#2050,#1019,.T.);
#2645=EDGE_CURVE('',#1854,#2051,#1020,.T.);
#2646=EDGE_CURVE('',#2052,#2051,#1652,.T.);
#2647=EDGE_CURVE('',#1855,#2052,#1021,.T.);
#2648=EDGE_CURVE('',#2053,#2052,#1022,.T.);
#2649=EDGE_CURVE('',#1856,#2053,#1023,.T.);
#2650=EDGE_CURVE('',#2054,#2053,#1653,.T.);
#2651=EDGE_CURVE('',#1857,#2054,#1024,.T.);
#2652=EDGE_CURVE('',#2055,#2054,#1025,.T.);
#2653=EDGE_CURVE('',#1851,#2055,#1026,.T.);
#2654=EDGE_CURVE('',#2048,#2055,#1654,.T.);
#2655=EDGE_CURVE('',#1858,#2056,#1027,.T.);
#2656=EDGE_CURVE('',#2057,#2056,#1028,.T.);
#2657=EDGE_CURVE('',#1860,#2057,#1029,.T.);
#2658=EDGE_CURVE('',#2058,#2057,#1655,.T.);
#2659=EDGE_CURVE('',#1861,#2058,#1030,.T.);
#2660=EDGE_CURVE('',#2059,#2058,#1031,.T.);
#2661=EDGE_CURVE('',#1862,#2059,#1032,.T.);
#2662=EDGE_CURVE('',#2060,#2059,#1656,.T.);
#2663=EDGE_CURVE('',#1863,#2060,#1033,.T.);
#2664=EDGE_CURVE('',#2061,#2060,#1034,.T.);
#2665=EDGE_CURVE('',#1864,#2061,#1035,.T.);
#2666=EDGE_CURVE('',#2062,#2061,#1657,.T.);
#2667=EDGE_CURVE('',#1865,#2062,#1036,.T.);
#2668=EDGE_CURVE('',#2063,#2062,#1037,.T.);
#2669=EDGE_CURVE('',#1859,#2063,#1038,.T.);
#2670=EDGE_CURVE('',#2056,#2063,#1658,.T.);
#2671=EDGE_CURVE('',#1670,#2064,#1039,.T.);
#2672=EDGE_CURVE('',#2065,#2064,#1040,.T.);
#2673=EDGE_CURVE('',#1671,#2065,#1041,.T.);
#2674=EDGE_CURVE('',#1871,#2065,#1042,.T.);
#2675=EDGE_CURVE('',#1875,#1660,#1043,.T.);
#2676=EDGE_CURVE('',#2066,#1873,#1044,.T.);
#2677=EDGE_CURVE('',#1669,#2066,#1045,.T.);
#2678=EDGE_CURVE('',#2064,#2066,#1046,.T.);
#2679=ORIENTED_EDGE('',*,*,#2067,.T.);
#2680=ORIENTED_EDGE('',*,*,#2068,.T.);
#2681=ORIENTED_EDGE('',*,*,#2069,.T.);
#2682=ORIENTED_EDGE('',*,*,#2070,.T.);
#2683=ORIENTED_EDGE('',*,*,#2070,.F.);
#2684=ORIENTED_EDGE('',*,*,#2071,.T.);
#2685=ORIENTED_EDGE('',*,*,#2072,.F.);
#2686=ORIENTED_EDGE('',*,*,#2073,.F.);
#2687=ORIENTED_EDGE('',*,*,#2069,.F.);
#2688=ORIENTED_EDGE('',*,*,#2074,.F.);
#2689=ORIENTED_EDGE('',*,*,#2075,.F.);
#2690=ORIENTED_EDGE('',*,*,#2076,.F.);
#2691=ORIENTED_EDGE('',*,*,#2077,.F.);
#2692=ORIENTED_EDGE('',*,*,#2078,.F.);
#2693=ORIENTED_EDGE('',*,*,#2079,.F.);
#2694=ORIENTED_EDGE('',*,*,#2080,.F.);
#2695=ORIENTED_EDGE('',*,*,#2081,.F.);
#2696=ORIENTED_EDGE('',*,*,#2082,.F.);
#2697=ORIENTED_EDGE('',*,*,#2083,.F.);
#2698=ORIENTED_EDGE('',*,*,#2084,.F.);
#2699=ORIENTED_EDGE('',*,*,#2085,.F.);
#2700=ORIENTED_EDGE('',*,*,#2086,.F.);
#2701=ORIENTED_EDGE('',*,*,#2087,.F.);
#2702=ORIENTED_EDGE('',*,*,#2071,.F.);
#2703=ORIENTED_EDGE('',*,*,#2088,.F.);
#2704=ORIENTED_EDGE('',*,*,#2089,.F.);
#2705=ORIENTED_EDGE('',*,*,#2090,.F.);
#2706=ORIENTED_EDGE('',*,*,#2091,.F.);
#2707=ORIENTED_EDGE('',*,*,#2092,.F.);
#2708=ORIENTED_EDGE('',*,*,#2093,.F.);
#2709=ORIENTED_EDGE('',*,*,#2094,.F.);
#2710=ORIENTED_EDGE('',*,*,#2095,.F.);
#2711=ORIENTED_EDGE('',*,*,#2096,.F.);
#2712=ORIENTED_EDGE('',*,*,#2097,.F.);
#2713=ORIENTED_EDGE('',*,*,#2098,.F.);
#2714=ORIENTED_EDGE('',*,*,#2099,.F.);
#2715=ORIENTED_EDGE('',*,*,#2100,.F.);
#2716=ORIENTED_EDGE('',*,*,#2101,.F.);
#2717=ORIENTED_EDGE('',*,*,#2102,.F.);
#2718=ORIENTED_EDGE('',*,*,#2103,.F.);
#2719=ORIENTED_EDGE('',*,*,#2104,.F.);
#2720=ORIENTED_EDGE('',*,*,#2105,.F.);
#2721=ORIENTED_EDGE('',*,*,#2106,.F.);
#2722=ORIENTED_EDGE('',*,*,#2107,.F.);
#2723=ORIENTED_EDGE('',*,*,#2108,.F.);
#2724=ORIENTED_EDGE('',*,*,#2109,.F.);
#2725=ORIENTED_EDGE('',*,*,#2110,.F.);
#2726=ORIENTED_EDGE('',*,*,#2111,.F.);
#2727=ORIENTED_EDGE('',*,*,#2112,.F.);
#2728=ORIENTED_EDGE('',*,*,#2113,.F.);
#2729=ORIENTED_EDGE('',*,*,#2114,.F.);
#2730=ORIENTED_EDGE('',*,*,#2115,.F.);
#2731=ORIENTED_EDGE('',*,*,#2116,.F.);
#2732=ORIENTED_EDGE('',*,*,#2117,.F.);
#2733=ORIENTED_EDGE('',*,*,#2118,.F.);
#2734=ORIENTED_EDGE('',*,*,#2119,.F.);
#2735=ORIENTED_EDGE('',*,*,#2120,.F.);
#2736=ORIENTED_EDGE('',*,*,#2121,.F.);
#2737=ORIENTED_EDGE('',*,*,#2122,.F.);
#2738=ORIENTED_EDGE('',*,*,#2123,.F.);
#2739=ORIENTED_EDGE('',*,*,#2124,.F.);
#2740=ORIENTED_EDGE('',*,*,#2125,.F.);
#2741=ORIENTED_EDGE('',*,*,#2126,.F.);
#2742=ORIENTED_EDGE('',*,*,#2127,.F.);
#2743=ORIENTED_EDGE('',*,*,#2128,.F.);
#2744=ORIENTED_EDGE('',*,*,#2129,.F.);
#2745=ORIENTED_EDGE('',*,*,#2130,.F.);
#2746=ORIENTED_EDGE('',*,*,#2131,.F.);
#2747=ORIENTED_EDGE('',*,*,#2132,.F.);
#2748=ORIENTED_EDGE('',*,*,#2133,.F.);
#2749=ORIENTED_EDGE('',*,*,#2134,.F.);
#2750=ORIENTED_EDGE('',*,*,#2135,.F.);
#2751=ORIENTED_EDGE('',*,*,#2136,.F.);
#2752=ORIENTED_EDGE('',*,*,#2137,.F.);
#2753=ORIENTED_EDGE('',*,*,#2138,.F.);
#2754=ORIENTED_EDGE('',*,*,#2139,.F.);
#2755=ORIENTED_EDGE('',*,*,#2140,.F.);
#2756=ORIENTED_EDGE('',*,*,#2141,.F.);
#2757=ORIENTED_EDGE('',*,*,#2142,.F.);
#2758=ORIENTED_EDGE('',*,*,#2143,.F.);
#2759=ORIENTED_EDGE('',*,*,#2144,.F.);
#2760=ORIENTED_EDGE('',*,*,#2145,.F.);
#2761=ORIENTED_EDGE('',*,*,#2146,.F.);
#2762=ORIENTED_EDGE('',*,*,#2147,.F.);
#2763=ORIENTED_EDGE('',*,*,#2148,.F.);
#2764=ORIENTED_EDGE('',*,*,#2149,.F.);
#2765=ORIENTED_EDGE('',*,*,#2150,.F.);
#2766=ORIENTED_EDGE('',*,*,#2151,.F.);
#2767=ORIENTED_EDGE('',*,*,#2152,.F.);
#2768=ORIENTED_EDGE('',*,*,#2153,.F.);
#2769=ORIENTED_EDGE('',*,*,#2154,.F.);
#2770=ORIENTED_EDGE('',*,*,#2155,.F.);
#2771=ORIENTED_EDGE('',*,*,#2156,.F.);
#2772=ORIENTED_EDGE('',*,*,#2157,.F.);
#2773=ORIENTED_EDGE('',*,*,#2158,.F.);
#2774=ORIENTED_EDGE('',*,*,#2159,.F.);
#2775=ORIENTED_EDGE('',*,*,#2160,.F.);
#2776=ORIENTED_EDGE('',*,*,#2161,.F.);
#2777=ORIENTED_EDGE('',*,*,#2162,.F.);
#2778=ORIENTED_EDGE('',*,*,#2163,.F.);
#2779=ORIENTED_EDGE('',*,*,#2164,.F.);
#2780=ORIENTED_EDGE('',*,*,#2165,.F.);
#2781=ORIENTED_EDGE('',*,*,#2166,.F.);
#2782=ORIENTED_EDGE('',*,*,#2167,.F.);
#2783=ORIENTED_EDGE('',*,*,#2168,.F.);
#2784=ORIENTED_EDGE('',*,*,#2169,.F.);
#2785=ORIENTED_EDGE('',*,*,#2170,.F.);
#2786=ORIENTED_EDGE('',*,*,#2171,.F.);
#2787=ORIENTED_EDGE('',*,*,#2172,.F.);
#2788=ORIENTED_EDGE('',*,*,#2173,.F.);
#2789=ORIENTED_EDGE('',*,*,#2174,.F.);
#2790=ORIENTED_EDGE('',*,*,#2175,.F.);
#2791=ORIENTED_EDGE('',*,*,#2176,.F.);
#2792=ORIENTED_EDGE('',*,*,#2177,.F.);
#2793=ORIENTED_EDGE('',*,*,#2178,.F.);
#2794=ORIENTED_EDGE('',*,*,#2179,.F.);
#2795=ORIENTED_EDGE('',*,*,#2180,.F.);
#2796=ORIENTED_EDGE('',*,*,#2181,.F.);
#2797=ORIENTED_EDGE('',*,*,#2182,.F.);
#2798=ORIENTED_EDGE('',*,*,#2183,.F.);
#2799=ORIENTED_EDGE('',*,*,#2184,.F.);
#2800=ORIENTED_EDGE('',*,*,#2185,.F.);
#2801=ORIENTED_EDGE('',*,*,#2186,.F.);
#2802=ORIENTED_EDGE('',*,*,#2187,.F.);
#2803=ORIENTED_EDGE('',*,*,#2188,.F.);
#2804=ORIENTED_EDGE('',*,*,#2189,.F.);
#2805=ORIENTED_EDGE('',*,*,#2190,.F.);
#2806=ORIENTED_EDGE('',*,*,#2191,.F.);
#2807=ORIENTED_EDGE('',*,*,#2192,.F.);
#2808=ORIENTED_EDGE('',*,*,#2193,.F.);
#2809=ORIENTED_EDGE('',*,*,#2194,.F.);
#2810=ORIENTED_EDGE('',*,*,#2195,.F.);
#2811=ORIENTED_EDGE('',*,*,#2196,.F.);
#2812=ORIENTED_EDGE('',*,*,#2197,.F.);
#2813=ORIENTED_EDGE('',*,*,#2198,.F.);
#2814=ORIENTED_EDGE('',*,*,#2199,.F.);
#2815=ORIENTED_EDGE('',*,*,#2200,.F.);
#2816=ORIENTED_EDGE('',*,*,#2201,.F.);
#2817=ORIENTED_EDGE('',*,*,#2202,.F.);
#2818=ORIENTED_EDGE('',*,*,#2203,.F.);
#2819=ORIENTED_EDGE('',*,*,#2204,.F.);
#2820=ORIENTED_EDGE('',*,*,#2205,.F.);
#2821=ORIENTED_EDGE('',*,*,#2206,.F.);
#2822=ORIENTED_EDGE('',*,*,#2207,.F.);
#2823=ORIENTED_EDGE('',*,*,#2208,.F.);
#2824=ORIENTED_EDGE('',*,*,#2209,.F.);
#2825=ORIENTED_EDGE('',*,*,#2210,.F.);
#2826=ORIENTED_EDGE('',*,*,#2211,.F.);
#2827=ORIENTED_EDGE('',*,*,#2212,.F.);
#2828=ORIENTED_EDGE('',*,*,#2213,.F.);
#2829=ORIENTED_EDGE('',*,*,#2214,.F.);
#2830=ORIENTED_EDGE('',*,*,#2215,.F.);
#2831=ORIENTED_EDGE('',*,*,#2216,.F.);
#2832=ORIENTED_EDGE('',*,*,#2217,.F.);
#2833=ORIENTED_EDGE('',*,*,#2218,.F.);
#2834=ORIENTED_EDGE('',*,*,#2219,.F.);
#2835=ORIENTED_EDGE('',*,*,#2220,.F.);
#2836=ORIENTED_EDGE('',*,*,#2221,.F.);
#2837=ORIENTED_EDGE('',*,*,#2222,.F.);
#2838=ORIENTED_EDGE('',*,*,#2223,.F.);
#2839=ORIENTED_EDGE('',*,*,#2224,.F.);
#2840=ORIENTED_EDGE('',*,*,#2225,.F.);
#2841=ORIENTED_EDGE('',*,*,#2226,.F.);
#2842=ORIENTED_EDGE('',*,*,#2227,.F.);
#2843=ORIENTED_EDGE('',*,*,#2228,.F.);
#2844=ORIENTED_EDGE('',*,*,#2229,.F.);
#2845=ORIENTED_EDGE('',*,*,#2230,.F.);
#2846=ORIENTED_EDGE('',*,*,#2231,.F.);
#2847=ORIENTED_EDGE('',*,*,#2232,.F.);
#2848=ORIENTED_EDGE('',*,*,#2233,.F.);
#2849=ORIENTED_EDGE('',*,*,#2234,.F.);
#2850=ORIENTED_EDGE('',*,*,#2235,.F.);
#2851=ORIENTED_EDGE('',*,*,#2236,.F.);
#2852=ORIENTED_EDGE('',*,*,#2237,.F.);
#2853=ORIENTED_EDGE('',*,*,#2238,.F.);
#2854=ORIENTED_EDGE('',*,*,#2239,.F.);
#2855=ORIENTED_EDGE('',*,*,#2240,.F.);
#2856=ORIENTED_EDGE('',*,*,#2241,.F.);
#2857=ORIENTED_EDGE('',*,*,#2242,.F.);
#2858=ORIENTED_EDGE('',*,*,#2243,.F.);
#2859=ORIENTED_EDGE('',*,*,#2244,.F.);
#2860=ORIENTED_EDGE('',*,*,#2245,.F.);
#2861=ORIENTED_EDGE('',*,*,#2246,.F.);
#2862=ORIENTED_EDGE('',*,*,#2247,.F.);
#2863=ORIENTED_EDGE('',*,*,#2248,.F.);
#2864=ORIENTED_EDGE('',*,*,#2249,.F.);
#2865=ORIENTED_EDGE('',*,*,#2250,.F.);
#2866=ORIENTED_EDGE('',*,*,#2251,.F.);
#2867=ORIENTED_EDGE('',*,*,#2252,.F.);
#2868=ORIENTED_EDGE('',*,*,#2253,.F.);
#2869=ORIENTED_EDGE('',*,*,#2254,.F.);
#2870=ORIENTED_EDGE('',*,*,#2255,.F.);
#2871=ORIENTED_EDGE('',*,*,#2256,.F.);
#2872=ORIENTED_EDGE('',*,*,#2257,.F.);
#2873=ORIENTED_EDGE('',*,*,#2258,.F.);
#2874=ORIENTED_EDGE('',*,*,#2259,.F.);
#2875=ORIENTED_EDGE('',*,*,#2260,.F.);
#2876=ORIENTED_EDGE('',*,*,#2261,.F.);
#2877=ORIENTED_EDGE('',*,*,#2262,.F.);
#2878=ORIENTED_EDGE('',*,*,#2263,.F.);
#2879=ORIENTED_EDGE('',*,*,#2264,.F.);
#2880=ORIENTED_EDGE('',*,*,#2265,.F.);
#2881=ORIENTED_EDGE('',*,*,#2266,.F.);
#2882=ORIENTED_EDGE('',*,*,#2267,.F.);
#2883=ORIENTED_EDGE('',*,*,#2268,.F.);
#2884=ORIENTED_EDGE('',*,*,#2269,.F.);
#2885=ORIENTED_EDGE('',*,*,#2270,.F.);
#2886=ORIENTED_EDGE('',*,*,#2271,.F.);
#2887=ORIENTED_EDGE('',*,*,#2272,.F.);
#2888=ORIENTED_EDGE('',*,*,#2273,.F.);
#2889=ORIENTED_EDGE('',*,*,#2274,.F.);
#2890=ORIENTED_EDGE('',*,*,#2275,.F.);
#2891=ORIENTED_EDGE('',*,*,#2087,.T.);
#2892=ORIENTED_EDGE('',*,*,#2276,.T.);
#2893=ORIENTED_EDGE('',*,*,#2277,.T.);
#2894=ORIENTED_EDGE('',*,*,#2072,.T.);
#2895=ORIENTED_EDGE('',*,*,#2276,.F.);
#2896=ORIENTED_EDGE('',*,*,#2086,.T.);
#2897=ORIENTED_EDGE('',*,*,#2278,.F.);
#2898=ORIENTED_EDGE('',*,*,#2279,.F.);
#2899=ORIENTED_EDGE('',*,*,#2280,.T.);
#2900=ORIENTED_EDGE('',*,*,#2278,.T.);
#2901=ORIENTED_EDGE('',*,*,#2085,.T.);
#2902=ORIENTED_EDGE('',*,*,#2281,.T.);
#2903=ORIENTED_EDGE('',*,*,#2281,.F.);
#2904=ORIENTED_EDGE('',*,*,#2084,.T.);
#2905=ORIENTED_EDGE('',*,*,#2282,.F.);
#2906=ORIENTED_EDGE('',*,*,#2283,.F.);
#2907=ORIENTED_EDGE('',*,*,#2284,.T.);
#2908=ORIENTED_EDGE('',*,*,#2282,.T.);
#2909=ORIENTED_EDGE('',*,*,#2083,.T.);
#2910=ORIENTED_EDGE('',*,*,#2285,.T.);
#2911=ORIENTED_EDGE('',*,*,#2285,.F.);
#2912=ORIENTED_EDGE('',*,*,#2082,.T.);
#2913=ORIENTED_EDGE('',*,*,#2286,.T.);
#2914=ORIENTED_EDGE('',*,*,#2287,.F.);
#2915=ORIENTED_EDGE('',*,*,#2288,.T.);
#2916=ORIENTED_EDGE('',*,*,#2289,.T.);
#2917=ORIENTED_EDGE('',*,*,#2077,.T.);
#2918=ORIENTED_EDGE('',*,*,#2290,.T.);
#2919=ORIENTED_EDGE('',*,*,#2290,.F.);
#2920=ORIENTED_EDGE('',*,*,#2076,.T.);
#2921=ORIENTED_EDGE('',*,*,#2291,.F.);
#2922=ORIENTED_EDGE('',*,*,#2292,.F.);
#2923=ORIENTED_EDGE('',*,*,#2293,.T.);
#2924=ORIENTED_EDGE('',*,*,#2291,.T.);
#2925=ORIENTED_EDGE('',*,*,#2075,.T.);
#2926=ORIENTED_EDGE('',*,*,#2294,.T.);
#2927=ORIENTED_EDGE('',*,*,#2089,.T.);
#2928=ORIENTED_EDGE('',*,*,#2295,.T.);
#2929=ORIENTED_EDGE('',*,*,#2296,.F.);
#2930=ORIENTED_EDGE('',*,*,#2297,.F.);
#2931=ORIENTED_EDGE('',*,*,#2090,.T.);
#2932=ORIENTED_EDGE('',*,*,#2297,.T.);
#2933=ORIENTED_EDGE('',*,*,#2298,.F.);
#2934=ORIENTED_EDGE('',*,*,#2299,.F.);
#2935=ORIENTED_EDGE('',*,*,#2091,.T.);
#2936=ORIENTED_EDGE('',*,*,#2299,.T.);
#2937=ORIENTED_EDGE('',*,*,#2300,.F.);
#2938=ORIENTED_EDGE('',*,*,#2301,.F.);
#2939=ORIENTED_EDGE('',*,*,#2092,.T.);
#2940=ORIENTED_EDGE('',*,*,#2301,.T.);
#2941=ORIENTED_EDGE('',*,*,#2302,.F.);
#2942=ORIENTED_EDGE('',*,*,#2303,.F.);
#2943=ORIENTED_EDGE('',*,*,#2093,.T.);
#2944=ORIENTED_EDGE('',*,*,#2303,.T.);
#2945=ORIENTED_EDGE('',*,*,#2304,.F.);
#2946=ORIENTED_EDGE('',*,*,#2305,.F.);
#2947=ORIENTED_EDGE('',*,*,#2094,.T.);
#2948=ORIENTED_EDGE('',*,*,#2305,.T.);
#2949=ORIENTED_EDGE('',*,*,#2306,.F.);
#2950=ORIENTED_EDGE('',*,*,#2307,.F.);
#2951=ORIENTED_EDGE('',*,*,#2095,.T.);
#2952=ORIENTED_EDGE('',*,*,#2307,.T.);
#2953=ORIENTED_EDGE('',*,*,#2308,.F.);
#2954=ORIENTED_EDGE('',*,*,#2309,.F.);
#2955=ORIENTED_EDGE('',*,*,#2088,.T.);
#2956=ORIENTED_EDGE('',*,*,#2309,.T.);
#2957=ORIENTED_EDGE('',*,*,#2310,.F.);
#2958=ORIENTED_EDGE('',*,*,#2295,.F.);
#2959=ORIENTED_EDGE('',*,*,#2097,.T.);
#2960=ORIENTED_EDGE('',*,*,#2311,.T.);
#2961=ORIENTED_EDGE('',*,*,#2312,.F.);
#2962=ORIENTED_EDGE('',*,*,#2313,.F.);
#2963=ORIENTED_EDGE('',*,*,#2098,.T.);
#2964=ORIENTED_EDGE('',*,*,#2313,.T.);
#2965=ORIENTED_EDGE('',*,*,#2314,.F.);
#2966=ORIENTED_EDGE('',*,*,#2315,.F.);
#2967=ORIENTED_EDGE('',*,*,#2099,.T.);
#2968=ORIENTED_EDGE('',*,*,#2315,.T.);
#2969=ORIENTED_EDGE('',*,*,#2316,.F.);
#2970=ORIENTED_EDGE('',*,*,#2317,.F.);
#2971=ORIENTED_EDGE('',*,*,#2100,.T.);
#2972=ORIENTED_EDGE('',*,*,#2317,.T.);
#2973=ORIENTED_EDGE('',*,*,#2318,.F.);
#2974=ORIENTED_EDGE('',*,*,#2319,.F.);
#2975=ORIENTED_EDGE('',*,*,#2101,.T.);
#2976=ORIENTED_EDGE('',*,*,#2319,.T.);
#2977=ORIENTED_EDGE('',*,*,#2320,.F.);
#2978=ORIENTED_EDGE('',*,*,#2321,.F.);
#2979=ORIENTED_EDGE('',*,*,#2102,.T.);
#2980=ORIENTED_EDGE('',*,*,#2321,.T.);
#2981=ORIENTED_EDGE('',*,*,#2322,.F.);
#2982=ORIENTED_EDGE('',*,*,#2323,.F.);
#2983=ORIENTED_EDGE('',*,*,#2103,.T.);
#2984=ORIENTED_EDGE('',*,*,#2323,.T.);
#2985=ORIENTED_EDGE('',*,*,#2324,.F.);
#2986=ORIENTED_EDGE('',*,*,#2325,.F.);
#2987=ORIENTED_EDGE('',*,*,#2096,.T.);
#2988=ORIENTED_EDGE('',*,*,#2325,.T.);
#2989=ORIENTED_EDGE('',*,*,#2326,.F.);
#2990=ORIENTED_EDGE('',*,*,#2311,.F.);
#2991=ORIENTED_EDGE('',*,*,#2105,.T.);
#2992=ORIENTED_EDGE('',*,*,#2327,.T.);
#2993=ORIENTED_EDGE('',*,*,#2328,.F.);
#2994=ORIENTED_EDGE('',*,*,#2329,.F.);
#2995=ORIENTED_EDGE('',*,*,#2106,.T.);
#2996=ORIENTED_EDGE('',*,*,#2329,.T.);
#2997=ORIENTED_EDGE('',*,*,#2330,.F.);
#2998=ORIENTED_EDGE('',*,*,#2331,.F.);
#2999=ORIENTED_EDGE('',*,*,#2107,.T.);
#3000=ORIENTED_EDGE('',*,*,#2331,.T.);
#3001=ORIENTED_EDGE('',*,*,#2332,.F.);
#3002=ORIENTED_EDGE('',*,*,#2333,.F.);
#3003=ORIENTED_EDGE('',*,*,#2108,.T.);
#3004=ORIENTED_EDGE('',*,*,#2333,.T.);
#3005=ORIENTED_EDGE('',*,*,#2334,.F.);
#3006=ORIENTED_EDGE('',*,*,#2335,.F.);
#3007=ORIENTED_EDGE('',*,*,#2109,.T.);
#3008=ORIENTED_EDGE('',*,*,#2335,.T.);
#3009=ORIENTED_EDGE('',*,*,#2336,.F.);
#3010=ORIENTED_EDGE('',*,*,#2337,.F.);
#3011=ORIENTED_EDGE('',*,*,#2110,.T.);
#3012=ORIENTED_EDGE('',*,*,#2337,.T.);
#3013=ORIENTED_EDGE('',*,*,#2338,.F.);
#3014=ORIENTED_EDGE('',*,*,#2339,.F.);
#3015=ORIENTED_EDGE('',*,*,#2111,.T.);
#3016=ORIENTED_EDGE('',*,*,#2339,.T.);
#3017=ORIENTED_EDGE('',*,*,#2340,.F.);
#3018=ORIENTED_EDGE('',*,*,#2341,.F.);
#3019=ORIENTED_EDGE('',*,*,#2104,.T.);
#3020=ORIENTED_EDGE('',*,*,#2341,.T.);
#3021=ORIENTED_EDGE('',*,*,#2342,.F.);
#3022=ORIENTED_EDGE('',*,*,#2327,.F.);
#3023=ORIENTED_EDGE('',*,*,#2113,.T.);
#3024=ORIENTED_EDGE('',*,*,#2343,.T.);
#3025=ORIENTED_EDGE('',*,*,#2344,.F.);
#3026=ORIENTED_EDGE('',*,*,#2345,.F.);
#3027=ORIENTED_EDGE('',*,*,#2114,.T.);
#3028=ORIENTED_EDGE('',*,*,#2345,.T.);
#3029=ORIENTED_EDGE('',*,*,#2346,.F.);
#3030=ORIENTED_EDGE('',*,*,#2347,.F.);
#3031=ORIENTED_EDGE('',*,*,#2115,.T.);
#3032=ORIENTED_EDGE('',*,*,#2347,.T.);
#3033=ORIENTED_EDGE('',*,*,#2348,.F.);
#3034=ORIENTED_EDGE('',*,*,#2349,.F.);
#3035=ORIENTED_EDGE('',*,*,#2116,.T.);
#3036=ORIENTED_EDGE('',*,*,#2349,.T.);
#3037=ORIENTED_EDGE('',*,*,#2350,.F.);
#3038=ORIENTED_EDGE('',*,*,#2351,.F.);
#3039=ORIENTED_EDGE('',*,*,#2117,.T.);
#3040=ORIENTED_EDGE('',*,*,#2351,.T.);
#3041=ORIENTED_EDGE('',*,*,#2352,.F.);
#3042=ORIENTED_EDGE('',*,*,#2353,.F.);
#3043=ORIENTED_EDGE('',*,*,#2118,.T.);
#3044=ORIENTED_EDGE('',*,*,#2353,.T.);
#3045=ORIENTED_EDGE('',*,*,#2354,.F.);
#3046=ORIENTED_EDGE('',*,*,#2355,.F.);
#3047=ORIENTED_EDGE('',*,*,#2119,.T.);
#3048=ORIENTED_EDGE('',*,*,#2355,.T.);
#3049=ORIENTED_EDGE('',*,*,#2356,.F.);
#3050=ORIENTED_EDGE('',*,*,#2357,.F.);
#3051=ORIENTED_EDGE('',*,*,#2112,.T.);
#3052=ORIENTED_EDGE('',*,*,#2357,.T.);
#3053=ORIENTED_EDGE('',*,*,#2358,.F.);
#3054=ORIENTED_EDGE('',*,*,#2343,.F.);
#3055=ORIENTED_EDGE('',*,*,#2121,.T.);
#3056=ORIENTED_EDGE('',*,*,#2359,.T.);
#3057=ORIENTED_EDGE('',*,*,#2360,.F.);
#3058=ORIENTED_EDGE('',*,*,#2361,.F.);
#3059=ORIENTED_EDGE('',*,*,#2122,.T.);
#3060=ORIENTED_EDGE('',*,*,#2361,.T.);
#3061=ORIENTED_EDGE('',*,*,#2362,.F.);
#3062=ORIENTED_EDGE('',*,*,#2363,.F.);
#3063=ORIENTED_EDGE('',*,*,#2123,.T.);
#3064=ORIENTED_EDGE('',*,*,#2363,.T.);
#3065=ORIENTED_EDGE('',*,*,#2364,.F.);
#3066=ORIENTED_EDGE('',*,*,#2365,.F.);
#3067=ORIENTED_EDGE('',*,*,#2124,.T.);
#3068=ORIENTED_EDGE('',*,*,#2365,.T.);
#3069=ORIENTED_EDGE('',*,*,#2366,.F.);
#3070=ORIENTED_EDGE('',*,*,#2367,.F.);
#3071=ORIENTED_EDGE('',*,*,#2125,.T.);
#3072=ORIENTED_EDGE('',*,*,#2367,.T.);
#3073=ORIENTED_EDGE('',*,*,#2368,.F.);
#3074=ORIENTED_EDGE('',*,*,#2369,.F.);
#3075=ORIENTED_EDGE('',*,*,#2126,.T.);
#3076=ORIENTED_EDGE('',*,*,#2369,.T.);
#3077=ORIENTED_EDGE('',*,*,#2370,.F.);
#3078=ORIENTED_EDGE('',*,*,#2371,.F.);
#3079=ORIENTED_EDGE('',*,*,#2127,.T.);
#3080=ORIENTED_EDGE('',*,*,#2371,.T.);
#3081=ORIENTED_EDGE('',*,*,#2372,.F.);
#3082=ORIENTED_EDGE('',*,*,#2373,.F.);
#3083=ORIENTED_EDGE('',*,*,#2120,.T.);
#3084=ORIENTED_EDGE('',*,*,#2373,.T.);
#3085=ORIENTED_EDGE('',*,*,#2374,.F.);
#3086=ORIENTED_EDGE('',*,*,#2359,.F.);
#3087=ORIENTED_EDGE('',*,*,#2129,.T.);
#3088=ORIENTED_EDGE('',*,*,#2375,.T.);
#3089=ORIENTED_EDGE('',*,*,#2376,.F.);
#3090=ORIENTED_EDGE('',*,*,#2377,.F.);
#3091=ORIENTED_EDGE('',*,*,#2130,.T.);
#3092=ORIENTED_EDGE('',*,*,#2377,.T.);
#3093=ORIENTED_EDGE('',*,*,#2378,.F.);
#3094=ORIENTED_EDGE('',*,*,#2379,.F.);
#3095=ORIENTED_EDGE('',*,*,#2131,.T.);
#3096=ORIENTED_EDGE('',*,*,#2379,.T.);
#3097=ORIENTED_EDGE('',*,*,#2380,.F.);
#3098=ORIENTED_EDGE('',*,*,#2381,.F.);
#3099=ORIENTED_EDGE('',*,*,#2128,.T.);
#3100=ORIENTED_EDGE('',*,*,#2381,.T.);
#3101=ORIENTED_EDGE('',*,*,#2382,.F.);
#3102=ORIENTED_EDGE('',*,*,#2375,.F.);
#3103=ORIENTED_EDGE('',*,*,#2133,.T.);
#3104=ORIENTED_EDGE('',*,*,#2383,.T.);
#3105=ORIENTED_EDGE('',*,*,#2384,.F.);
#3106=ORIENTED_EDGE('',*,*,#2385,.F.);
#3107=ORIENTED_EDGE('',*,*,#2134,.T.);
#3108=ORIENTED_EDGE('',*,*,#2385,.T.);
#3109=ORIENTED_EDGE('',*,*,#2386,.F.);
#3110=ORIENTED_EDGE('',*,*,#2387,.F.);
#3111=ORIENTED_EDGE('',*,*,#2135,.T.);
#3112=ORIENTED_EDGE('',*,*,#2387,.T.);
#3113=ORIENTED_EDGE('',*,*,#2388,.F.);
#3114=ORIENTED_EDGE('',*,*,#2389,.F.);
#3115=ORIENTED_EDGE('',*,*,#2136,.T.);
#3116=ORIENTED_EDGE('',*,*,#2389,.T.);
#3117=ORIENTED_EDGE('',*,*,#2390,.F.);
#3118=ORIENTED_EDGE('',*,*,#2391,.F.);
#3119=ORIENTED_EDGE('',*,*,#2137,.T.);
#3120=ORIENTED_EDGE('',*,*,#2391,.T.);
#3121=ORIENTED_EDGE('',*,*,#2392,.F.);
#3122=ORIENTED_EDGE('',*,*,#2393,.F.);
#3123=ORIENTED_EDGE('',*,*,#2138,.T.);
#3124=ORIENTED_EDGE('',*,*,#2393,.T.);
#3125=ORIENTED_EDGE('',*,*,#2394,.F.);
#3126=ORIENTED_EDGE('',*,*,#2395,.F.);
#3127=ORIENTED_EDGE('',*,*,#2139,.T.);
#3128=ORIENTED_EDGE('',*,*,#2395,.T.);
#3129=ORIENTED_EDGE('',*,*,#2396,.F.);
#3130=ORIENTED_EDGE('',*,*,#2397,.F.);
#3131=ORIENTED_EDGE('',*,*,#2132,.T.);
#3132=ORIENTED_EDGE('',*,*,#2397,.T.);
#3133=ORIENTED_EDGE('',*,*,#2398,.F.);
#3134=ORIENTED_EDGE('',*,*,#2383,.F.);
#3135=ORIENTED_EDGE('',*,*,#2141,.T.);
#3136=ORIENTED_EDGE('',*,*,#2399,.T.);
#3137=ORIENTED_EDGE('',*,*,#2400,.F.);
#3138=ORIENTED_EDGE('',*,*,#2401,.F.);
#3139=ORIENTED_EDGE('',*,*,#2142,.T.);
#3140=ORIENTED_EDGE('',*,*,#2401,.T.);
#3141=ORIENTED_EDGE('',*,*,#2402,.F.);
#3142=ORIENTED_EDGE('',*,*,#2403,.F.);
#3143=ORIENTED_EDGE('',*,*,#2143,.T.);
#3144=ORIENTED_EDGE('',*,*,#2403,.T.);
#3145=ORIENTED_EDGE('',*,*,#2404,.F.);
#3146=ORIENTED_EDGE('',*,*,#2405,.F.);
#3147=ORIENTED_EDGE('',*,*,#2144,.T.);
#3148=ORIENTED_EDGE('',*,*,#2405,.T.);
#3149=ORIENTED_EDGE('',*,*,#2406,.F.);
#3150=ORIENTED_EDGE('',*,*,#2407,.F.);
#3151=ORIENTED_EDGE('',*,*,#2145,.T.);
#3152=ORIENTED_EDGE('',*,*,#2407,.T.);
#3153=ORIENTED_EDGE('',*,*,#2408,.F.);
#3154=ORIENTED_EDGE('',*,*,#2409,.F.);
#3155=ORIENTED_EDGE('',*,*,#2146,.T.);
#3156=ORIENTED_EDGE('',*,*,#2409,.T.);
#3157=ORIENTED_EDGE('',*,*,#2410,.F.);
#3158=ORIENTED_EDGE('',*,*,#2411,.F.);
#3159=ORIENTED_EDGE('',*,*,#2147,.T.);
#3160=ORIENTED_EDGE('',*,*,#2411,.T.);
#3161=ORIENTED_EDGE('',*,*,#2412,.F.);
#3162=ORIENTED_EDGE('',*,*,#2413,.F.);
#3163=ORIENTED_EDGE('',*,*,#2140,.T.);
#3164=ORIENTED_EDGE('',*,*,#2413,.T.);
#3165=ORIENTED_EDGE('',*,*,#2414,.F.);
#3166=ORIENTED_EDGE('',*,*,#2399,.F.);
#3167=ORIENTED_EDGE('',*,*,#2149,.T.);
#3168=ORIENTED_EDGE('',*,*,#2415,.T.);
#3169=ORIENTED_EDGE('',*,*,#2416,.F.);
#3170=ORIENTED_EDGE('',*,*,#2417,.F.);
#3171=ORIENTED_EDGE('',*,*,#2150,.T.);
#3172=ORIENTED_EDGE('',*,*,#2417,.T.);
#3173=ORIENTED_EDGE('',*,*,#2418,.F.);
#3174=ORIENTED_EDGE('',*,*,#2419,.F.);
#3175=ORIENTED_EDGE('',*,*,#2151,.T.);
#3176=ORIENTED_EDGE('',*,*,#2419,.T.);
#3177=ORIENTED_EDGE('',*,*,#2420,.F.);
#3178=ORIENTED_EDGE('',*,*,#2421,.F.);
#3179=ORIENTED_EDGE('',*,*,#2152,.T.);
#3180=ORIENTED_EDGE('',*,*,#2421,.T.);
#3181=ORIENTED_EDGE('',*,*,#2422,.F.);
#3182=ORIENTED_EDGE('',*,*,#2423,.F.);
#3183=ORIENTED_EDGE('',*,*,#2153,.T.);
#3184=ORIENTED_EDGE('',*,*,#2423,.T.);
#3185=ORIENTED_EDGE('',*,*,#2424,.F.);
#3186=ORIENTED_EDGE('',*,*,#2425,.F.);
#3187=ORIENTED_EDGE('',*,*,#2154,.T.);
#3188=ORIENTED_EDGE('',*,*,#2425,.T.);
#3189=ORIENTED_EDGE('',*,*,#2426,.F.);
#3190=ORIENTED_EDGE('',*,*,#2427,.F.);
#3191=ORIENTED_EDGE('',*,*,#2155,.T.);
#3192=ORIENTED_EDGE('',*,*,#2427,.T.);
#3193=ORIENTED_EDGE('',*,*,#2428,.F.);
#3194=ORIENTED_EDGE('',*,*,#2429,.F.);
#3195=ORIENTED_EDGE('',*,*,#2148,.T.);
#3196=ORIENTED_EDGE('',*,*,#2429,.T.);
#3197=ORIENTED_EDGE('',*,*,#2430,.F.);
#3198=ORIENTED_EDGE('',*,*,#2415,.F.);
#3199=ORIENTED_EDGE('',*,*,#2157,.T.);
#3200=ORIENTED_EDGE('',*,*,#2431,.T.);
#3201=ORIENTED_EDGE('',*,*,#2432,.F.);
#3202=ORIENTED_EDGE('',*,*,#2433,.F.);
#3203=ORIENTED_EDGE('',*,*,#2158,.T.);
#3204=ORIENTED_EDGE('',*,*,#2433,.T.);
#3205=ORIENTED_EDGE('',*,*,#2434,.F.);
#3206=ORIENTED_EDGE('',*,*,#2435,.F.);
#3207=ORIENTED_EDGE('',*,*,#2159,.T.);
#3208=ORIENTED_EDGE('',*,*,#2435,.T.);
#3209=ORIENTED_EDGE('',*,*,#2436,.F.);
#3210=ORIENTED_EDGE('',*,*,#2437,.F.);
#3211=ORIENTED_EDGE('',*,*,#2160,.T.);
#3212=ORIENTED_EDGE('',*,*,#2437,.T.);
#3213=ORIENTED_EDGE('',*,*,#2438,.F.);
#3214=ORIENTED_EDGE('',*,*,#2439,.F.);
#3215=ORIENTED_EDGE('',*,*,#2161,.T.);
#3216=ORIENTED_EDGE('',*,*,#2439,.T.);
#3217=ORIENTED_EDGE('',*,*,#2440,.F.);
#3218=ORIENTED_EDGE('',*,*,#2441,.F.);
#3219=ORIENTED_EDGE('',*,*,#2162,.T.);
#3220=ORIENTED_EDGE('',*,*,#2441,.T.);
#3221=ORIENTED_EDGE('',*,*,#2442,.F.);
#3222=ORIENTED_EDGE('',*,*,#2443,.F.);
#3223=ORIENTED_EDGE('',*,*,#2163,.T.);
#3224=ORIENTED_EDGE('',*,*,#2443,.T.);
#3225=ORIENTED_EDGE('',*,*,#2444,.F.);
#3226=ORIENTED_EDGE('',*,*,#2445,.F.);
#3227=ORIENTED_EDGE('',*,*,#2156,.T.);
#3228=ORIENTED_EDGE('',*,*,#2445,.T.);
#3229=ORIENTED_EDGE('',*,*,#2446,.F.);
#3230=ORIENTED_EDGE('',*,*,#2431,.F.);
#3231=ORIENTED_EDGE('',*,*,#2165,.T.);
#3232=ORIENTED_EDGE('',*,*,#2447,.T.);
#3233=ORIENTED_EDGE('',*,*,#2448,.F.);
#3234=ORIENTED_EDGE('',*,*,#2449,.F.);
#3235=ORIENTED_EDGE('',*,*,#2166,.T.);
#3236=ORIENTED_EDGE('',*,*,#2449,.T.);
#3237=ORIENTED_EDGE('',*,*,#2450,.F.);
#3238=ORIENTED_EDGE('',*,*,#2451,.F.);
#3239=ORIENTED_EDGE('',*,*,#2167,.T.);
#3240=ORIENTED_EDGE('',*,*,#2451,.T.);
#3241=ORIENTED_EDGE('',*,*,#2452,.F.);
#3242=ORIENTED_EDGE('',*,*,#2453,.F.);
#3243=ORIENTED_EDGE('',*,*,#2168,.T.);
#3244=ORIENTED_EDGE('',*,*,#2453,.T.);
#3245=ORIENTED_EDGE('',*,*,#2454,.F.);
#3246=ORIENTED_EDGE('',*,*,#2455,.F.);
#3247=ORIENTED_EDGE('',*,*,#2169,.T.);
#3248=ORIENTED_EDGE('',*,*,#2455,.T.);
#3249=ORIENTED_EDGE('',*,*,#2456,.F.);
#3250=ORIENTED_EDGE('',*,*,#2457,.F.);
#3251=ORIENTED_EDGE('',*,*,#2170,.T.);
#3252=ORIENTED_EDGE('',*,*,#2457,.T.);
#3253=ORIENTED_EDGE('',*,*,#2458,.F.);
#3254=ORIENTED_EDGE('',*,*,#2459,.F.);
#3255=ORIENTED_EDGE('',*,*,#2171,.T.);
#3256=ORIENTED_EDGE('',*,*,#2459,.T.);
#3257=ORIENTED_EDGE('',*,*,#2460,.F.);
#3258=ORIENTED_EDGE('',*,*,#2461,.F.);
#3259=ORIENTED_EDGE('',*,*,#2164,.T.);
#3260=ORIENTED_EDGE('',*,*,#2461,.T.);
#3261=ORIENTED_EDGE('',*,*,#2462,.F.);
#3262=ORIENTED_EDGE('',*,*,#2447,.F.);
#3263=ORIENTED_EDGE('',*,*,#2173,.T.);
#3264=ORIENTED_EDGE('',*,*,#2463,.T.);
#3265=ORIENTED_EDGE('',*,*,#2464,.F.);
#3266=ORIENTED_EDGE('',*,*,#2465,.F.);
#3267=ORIENTED_EDGE('',*,*,#2174,.T.);
#3268=ORIENTED_EDGE('',*,*,#2465,.T.);
#3269=ORIENTED_EDGE('',*,*,#2466,.F.);
#3270=ORIENTED_EDGE('',*,*,#2467,.F.);
#3271=ORIENTED_EDGE('',*,*,#2175,.T.);
#3272=ORIENTED_EDGE('',*,*,#2467,.T.);
#3273=ORIENTED_EDGE('',*,*,#2468,.F.);
#3274=ORIENTED_EDGE('',*,*,#2469,.F.);
#3275=ORIENTED_EDGE('',*,*,#2176,.T.);
#3276=ORIENTED_EDGE('',*,*,#2469,.T.);
#3277=ORIENTED_EDGE('',*,*,#2470,.F.);
#3278=ORIENTED_EDGE('',*,*,#2471,.F.);
#3279=ORIENTED_EDGE('',*,*,#2177,.T.);
#3280=ORIENTED_EDGE('',*,*,#2471,.T.);
#3281=ORIENTED_EDGE('',*,*,#2472,.F.);
#3282=ORIENTED_EDGE('',*,*,#2473,.F.);
#3283=ORIENTED_EDGE('',*,*,#2178,.T.);
#3284=ORIENTED_EDGE('',*,*,#2473,.T.);
#3285=ORIENTED_EDGE('',*,*,#2474,.F.);
#3286=ORIENTED_EDGE('',*,*,#2475,.F.);
#3287=ORIENTED_EDGE('',*,*,#2179,.T.);
#3288=ORIENTED_EDGE('',*,*,#2475,.T.);
#3289=ORIENTED_EDGE('',*,*,#2476,.F.);
#3290=ORIENTED_EDGE('',*,*,#2477,.F.);
#3291=ORIENTED_EDGE('',*,*,#2172,.T.);
#3292=ORIENTED_EDGE('',*,*,#2477,.T.);
#3293=ORIENTED_EDGE('',*,*,#2478,.F.);
#3294=ORIENTED_EDGE('',*,*,#2463,.F.);
#3295=ORIENTED_EDGE('',*,*,#2181,.T.);
#3296=ORIENTED_EDGE('',*,*,#2479,.T.);
#3297=ORIENTED_EDGE('',*,*,#2480,.F.);
#3298=ORIENTED_EDGE('',*,*,#2481,.F.);
#3299=ORIENTED_EDGE('',*,*,#2182,.T.);
#3300=ORIENTED_EDGE('',*,*,#2481,.T.);
#3301=ORIENTED_EDGE('',*,*,#2482,.F.);
#3302=ORIENTED_EDGE('',*,*,#2483,.F.);
#3303=ORIENTED_EDGE('',*,*,#2183,.T.);
#3304=ORIENTED_EDGE('',*,*,#2483,.T.);
#3305=ORIENTED_EDGE('',*,*,#2484,.F.);
#3306=ORIENTED_EDGE('',*,*,#2485,.F.);
#3307=ORIENTED_EDGE('',*,*,#2184,.T.);
#3308=ORIENTED_EDGE('',*,*,#2485,.T.);
#3309=ORIENTED_EDGE('',*,*,#2486,.F.);
#3310=ORIENTED_EDGE('',*,*,#2487,.F.);
#3311=ORIENTED_EDGE('',*,*,#2185,.T.);
#3312=ORIENTED_EDGE('',*,*,#2487,.T.);
#3313=ORIENTED_EDGE('',*,*,#2488,.F.);
#3314=ORIENTED_EDGE('',*,*,#2489,.F.);
#3315=ORIENTED_EDGE('',*,*,#2186,.T.);
#3316=ORIENTED_EDGE('',*,*,#2489,.T.);
#3317=ORIENTED_EDGE('',*,*,#2490,.F.);
#3318=ORIENTED_EDGE('',*,*,#2491,.F.);
#3319=ORIENTED_EDGE('',*,*,#2187,.T.);
#3320=ORIENTED_EDGE('',*,*,#2491,.T.);
#3321=ORIENTED_EDGE('',*,*,#2492,.F.);
#3322=ORIENTED_EDGE('',*,*,#2493,.F.);
#3323=ORIENTED_EDGE('',*,*,#2180,.T.);
#3324=ORIENTED_EDGE('',*,*,#2493,.T.);
#3325=ORIENTED_EDGE('',*,*,#2494,.F.);
#3326=ORIENTED_EDGE('',*,*,#2479,.F.);
#3327=ORIENTED_EDGE('',*,*,#2189,.T.);
#3328=ORIENTED_EDGE('',*,*,#2495,.T.);
#3329=ORIENTED_EDGE('',*,*,#2496,.F.);
#3330=ORIENTED_EDGE('',*,*,#2497,.F.);
#3331=ORIENTED_EDGE('',*,*,#2190,.T.);
#3332=ORIENTED_EDGE('',*,*,#2497,.T.);
#3333=ORIENTED_EDGE('',*,*,#2498,.F.);
#3334=ORIENTED_EDGE('',*,*,#2499,.F.);
#3335=ORIENTED_EDGE('',*,*,#2191,.T.);
#3336=ORIENTED_EDGE('',*,*,#2499,.T.);
#3337=ORIENTED_EDGE('',*,*,#2500,.F.);
#3338=ORIENTED_EDGE('',*,*,#2501,.F.);
#3339=ORIENTED_EDGE('',*,*,#2192,.T.);
#3340=ORIENTED_EDGE('',*,*,#2501,.T.);
#3341=ORIENTED_EDGE('',*,*,#2502,.F.);
#3342=ORIENTED_EDGE('',*,*,#2503,.F.);
#3343=ORIENTED_EDGE('',*,*,#2193,.T.);
#3344=ORIENTED_EDGE('',*,*,#2503,.T.);
#3345=ORIENTED_EDGE('',*,*,#2504,.F.);
#3346=ORIENTED_EDGE('',*,*,#2505,.F.);
#3347=ORIENTED_EDGE('',*,*,#2194,.T.);
#3348=ORIENTED_EDGE('',*,*,#2505,.T.);
#3349=ORIENTED_EDGE('',*,*,#2506,.F.);
#3350=ORIENTED_EDGE('',*,*,#2507,.F.);
#3351=ORIENTED_EDGE('',*,*,#2195,.T.);
#3352=ORIENTED_EDGE('',*,*,#2507,.T.);
#3353=ORIENTED_EDGE('',*,*,#2508,.F.);
#3354=ORIENTED_EDGE('',*,*,#2509,.F.);
#3355=ORIENTED_EDGE('',*,*,#2188,.T.);
#3356=ORIENTED_EDGE('',*,*,#2509,.T.);
#3357=ORIENTED_EDGE('',*,*,#2510,.F.);
#3358=ORIENTED_EDGE('',*,*,#2495,.F.);
#3359=ORIENTED_EDGE('',*,*,#2197,.T.);
#3360=ORIENTED_EDGE('',*,*,#2511,.T.);
#3361=ORIENTED_EDGE('',*,*,#2512,.F.);
#3362=ORIENTED_EDGE('',*,*,#2513,.F.);
#3363=ORIENTED_EDGE('',*,*,#2198,.T.);
#3364=ORIENTED_EDGE('',*,*,#2513,.T.);
#3365=ORIENTED_EDGE('',*,*,#2514,.F.);
#3366=ORIENTED_EDGE('',*,*,#2515,.F.);
#3367=ORIENTED_EDGE('',*,*,#2199,.T.);
#3368=ORIENTED_EDGE('',*,*,#2515,.T.);
#3369=ORIENTED_EDGE('',*,*,#2516,.F.);
#3370=ORIENTED_EDGE('',*,*,#2517,.F.);
#3371=ORIENTED_EDGE('',*,*,#2200,.T.);
#3372=ORIENTED_EDGE('',*,*,#2517,.T.);
#3373=ORIENTED_EDGE('',*,*,#2518,.F.);
#3374=ORIENTED_EDGE('',*,*,#2519,.F.);
#3375=ORIENTED_EDGE('',*,*,#2201,.T.);
#3376=ORIENTED_EDGE('',*,*,#2519,.T.);
#3377=ORIENTED_EDGE('',*,*,#2520,.F.);
#3378=ORIENTED_EDGE('',*,*,#2521,.F.);
#3379=ORIENTED_EDGE('',*,*,#2202,.T.);
#3380=ORIENTED_EDGE('',*,*,#2521,.T.);
#3381=ORIENTED_EDGE('',*,*,#2522,.F.);
#3382=ORIENTED_EDGE('',*,*,#2523,.F.);
#3383=ORIENTED_EDGE('',*,*,#2203,.T.);
#3384=ORIENTED_EDGE('',*,*,#2523,.T.);
#3385=ORIENTED_EDGE('',*,*,#2524,.F.);
#3386=ORIENTED_EDGE('',*,*,#2525,.F.);
#3387=ORIENTED_EDGE('',*,*,#2196,.T.);
#3388=ORIENTED_EDGE('',*,*,#2525,.T.);
#3389=ORIENTED_EDGE('',*,*,#2526,.F.);
#3390=ORIENTED_EDGE('',*,*,#2511,.F.);
#3391=ORIENTED_EDGE('',*,*,#2205,.T.);
#3392=ORIENTED_EDGE('',*,*,#2527,.T.);
#3393=ORIENTED_EDGE('',*,*,#2528,.F.);
#3394=ORIENTED_EDGE('',*,*,#2529,.F.);
#3395=ORIENTED_EDGE('',*,*,#2206,.T.);
#3396=ORIENTED_EDGE('',*,*,#2529,.T.);
#3397=ORIENTED_EDGE('',*,*,#2530,.F.);
#3398=ORIENTED_EDGE('',*,*,#2531,.F.);
#3399=ORIENTED_EDGE('',*,*,#2207,.T.);
#3400=ORIENTED_EDGE('',*,*,#2531,.T.);
#3401=ORIENTED_EDGE('',*,*,#2532,.F.);
#3402=ORIENTED_EDGE('',*,*,#2533,.F.);
#3403=ORIENTED_EDGE('',*,*,#2208,.T.);
#3404=ORIENTED_EDGE('',*,*,#2533,.T.);
#3405=ORIENTED_EDGE('',*,*,#2534,.F.);
#3406=ORIENTED_EDGE('',*,*,#2535,.F.);
#3407=ORIENTED_EDGE('',*,*,#2209,.T.);
#3408=ORIENTED_EDGE('',*,*,#2535,.T.);
#3409=ORIENTED_EDGE('',*,*,#2536,.F.);
#3410=ORIENTED_EDGE('',*,*,#2537,.F.);
#3411=ORIENTED_EDGE('',*,*,#2210,.T.);
#3412=ORIENTED_EDGE('',*,*,#2537,.T.);
#3413=ORIENTED_EDGE('',*,*,#2538,.F.);
#3414=ORIENTED_EDGE('',*,*,#2539,.F.);
#3415=ORIENTED_EDGE('',*,*,#2211,.T.);
#3416=ORIENTED_EDGE('',*,*,#2539,.T.);
#3417=ORIENTED_EDGE('',*,*,#2540,.F.);
#3418=ORIENTED_EDGE('',*,*,#2541,.F.);
#3419=ORIENTED_EDGE('',*,*,#2204,.T.);
#3420=ORIENTED_EDGE('',*,*,#2541,.T.);
#3421=ORIENTED_EDGE('',*,*,#2542,.F.);
#3422=ORIENTED_EDGE('',*,*,#2527,.F.);
#3423=ORIENTED_EDGE('',*,*,#2213,.T.);
#3424=ORIENTED_EDGE('',*,*,#2543,.T.);
#3425=ORIENTED_EDGE('',*,*,#2544,.F.);
#3426=ORIENTED_EDGE('',*,*,#2545,.F.);
#3427=ORIENTED_EDGE('',*,*,#2214,.T.);
#3428=ORIENTED_EDGE('',*,*,#2545,.T.);
#3429=ORIENTED_EDGE('',*,*,#2546,.F.);
#3430=ORIENTED_EDGE('',*,*,#2547,.F.);
#3431=ORIENTED_EDGE('',*,*,#2215,.T.);
#3432=ORIENTED_EDGE('',*,*,#2547,.T.);
#3433=ORIENTED_EDGE('',*,*,#2548,.F.);
#3434=ORIENTED_EDGE('',*,*,#2549,.F.);
#3435=ORIENTED_EDGE('',*,*,#2216,.T.);
#3436=ORIENTED_EDGE('',*,*,#2549,.T.);
#3437=ORIENTED_EDGE('',*,*,#2550,.F.);
#3438=ORIENTED_EDGE('',*,*,#2551,.F.);
#3439=ORIENTED_EDGE('',*,*,#2217,.T.);
#3440=ORIENTED_EDGE('',*,*,#2551,.T.);
#3441=ORIENTED_EDGE('',*,*,#2552,.F.);
#3442=ORIENTED_EDGE('',*,*,#2553,.F.);
#3443=ORIENTED_EDGE('',*,*,#2218,.T.);
#3444=ORIENTED_EDGE('',*,*,#2553,.T.);
#3445=ORIENTED_EDGE('',*,*,#2554,.F.);
#3446=ORIENTED_EDGE('',*,*,#2555,.F.);
#3447=ORIENTED_EDGE('',*,*,#2219,.T.);
#3448=ORIENTED_EDGE('',*,*,#2555,.T.);
#3449=ORIENTED_EDGE('',*,*,#2556,.F.);
#3450=ORIENTED_EDGE('',*,*,#2557,.F.);
#3451=ORIENTED_EDGE('',*,*,#2212,.T.);
#3452=ORIENTED_EDGE('',*,*,#2557,.T.);
#3453=ORIENTED_EDGE('',*,*,#2558,.F.);
#3454=ORIENTED_EDGE('',*,*,#2543,.F.);
#3455=ORIENTED_EDGE('',*,*,#2221,.T.);
#3456=ORIENTED_EDGE('',*,*,#2559,.T.);
#3457=ORIENTED_EDGE('',*,*,#2560,.F.);
#3458=ORIENTED_EDGE('',*,*,#2561,.F.);
#3459=ORIENTED_EDGE('',*,*,#2222,.T.);
#3460=ORIENTED_EDGE('',*,*,#2561,.T.);
#3461=ORIENTED_EDGE('',*,*,#2562,.F.);
#3462=ORIENTED_EDGE('',*,*,#2563,.F.);
#3463=ORIENTED_EDGE('',*,*,#2223,.T.);
#3464=ORIENTED_EDGE('',*,*,#2563,.T.);
#3465=ORIENTED_EDGE('',*,*,#2564,.F.);
#3466=ORIENTED_EDGE('',*,*,#2565,.F.);
#3467=ORIENTED_EDGE('',*,*,#2224,.T.);
#3468=ORIENTED_EDGE('',*,*,#2565,.T.);
#3469=ORIENTED_EDGE('',*,*,#2566,.F.);
#3470=ORIENTED_EDGE('',*,*,#2567,.F.);
#3471=ORIENTED_EDGE('',*,*,#2225,.T.);
#3472=ORIENTED_EDGE('',*,*,#2567,.T.);
#3473=ORIENTED_EDGE('',*,*,#2568,.F.);
#3474=ORIENTED_EDGE('',*,*,#2569,.F.);
#3475=ORIENTED_EDGE('',*,*,#2226,.T.);
#3476=ORIENTED_EDGE('',*,*,#2569,.T.);
#3477=ORIENTED_EDGE('',*,*,#2570,.F.);
#3478=ORIENTED_EDGE('',*,*,#2571,.F.);
#3479=ORIENTED_EDGE('',*,*,#2227,.T.);
#3480=ORIENTED_EDGE('',*,*,#2571,.T.);
#3481=ORIENTED_EDGE('',*,*,#2572,.F.);
#3482=ORIENTED_EDGE('',*,*,#2573,.F.);
#3483=ORIENTED_EDGE('',*,*,#2220,.T.);
#3484=ORIENTED_EDGE('',*,*,#2573,.T.);
#3485=ORIENTED_EDGE('',*,*,#2574,.F.);
#3486=ORIENTED_EDGE('',*,*,#2559,.F.);
#3487=ORIENTED_EDGE('',*,*,#2229,.T.);
#3488=ORIENTED_EDGE('',*,*,#2575,.T.);
#3489=ORIENTED_EDGE('',*,*,#2576,.F.);
#3490=ORIENTED_EDGE('',*,*,#2577,.F.);
#3491=ORIENTED_EDGE('',*,*,#2230,.T.);
#3492=ORIENTED_EDGE('',*,*,#2577,.T.);
#3493=ORIENTED_EDGE('',*,*,#2578,.F.);
#3494=ORIENTED_EDGE('',*,*,#2579,.F.);
#3495=ORIENTED_EDGE('',*,*,#2231,.T.);
#3496=ORIENTED_EDGE('',*,*,#2579,.T.);
#3497=ORIENTED_EDGE('',*,*,#2580,.F.);
#3498=ORIENTED_EDGE('',*,*,#2581,.F.);
#3499=ORIENTED_EDGE('',*,*,#2232,.T.);
#3500=ORIENTED_EDGE('',*,*,#2581,.T.);
#3501=ORIENTED_EDGE('',*,*,#2582,.F.);
#3502=ORIENTED_EDGE('',*,*,#2583,.F.);
#3503=ORIENTED_EDGE('',*,*,#2233,.T.);
#3504=ORIENTED_EDGE('',*,*,#2583,.T.);
#3505=ORIENTED_EDGE('',*,*,#2584,.F.);
#3506=ORIENTED_EDGE('',*,*,#2585,.F.);
#3507=ORIENTED_EDGE('',*,*,#2234,.T.);
#3508=ORIENTED_EDGE('',*,*,#2585,.T.);
#3509=ORIENTED_EDGE('',*,*,#2586,.F.);
#3510=ORIENTED_EDGE('',*,*,#2587,.F.);
#3511=ORIENTED_EDGE('',*,*,#2235,.T.);
#3512=ORIENTED_EDGE('',*,*,#2587,.T.);
#3513=ORIENTED_EDGE('',*,*,#2588,.F.);
#3514=ORIENTED_EDGE('',*,*,#2589,.F.);
#3515=ORIENTED_EDGE('',*,*,#2228,.T.);
#3516=ORIENTED_EDGE('',*,*,#2589,.T.);
#3517=ORIENTED_EDGE('',*,*,#2590,.F.);
#3518=ORIENTED_EDGE('',*,*,#2575,.F.);
#3519=ORIENTED_EDGE('',*,*,#2237,.T.);
#3520=ORIENTED_EDGE('',*,*,#2591,.T.);
#3521=ORIENTED_EDGE('',*,*,#2592,.F.);
#3522=ORIENTED_EDGE('',*,*,#2593,.F.);
#3523=ORIENTED_EDGE('',*,*,#2238,.T.);
#3524=ORIENTED_EDGE('',*,*,#2593,.T.);
#3525=ORIENTED_EDGE('',*,*,#2594,.F.);
#3526=ORIENTED_EDGE('',*,*,#2595,.F.);
#3527=ORIENTED_EDGE('',*,*,#2239,.T.);
#3528=ORIENTED_EDGE('',*,*,#2595,.T.);
#3529=ORIENTED_EDGE('',*,*,#2596,.F.);
#3530=ORIENTED_EDGE('',*,*,#2597,.F.);
#3531=ORIENTED_EDGE('',*,*,#2240,.T.);
#3532=ORIENTED_EDGE('',*,*,#2597,.T.);
#3533=ORIENTED_EDGE('',*,*,#2598,.F.);
#3534=ORIENTED_EDGE('',*,*,#2599,.F.);
#3535=ORIENTED_EDGE('',*,*,#2241,.T.);
#3536=ORIENTED_EDGE('',*,*,#2599,.T.);
#3537=ORIENTED_EDGE('',*,*,#2600,.F.);
#3538=ORIENTED_EDGE('',*,*,#2601,.F.);
#3539=ORIENTED_EDGE('',*,*,#2242,.T.);
#3540=ORIENTED_EDGE('',*,*,#2601,.T.);
#3541=ORIENTED_EDGE('',*,*,#2602,.F.);
#3542=ORIENTED_EDGE('',*,*,#2603,.F.);
#3543=ORIENTED_EDGE('',*,*,#2243,.T.);
#3544=ORIENTED_EDGE('',*,*,#2603,.T.);
#3545=ORIENTED_EDGE('',*,*,#2604,.F.);
#3546=ORIENTED_EDGE('',*,*,#2605,.F.);
#3547=ORIENTED_EDGE('',*,*,#2236,.T.);
#3548=ORIENTED_EDGE('',*,*,#2605,.T.);
#3549=ORIENTED_EDGE('',*,*,#2606,.F.);
#3550=ORIENTED_EDGE('',*,*,#2591,.F.);
#3551=ORIENTED_EDGE('',*,*,#2245,.T.);
#3552=ORIENTED_EDGE('',*,*,#2607,.T.);
#3553=ORIENTED_EDGE('',*,*,#2608,.F.);
#3554=ORIENTED_EDGE('',*,*,#2609,.F.);
#3555=ORIENTED_EDGE('',*,*,#2246,.T.);
#3556=ORIENTED_EDGE('',*,*,#2609,.T.);
#3557=ORIENTED_EDGE('',*,*,#2610,.F.);
#3558=ORIENTED_EDGE('',*,*,#2611,.F.);
#3559=ORIENTED_EDGE('',*,*,#2247,.T.);
#3560=ORIENTED_EDGE('',*,*,#2611,.T.);
#3561=ORIENTED_EDGE('',*,*,#2612,.F.);
#3562=ORIENTED_EDGE('',*,*,#2613,.F.);
#3563=ORIENTED_EDGE('',*,*,#2248,.T.);
#3564=ORIENTED_EDGE('',*,*,#2613,.T.);
#3565=ORIENTED_EDGE('',*,*,#2614,.F.);
#3566=ORIENTED_EDGE('',*,*,#2615,.F.);
#3567=ORIENTED_EDGE('',*,*,#2249,.T.);
#3568=ORIENTED_EDGE('',*,*,#2615,.T.);
#3569=ORIENTED_EDGE('',*,*,#2616,.F.);
#3570=ORIENTED_EDGE('',*,*,#2617,.F.);
#3571=ORIENTED_EDGE('',*,*,#2250,.T.);
#3572=ORIENTED_EDGE('',*,*,#2617,.T.);
#3573=ORIENTED_EDGE('',*,*,#2618,.F.);
#3574=ORIENTED_EDGE('',*,*,#2619,.F.);
#3575=ORIENTED_EDGE('',*,*,#2251,.T.);
#3576=ORIENTED_EDGE('',*,*,#2619,.T.);
#3577=ORIENTED_EDGE('',*,*,#2620,.F.);
#3578=ORIENTED_EDGE('',*,*,#2621,.F.);
#3579=ORIENTED_EDGE('',*,*,#2244,.T.);
#3580=ORIENTED_EDGE('',*,*,#2621,.T.);
#3581=ORIENTED_EDGE('',*,*,#2622,.F.);
#3582=ORIENTED_EDGE('',*,*,#2607,.F.);
#3583=ORIENTED_EDGE('',*,*,#2253,.T.);
#3584=ORIENTED_EDGE('',*,*,#2623,.T.);
#3585=ORIENTED_EDGE('',*,*,#2624,.F.);
#3586=ORIENTED_EDGE('',*,*,#2625,.F.);
#3587=ORIENTED_EDGE('',*,*,#2254,.T.);
#3588=ORIENTED_EDGE('',*,*,#2625,.T.);
#3589=ORIENTED_EDGE('',*,*,#2626,.F.);
#3590=ORIENTED_EDGE('',*,*,#2627,.F.);
#3591=ORIENTED_EDGE('',*,*,#2255,.T.);
#3592=ORIENTED_EDGE('',*,*,#2627,.T.);
#3593=ORIENTED_EDGE('',*,*,#2628,.F.);
#3594=ORIENTED_EDGE('',*,*,#2629,.F.);
#3595=ORIENTED_EDGE('',*,*,#2256,.T.);
#3596=ORIENTED_EDGE('',*,*,#2629,.T.);
#3597=ORIENTED_EDGE('',*,*,#2630,.F.);
#3598=ORIENTED_EDGE('',*,*,#2631,.F.);
#3599=ORIENTED_EDGE('',*,*,#2257,.T.);
#3600=ORIENTED_EDGE('',*,*,#2631,.T.);
#3601=ORIENTED_EDGE('',*,*,#2632,.F.);
#3602=ORIENTED_EDGE('',*,*,#2633,.F.);
#3603=ORIENTED_EDGE('',*,*,#2258,.T.);
#3604=ORIENTED_EDGE('',*,*,#2633,.T.);
#3605=ORIENTED_EDGE('',*,*,#2634,.F.);
#3606=ORIENTED_EDGE('',*,*,#2635,.F.);
#3607=ORIENTED_EDGE('',*,*,#2259,.T.);
#3608=ORIENTED_EDGE('',*,*,#2635,.T.);
#3609=ORIENTED_EDGE('',*,*,#2636,.F.);
#3610=ORIENTED_EDGE('',*,*,#2637,.F.);
#3611=ORIENTED_EDGE('',*,*,#2252,.T.);
#3612=ORIENTED_EDGE('',*,*,#2637,.T.);
#3613=ORIENTED_EDGE('',*,*,#2638,.F.);
#3614=ORIENTED_EDGE('',*,*,#2623,.F.);
#3615=ORIENTED_EDGE('',*,*,#2261,.T.);
#3616=ORIENTED_EDGE('',*,*,#2639,.T.);
#3617=ORIENTED_EDGE('',*,*,#2640,.F.);
#3618=ORIENTED_EDGE('',*,*,#2641,.F.);
#3619=ORIENTED_EDGE('',*,*,#2262,.T.);
#3620=ORIENTED_EDGE('',*,*,#2641,.T.);
#3621=ORIENTED_EDGE('',*,*,#2642,.F.);
#3622=ORIENTED_EDGE('',*,*,#2643,.F.);
#3623=ORIENTED_EDGE('',*,*,#2263,.T.);
#3624=ORIENTED_EDGE('',*,*,#2643,.T.);
#3625=ORIENTED_EDGE('',*,*,#2644,.F.);
#3626=ORIENTED_EDGE('',*,*,#2645,.F.);
#3627=ORIENTED_EDGE('',*,*,#2264,.T.);
#3628=ORIENTED_EDGE('',*,*,#2645,.T.);
#3629=ORIENTED_EDGE('',*,*,#2646,.F.);
#3630=ORIENTED_EDGE('',*,*,#2647,.F.);
#3631=ORIENTED_EDGE('',*,*,#2265,.T.);
#3632=ORIENTED_EDGE('',*,*,#2647,.T.);
#3633=ORIENTED_EDGE('',*,*,#2648,.F.);
#3634=ORIENTED_EDGE('',*,*,#2649,.F.);
#3635=ORIENTED_EDGE('',*,*,#2266,.T.);
#3636=ORIENTED_EDGE('',*,*,#2649,.T.);
#3637=ORIENTED_EDGE('',*,*,#2650,.F.);
#3638=ORIENTED_EDGE('',*,*,#2651,.F.);
#3639=ORIENTED_EDGE('',*,*,#2267,.T.);
#3640=ORIENTED_EDGE('',*,*,#2651,.T.);
#3641=ORIENTED_EDGE('',*,*,#2652,.F.);
#3642=ORIENTED_EDGE('',*,*,#2653,.F.);
#3643=ORIENTED_EDGE('',*,*,#2260,.T.);
#3644=ORIENTED_EDGE('',*,*,#2653,.T.);
#3645=ORIENTED_EDGE('',*,*,#2654,.F.);
#3646=ORIENTED_EDGE('',*,*,#2639,.F.);
#3647=ORIENTED_EDGE('',*,*,#2269,.T.);
#3648=ORIENTED_EDGE('',*,*,#2655,.T.);
#3649=ORIENTED_EDGE('',*,*,#2656,.F.);
#3650=ORIENTED_EDGE('',*,*,#2657,.F.);
#3651=ORIENTED_EDGE('',*,*,#2270,.T.);
#3652=ORIENTED_EDGE('',*,*,#2657,.T.);
#3653=ORIENTED_EDGE('',*,*,#2658,.F.);
#3654=ORIENTED_EDGE('',*,*,#2659,.F.);
#3655=ORIENTED_EDGE('',*,*,#2271,.T.);
#3656=ORIENTED_EDGE('',*,*,#2659,.T.);
#3657=ORIENTED_EDGE('',*,*,#2660,.F.);
#3658=ORIENTED_EDGE('',*,*,#2661,.F.);
#3659=ORIENTED_EDGE('',*,*,#2272,.T.);
#3660=ORIENTED_EDGE('',*,*,#2661,.T.);
#3661=ORIENTED_EDGE('',*,*,#2662,.F.);
#3662=ORIENTED_EDGE('',*,*,#2663,.F.);
#3663=ORIENTED_EDGE('',*,*,#2273,.T.);
#3664=ORIENTED_EDGE('',*,*,#2663,.T.);
#3665=ORIENTED_EDGE('',*,*,#2664,.F.);
#3666=ORIENTED_EDGE('',*,*,#2665,.F.);
#3667=ORIENTED_EDGE('',*,*,#2274,.T.);
#3668=ORIENTED_EDGE('',*,*,#2665,.T.);
#3669=ORIENTED_EDGE('',*,*,#2666,.F.);
#3670=ORIENTED_EDGE('',*,*,#2667,.F.);
#3671=ORIENTED_EDGE('',*,*,#2275,.T.);
#3672=ORIENTED_EDGE('',*,*,#2667,.T.);
#3673=ORIENTED_EDGE('',*,*,#2668,.F.);
#3674=ORIENTED_EDGE('',*,*,#2669,.F.);
#3675=ORIENTED_EDGE('',*,*,#2268,.T.);
#3676=ORIENTED_EDGE('',*,*,#2669,.T.);
#3677=ORIENTED_EDGE('',*,*,#2670,.F.);
#3678=ORIENTED_EDGE('',*,*,#2655,.F.);
#3679=ORIENTED_EDGE('',*,*,#2080,.T.);
#3680=ORIENTED_EDGE('',*,*,#2671,.T.);
#3681=ORIENTED_EDGE('',*,*,#2672,.F.);
#3682=ORIENTED_EDGE('',*,*,#2673,.F.);
#3683=ORIENTED_EDGE('',*,*,#2081,.T.);
#3684=ORIENTED_EDGE('',*,*,#2673,.T.);
#3685=ORIENTED_EDGE('',*,*,#2674,.F.);
#3686=ORIENTED_EDGE('',*,*,#2286,.F.);
#3687=ORIENTED_EDGE('',*,*,#2068,.F.);
#3688=ORIENTED_EDGE('',*,*,#2675,.F.);
#3689=ORIENTED_EDGE('',*,*,#2294,.F.);
#3690=ORIENTED_EDGE('',*,*,#2074,.T.);
#3691=ORIENTED_EDGE('',*,*,#2289,.F.);
#3692=ORIENTED_EDGE('',*,*,#2676,.F.);
#3693=ORIENTED_EDGE('',*,*,#2677,.F.);
#3694=ORIENTED_EDGE('',*,*,#2078,.T.);
#3695=ORIENTED_EDGE('',*,*,#2079,.T.);
#3696=ORIENTED_EDGE('',*,*,#2677,.T.);
#3697=ORIENTED_EDGE('',*,*,#2678,.F.);
#3698=ORIENTED_EDGE('',*,*,#2671,.F.);
#3699=ORIENTED_EDGE('',*,*,#2067,.F.);
#3700=ORIENTED_EDGE('',*,*,#2073,.T.);
#3701=ORIENTED_EDGE('',*,*,#2277,.F.);
#3702=ORIENTED_EDGE('',*,*,#2279,.T.);
#3703=ORIENTED_EDGE('',*,*,#2280,.F.);
#3704=ORIENTED_EDGE('',*,*,#2283,.T.);
#3705=ORIENTED_EDGE('',*,*,#2284,.F.);
#3706=ORIENTED_EDGE('',*,*,#2287,.T.);
#3707=ORIENTED_EDGE('',*,*,#2674,.T.);
#3708=ORIENTED_EDGE('',*,*,#2672,.T.);
#3709=ORIENTED_EDGE('',*,*,#2678,.T.);
#3710=ORIENTED_EDGE('',*,*,#2676,.T.);
#3711=ORIENTED_EDGE('',*,*,#2288,.F.);
#3712=ORIENTED_EDGE('',*,*,#2292,.T.);
#3713=ORIENTED_EDGE('',*,*,#2293,.F.);
#3714=ORIENTED_EDGE('',*,*,#2675,.T.);
#3715=ORIENTED_EDGE('',*,*,#2670,.T.);
#3716=ORIENTED_EDGE('',*,*,#2668,.T.);
#3717=ORIENTED_EDGE('',*,*,#2666,.T.);
#3718=ORIENTED_EDGE('',*,*,#2664,.T.);
#3719=ORIENTED_EDGE('',*,*,#2662,.T.);
#3720=ORIENTED_EDGE('',*,*,#2660,.T.);
#3721=ORIENTED_EDGE('',*,*,#2658,.T.);
#3722=ORIENTED_EDGE('',*,*,#2656,.T.);
#3723=ORIENTED_EDGE('',*,*,#2654,.T.);
#3724=ORIENTED_EDGE('',*,*,#2652,.T.);
#3725=ORIENTED_EDGE('',*,*,#2650,.T.);
#3726=ORIENTED_EDGE('',*,*,#2648,.T.);
#3727=ORIENTED_EDGE('',*,*,#2646,.T.);
#3728=ORIENTED_EDGE('',*,*,#2644,.T.);
#3729=ORIENTED_EDGE('',*,*,#2642,.T.);
#3730=ORIENTED_EDGE('',*,*,#2640,.T.);
#3731=ORIENTED_EDGE('',*,*,#2638,.T.);
#3732=ORIENTED_EDGE('',*,*,#2636,.T.);
#3733=ORIENTED_EDGE('',*,*,#2634,.T.);
#3734=ORIENTED_EDGE('',*,*,#2632,.T.);
#3735=ORIENTED_EDGE('',*,*,#2630,.T.);
#3736=ORIENTED_EDGE('',*,*,#2628,.T.);
#3737=ORIENTED_EDGE('',*,*,#2626,.T.);
#3738=ORIENTED_EDGE('',*,*,#2624,.T.);
#3739=ORIENTED_EDGE('',*,*,#2622,.T.);
#3740=ORIENTED_EDGE('',*,*,#2620,.T.);
#3741=ORIENTED_EDGE('',*,*,#2618,.T.);
#3742=ORIENTED_EDGE('',*,*,#2616,.T.);
#3743=ORIENTED_EDGE('',*,*,#2614,.T.);
#3744=ORIENTED_EDGE('',*,*,#2612,.T.);
#3745=ORIENTED_EDGE('',*,*,#2610,.T.);
#3746=ORIENTED_EDGE('',*,*,#2608,.T.);
#3747=ORIENTED_EDGE('',*,*,#2606,.T.);
#3748=ORIENTED_EDGE('',*,*,#2604,.T.);
#3749=ORIENTED_EDGE('',*,*,#2602,.T.);
#3750=ORIENTED_EDGE('',*,*,#2600,.T.);
#3751=ORIENTED_EDGE('',*,*,#2598,.T.);
#3752=ORIENTED_EDGE('',*,*,#2596,.T.);
#3753=ORIENTED_EDGE('',*,*,#2594,.T.);
#3754=ORIENTED_EDGE('',*,*,#2592,.T.);
#3755=ORIENTED_EDGE('',*,*,#2590,.T.);
#3756=ORIENTED_EDGE('',*,*,#2588,.T.);
#3757=ORIENTED_EDGE('',*,*,#2586,.T.);
#3758=ORIENTED_EDGE('',*,*,#2584,.T.);
#3759=ORIENTED_EDGE('',*,*,#2582,.T.);
#3760=ORIENTED_EDGE('',*,*,#2580,.T.);
#3761=ORIENTED_EDGE('',*,*,#2578,.T.);
#3762=ORIENTED_EDGE('',*,*,#2576,.T.);
#3763=ORIENTED_EDGE('',*,*,#2574,.T.);
#3764=ORIENTED_EDGE('',*,*,#2572,.T.);
#3765=ORIENTED_EDGE('',*,*,#2570,.T.);
#3766=ORIENTED_EDGE('',*,*,#2568,.T.);
#3767=ORIENTED_EDGE('',*,*,#2566,.T.);
#3768=ORIENTED_EDGE('',*,*,#2564,.T.);
#3769=ORIENTED_EDGE('',*,*,#2562,.T.);
#3770=ORIENTED_EDGE('',*,*,#2560,.T.);
#3771=ORIENTED_EDGE('',*,*,#2558,.T.);
#3772=ORIENTED_EDGE('',*,*,#2556,.T.);
#3773=ORIENTED_EDGE('',*,*,#2554,.T.);
#3774=ORIENTED_EDGE('',*,*,#2552,.T.);
#3775=ORIENTED_EDGE('',*,*,#2550,.T.);
#3776=ORIENTED_EDGE('',*,*,#2548,.T.);
#3777=ORIENTED_EDGE('',*,*,#2546,.T.);
#3778=ORIENTED_EDGE('',*,*,#2544,.T.);
#3779=ORIENTED_EDGE('',*,*,#2542,.T.);
#3780=ORIENTED_EDGE('',*,*,#2540,.T.);
#3781=ORIENTED_EDGE('',*,*,#2538,.T.);
#3782=ORIENTED_EDGE('',*,*,#2536,.T.);
#3783=ORIENTED_EDGE('',*,*,#2534,.T.);
#3784=ORIENTED_EDGE('',*,*,#2532,.T.);
#3785=ORIENTED_EDGE('',*,*,#2530,.T.);
#3786=ORIENTED_EDGE('',*,*,#2528,.T.);
#3787=ORIENTED_EDGE('',*,*,#2526,.T.);
#3788=ORIENTED_EDGE('',*,*,#2524,.T.);
#3789=ORIENTED_EDGE('',*,*,#2522,.T.);
#3790=ORIENTED_EDGE('',*,*,#2520,.T.);
#3791=ORIENTED_EDGE('',*,*,#2518,.T.);
#3792=ORIENTED_EDGE('',*,*,#2516,.T.);
#3793=ORIENTED_EDGE('',*,*,#2514,.T.);
#3794=ORIENTED_EDGE('',*,*,#2512,.T.);
#3795=ORIENTED_EDGE('',*,*,#2510,.T.);
#3796=ORIENTED_EDGE('',*,*,#2508,.T.);
#3797=ORIENTED_EDGE('',*,*,#2506,.T.);
#3798=ORIENTED_EDGE('',*,*,#2504,.T.);
#3799=ORIENTED_EDGE('',*,*,#2502,.T.);
#3800=ORIENTED_EDGE('',*,*,#2500,.T.);
#3801=ORIENTED_EDGE('',*,*,#2498,.T.);
#3802=ORIENTED_EDGE('',*,*,#2496,.T.);
#3803=ORIENTED_EDGE('',*,*,#2494,.T.);
#3804=ORIENTED_EDGE('',*,*,#2492,.T.);
#3805=ORIENTED_EDGE('',*,*,#2490,.T.);
#3806=ORIENTED_EDGE('',*,*,#2488,.T.);
#3807=ORIENTED_EDGE('',*,*,#2486,.T.);
#3808=ORIENTED_EDGE('',*,*,#2484,.T.);
#3809=ORIENTED_EDGE('',*,*,#2482,.T.);
#3810=ORIENTED_EDGE('',*,*,#2480,.T.);
#3811=ORIENTED_EDGE('',*,*,#2478,.T.);
#3812=ORIENTED_EDGE('',*,*,#2476,.T.);
#3813=ORIENTED_EDGE('',*,*,#2474,.T.);
#3814=ORIENTED_EDGE('',*,*,#2472,.T.);
#3815=ORIENTED_EDGE('',*,*,#2470,.T.);
#3816=ORIENTED_EDGE('',*,*,#2468,.T.);
#3817=ORIENTED_EDGE('',*,*,#2466,.T.);
#3818=ORIENTED_EDGE('',*,*,#2464,.T.);
#3819=ORIENTED_EDGE('',*,*,#2462,.T.);
#3820=ORIENTED_EDGE('',*,*,#2460,.T.);
#3821=ORIENTED_EDGE('',*,*,#2458,.T.);
#3822=ORIENTED_EDGE('',*,*,#2456,.T.);
#3823=ORIENTED_EDGE('',*,*,#2454,.T.);
#3824=ORIENTED_EDGE('',*,*,#2452,.T.);
#3825=ORIENTED_EDGE('',*,*,#2450,.T.);
#3826=ORIENTED_EDGE('',*,*,#2448,.T.);
#3827=ORIENTED_EDGE('',*,*,#2446,.T.);
#3828=ORIENTED_EDGE('',*,*,#2444,.T.);
#3829=ORIENTED_EDGE('',*,*,#2442,.T.);
#3830=ORIENTED_EDGE('',*,*,#2440,.T.);
#3831=ORIENTED_EDGE('',*,*,#2438,.T.);
#3832=ORIENTED_EDGE('',*,*,#2436,.T.);
#3833=ORIENTED_EDGE('',*,*,#2434,.T.);
#3834=ORIENTED_EDGE('',*,*,#2432,.T.);
#3835=ORIENTED_EDGE('',*,*,#2430,.T.);
#3836=ORIENTED_EDGE('',*,*,#2428,.T.);
#3837=ORIENTED_EDGE('',*,*,#2426,.T.);
#3838=ORIENTED_EDGE('',*,*,#2424,.T.);
#3839=ORIENTED_EDGE('',*,*,#2422,.T.);
#3840=ORIENTED_EDGE('',*,*,#2420,.T.);
#3841=ORIENTED_EDGE('',*,*,#2418,.T.);
#3842=ORIENTED_EDGE('',*,*,#2416,.T.);
#3843=ORIENTED_EDGE('',*,*,#2414,.T.);
#3844=ORIENTED_EDGE('',*,*,#2412,.T.);
#3845=ORIENTED_EDGE('',*,*,#2410,.T.);
#3846=ORIENTED_EDGE('',*,*,#2408,.T.);
#3847=ORIENTED_EDGE('',*,*,#2406,.T.);
#3848=ORIENTED_EDGE('',*,*,#2404,.T.);
#3849=ORIENTED_EDGE('',*,*,#2402,.T.);
#3850=ORIENTED_EDGE('',*,*,#2400,.T.);
#3851=ORIENTED_EDGE('',*,*,#2398,.T.);
#3852=ORIENTED_EDGE('',*,*,#2396,.T.);
#3853=ORIENTED_EDGE('',*,*,#2394,.T.);
#3854=ORIENTED_EDGE('',*,*,#2392,.T.);
#3855=ORIENTED_EDGE('',*,*,#2390,.T.);
#3856=ORIENTED_EDGE('',*,*,#2388,.T.);
#3857=ORIENTED_EDGE('',*,*,#2386,.T.);
#3858=ORIENTED_EDGE('',*,*,#2384,.T.);
#3859=ORIENTED_EDGE('',*,*,#2382,.T.);
#3860=ORIENTED_EDGE('',*,*,#2380,.T.);
#3861=ORIENTED_EDGE('',*,*,#2378,.T.);
#3862=ORIENTED_EDGE('',*,*,#2376,.T.);
#3863=ORIENTED_EDGE('',*,*,#2374,.T.);
#3864=ORIENTED_EDGE('',*,*,#2372,.T.);
#3865=ORIENTED_EDGE('',*,*,#2370,.T.);
#3866=ORIENTED_EDGE('',*,*,#2368,.T.);
#3867=ORIENTED_EDGE('',*,*,#2366,.T.);
#3868=ORIENTED_EDGE('',*,*,#2364,.T.);
#3869=ORIENTED_EDGE('',*,*,#2362,.T.);
#3870=ORIENTED_EDGE('',*,*,#2360,.T.);
#3871=ORIENTED_EDGE('',*,*,#2358,.T.);
#3872=ORIENTED_EDGE('',*,*,#2356,.T.);
#3873=ORIENTED_EDGE('',*,*,#2354,.T.);
#3874=ORIENTED_EDGE('',*,*,#2352,.T.);
#3875=ORIENTED_EDGE('',*,*,#2350,.T.);
#3876=ORIENTED_EDGE('',*,*,#2348,.T.);
#3877=ORIENTED_EDGE('',*,*,#2346,.T.);
#3878=ORIENTED_EDGE('',*,*,#2344,.T.);
#3879=ORIENTED_EDGE('',*,*,#2342,.T.);
#3880=ORIENTED_EDGE('',*,*,#2340,.T.);
#3881=ORIENTED_EDGE('',*,*,#2338,.T.);
#3882=ORIENTED_EDGE('',*,*,#2336,.T.);
#3883=ORIENTED_EDGE('',*,*,#2334,.T.);
#3884=ORIENTED_EDGE('',*,*,#2332,.T.);
#3885=ORIENTED_EDGE('',*,*,#2330,.T.);
#3886=ORIENTED_EDGE('',*,*,#2328,.T.);
#3887=ORIENTED_EDGE('',*,*,#2326,.T.);
#3888=ORIENTED_EDGE('',*,*,#2324,.T.);
#3889=ORIENTED_EDGE('',*,*,#2322,.T.);
#3890=ORIENTED_EDGE('',*,*,#2320,.T.);
#3891=ORIENTED_EDGE('',*,*,#2318,.T.);
#3892=ORIENTED_EDGE('',*,*,#2316,.T.);
#3893=ORIENTED_EDGE('',*,*,#2314,.T.);
#3894=ORIENTED_EDGE('',*,*,#2312,.T.);
#3895=ORIENTED_EDGE('',*,*,#2310,.T.);
#3896=ORIENTED_EDGE('',*,*,#2308,.T.);
#3897=ORIENTED_EDGE('',*,*,#2306,.T.);
#3898=ORIENTED_EDGE('',*,*,#2304,.T.);
#3899=ORIENTED_EDGE('',*,*,#2302,.T.);
#3900=ORIENTED_EDGE('',*,*,#2300,.T.);
#3901=ORIENTED_EDGE('',*,*,#2298,.T.);
#3902=ORIENTED_EDGE('',*,*,#2296,.T.);
#3903=CYLINDRICAL_SURFACE('',#4221,1.);
#3904=CYLINDRICAL_SURFACE('',#4323,1.);
#3905=CYLINDRICAL_SURFACE('',#4326,1.);
#3906=CYLINDRICAL_SURFACE('',#4329,1.);
#3907=CYLINDRICAL_SURFACE('',#4332,1.);
#3908=CYLINDRICAL_SURFACE('',#4335,1.);
#3909=CYLINDRICAL_SURFACE('',#4338,0.500000000000003);
#3910=CYLINDRICAL_SURFACE('',#4341,0.499999999999998);
#3911=CYLINDRICAL_SURFACE('',#4344,0.499999999999998);
#3912=CYLINDRICAL_SURFACE('',#4347,0.500000000000003);
#3913=CYLINDRICAL_SURFACE('',#4350,0.499999999999998);
#3914=CYLINDRICAL_SURFACE('',#4353,0.499999999999998);
#3915=CYLINDRICAL_SURFACE('',#4356,0.499999999999989);
#3916=CYLINDRICAL_SURFACE('',#4359,0.499999999999998);
#3917=CYLINDRICAL_SURFACE('',#4362,0.499999999999998);
#3918=CYLINDRICAL_SURFACE('',#4365,0.500000000000007);
#3919=CYLINDRICAL_SURFACE('',#4368,0.500000000000003);
#3920=CYLINDRICAL_SURFACE('',#4371,0.499999999999989);
#3921=CYLINDRICAL_SURFACE('',#4374,0.499999999999998);
#3922=CYLINDRICAL_SURFACE('',#4377,0.499999999999998);
#3923=CYLINDRICAL_SURFACE('',#4380,0.500000000000007);
#3924=CYLINDRICAL_SURFACE('',#4383,0.499999999999998);
#3925=CYLINDRICAL_SURFACE('',#4386,0.499999999999998);
#3926=CYLINDRICAL_SURFACE('',#4389,0.499999999999998);
#3927=CYLINDRICAL_SURFACE('',#4392,0.499999999999998);
#3928=CYLINDRICAL_SURFACE('',#4395,0.500000000000003);
#3929=CYLINDRICAL_SURFACE('',#4402,0.499999999999998);
#3930=CYLINDRICAL_SURFACE('',#4405,0.499999999999998);
#3931=CYLINDRICAL_SURFACE('',#4408,0.499999999999998);
#3932=CYLINDRICAL_SURFACE('',#4411,0.499999999999998);
#3933=CYLINDRICAL_SURFACE('',#4414,0.499999999999998);
#3934=CYLINDRICAL_SURFACE('',#4417,0.499999999999998);
#3935=CYLINDRICAL_SURFACE('',#4420,0.500000000000003);
#3936=CYLINDRICAL_SURFACE('',#4423,0.499999999999998);
#3937=CYLINDRICAL_SURFACE('',#4426,0.499999999999998);
#3938=CYLINDRICAL_SURFACE('',#4429,0.499999999999998);
#3939=CYLINDRICAL_SURFACE('',#4432,0.500000000000003);
#3940=CYLINDRICAL_SURFACE('',#4435,0.500000000000003);
#3941=CYLINDRICAL_SURFACE('',#4438,0.499999999999998);
#3942=CYLINDRICAL_SURFACE('',#4441,0.499999999999998);
#3943=CYLINDRICAL_SURFACE('',#4444,0.499999999999998);
#3944=CYLINDRICAL_SURFACE('',#4447,0.499999999999998);
#3945=CYLINDRICAL_SURFACE('',#4450,0.500000000000003);
#3946=CYLINDRICAL_SURFACE('',#4453,0.500000000000003);
#3947=CYLINDRICAL_SURFACE('',#4456,0.499999999999998);
#3948=CYLINDRICAL_SURFACE('',#4459,0.499999999999998);
#3949=CYLINDRICAL_SURFACE('',#4462,0.500000000000007);
#3950=CYLINDRICAL_SURFACE('',#4465,0.499999999999998);
#3951=CYLINDRICAL_SURFACE('',#4468,0.500000000000007);
#3952=CYLINDRICAL_SURFACE('',#4471,0.499999999999998);
#3953=CYLINDRICAL_SURFACE('',#4474,0.500000000000007);
#3954=CYLINDRICAL_SURFACE('',#4477,0.499999999999998);
#3955=CYLINDRICAL_SURFACE('',#4480,0.499999999999998);
#3956=CYLINDRICAL_SURFACE('',#4483,0.499999999999998);
#3957=CYLINDRICAL_SURFACE('',#4486,0.499999999999998);
#3958=CYLINDRICAL_SURFACE('',#4489,0.499999999999998);
#3959=CYLINDRICAL_SURFACE('',#4492,0.500000000000003);
#3960=CYLINDRICAL_SURFACE('',#4495,0.499999999999998);
#3961=CYLINDRICAL_SURFACE('',#4498,0.499999999999998);
#3962=CYLINDRICAL_SURFACE('',#4501,0.500000000000003);
#3963=CYLINDRICAL_SURFACE('',#4504,0.499999999999998);
#3964=CYLINDRICAL_SURFACE('',#4507,0.499999999999998);
#3965=CYLINDRICAL_SURFACE('',#4510,0.499999999999998);
#3966=CYLINDRICAL_SURFACE('',#4513,0.500000000000007);
#3967=CYLINDRICAL_SURFACE('',#4516,0.500000000000003);
#3968=CYLINDRICAL_SURFACE('',#4519,0.499999999999989);
#3969=CYLINDRICAL_SURFACE('',#4522,0.499999999999998);
#3970=CYLINDRICAL_SURFACE('',#4525,0.499999999999998);
#3971=CYLINDRICAL_SURFACE('',#4528,0.500000000000003);
#3972=CYLINDRICAL_SURFACE('',#4531,0.499999999999998);
#3973=CYLINDRICAL_SURFACE('',#4534,0.499999999999998);
#3974=CYLINDRICAL_SURFACE('',#4537,0.499999999999998);
#3975=CYLINDRICAL_SURFACE('',#4540,0.499999999999998);
#3976=CYLINDRICAL_SURFACE('',#4543,0.500000000000003);
#3977=CYLINDRICAL_SURFACE('',#4546,0.499999999999998);
#3978=CYLINDRICAL_SURFACE('',#4549,0.499999999999998);
#3979=CYLINDRICAL_SURFACE('',#4552,0.499999999999998);
#3980=CYLINDRICAL_SURFACE('',#4555,0.499999999999998);
#3981=CYLINDRICAL_SURFACE('',#4558,0.500000000000003);
#3982=CYLINDRICAL_SURFACE('',#4561,0.499999999999998);
#3983=CYLINDRICAL_SURFACE('',#4564,0.499999999999998);
#3984=CYLINDRICAL_SURFACE('',#4567,0.499999999999998);
#3985=CYLINDRICAL_SURFACE('',#4570,0.499999999999998);
#3986=CYLINDRICAL_SURFACE('',#4573,0.499999999999989);
#3987=CYLINDRICAL_SURFACE('',#4576,0.499999999999998);
#3988=CYLINDRICAL_SURFACE('',#4579,0.499999999999998);
#3989=CYLINDRICAL_SURFACE('',#4582,0.499999999999998);
#3990=CYLINDRICAL_SURFACE('',#4585,0.499999999999989);
#3991=CYLINDRICAL_SURFACE('',#4588,0.500000000000003);
#3992=CYLINDRICAL_SURFACE('',#4591,0.499999999999998);
#3993=CYLINDRICAL_SURFACE('',#4594,0.499999999999998);
#3994=CYLINDRICAL_SURFACE('',#4597,0.500000000000003);
#3995=CYLINDRICAL_SURFACE('',#4600,0.500000000000003);
#3996=CYLINDRICAL_SURFACE('',#4603,0.499999999999998);
#3997=CYLINDRICAL_SURFACE('',#4606,0.500000000000003);
#3998=CYLINDRICAL_SURFACE('',#4609,0.499999999999998);
#3999=CYLINDRICAL_SURFACE('',#4612,0.499999999999998);
#4000=CYLINDRICAL_SURFACE('',#4615,0.499999999999998);
#4001=ADVANCED_FACE('',(#171),#3903,.T.);
#4002=ADVANCED_FACE('',(#172),#63,.T.);
#4003=ADVANCED_FACE('',(#173,#15,#16,#17,#18,#19,#20,#21,#22,#23,#24,#25,
#26,#27,#28,#29,#30,#31,#32,#33,#34,#35,#36,#37,#38),#64,.F.);
#4004=ADVANCED_FACE('',(#174),#3904,.F.);
#4005=ADVANCED_FACE('',(#175),#65,.T.);
#4006=ADVANCED_FACE('',(#176),#3905,.T.);
#4007=ADVANCED_FACE('',(#177),#66,.T.);
#4008=ADVANCED_FACE('',(#178),#3906,.T.);
#4009=ADVANCED_FACE('',(#179),#67,.T.);
#4010=ADVANCED_FACE('',(#180),#3907,.T.);
#4011=ADVANCED_FACE('',(#181),#68,.T.);
#4012=ADVANCED_FACE('',(#182),#3908,.T.);
#4013=ADVANCED_FACE('',(#183),#69,.T.);
#4014=ADVANCED_FACE('',(#184),#3909,.F.);
#4015=ADVANCED_FACE('',(#185),#70,.T.);
#4016=ADVANCED_FACE('',(#186),#3910,.F.);
#4017=ADVANCED_FACE('',(#187),#71,.T.);
#4018=ADVANCED_FACE('',(#188),#3911,.F.);
#4019=ADVANCED_FACE('',(#189),#72,.T.);
#4020=ADVANCED_FACE('',(#190),#3912,.F.);
#4021=ADVANCED_FACE('',(#191),#73,.T.);
#4022=ADVANCED_FACE('',(#192),#3913,.F.);
#4023=ADVANCED_FACE('',(#193),#74,.T.);
#4024=ADVANCED_FACE('',(#194),#3914,.F.);
#4025=ADVANCED_FACE('',(#195),#75,.T.);
#4026=ADVANCED_FACE('',(#196),#3915,.F.);
#4027=ADVANCED_FACE('',(#197),#76,.T.);
#4028=ADVANCED_FACE('',(#198),#3916,.F.);
#4029=ADVANCED_FACE('',(#199),#77,.T.);
#4030=ADVANCED_FACE('',(#200),#3917,.F.);
#4031=ADVANCED_FACE('',(#201),#78,.T.);
#4032=ADVANCED_FACE('',(#202),#3918,.F.);
#4033=ADVANCED_FACE('',(#203),#79,.T.);
#4034=ADVANCED_FACE('',(#204),#3919,.F.);
#4035=ADVANCED_FACE('',(#205),#80,.T.);
#4036=ADVANCED_FACE('',(#206),#3920,.F.);
#4037=ADVANCED_FACE('',(#207),#81,.T.);
#4038=ADVANCED_FACE('',(#208),#3921,.F.);
#4039=ADVANCED_FACE('',(#209),#82,.T.);
#4040=ADVANCED_FACE('',(#210),#3922,.F.);
#4041=ADVANCED_FACE('',(#211),#83,.T.);
#4042=ADVANCED_FACE('',(#212),#3923,.F.);
#4043=ADVANCED_FACE('',(#213),#84,.T.);
#4044=ADVANCED_FACE('',(#214),#3924,.F.);
#4045=ADVANCED_FACE('',(#215),#85,.T.);
#4046=ADVANCED_FACE('',(#216),#3925,.F.);
#4047=ADVANCED_FACE('',(#217),#86,.T.);
#4048=ADVANCED_FACE('',(#218),#3926,.F.);
#4049=ADVANCED_FACE('',(#219),#87,.T.);
#4050=ADVANCED_FACE('',(#220),#3927,.F.);
#4051=ADVANCED_FACE('',(#221),#88,.T.);
#4052=ADVANCED_FACE('',(#222),#3928,.F.);
#4053=ADVANCED_FACE('',(#223),#89,.T.);
#4054=ADVANCED_FACE('',(#224),#90,.T.);
#4055=ADVANCED_FACE('',(#225),#91,.T.);
#4056=ADVANCED_FACE('',(#226),#92,.T.);
#4057=ADVANCED_FACE('',(#227),#93,.T.);
#4058=ADVANCED_FACE('',(#228),#3929,.F.);
#4059=ADVANCED_FACE('',(#229),#94,.T.);
#4060=ADVANCED_FACE('',(#230),#3930,.F.);
#4061=ADVANCED_FACE('',(#231),#95,.T.);
#4062=ADVANCED_FACE('',(#232),#3931,.F.);
#4063=ADVANCED_FACE('',(#233),#96,.T.);
#4064=ADVANCED_FACE('',(#234),#3932,.F.);
#4065=ADVANCED_FACE('',(#235),#97,.T.);
#4066=ADVANCED_FACE('',(#236),#3933,.F.);
#4067=ADVANCED_FACE('',(#237),#98,.T.);
#4068=ADVANCED_FACE('',(#238),#3934,.F.);
#4069=ADVANCED_FACE('',(#239),#99,.T.);
#4070=ADVANCED_FACE('',(#240),#3935,.F.);
#4071=ADVANCED_FACE('',(#241),#100,.T.);
#4072=ADVANCED_FACE('',(#242),#3936,.F.);
#4073=ADVANCED_FACE('',(#243),#101,.T.);
#4074=ADVANCED_FACE('',(#244),#3937,.F.);
#4075=ADVANCED_FACE('',(#245),#102,.T.);
#4076=ADVANCED_FACE('',(#246),#3938,.F.);
#4077=ADVANCED_FACE('',(#247),#103,.T.);
#4078=ADVANCED_FACE('',(#248),#3939,.F.);
#4079=ADVANCED_FACE('',(#249),#104,.T.);
#4080=ADVANCED_FACE('',(#250),#3940,.F.);
#4081=ADVANCED_FACE('',(#251),#105,.T.);
#4082=ADVANCED_FACE('',(#252),#3941,.F.);
#4083=ADVANCED_FACE('',(#253),#106,.T.);
#4084=ADVANCED_FACE('',(#254),#3942,.F.);
#4085=ADVANCED_FACE('',(#255),#107,.T.);
#4086=ADVANCED_FACE('',(#256),#3943,.F.);
#4087=ADVANCED_FACE('',(#257),#108,.T.);
#4088=ADVANCED_FACE('',(#258),#3944,.F.);
#4089=ADVANCED_FACE('',(#259),#109,.T.);
#4090=ADVANCED_FACE('',(#260),#3945,.F.);
#4091=ADVANCED_FACE('',(#261),#110,.T.);
#4092=ADVANCED_FACE('',(#262),#3946,.F.);
#4093=ADVANCED_FACE('',(#263),#111,.T.);
#4094=ADVANCED_FACE('',(#264),#3947,.F.);
#4095=ADVANCED_FACE('',(#265),#112,.T.);
#4096=ADVANCED_FACE('',(#266),#3948,.F.);
#4097=ADVANCED_FACE('',(#267),#113,.T.);
#4098=ADVANCED_FACE('',(#268),#3949,.F.);
#4099=ADVANCED_FACE('',(#269),#114,.T.);
#4100=ADVANCED_FACE('',(#270),#3950,.F.);
#4101=ADVANCED_FACE('',(#271),#115,.T.);
#4102=ADVANCED_FACE('',(#272),#3951,.F.);
#4103=ADVANCED_FACE('',(#273),#116,.T.);
#4104=ADVANCED_FACE('',(#274),#3952,.F.);
#4105=ADVANCED_FACE('',(#275),#117,.T.);
#4106=ADVANCED_FACE('',(#276),#3953,.F.);
#4107=ADVANCED_FACE('',(#277),#118,.T.);
#4108=ADVANCED_FACE('',(#278),#3954,.F.);
#4109=ADVANCED_FACE('',(#279),#119,.T.);
#4110=ADVANCED_FACE('',(#280),#3955,.F.);
#4111=ADVANCED_FACE('',(#281),#120,.T.);
#4112=ADVANCED_FACE('',(#282),#3956,.F.);
#4113=ADVANCED_FACE('',(#283),#121,.T.);
#4114=ADVANCED_FACE('',(#284),#3957,.F.);
#4115=ADVANCED_FACE('',(#285),#122,.T.);
#4116=ADVANCED_FACE('',(#286),#3958,.F.);
#4117=ADVANCED_FACE('',(#287),#123,.T.);
#4118=ADVANCED_FACE('',(#288),#3959,.F.);
#4119=ADVANCED_FACE('',(#289),#124,.T.);
#4120=ADVANCED_FACE('',(#290),#3960,.F.);
#4121=ADVANCED_FACE('',(#291),#125,.T.);
#4122=ADVANCED_FACE('',(#292),#3961,.F.);
#4123=ADVANCED_FACE('',(#293),#126,.T.);
#4124=ADVANCED_FACE('',(#294),#3962,.F.);
#4125=ADVANCED_FACE('',(#295),#127,.T.);
#4126=ADVANCED_FACE('',(#296),#3963,.F.);
#4127=ADVANCED_FACE('',(#297),#128,.T.);
#4128=ADVANCED_FACE('',(#298),#3964,.F.);
#4129=ADVANCED_FACE('',(#299),#129,.T.);
#4130=ADVANCED_FACE('',(#300),#3965,.F.);
#4131=ADVANCED_FACE('',(#301),#130,.T.);
#4132=ADVANCED_FACE('',(#302),#3966,.F.);
#4133=ADVANCED_FACE('',(#303),#131,.T.);
#4134=ADVANCED_FACE('',(#304),#3967,.F.);
#4135=ADVANCED_FACE('',(#305),#132,.T.);
#4136=ADVANCED_FACE('',(#306),#3968,.F.);
#4137=ADVANCED_FACE('',(#307),#133,.T.);
#4138=ADVANCED_FACE('',(#308),#3969,.F.);
#4139=ADVANCED_FACE('',(#309),#134,.T.);
#4140=ADVANCED_FACE('',(#310),#3970,.F.);
#4141=ADVANCED_FACE('',(#311),#135,.T.);
#4142=ADVANCED_FACE('',(#312),#3971,.F.);
#4143=ADVANCED_FACE('',(#313),#136,.T.);
#4144=ADVANCED_FACE('',(#314),#3972,.F.);
#4145=ADVANCED_FACE('',(#315),#137,.T.);
#4146=ADVANCED_FACE('',(#316),#3973,.F.);
#4147=ADVANCED_FACE('',(#317),#138,.T.);
#4148=ADVANCED_FACE('',(#318),#3974,.F.);
#4149=ADVANCED_FACE('',(#319),#139,.T.);
#4150=ADVANCED_FACE('',(#320),#3975,.F.);
#4151=ADVANCED_FACE('',(#321),#140,.T.);
#4152=ADVANCED_FACE('',(#322),#3976,.F.);
#4153=ADVANCED_FACE('',(#323),#141,.T.);
#4154=ADVANCED_FACE('',(#324),#3977,.F.);
#4155=ADVANCED_FACE('',(#325),#142,.T.);
#4156=ADVANCED_FACE('',(#326),#3978,.F.);
#4157=ADVANCED_FACE('',(#327),#143,.T.);
#4158=ADVANCED_FACE('',(#328),#3979,.F.);
#4159=ADVANCED_FACE('',(#329),#144,.T.);
#4160=ADVANCED_FACE('',(#330),#3980,.F.);
#4161=ADVANCED_FACE('',(#331),#145,.T.);
#4162=ADVANCED_FACE('',(#332),#3981,.F.);
#4163=ADVANCED_FACE('',(#333),#146,.T.);
#4164=ADVANCED_FACE('',(#334),#3982,.F.);
#4165=ADVANCED_FACE('',(#335),#147,.T.);
#4166=ADVANCED_FACE('',(#336),#3983,.F.);
#4167=ADVANCED_FACE('',(#337),#148,.T.);
#4168=ADVANCED_FACE('',(#338),#3984,.F.);
#4169=ADVANCED_FACE('',(#339),#149,.T.);
#4170=ADVANCED_FACE('',(#340),#3985,.F.);
#4171=ADVANCED_FACE('',(#341),#150,.T.);
#4172=ADVANCED_FACE('',(#342),#3986,.F.);
#4173=ADVANCED_FACE('',(#343),#151,.T.);
#4174=ADVANCED_FACE('',(#344),#3987,.F.);
#4175=ADVANCED_FACE('',(#345),#152,.T.);
#4176=ADVANCED_FACE('',(#346),#3988,.F.);
#4177=ADVANCED_FACE('',(#347),#153,.T.);
#4178=ADVANCED_FACE('',(#348),#3989,.F.);
#4179=ADVANCED_FACE('',(#349),#154,.T.);
#4180=ADVANCED_FACE('',(#350),#3990,.F.);
#4181=ADVANCED_FACE('',(#351),#155,.T.);
#4182=ADVANCED_FACE('',(#352),#3991,.F.);
#4183=ADVANCED_FACE('',(#353),#156,.T.);
#4184=ADVANCED_FACE('',(#354),#3992,.F.);
#4185=ADVANCED_FACE('',(#355),#157,.T.);
#4186=ADVANCED_FACE('',(#356),#3993,.F.);
#4187=ADVANCED_FACE('',(#357),#158,.T.);
#4188=ADVANCED_FACE('',(#358),#3994,.F.);
#4189=ADVANCED_FACE('',(#359),#159,.T.);
#4190=ADVANCED_FACE('',(#360),#3995,.F.);
#4191=ADVANCED_FACE('',(#361),#160,.T.);
#4192=ADVANCED_FACE('',(#362),#3996,.F.);
#4193=ADVANCED_FACE('',(#363),#161,.T.);
#4194=ADVANCED_FACE('',(#364),#3997,.F.);
#4195=ADVANCED_FACE('',(#365),#162,.T.);
#4196=ADVANCED_FACE('',(#366),#3998,.F.);
#4197=ADVANCED_FACE('',(#367),#163,.T.);
#4198=ADVANCED_FACE('',(#368),#3999,.F.);
#4199=ADVANCED_FACE('',(#369),#164,.T.);
#4200=ADVANCED_FACE('',(#370),#4000,.F.);
#4201=ADVANCED_FACE('',(#371),#165,.T.);
#4202=ADVANCED_FACE('',(#372),#166,.T.);
#4203=ADVANCED_FACE('',(#373),#167,.T.);
#4204=ADVANCED_FACE('',(#374),#168,.T.);
#4205=ADVANCED_FACE('',(#375),#169,.T.);
#4206=ADVANCED_FACE('',(#376,#39,#40,#41,#42,#43,#44,#45,#46,#47,#48,#49,
#50,#51,#52,#53,#54,#55,#56,#57,#58,#59,#60,#61,#62),#170,.T.);
#4207=CLOSED_SHELL('',(#4001,#4002,#4003,#4004,#4005,#4006,#4007,#4008,
#4009,#4010,#4011,#4012,#4013,#4014,#4015,#4016,#4017,#4018,#4019,#4020,
#4021,#4022,#4023,#4024,#4025,#4026,#4027,#4028,#4029,#4030,#4031,#4032,
#4033,#4034,#4035,#4036,#4037,#4038,#4039,#4040,#4041,#4042,#4043,#4044,
#4045,#4046,#4047,#4048,#4049,#4050,#4051,#4052,#4053,#4054,#4055,#4056,
#4057,#4058,#4059,#4060,#4061,#4062,#4063,#4064,#4065,#4066,#4067,#4068,
#4069,#4070,#4071,#4072,#4073,#4074,#4075,#4076,#4077,#4078,#4079,#4080,
#4081,#4082,#4083,#4084,#4085,#4086,#4087,#4088,#4089,#4090,#4091,#4092,
#4093,#4094,#4095,#4096,#4097,#4098,#4099,#4100,#4101,#4102,#4103,#4104,
#4105,#4106,#4107,#4108,#4109,#4110,#4111,#4112,#4113,#4114,#4115,#4116,
#4117,#4118,#4119,#4120,#4121,#4122,#4123,#4124,#4125,#4126,#4127,#4128,
#4129,#4130,#4131,#4132,#4133,#4134,#4135,#4136,#4137,#4138,#4139,#4140,
#4141,#4142,#4143,#4144,#4145,#4146,#4147,#4148,#4149,#4150,#4151,#4152,
#4153,#4154,#4155,#4156,#4157,#4158,#4159,#4160,#4161,#4162,#4163,#4164,
#4165,#4166,#4167,#4168,#4169,#4170,#4171,#4172,#4173,#4174,#4175,#4176,
#4177,#4178,#4179,#4180,#4181,#4182,#4183,#4184,#4185,#4186,#4187,#4188,
#4189,#4190,#4191,#4192,#4193,#4194,#4195,#4196,#4197,#4198,#4199,#4200,
#4201,#4202,#4203,#4204,#4205,#4206));
#4208=DERIVED_UNIT_ELEMENT(#4210,1.);
#4209=DERIVED_UNIT_ELEMENT(#7077,-3.);
#4210=(
MASS_UNIT()
NAMED_UNIT(*)
SI_UNIT(.KILO.,.GRAM.)
);
#4211=DERIVED_UNIT((#4208,#4209));
#4212=MEASURE_REPRESENTATION_ITEM('density measure',
POSITIVE_RATIO_MEASURE(7850.),#4211);
#4213=PROPERTY_DEFINITION_REPRESENTATION(#4218,#4215);
#4214=PROPERTY_DEFINITION_REPRESENTATION(#4219,#4216);
#4215=REPRESENTATION('material name',(#4217),#7074);
#4216=REPRESENTATION('density',(#4212),#7074);
#4217=DESCRIPTIVE_REPRESENTATION_ITEM('Steel','Steel');
#4218=PROPERTY_DEFINITION('material property','material name',#7084);
#4219=PROPERTY_DEFINITION('material property','density of part',#7084);
#4220=AXIS2_PLACEMENT_3D('',#5845,#4623,#4624);
#4221=AXIS2_PLACEMENT_3D('',#5846,#4625,#4626);
#4222=AXIS2_PLACEMENT_3D('',#5849,#4627,#4628);
#4223=AXIS2_PLACEMENT_3D('',#5853,#4630,#4631);
#4224=AXIS2_PLACEMENT_3D('',#5855,#4633,#4634);
#4225=AXIS2_PLACEMENT_3D('',#5861,#4638,#4639);
#4226=AXIS2_PLACEMENT_3D('',#5865,#4641,#4642);
#4227=AXIS2_PLACEMENT_3D('',#5869,#4644,#4645);
#4228=AXIS2_PLACEMENT_3D('',#5881,#4651,#4652);
#4229=AXIS2_PLACEMENT_3D('',#5885,#4654,#4655);
#4230=AXIS2_PLACEMENT_3D('',#5888,#4657,#4658);
#4231=AXIS2_PLACEMENT_3D('',#5891,#4659,#4660);
#4232=AXIS2_PLACEMENT_3D('',#5895,#4662,#4663);
#4233=AXIS2_PLACEMENT_3D('',#5899,#4665,#4666);
#4234=AXIS2_PLACEMENT_3D('',#5903,#4668,#4669);
#4235=AXIS2_PLACEMENT_3D('',#5907,#4671,#4672);
#4236=AXIS2_PLACEMENT_3D('',#5911,#4674,#4675);
#4237=AXIS2_PLACEMENT_3D('',#5915,#4677,#4678);
#4238=AXIS2_PLACEMENT_3D('',#5919,#4680,#4681);
#4239=AXIS2_PLACEMENT_3D('',#5923,#4683,#4684);
#4240=AXIS2_PLACEMENT_3D('',#5927,#4686,#4687);
#4241=AXIS2_PLACEMENT_3D('',#5931,#4689,#4690);
#4242=AXIS2_PLACEMENT_3D('',#5935,#4692,#4693);
#4243=AXIS2_PLACEMENT_3D('',#5939,#4695,#4696);
#4244=AXIS2_PLACEMENT_3D('',#5943,#4698,#4699);
#4245=AXIS2_PLACEMENT_3D('',#5947,#4701,#4702);
#4246=AXIS2_PLACEMENT_3D('',#5951,#4704,#4705);
#4247=AXIS2_PLACEMENT_3D('',#5955,#4707,#4708);
#4248=AXIS2_PLACEMENT_3D('',#5959,#4710,#4711);
#4249=AXIS2_PLACEMENT_3D('',#5963,#4713,#4714);
#4250=AXIS2_PLACEMENT_3D('',#5967,#4716,#4717);
#4251=AXIS2_PLACEMENT_3D('',#5979,#4723,#4724);
#4252=AXIS2_PLACEMENT_3D('',#5983,#4726,#4727);
#4253=AXIS2_PLACEMENT_3D('',#5987,#4729,#4730);
#4254=AXIS2_PLACEMENT_3D('',#5991,#4732,#4733);
#4255=AXIS2_PLACEMENT_3D('',#5995,#4735,#4736);
#4256=AXIS2_PLACEMENT_3D('',#5999,#4738,#4739);
#4257=AXIS2_PLACEMENT_3D('',#6003,#4741,#4742);
#4258=AXIS2_PLACEMENT_3D('',#6007,#4744,#4745);
#4259=AXIS2_PLACEMENT_3D('',#6011,#4747,#4748);
#4260=AXIS2_PLACEMENT_3D('',#6015,#4750,#4751);
#4261=AXIS2_PLACEMENT_3D('',#6019,#4753,#4754);
#4262=AXIS2_PLACEMENT_3D('',#6023,#4756,#4757);
#4263=AXIS2_PLACEMENT_3D('',#6027,#4759,#4760);
#4264=AXIS2_PLACEMENT_3D('',#6031,#4762,#4763);
#4265=AXIS2_PLACEMENT_3D('',#6035,#4765,#4766);
#4266=AXIS2_PLACEMENT_3D('',#6039,#4768,#4769);
#4267=AXIS2_PLACEMENT_3D('',#6043,#4771,#4772);
#4268=AXIS2_PLACEMENT_3D('',#6047,#4774,#4775);
#4269=AXIS2_PLACEMENT_3D('',#6051,#4777,#4778);
#4270=AXIS2_PLACEMENT_3D('',#6055,#4780,#4781);
#4271=AXIS2_PLACEMENT_3D('',#6059,#4783,#4784);
#4272=AXIS2_PLACEMENT_3D('',#6063,#4786,#4787);
#4273=AXIS2_PLACEMENT_3D('',#6067,#4789,#4790);
#4274=AXIS2_PLACEMENT_3D('',#6071,#4792,#4793);
#4275=AXIS2_PLACEMENT_3D('',#6075,#4795,#4796);
#4276=AXIS2_PLACEMENT_3D('',#6079,#4798,#4799);
#4277=AXIS2_PLACEMENT_3D('',#6083,#4801,#4802);
#4278=AXIS2_PLACEMENT_3D('',#6087,#4804,#4805);
#4279=AXIS2_PLACEMENT_3D('',#6091,#4807,#4808);
#4280=AXIS2_PLACEMENT_3D('',#6095,#4810,#4811);
#4281=AXIS2_PLACEMENT_3D('',#6099,#4813,#4814);
#4282=AXIS2_PLACEMENT_3D('',#6103,#4816,#4817);
#4283=AXIS2_PLACEMENT_3D('',#6107,#4819,#4820);
#4284=AXIS2_PLACEMENT_3D('',#6111,#4822,#4823);
#4285=AXIS2_PLACEMENT_3D('',#6115,#4825,#4826);
#4286=AXIS2_PLACEMENT_3D('',#6119,#4828,#4829);
#4287=AXIS2_PLACEMENT_3D('',#6123,#4831,#4832);
#4288=AXIS2_PLACEMENT_3D('',#6127,#4834,#4835);
#4289=AXIS2_PLACEMENT_3D('',#6131,#4837,#4838);
#4290=AXIS2_PLACEMENT_3D('',#6135,#4840,#4841);
#4291=AXIS2_PLACEMENT_3D('',#6139,#4843,#4844);
#4292=AXIS2_PLACEMENT_3D('',#6143,#4846,#4847);
#4293=AXIS2_PLACEMENT_3D('',#6147,#4849,#4850);
#4294=AXIS2_PLACEMENT_3D('',#6151,#4852,#4853);
#4295=AXIS2_PLACEMENT_3D('',#6155,#4855,#4856);
#4296=AXIS2_PLACEMENT_3D('',#6159,#4858,#4859);
#4297=AXIS2_PLACEMENT_3D('',#6163,#4861,#4862);
#4298=AXIS2_PLACEMENT_3D('',#6167,#4864,#4865);
#4299=AXIS2_PLACEMENT_3D('',#6171,#4867,#4868);
#4300=AXIS2_PLACEMENT_3D('',#6175,#4870,#4871);
#4301=AXIS2_PLACEMENT_3D('',#6179,#4873,#4874);
#4302=AXIS2_PLACEMENT_3D('',#6183,#4876,#4877);
#4303=AXIS2_PLACEMENT_3D('',#6187,#4879,#4880);
#4304=AXIS2_PLACEMENT_3D('',#6191,#4882,#4883);
#4305=AXIS2_PLACEMENT_3D('',#6195,#4885,#4886);
#4306=AXIS2_PLACEMENT_3D('',#6199,#4888,#4889);
#4307=AXIS2_PLACEMENT_3D('',#6203,#4891,#4892);
#4308=AXIS2_PLACEMENT_3D('',#6207,#4894,#4895);
#4309=AXIS2_PLACEMENT_3D('',#6211,#4897,#4898);
#4310=AXIS2_PLACEMENT_3D('',#6215,#4900,#4901);
#4311=AXIS2_PLACEMENT_3D('',#6219,#4903,#4904);
#4312=AXIS2_PLACEMENT_3D('',#6223,#4906,#4907);
#4313=AXIS2_PLACEMENT_3D('',#6227,#4909,#4910);
#4314=AXIS2_PLACEMENT_3D('',#6231,#4912,#4913);
#4315=AXIS2_PLACEMENT_3D('',#6235,#4915,#4916);
#4316=AXIS2_PLACEMENT_3D('',#6239,#4918,#4919);
#4317=AXIS2_PLACEMENT_3D('',#6243,#4921,#4922);
#4318=AXIS2_PLACEMENT_3D('',#6247,#4924,#4925);
#4319=AXIS2_PLACEMENT_3D('',#6251,#4927,#4928);
#4320=AXIS2_PLACEMENT_3D('',#6255,#4930,#4931);
#4321=AXIS2_PLACEMENT_3D('',#6259,#4933,#4934);
#4322=AXIS2_PLACEMENT_3D('',#6263,#4936,#4937);
#4323=AXIS2_PLACEMENT_3D('',#6265,#4939,#4940);
#4324=AXIS2_PLACEMENT_3D('',#6268,#4942,#4943);
#4325=AXIS2_PLACEMENT_3D('',#6269,#4944,#4945);
#4326=AXIS2_PLACEMENT_3D('',#6273,#4948,#4949);
#4327=AXIS2_PLACEMENT_3D('',#6275,#4950,#4951);
#4328=AXIS2_PLACEMENT_3D('',#6277,#4953,#4954);
#4329=AXIS2_PLACEMENT_3D('',#6281,#4957,#4958);
#4330=AXIS2_PLACEMENT_3D('',#6283,#4959,#4960);
#4331=AXIS2_PLACEMENT_3D('',#6285,#4962,#4963);
#4332=AXIS2_PLACEMENT_3D('',#6289,#4966,#4967);
#4333=AXIS2_PLACEMENT_3D('',#6292,#4968,#4969);
#4334=AXIS2_PLACEMENT_3D('',#6295,#4972,#4973);
#4335=AXIS2_PLACEMENT_3D('',#6299,#4976,#4977);
#4336=AXIS2_PLACEMENT_3D('',#6301,#4978,#4979);
#4337=AXIS2_PLACEMENT_3D('',#6303,#4981,#4982);
#4338=AXIS2_PLACEMENT_3D('',#6309,#4986,#4987);
#4339=AXIS2_PLACEMENT_3D('',#6311,#4988,#4989);
#4340=AXIS2_PLACEMENT_3D('',#6313,#4991,#4992);
#4341=AXIS2_PLACEMENT_3D('',#6317,#4995,#4996);
#4342=AXIS2_PLACEMENT_3D('',#6319,#4997,#4998);
#4343=AXIS2_PLACEMENT_3D('',#6321,#5000,#5001);
#4344=AXIS2_PLACEMENT_3D('',#6325,#5004,#5005);
#4345=AXIS2_PLACEMENT_3D('',#6327,#5006,#5007);
#4346=AXIS2_PLACEMENT_3D('',#6329,#5009,#5010);
#4347=AXIS2_PLACEMENT_3D('',#6333,#5013,#5014);
#4348=AXIS2_PLACEMENT_3D('',#6334,#5015,#5016);
#4349=AXIS2_PLACEMENT_3D('',#6335,#5017,#5018);
#4350=AXIS2_PLACEMENT_3D('',#6341,#5022,#5023);
#4351=AXIS2_PLACEMENT_3D('',#6343,#5024,#5025);
#4352=AXIS2_PLACEMENT_3D('',#6345,#5027,#5028);
#4353=AXIS2_PLACEMENT_3D('',#6349,#5031,#5032);
#4354=AXIS2_PLACEMENT_3D('',#6351,#5033,#5034);
#4355=AXIS2_PLACEMENT_3D('',#6353,#5036,#5037);
#4356=AXIS2_PLACEMENT_3D('',#6357,#5040,#5041);
#4357=AXIS2_PLACEMENT_3D('',#6359,#5042,#5043);
#4358=AXIS2_PLACEMENT_3D('',#6361,#5045,#5046);
#4359=AXIS2_PLACEMENT_3D('',#6365,#5049,#5050);
#4360=AXIS2_PLACEMENT_3D('',#6366,#5051,#5052);
#4361=AXIS2_PLACEMENT_3D('',#6367,#5053,#5054);
#4362=AXIS2_PLACEMENT_3D('',#6373,#5058,#5059);
#4363=AXIS2_PLACEMENT_3D('',#6375,#5060,#5061);
#4364=AXIS2_PLACEMENT_3D('',#6377,#5063,#5064);
#4365=AXIS2_PLACEMENT_3D('',#6381,#5067,#5068);
#4366=AXIS2_PLACEMENT_3D('',#6383,#5069,#5070);
#4367=AXIS2_PLACEMENT_3D('',#6385,#5072,#5073);
#4368=AXIS2_PLACEMENT_3D('',#6389,#5076,#5077);
#4369=AXIS2_PLACEMENT_3D('',#6391,#5078,#5079);
#4370=AXIS2_PLACEMENT_3D('',#6393,#5081,#5082);
#4371=AXIS2_PLACEMENT_3D('',#6397,#5085,#5086);
#4372=AXIS2_PLACEMENT_3D('',#6398,#5087,#5088);
#4373=AXIS2_PLACEMENT_3D('',#6399,#5089,#5090);
#4374=AXIS2_PLACEMENT_3D('',#6405,#5094,#5095);
#4375=AXIS2_PLACEMENT_3D('',#6407,#5096,#5097);
#4376=AXIS2_PLACEMENT_3D('',#6409,#5099,#5100);
#4377=AXIS2_PLACEMENT_3D('',#6413,#5103,#5104);
#4378=AXIS2_PLACEMENT_3D('',#6415,#5105,#5106);
#4379=AXIS2_PLACEMENT_3D('',#6417,#5108,#5109);
#4380=AXIS2_PLACEMENT_3D('',#6421,#5112,#5113);
#4381=AXIS2_PLACEMENT_3D('',#6423,#5114,#5115);
#4382=AXIS2_PLACEMENT_3D('',#6425,#5117,#5118);
#4383=AXIS2_PLACEMENT_3D('',#6429,#5121,#5122);
#4384=AXIS2_PLACEMENT_3D('',#6430,#5123,#5124);
#4385=AXIS2_PLACEMENT_3D('',#6431,#5125,#5126);
#4386=AXIS2_PLACEMENT_3D('',#6437,#5130,#5131);
#4387=AXIS2_PLACEMENT_3D('',#6439,#5132,#5133);
#4388=AXIS2_PLACEMENT_3D('',#6441,#5135,#5136);
#4389=AXIS2_PLACEMENT_3D('',#6445,#5139,#5140);
#4390=AXIS2_PLACEMENT_3D('',#6447,#5141,#5142);
#4391=AXIS2_PLACEMENT_3D('',#6449,#5144,#5145);
#4392=AXIS2_PLACEMENT_3D('',#6453,#5148,#5149);
#4393=AXIS2_PLACEMENT_3D('',#6455,#5150,#5151);
#4394=AXIS2_PLACEMENT_3D('',#6457,#5153,#5154);
#4395=AXIS2_PLACEMENT_3D('',#6461,#5157,#5158);
#4396=AXIS2_PLACEMENT_3D('',#6462,#5159,#5160);
#4397=AXIS2_PLACEMENT_3D('',#6463,#5161,#5162);
#4398=AXIS2_PLACEMENT_3D('',#6469,#5166,#5167);
#4399=AXIS2_PLACEMENT_3D('',#6473,#5170,#5171);
#4400=AXIS2_PLACEMENT_3D('',#6477,#5174,#5175);
#4401=AXIS2_PLACEMENT_3D('',#6479,#5177,#5178);
#4402=AXIS2_PLACEMENT_3D('',#6485,#5182,#5183);
#4403=AXIS2_PLACEMENT_3D('',#6487,#5184,#5185);
#4404=AXIS2_PLACEMENT_3D('',#6489,#5187,#5188);
#4405=AXIS2_PLACEMENT_3D('',#6493,#5191,#5192);
#4406=AXIS2_PLACEMENT_3D('',#6495,#5193,#5194);
#4407=AXIS2_PLACEMENT_3D('',#6497,#5196,#5197);
#4408=AXIS2_PLACEMENT_3D('',#6501,#5200,#5201);
#4409=AXIS2_PLACEMENT_3D('',#6503,#5202,#5203);
#4410=AXIS2_PLACEMENT_3D('',#6505,#5205,#5206);
#4411=AXIS2_PLACEMENT_3D('',#6509,#5209,#5210);
#4412=AXIS2_PLACEMENT_3D('',#6510,#5211,#5212);
#4413=AXIS2_PLACEMENT_3D('',#6511,#5213,#5214);
#4414=AXIS2_PLACEMENT_3D('',#6517,#5218,#5219);
#4415=AXIS2_PLACEMENT_3D('',#6519,#5220,#5221);
#4416=AXIS2_PLACEMENT_3D('',#6521,#5223,#5224);
#4417=AXIS2_PLACEMENT_3D('',#6525,#5227,#5228);
#4418=AXIS2_PLACEMENT_3D('',#6527,#5229,#5230);
#4419=AXIS2_PLACEMENT_3D('',#6529,#5232,#5233);
#4420=AXIS2_PLACEMENT_3D('',#6533,#5236,#5237);
#4421=AXIS2_PLACEMENT_3D('',#6535,#5238,#5239);
#4422=AXIS2_PLACEMENT_3D('',#6537,#5241,#5242);
#4423=AXIS2_PLACEMENT_3D('',#6541,#5245,#5246);
#4424=AXIS2_PLACEMENT_3D('',#6542,#5247,#5248);
#4425=AXIS2_PLACEMENT_3D('',#6543,#5249,#5250);
#4426=AXIS2_PLACEMENT_3D('',#6549,#5254,#5255);
#4427=AXIS2_PLACEMENT_3D('',#6551,#5256,#5257);
#4428=AXIS2_PLACEMENT_3D('',#6553,#5259,#5260);
#4429=AXIS2_PLACEMENT_3D('',#6557,#5263,#5264);
#4430=AXIS2_PLACEMENT_3D('',#6559,#5265,#5266);
#4431=AXIS2_PLACEMENT_3D('',#6561,#5268,#5269);
#4432=AXIS2_PLACEMENT_3D('',#6565,#5272,#5273);
#4433=AXIS2_PLACEMENT_3D('',#6567,#5274,#5275);
#4434=AXIS2_PLACEMENT_3D('',#6569,#5277,#5278);
#4435=AXIS2_PLACEMENT_3D('',#6573,#5281,#5282);
#4436=AXIS2_PLACEMENT_3D('',#6574,#5283,#5284);
#4437=AXIS2_PLACEMENT_3D('',#6575,#5285,#5286);
#4438=AXIS2_PLACEMENT_3D('',#6581,#5290,#5291);
#4439=AXIS2_PLACEMENT_3D('',#6583,#5292,#5293);
#4440=AXIS2_PLACEMENT_3D('',#6585,#5295,#5296);
#4441=AXIS2_PLACEMENT_3D('',#6589,#5299,#5300);
#4442=AXIS2_PLACEMENT_3D('',#6591,#5301,#5302);
#4443=AXIS2_PLACEMENT_3D('',#6593,#5304,#5305);
#4444=AXIS2_PLACEMENT_3D('',#6597,#5308,#5309);
#4445=AXIS2_PLACEMENT_3D('',#6599,#5310,#5311);
#4446=AXIS2_PLACEMENT_3D('',#6601,#5313,#5314);
#4447=AXIS2_PLACEMENT_3D('',#6605,#5317,#5318);
#4448=AXIS2_PLACEMENT_3D('',#6606,#5319,#5320);
#4449=AXIS2_PLACEMENT_3D('',#6607,#5321,#5322);
#4450=AXIS2_PLACEMENT_3D('',#6613,#5326,#5327);
#4451=AXIS2_PLACEMENT_3D('',#6615,#5328,#5329);
#4452=AXIS2_PLACEMENT_3D('',#6617,#5331,#5332);
#4453=AXIS2_PLACEMENT_3D('',#6621,#5335,#5336);
#4454=AXIS2_PLACEMENT_3D('',#6623,#5337,#5338);
#4455=AXIS2_PLACEMENT_3D('',#6625,#5340,#5341);
#4456=AXIS2_PLACEMENT_3D('',#6629,#5344,#5345);
#4457=AXIS2_PLACEMENT_3D('',#6631,#5346,#5347);
#4458=AXIS2_PLACEMENT_3D('',#6633,#5349,#5350);
#4459=AXIS2_PLACEMENT_3D('',#6637,#5353,#5354);
#4460=AXIS2_PLACEMENT_3D('',#6638,#5355,#5356);
#4461=AXIS2_PLACEMENT_3D('',#6639,#5357,#5358);
#4462=AXIS2_PLACEMENT_3D('',#6645,#5362,#5363);
#4463=AXIS2_PLACEMENT_3D('',#6647,#5364,#5365);
#4464=AXIS2_PLACEMENT_3D('',#6649,#5367,#5368);
#4465=AXIS2_PLACEMENT_3D('',#6653,#5371,#5372);
#4466=AXIS2_PLACEMENT_3D('',#6655,#5373,#5374);
#4467=AXIS2_PLACEMENT_3D('',#6657,#5376,#5377);
#4468=AXIS2_PLACEMENT_3D('',#6661,#5380,#5381);
#4469=AXIS2_PLACEMENT_3D('',#6663,#5382,#5383);
#4470=AXIS2_PLACEMENT_3D('',#6665,#5385,#5386);
#4471=AXIS2_PLACEMENT_3D('',#6669,#5389,#5390);
#4472=AXIS2_PLACEMENT_3D('',#6670,#5391,#5392);
#4473=AXIS2_PLACEMENT_3D('',#6671,#5393,#5394);
#4474=AXIS2_PLACEMENT_3D('',#6677,#5398,#5399);
#4475=AXIS2_PLACEMENT_3D('',#6679,#5400,#5401);
#4476=AXIS2_PLACEMENT_3D('',#6681,#5403,#5404);
#4477=AXIS2_PLACEMENT_3D('',#6685,#5407,#5408);
#4478=AXIS2_PLACEMENT_3D('',#6687,#5409,#5410);
#4479=AXIS2_PLACEMENT_3D('',#6689,#5412,#5413);
#4480=AXIS2_PLACEMENT_3D('',#6693,#5416,#5417);
#4481=AXIS2_PLACEMENT_3D('',#6695,#5418,#5419);
#4482=AXIS2_PLACEMENT_3D('',#6697,#5421,#5422);
#4483=AXIS2_PLACEMENT_3D('',#6701,#5425,#5426);
#4484=AXIS2_PLACEMENT_3D('',#6702,#5427,#5428);
#4485=AXIS2_PLACEMENT_3D('',#6703,#5429,#5430);
#4486=AXIS2_PLACEMENT_3D('',#6709,#5434,#5435);
#4487=AXIS2_PLACEMENT_3D('',#6711,#5436,#5437);
#4488=AXIS2_PLACEMENT_3D('',#6713,#5439,#5440);
#4489=AXIS2_PLACEMENT_3D('',#6717,#5443,#5444);
#4490=AXIS2_PLACEMENT_3D('',#6719,#5445,#5446);
#4491=AXIS2_PLACEMENT_3D('',#6721,#5448,#5449);
#4492=AXIS2_PLACEMENT_3D('',#6725,#5452,#5453);
#4493=AXIS2_PLACEMENT_3D('',#6727,#5454,#5455);
#4494=AXIS2_PLACEMENT_3D('',#6729,#5457,#5458);
#4495=AXIS2_PLACEMENT_3D('',#6733,#5461,#5462);
#4496=AXIS2_PLACEMENT_3D('',#6734,#5463,#5464);
#4497=AXIS2_PLACEMENT_3D('',#6735,#5465,#5466);
#4498=AXIS2_PLACEMENT_3D('',#6741,#5470,#5471);
#4499=AXIS2_PLACEMENT_3D('',#6743,#5472,#5473);
#4500=AXIS2_PLACEMENT_3D('',#6745,#5475,#5476);
#4501=AXIS2_PLACEMENT_3D('',#6749,#5479,#5480);
#4502=AXIS2_PLACEMENT_3D('',#6751,#5481,#5482);
#4503=AXIS2_PLACEMENT_3D('',#6753,#5484,#5485);
#4504=AXIS2_PLACEMENT_3D('',#6757,#5488,#5489);
#4505=AXIS2_PLACEMENT_3D('',#6759,#5490,#5491);
#4506=AXIS2_PLACEMENT_3D('',#6761,#5493,#5494);
#4507=AXIS2_PLACEMENT_3D('',#6765,#5497,#5498);
#4508=AXIS2_PLACEMENT_3D('',#6766,#5499,#5500);
#4509=AXIS2_PLACEMENT_3D('',#6767,#5501,#5502);
#4510=AXIS2_PLACEMENT_3D('',#6773,#5506,#5507);
#4511=AXIS2_PLACEMENT_3D('',#6775,#5508,#5509);
#4512=AXIS2_PLACEMENT_3D('',#6777,#5511,#5512);
#4513=AXIS2_PLACEMENT_3D('',#6781,#5515,#5516);
#4514=AXIS2_PLACEMENT_3D('',#6783,#5517,#5518);
#4515=AXIS2_PLACEMENT_3D('',#6785,#5520,#5521);
#4516=AXIS2_PLACEMENT_3D('',#6789,#5524,#5525);
#4517=AXIS2_PLACEMENT_3D('',#6791,#5526,#5527);
#4518=AXIS2_PLACEMENT_3D('',#6793,#5529,#5530);
#4519=AXIS2_PLACEMENT_3D('',#6797,#5533,#5534);
#4520=AXIS2_PLACEMENT_3D('',#6798,#5535,#5536);
#4521=AXIS2_PLACEMENT_3D('',#6799,#5537,#5538);
#4522=AXIS2_PLACEMENT_3D('',#6805,#5542,#5543);
#4523=AXIS2_PLACEMENT_3D('',#6807,#5544,#5545);
#4524=AXIS2_PLACEMENT_3D('',#6809,#5547,#5548);
#4525=AXIS2_PLACEMENT_3D('',#6813,#5551,#5552);
#4526=AXIS2_PLACEMENT_3D('',#6815,#5553,#5554);
#4527=AXIS2_PLACEMENT_3D('',#6817,#5556,#5557);
#4528=AXIS2_PLACEMENT_3D('',#6821,#5560,#5561);
#4529=AXIS2_PLACEMENT_3D('',#6823,#5562,#5563);
#4530=AXIS2_PLACEMENT_3D('',#6825,#5565,#5566);
#4531=AXIS2_PLACEMENT_3D('',#6829,#5569,#5570);
#4532=AXIS2_PLACEMENT_3D('',#6830,#5571,#5572);
#4533=AXIS2_PLACEMENT_3D('',#6831,#5573,#5574);
#4534=AXIS2_PLACEMENT_3D('',#6837,#5578,#5579);
#4535=AXIS2_PLACEMENT_3D('',#6839,#5580,#5581);
#4536=AXIS2_PLACEMENT_3D('',#6841,#5583,#5584);
#4537=AXIS2_PLACEMENT_3D('',#6845,#5587,#5588);
#4538=AXIS2_PLACEMENT_3D('',#6847,#5589,#5590);
#4539=AXIS2_PLACEMENT_3D('',#6849,#5592,#5593);
#4540=AXIS2_PLACEMENT_3D('',#6853,#5596,#5597);
#4541=AXIS2_PLACEMENT_3D('',#6855,#5598,#5599);
#4542=AXIS2_PLACEMENT_3D('',#6857,#5601,#5602);
#4543=AXIS2_PLACEMENT_3D('',#6861,#5605,#5606);
#4544=AXIS2_PLACEMENT_3D('',#6862,#5607,#5608);
#4545=AXIS2_PLACEMENT_3D('',#6863,#5609,#5610);
#4546=AXIS2_PLACEMENT_3D('',#6869,#5614,#5615);
#4547=AXIS2_PLACEMENT_3D('',#6871,#5616,#5617);
#4548=AXIS2_PLACEMENT_3D('',#6873,#5619,#5620);
#4549=AXIS2_PLACEMENT_3D('',#6877,#5623,#5624);
#4550=AXIS2_PLACEMENT_3D('',#6879,#5625,#5626);
#4551=AXIS2_PLACEMENT_3D('',#6881,#5628,#5629);
#4552=AXIS2_PLACEMENT_3D('',#6885,#5632,#5633);
#4553=AXIS2_PLACEMENT_3D('',#6887,#5634,#5635);
#4554=AXIS2_PLACEMENT_3D('',#6889,#5637,#5638);
#4555=AXIS2_PLACEMENT_3D('',#6893,#5641,#5642);
#4556=AXIS2_PLACEMENT_3D('',#6894,#5643,#5644);
#4557=AXIS2_PLACEMENT_3D('',#6895,#5645,#5646);
#4558=AXIS2_PLACEMENT_3D('',#6901,#5650,#5651);
#4559=AXIS2_PLACEMENT_3D('',#6903,#5652,#5653);
#4560=AXIS2_PLACEMENT_3D('',#6905,#5655,#5656);
#4561=AXIS2_PLACEMENT_3D('',#6909,#5659,#5660);
#4562=AXIS2_PLACEMENT_3D('',#6911,#5661,#5662);
#4563=AXIS2_PLACEMENT_3D('',#6913,#5664,#5665);
#4564=AXIS2_PLACEMENT_3D('',#6917,#5668,#5669);
#4565=AXIS2_PLACEMENT_3D('',#6919,#5670,#5671);
#4566=AXIS2_PLACEMENT_3D('',#6921,#5673,#5674);
#4567=AXIS2_PLACEMENT_3D('',#6925,#5677,#5678);
#4568=AXIS2_PLACEMENT_3D('',#6926,#5679,#5680);
#4569=AXIS2_PLACEMENT_3D('',#6927,#5681,#5682);
#4570=AXIS2_PLACEMENT_3D('',#6933,#5686,#5687);
#4571=AXIS2_PLACEMENT_3D('',#6935,#5688,#5689);
#4572=AXIS2_PLACEMENT_3D('',#6937,#5691,#5692);
#4573=AXIS2_PLACEMENT_3D('',#6941,#5695,#5696);
#4574=AXIS2_PLACEMENT_3D('',#6943,#5697,#5698);
#4575=AXIS2_PLACEMENT_3D('',#6945,#5700,#5701);
#4576=AXIS2_PLACEMENT_3D('',#6949,#5704,#5705);
#4577=AXIS2_PLACEMENT_3D('',#6951,#5706,#5707);
#4578=AXIS2_PLACEMENT_3D('',#6953,#5709,#5710);
#4579=AXIS2_PLACEMENT_3D('',#6957,#5713,#5714);
#4580=AXIS2_PLACEMENT_3D('',#6958,#5715,#5716);
#4581=AXIS2_PLACEMENT_3D('',#6959,#5717,#5718);
#4582=AXIS2_PLACEMENT_3D('',#6965,#5722,#5723);
#4583=AXIS2_PLACEMENT_3D('',#6967,#5724,#5725);
#4584=AXIS2_PLACEMENT_3D('',#6969,#5727,#5728);
#4585=AXIS2_PLACEMENT_3D('',#6973,#5731,#5732);
#4586=AXIS2_PLACEMENT_3D('',#6975,#5733,#5734);
#4587=AXIS2_PLACEMENT_3D('',#6977,#5736,#5737);
#4588=AXIS2_PLACEMENT_3D('',#6981,#5740,#5741);
#4589=AXIS2_PLACEMENT_3D('',#6983,#5742,#5743);
#4590=AXIS2_PLACEMENT_3D('',#6985,#5745,#5746);
#4591=AXIS2_PLACEMENT_3D('',#6989,#5749,#5750);
#4592=AXIS2_PLACEMENT_3D('',#6990,#5751,#5752);
#4593=AXIS2_PLACEMENT_3D('',#6991,#5753,#5754);
#4594=AXIS2_PLACEMENT_3D('',#6997,#5758,#5759);
#4595=AXIS2_PLACEMENT_3D('',#6999,#5760,#5761);
#4596=AXIS2_PLACEMENT_3D('',#7001,#5763,#5764);
#4597=AXIS2_PLACEMENT_3D('',#7005,#5767,#5768);
#4598=AXIS2_PLACEMENT_3D('',#7007,#5769,#5770);
#4599=AXIS2_PLACEMENT_3D('',#7009,#5772,#5773);
#4600=AXIS2_PLACEMENT_3D('',#7013,#5776,#5777);
#4601=AXIS2_PLACEMENT_3D('',#7015,#5778,#5779);
#4602=AXIS2_PLACEMENT_3D('',#7017,#5781,#5782);
#4603=AXIS2_PLACEMENT_3D('',#7021,#5785,#5786);
#4604=AXIS2_PLACEMENT_3D('',#7022,#5787,#5788);
#4605=AXIS2_PLACEMENT_3D('',#7023,#5789,#5790);
#4606=AXIS2_PLACEMENT_3D('',#7029,#5794,#5795);
#4607=AXIS2_PLACEMENT_3D('',#7031,#5796,#5797);
#4608=AXIS2_PLACEMENT_3D('',#7033,#5799,#5800);
#4609=AXIS2_PLACEMENT_3D('',#7037,#5803,#5804);
#4610=AXIS2_PLACEMENT_3D('',#7039,#5805,#5806);
#4611=AXIS2_PLACEMENT_3D('',#7041,#5808,#5809);
#4612=AXIS2_PLACEMENT_3D('',#7045,#5812,#5813);
#4613=AXIS2_PLACEMENT_3D('',#7047,#5814,#5815);
#4614=AXIS2_PLACEMENT_3D('',#7049,#5817,#5818);
#4615=AXIS2_PLACEMENT_3D('',#7053,#5821,#5822);
#4616=AXIS2_PLACEMENT_3D('',#7054,#5823,#5824);
#4617=AXIS2_PLACEMENT_3D('',#7055,#5825,#5826);
#4618=AXIS2_PLACEMENT_3D('',#7061,#5830,#5831);
#4619=AXIS2_PLACEMENT_3D('',#7063,#5833,#5834);
#4620=AXIS2_PLACEMENT_3D('',#7065,#5836,#5837);
#4621=AXIS2_PLACEMENT_3D('',#7069,#5840,#5841);
#4622=AXIS2_PLACEMENT_3D('',#7071,#5843,#5844);
#4623=DIRECTION('axis',(0.,0.,1.));
#4624=DIRECTION('refdir',(1.,0.,0.));
#4625=DIRECTION('center_axis',(0.,0.,1.));
#4626=DIRECTION('ref_axis',(0.707106818788304,-0.70710674358479,0.));
#4627=DIRECTION('center_axis',(0.,0.,-1.));
#4628=DIRECTION('ref_axis',(0.707106818788304,-0.70710674358479,0.));
#4629=DIRECTION('',(0.,0.,-1.));
#4630=DIRECTION('center_axis',(0.,0.,1.));
#4631=DIRECTION('ref_axis',(0.707106818788304,-0.70710674358479,0.));
#4632=DIRECTION('',(0.,0.,1.));
#4633=DIRECTION('center_axis',(0.999999999999994,1.06353821735143E-7,0.));
#4634=DIRECTION('ref_axis',(-1.06353821735143E-7,0.999999999999994,0.));
#4635=DIRECTION('',(-1.06353821735143E-7,0.999999999999994,0.));
#4636=DIRECTION('',(0.,0.,-1.));
#4637=DIRECTION('',(-1.06353821735143E-7,0.999999999999994,0.));
#4638=DIRECTION('center_axis',(0.,0.,1.));
#4639=DIRECTION('ref_axis',(1.,0.,0.));
#4640=DIRECTION('',(1.,9.67514618409722E-17,0.));
#4641=DIRECTION('center_axis',(0.,0.,1.));
#4642=DIRECTION('ref_axis',(-0.707106781186548,-0.707106781186548,0.));
#4643=DIRECTION('',(1.6207783277222E-16,-1.,0.));
#4644=DIRECTION('center_axis',(0.,0.,1.));
#4645=DIRECTION('ref_axis',(-0.706956534977481,0.707256995478047,0.));
#4646=DIRECTION('',(-0.999999909723488,0.000424915305279178,0.));
#4647=DIRECTION('',(2.84935787444807E-11,1.,0.));
#4648=DIRECTION('',(-1.,0.,0.));
#4649=DIRECTION('',(-2.84935787444807E-11,-1.,0.));
#4650=DIRECTION('',(-0.999999909723488,0.000424915305279178,0.));
#4651=DIRECTION('center_axis',(0.,0.,1.));
#4652=DIRECTION('ref_axis',(0.70725700377926,0.706956526672739,0.));
#4653=DIRECTION('',(2.34843691477365E-8,1.,0.));
#4654=DIRECTION('center_axis',(0.,0.,1.));
#4655=DIRECTION('ref_axis',(0.818127411122024,-0.57503698939353,0.));
#4656=DIRECTION('',(0.940907038910527,0.338664943755068,0.));
#4657=DIRECTION('center_axis',(0.,0.,-1.));
#4658=DIRECTION('ref_axis',(-0.818127448452906,0.575036936281433,0.));
#4659=DIRECTION('center_axis',(0.,0.,-1.));
#4660=DIRECTION('ref_axis',(0.,1.,0.));
#4661=DIRECTION('',(0.,1.,0.));
#4662=DIRECTION('center_axis',(0.,0.,-1.));
#4663=DIRECTION('ref_axis',(-1.,-4.4408920985006E-15,0.));
#4664=DIRECTION('',(-1.,0.,0.));
#4665=DIRECTION('center_axis',(0.,0.,-1.));
#4666=DIRECTION('ref_axis',(0.,-1.,0.));
#4667=DIRECTION('',(0.,-1.,0.));
#4668=DIRECTION('center_axis',(0.,0.,-1.));
#4669=DIRECTION('ref_axis',(1.,0.,0.));
#4670=DIRECTION('',(1.,0.,0.));
#4671=DIRECTION('center_axis',(0.,0.,-1.));
#4672=DIRECTION('ref_axis',(1.,0.,0.));
#4673=DIRECTION('',(1.,0.,0.));
#4674=DIRECTION('center_axis',(0.,0.,-1.));
#4675=DIRECTION('ref_axis',(0.,1.,0.));
#4676=DIRECTION('',(0.,1.,0.));
#4677=DIRECTION('center_axis',(0.,0.,-1.));
#4678=DIRECTION('ref_axis',(-1.,0.,0.));
#4679=DIRECTION('',(-1.,0.,0.));
#4680=DIRECTION('center_axis',(0.,0.,-1.));
#4681=DIRECTION('ref_axis',(0.,-1.,0.));
#4682=DIRECTION('',(0.,-1.,0.));
#4683=DIRECTION('center_axis',(0.,0.,-1.));
#4684=DIRECTION('ref_axis',(0.,1.,0.));
#4685=DIRECTION('',(0.,1.,0.));
#4686=DIRECTION('center_axis',(0.,0.,-1.));
#4687=DIRECTION('ref_axis',(-1.,0.,0.));
#4688=DIRECTION('',(-1.,0.,0.));
#4689=DIRECTION('center_axis',(0.,0.,-1.));
#4690=DIRECTION('ref_axis',(0.,-1.,0.));
#4691=DIRECTION('',(0.,-1.,0.));
#4692=DIRECTION('center_axis',(0.,0.,-1.));
#4693=DIRECTION('ref_axis',(1.,0.,0.));
#4694=DIRECTION('',(1.,0.,0.));
#4695=DIRECTION('center_axis',(0.,0.,-1.));
#4696=DIRECTION('ref_axis',(1.,0.,0.));
#4697=DIRECTION('',(1.,0.,0.));
#4698=DIRECTION('center_axis',(0.,0.,-1.));
#4699=DIRECTION('ref_axis',(0.,1.,0.));
#4700=DIRECTION('',(0.,1.,0.));
#4701=DIRECTION('center_axis',(0.,0.,-1.));
#4702=DIRECTION('ref_axis',(-1.,0.,0.));
#4703=DIRECTION('',(-1.,0.,0.));
#4704=DIRECTION('center_axis',(0.,0.,-1.));
#4705=DIRECTION('ref_axis',(0.,-1.,0.));
#4706=DIRECTION('',(0.,-1.,0.));
#4707=DIRECTION('center_axis',(0.,0.,-1.));
#4708=DIRECTION('ref_axis',(0.,1.,0.));
#4709=DIRECTION('',(0.,1.,0.));
#4710=DIRECTION('center_axis',(0.,0.,-1.));
#4711=DIRECTION('ref_axis',(-1.,-4.44089209850064E-15,0.));
#4712=DIRECTION('',(-1.,0.,0.));
#4713=DIRECTION('center_axis',(0.,0.,-1.));
#4714=DIRECTION('ref_axis',(0.,-1.,0.));
#4715=DIRECTION('',(0.,-1.,0.));
#4716=DIRECTION('center_axis',(0.,0.,-1.));
#4717=DIRECTION('ref_axis',(1.,0.,0.));
#4718=DIRECTION('',(1.,0.,0.));
#4719=DIRECTION('',(-1.,0.,0.));
#4720=DIRECTION('',(0.,-1.,0.));
#4721=DIRECTION('',(1.,0.,0.));
#4722=DIRECTION('',(0.,1.,0.));
#4723=DIRECTION('center_axis',(0.,0.,-1.));
#4724=DIRECTION('ref_axis',(0.,1.,0.));
#4725=DIRECTION('',(0.,1.,0.));
#4726=DIRECTION('center_axis',(0.,0.,-1.));
#4727=DIRECTION('ref_axis',(-1.,0.,0.));
#4728=DIRECTION('',(-1.,0.,0.));
#4729=DIRECTION('center_axis',(0.,0.,-1.));
#4730=DIRECTION('ref_axis',(0.,-1.,0.));
#4731=DIRECTION('',(0.,-1.,0.));
#4732=DIRECTION('center_axis',(0.,0.,-1.));
#4733=DIRECTION('ref_axis',(1.,0.,0.));
#4734=DIRECTION('',(1.,0.,0.));
#4735=DIRECTION('center_axis',(0.,0.,-1.));
#4736=DIRECTION('ref_axis',(1.,0.,0.));
#4737=DIRECTION('',(1.,0.,0.));
#4738=DIRECTION('center_axis',(0.,0.,-1.));
#4739=DIRECTION('ref_axis',(0.,1.,0.));
#4740=DIRECTION('',(0.,1.,0.));
#4741=DIRECTION('center_axis',(0.,0.,-1.));
#4742=DIRECTION('ref_axis',(-1.,0.,0.));
#4743=DIRECTION('',(-1.,0.,0.));
#4744=DIRECTION('center_axis',(0.,0.,-1.));
#4745=DIRECTION('ref_axis',(0.,-1.,0.));
#4746=DIRECTION('',(0.,-1.,0.));
#4747=DIRECTION('center_axis',(0.,0.,-1.));
#4748=DIRECTION('ref_axis',(0.,1.,0.));
#4749=DIRECTION('',(0.,1.,0.));
#4750=DIRECTION('center_axis',(0.,0.,-1.));
#4751=DIRECTION('ref_axis',(-1.,-4.44089209850064E-15,0.));
#4752=DIRECTION('',(-1.,0.,0.));
#4753=DIRECTION('center_axis',(0.,0.,-1.));
#4754=DIRECTION('ref_axis',(0.,-1.,0.));
#4755=DIRECTION('',(0.,-1.,0.));
#4756=DIRECTION('center_axis',(0.,0.,-1.));
#4757=DIRECTION('ref_axis',(1.,0.,0.));
#4758=DIRECTION('',(1.,0.,0.));
#4759=DIRECTION('center_axis',(0.,0.,-1.));
#4760=DIRECTION('ref_axis',(1.,0.,0.));
#4761=DIRECTION('',(1.,0.,0.));
#4762=DIRECTION('center_axis',(0.,0.,-1.));
#4763=DIRECTION('ref_axis',(0.,1.,0.));
#4764=DIRECTION('',(0.,1.,0.));
#4765=DIRECTION('center_axis',(0.,0.,-1.));
#4766=DIRECTION('ref_axis',(-1.,0.,0.));
#4767=DIRECTION('',(-1.,0.,0.));
#4768=DIRECTION('center_axis',(0.,0.,-1.));
#4769=DIRECTION('ref_axis',(0.,-1.,0.));
#4770=DIRECTION('',(0.,-1.,0.));
#4771=DIRECTION('center_axis',(0.,0.,-1.));
#4772=DIRECTION('ref_axis',(0.,1.,0.));
#4773=DIRECTION('',(0.,1.,0.));
#4774=DIRECTION('center_axis',(0.,0.,-1.));
#4775=DIRECTION('ref_axis',(-1.,0.,0.));
#4776=DIRECTION('',(-1.,0.,0.));
#4777=DIRECTION('center_axis',(0.,0.,-1.));
#4778=DIRECTION('ref_axis',(0.,-1.,0.));
#4779=DIRECTION('',(0.,-1.,0.));
#4780=DIRECTION('center_axis',(0.,0.,-1.));
#4781=DIRECTION('ref_axis',(1.,0.,0.));
#4782=DIRECTION('',(1.,0.,0.));
#4783=DIRECTION('center_axis',(0.,0.,-1.));
#4784=DIRECTION('ref_axis',(1.,0.,0.));
#4785=DIRECTION('',(1.,0.,0.));
#4786=DIRECTION('center_axis',(0.,0.,-1.));
#4787=DIRECTION('ref_axis',(0.,1.,0.));
#4788=DIRECTION('',(0.,1.,0.));
#4789=DIRECTION('center_axis',(0.,0.,-1.));
#4790=DIRECTION('ref_axis',(-1.,0.,0.));
#4791=DIRECTION('',(-1.,0.,0.));
#4792=DIRECTION('center_axis',(0.,0.,-1.));
#4793=DIRECTION('ref_axis',(0.,-1.,0.));
#4794=DIRECTION('',(0.,-1.,0.));
#4795=DIRECTION('center_axis',(0.,0.,-1.));
#4796=DIRECTION('ref_axis',(1.,0.,0.));
#4797=DIRECTION('',(1.,0.,0.));
#4798=DIRECTION('center_axis',(0.,0.,-1.));
#4799=DIRECTION('ref_axis',(0.,1.,0.));
#4800=DIRECTION('',(0.,1.,0.));
#4801=DIRECTION('center_axis',(0.,0.,-1.));
#4802=DIRECTION('ref_axis',(-1.,0.,0.));
#4803=DIRECTION('',(-1.,0.,0.));
#4804=DIRECTION('center_axis',(0.,0.,-1.));
#4805=DIRECTION('ref_axis',(0.,-1.,0.));
#4806=DIRECTION('',(0.,-1.,0.));
#4807=DIRECTION('center_axis',(0.,0.,-1.));
#4808=DIRECTION('ref_axis',(0.,1.,0.));
#4809=DIRECTION('',(0.,1.,0.));
#4810=DIRECTION('center_axis',(0.,0.,-1.));
#4811=DIRECTION('ref_axis',(-1.,0.,0.));
#4812=DIRECTION('',(-1.,0.,0.));
#4813=DIRECTION('center_axis',(0.,0.,-1.));
#4814=DIRECTION('ref_axis',(0.,-1.,0.));
#4815=DIRECTION('',(0.,-1.,0.));
#4816=DIRECTION('center_axis',(0.,0.,-1.));
#4817=DIRECTION('ref_axis',(1.,0.,0.));
#4818=DIRECTION('',(1.,0.,0.));
#4819=DIRECTION('center_axis',(0.,0.,-1.));
#4820=DIRECTION('ref_axis',(0.,1.,0.));
#4821=DIRECTION('',(0.,1.,0.));
#4822=DIRECTION('center_axis',(0.,0.,-1.));
#4823=DIRECTION('ref_axis',(-1.,0.,0.));
#4824=DIRECTION('',(-1.,0.,0.));
#4825=DIRECTION('center_axis',(0.,0.,-1.));
#4826=DIRECTION('ref_axis',(0.,-1.,0.));
#4827=DIRECTION('',(0.,-1.,0.));
#4828=DIRECTION('center_axis',(0.,0.,-1.));
#4829=DIRECTION('ref_axis',(1.,0.,0.));
#4830=DIRECTION('',(1.,0.,0.));
#4831=DIRECTION('center_axis',(0.,0.,-1.));
#4832=DIRECTION('ref_axis',(0.,1.,0.));
#4833=DIRECTION('',(0.,1.,0.));
#4834=DIRECTION('center_axis',(0.,0.,-1.));
#4835=DIRECTION('ref_axis',(-1.,0.,0.));
#4836=DIRECTION('',(-1.,0.,0.));
#4837=DIRECTION('center_axis',(0.,0.,-1.));
#4838=DIRECTION('ref_axis',(0.,-1.,0.));
#4839=DIRECTION('',(0.,-1.,0.));
#4840=DIRECTION('center_axis',(0.,0.,-1.));
#4841=DIRECTION('ref_axis',(1.,0.,0.));
#4842=DIRECTION('',(1.,0.,0.));
#4843=DIRECTION('center_axis',(0.,0.,-1.));
#4844=DIRECTION('ref_axis',(0.,1.,0.));
#4845=DIRECTION('',(0.,1.,0.));
#4846=DIRECTION('center_axis',(0.,0.,-1.));
#4847=DIRECTION('ref_axis',(-1.,0.,0.));
#4848=DIRECTION('',(-1.,0.,0.));
#4849=DIRECTION('center_axis',(0.,0.,-1.));
#4850=DIRECTION('ref_axis',(0.,-1.,0.));
#4851=DIRECTION('',(0.,-1.,0.));
#4852=DIRECTION('center_axis',(0.,0.,-1.));
#4853=DIRECTION('ref_axis',(1.,0.,0.));
#4854=DIRECTION('',(1.,0.,0.));
#4855=DIRECTION('center_axis',(0.,0.,-1.));
#4856=DIRECTION('ref_axis',(0.,1.,0.));
#4857=DIRECTION('',(0.,1.,0.));
#4858=DIRECTION('center_axis',(0.,0.,-1.));
#4859=DIRECTION('ref_axis',(-1.,-4.44089209850064E-15,0.));
#4860=DIRECTION('',(-1.,0.,0.));
#4861=DIRECTION('center_axis',(0.,0.,-1.));
#4862=DIRECTION('ref_axis',(0.,-1.,0.));
#4863=DIRECTION('',(0.,-1.,0.));
#4864=DIRECTION('center_axis',(0.,0.,-1.));
#4865=DIRECTION('ref_axis',(1.,0.,0.));
#4866=DIRECTION('',(1.,0.,0.));
#4867=DIRECTION('center_axis',(0.,0.,-1.));
#4868=DIRECTION('ref_axis',(0.,1.,0.));
#4869=DIRECTION('',(0.,1.,0.));
#4870=DIRECTION('center_axis',(0.,0.,-1.));
#4871=DIRECTION('ref_axis',(-1.,0.,0.));
#4872=DIRECTION('',(-1.,0.,0.));
#4873=DIRECTION('center_axis',(0.,0.,-1.));
#4874=DIRECTION('ref_axis',(0.,-1.,0.));
#4875=DIRECTION('',(0.,-1.,0.));
#4876=DIRECTION('center_axis',(0.,0.,-1.));
#4877=DIRECTION('ref_axis',(1.,0.,0.));
#4878=DIRECTION('',(1.,0.,0.));
#4879=DIRECTION('center_axis',(0.,0.,-1.));
#4880=DIRECTION('ref_axis',(0.,1.,0.));
#4881=DIRECTION('',(0.,1.,0.));
#4882=DIRECTION('center_axis',(0.,0.,-1.));
#4883=DIRECTION('ref_axis',(-1.,0.,0.));
#4884=DIRECTION('',(-1.,0.,0.));
#4885=DIRECTION('center_axis',(0.,0.,-1.));
#4886=DIRECTION('ref_axis',(0.,-1.,0.));
#4887=DIRECTION('',(0.,-1.,0.));
#4888=DIRECTION('center_axis',(0.,0.,-1.));
#4889=DIRECTION('ref_axis',(1.,0.,0.));
#4890=DIRECTION('',(1.,0.,0.));
#4891=DIRECTION('center_axis',(0.,0.,-1.));
#4892=DIRECTION('ref_axis',(0.,1.,0.));
#4893=DIRECTION('',(0.,1.,0.));
#4894=DIRECTION('center_axis',(0.,0.,-1.));
#4895=DIRECTION('ref_axis',(-1.,0.,0.));
#4896=DIRECTION('',(-1.,0.,0.));
#4897=DIRECTION('center_axis',(0.,0.,-1.));
#4898=DIRECTION('ref_axis',(0.,-1.,0.));
#4899=DIRECTION('',(0.,-1.,0.));
#4900=DIRECTION('center_axis',(0.,0.,-1.));
#4901=DIRECTION('ref_axis',(1.,0.,0.));
#4902=DIRECTION('',(1.,0.,0.));
#4903=DIRECTION('center_axis',(0.,0.,-1.));
#4904=DIRECTION('ref_axis',(0.,1.,0.));
#4905=DIRECTION('',(0.,1.,0.));
#4906=DIRECTION('center_axis',(0.,0.,-1.));
#4907=DIRECTION('ref_axis',(-1.,0.,0.));
#4908=DIRECTION('',(-1.,0.,0.));
#4909=DIRECTION('center_axis',(0.,0.,-1.));
#4910=DIRECTION('ref_axis',(-4.44089209850072E-15,-1.,0.));
#4911=DIRECTION('',(0.,-1.,0.));
#4912=DIRECTION('center_axis',(0.,0.,-1.));
#4913=DIRECTION('ref_axis',(1.,0.,0.));
#4914=DIRECTION('',(1.,0.,0.));
#4915=DIRECTION('center_axis',(0.,0.,-1.));
#4916=DIRECTION('ref_axis',(0.,1.,0.));
#4917=DIRECTION('',(0.,1.,0.));
#4918=DIRECTION('center_axis',(0.,0.,-1.));
#4919=DIRECTION('ref_axis',(-1.,0.,0.));
#4920=DIRECTION('',(-1.,0.,0.));
#4921=DIRECTION('center_axis',(0.,0.,-1.));
#4922=DIRECTION('ref_axis',(0.,-1.,0.));
#4923=DIRECTION('',(0.,-1.,0.));
#4924=DIRECTION('center_axis',(0.,0.,-1.));
#4925=DIRECTION('ref_axis',(1.,0.,0.));
#4926=DIRECTION('',(1.,0.,0.));
#4927=DIRECTION('center_axis',(0.,0.,-1.));
#4928=DIRECTION('ref_axis',(0.,1.,0.));
#4929=DIRECTION('',(0.,1.,0.));
#4930=DIRECTION('center_axis',(0.,0.,-1.));
#4931=DIRECTION('ref_axis',(-1.,0.,0.));
#4932=DIRECTION('',(-1.,0.,0.));
#4933=DIRECTION('center_axis',(0.,0.,-1.));
#4934=DIRECTION('ref_axis',(0.,-1.,0.));
#4935=DIRECTION('',(0.,-1.,0.));
#4936=DIRECTION('center_axis',(0.,0.,-1.));
#4937=DIRECTION('ref_axis',(1.,0.,0.));
#4938=DIRECTION('',(1.,0.,0.));
#4939=DIRECTION('center_axis',(0.,0.,1.));
#4940=DIRECTION('ref_axis',(-0.818127448452906,0.575036936281433,0.));
#4941=DIRECTION('',(0.,0.,1.));
#4942=DIRECTION('center_axis',(0.,0.,1.));
#4943=DIRECTION('ref_axis',(-0.818127448452906,0.575036936281433,0.));
#4944=DIRECTION('center_axis',(0.338664943755068,-0.940907038910527,0.));
#4945=DIRECTION('ref_axis',(0.940907038910527,0.338664943755068,0.));
#4946=DIRECTION('',(0.,0.,-1.));
#4947=DIRECTION('',(0.940907038910527,0.338664943755068,0.));
#4948=DIRECTION('center_axis',(0.,0.,1.));
#4949=DIRECTION('ref_axis',(0.818127411122024,-0.57503698939353,0.));
#4950=DIRECTION('center_axis',(0.,0.,-1.));
#4951=DIRECTION('ref_axis',(0.818127411122024,-0.57503698939353,0.));
#4952=DIRECTION('',(0.,0.,1.));
#4953=DIRECTION('center_axis',(1.,-2.34843691477365E-8,0.));
#4954=DIRECTION('ref_axis',(2.34843691477365E-8,1.,0.));
#4955=DIRECTION('',(0.,0.,-1.));
#4956=DIRECTION('',(2.34843691477365E-8,1.,0.));
#4957=DIRECTION('center_axis',(0.,0.,1.));
#4958=DIRECTION('ref_axis',(0.70725700377926,0.706956526672739,0.));
#4959=DIRECTION('center_axis',(0.,0.,-1.));
#4960=DIRECTION('ref_axis',(0.70725700377926,0.706956526672739,0.));
#4961=DIRECTION('',(0.,0.,1.));
#4962=DIRECTION('center_axis',(0.000424915305279178,0.999999909723488,0.));
#4963=DIRECTION('ref_axis',(-0.999999909723488,0.000424915305279178,0.));
#4964=DIRECTION('',(0.,0.,1.));
#4965=DIRECTION('',(-0.999999909723488,0.000424915305279178,0.));
#4966=DIRECTION('center_axis',(0.,0.,1.));
#4967=DIRECTION('ref_axis',(-0.706956534977481,0.707256995478047,0.));
#4968=DIRECTION('center_axis',(0.,0.,-1.));
#4969=DIRECTION('ref_axis',(-0.706956534977481,0.707256995478047,0.));
#4970=DIRECTION('',(0.,0.,-1.));
#4971=DIRECTION('',(0.,0.,1.));
#4972=DIRECTION('center_axis',(-1.,-1.6207783277222E-16,0.));
#4973=DIRECTION('ref_axis',(1.6207783277222E-16,-1.,0.));
#4974=DIRECTION('',(0.,0.,-1.));
#4975=DIRECTION('',(1.6207783277222E-16,-1.,0.));
#4976=DIRECTION('center_axis',(0.,0.,1.));
#4977=DIRECTION('ref_axis',(-0.707106781186548,-0.707106781186548,0.));
#4978=DIRECTION('center_axis',(0.,0.,-1.));
#4979=DIRECTION('ref_axis',(-0.707106781186548,-0.707106781186548,0.));
#4980=DIRECTION('',(0.,0.,1.));
#4981=DIRECTION('center_axis',(1.,0.,0.));
#4982=DIRECTION('ref_axis',(0.,1.,0.));
#4983=DIRECTION('',(0.,0.,1.));
#4984=DIRECTION('',(0.,1.,0.));
#4985=DIRECTION('',(0.,0.,1.));
#4986=DIRECTION('center_axis',(0.,0.,1.));
#4987=DIRECTION('ref_axis',(-1.,-4.4408920985006E-15,0.));
#4988=DIRECTION('center_axis',(0.,0.,-1.));
#4989=DIRECTION('ref_axis',(-1.,-4.4408920985006E-15,0.));
#4990=DIRECTION('',(0.,0.,1.));
#4991=DIRECTION('center_axis',(0.,1.,0.));
#4992=DIRECTION('ref_axis',(-1.,0.,0.));
#4993=DIRECTION('',(-1.,0.,0.));
#4994=DIRECTION('',(0.,0.,1.));
#4995=DIRECTION('center_axis',(0.,0.,1.));
#4996=DIRECTION('ref_axis',(0.,-1.,0.));
#4997=DIRECTION('center_axis',(0.,0.,-1.));
#4998=DIRECTION('ref_axis',(0.,-1.,0.));
#4999=DIRECTION('',(0.,0.,1.));
#5000=DIRECTION('center_axis',(-1.,0.,0.));
#5001=DIRECTION('ref_axis',(0.,-1.,0.));
#5002=DIRECTION('',(0.,-1.,0.));
#5003=DIRECTION('',(0.,0.,1.));
#5004=DIRECTION('center_axis',(0.,0.,1.));
#5005=DIRECTION('ref_axis',(1.,0.,0.));
#5006=DIRECTION('center_axis',(0.,0.,-1.));
#5007=DIRECTION('ref_axis',(1.,0.,0.));
#5008=DIRECTION('',(0.,0.,1.));
#5009=DIRECTION('center_axis',(0.,-1.,0.));
#5010=DIRECTION('ref_axis',(1.,0.,0.));
#5011=DIRECTION('',(1.,0.,0.));
#5012=DIRECTION('',(0.,0.,1.));
#5013=DIRECTION('center_axis',(0.,0.,1.));
#5014=DIRECTION('ref_axis',(0.,1.,0.));
#5015=DIRECTION('center_axis',(0.,0.,-1.));
#5016=DIRECTION('ref_axis',(0.,1.,0.));
#5017=DIRECTION('center_axis',(0.,-1.,0.));
#5018=DIRECTION('ref_axis',(1.,0.,0.));
#5019=DIRECTION('',(0.,0.,1.));
#5020=DIRECTION('',(1.,0.,0.));
#5021=DIRECTION('',(0.,0.,1.));
#5022=DIRECTION('center_axis',(0.,0.,1.));
#5023=DIRECTION('ref_axis',(0.,1.,0.));
#5024=DIRECTION('center_axis',(0.,0.,-1.));
#5025=DIRECTION('ref_axis',(0.,1.,0.));
#5026=DIRECTION('',(0.,0.,1.));
#5027=DIRECTION('center_axis',(1.,0.,0.));
#5028=DIRECTION('ref_axis',(0.,1.,0.));
#5029=DIRECTION('',(0.,1.,0.));
#5030=DIRECTION('',(0.,0.,1.));
#5031=DIRECTION('center_axis',(0.,0.,1.));
#5032=DIRECTION('ref_axis',(-1.,0.,0.));
#5033=DIRECTION('center_axis',(0.,0.,-1.));
#5034=DIRECTION('ref_axis',(-1.,0.,0.));
#5035=DIRECTION('',(0.,0.,1.));
#5036=DIRECTION('center_axis',(0.,1.,0.));
#5037=DIRECTION('ref_axis',(-1.,0.,0.));
#5038=DIRECTION('',(-1.,0.,0.));
#5039=DIRECTION('',(0.,0.,1.));
#5040=DIRECTION('center_axis',(0.,0.,1.));
#5041=DIRECTION('ref_axis',(0.,-1.,0.));
#5042=DIRECTION('center_axis',(0.,0.,-1.));
#5043=DIRECTION('ref_axis',(0.,-1.,0.));
#5044=DIRECTION('',(0.,0.,1.));
#5045=DIRECTION('center_axis',(-1.,0.,0.));
#5046=DIRECTION('ref_axis',(0.,-1.,0.));
#5047=DIRECTION('',(0.,-1.,0.));
#5048=DIRECTION('',(0.,0.,1.));
#5049=DIRECTION('center_axis',(0.,0.,1.));
#5050=DIRECTION('ref_axis',(1.,0.,0.));
#5051=DIRECTION('center_axis',(0.,0.,-1.));
#5052=DIRECTION('ref_axis',(1.,0.,0.));
#5053=DIRECTION('center_axis',(1.,0.,0.));
#5054=DIRECTION('ref_axis',(0.,1.,0.));
#5055=DIRECTION('',(0.,0.,1.));
#5056=DIRECTION('',(0.,1.,0.));
#5057=DIRECTION('',(0.,0.,1.));
#5058=DIRECTION('center_axis',(0.,0.,1.));
#5059=DIRECTION('ref_axis',(-1.,0.,0.));
#5060=DIRECTION('center_axis',(0.,0.,-1.));
#5061=DIRECTION('ref_axis',(-1.,0.,0.));
#5062=DIRECTION('',(0.,0.,1.));
#5063=DIRECTION('center_axis',(0.,1.,0.));
#5064=DIRECTION('ref_axis',(-1.,0.,0.));
#5065=DIRECTION('',(-1.,0.,0.));
#5066=DIRECTION('',(0.,0.,1.));
#5067=DIRECTION('center_axis',(0.,0.,1.));
#5068=DIRECTION('ref_axis',(0.,-1.,0.));
#5069=DIRECTION('center_axis',(0.,0.,-1.));
#5070=DIRECTION('ref_axis',(0.,-1.,0.));
#5071=DIRECTION('',(0.,0.,1.));
#5072=DIRECTION('center_axis',(-1.,0.,0.));
#5073=DIRECTION('ref_axis',(0.,-1.,0.));
#5074=DIRECTION('',(0.,-1.,0.));
#5075=DIRECTION('',(0.,0.,1.));
#5076=DIRECTION('center_axis',(0.,0.,1.));
#5077=DIRECTION('ref_axis',(1.,0.,0.));
#5078=DIRECTION('center_axis',(0.,0.,-1.));
#5079=DIRECTION('ref_axis',(1.,0.,0.));
#5080=DIRECTION('',(0.,0.,1.));
#5081=DIRECTION('center_axis',(0.,-1.,0.));
#5082=DIRECTION('ref_axis',(1.,0.,0.));
#5083=DIRECTION('',(1.,0.,0.));
#5084=DIRECTION('',(0.,0.,1.));
#5085=DIRECTION('center_axis',(0.,0.,1.));
#5086=DIRECTION('ref_axis',(0.,1.,0.));
#5087=DIRECTION('center_axis',(0.,0.,-1.));
#5088=DIRECTION('ref_axis',(0.,1.,0.));
#5089=DIRECTION('center_axis',(0.,-1.,0.));
#5090=DIRECTION('ref_axis',(1.,0.,0.));
#5091=DIRECTION('',(0.,0.,1.));
#5092=DIRECTION('',(1.,0.,0.));
#5093=DIRECTION('',(0.,0.,1.));
#5094=DIRECTION('center_axis',(0.,0.,1.));
#5095=DIRECTION('ref_axis',(0.,1.,0.));
#5096=DIRECTION('center_axis',(0.,0.,-1.));
#5097=DIRECTION('ref_axis',(0.,1.,0.));
#5098=DIRECTION('',(0.,0.,1.));
#5099=DIRECTION('center_axis',(1.,0.,0.));
#5100=DIRECTION('ref_axis',(0.,1.,0.));
#5101=DIRECTION('',(0.,1.,0.));
#5102=DIRECTION('',(0.,0.,1.));
#5103=DIRECTION('center_axis',(0.,0.,1.));
#5104=DIRECTION('ref_axis',(-1.,0.,0.));
#5105=DIRECTION('center_axis',(0.,0.,-1.));
#5106=DIRECTION('ref_axis',(-1.,0.,0.));
#5107=DIRECTION('',(0.,0.,1.));
#5108=DIRECTION('center_axis',(0.,1.,0.));
#5109=DIRECTION('ref_axis',(-1.,0.,0.));
#5110=DIRECTION('',(-1.,0.,0.));
#5111=DIRECTION('',(0.,0.,1.));
#5112=DIRECTION('center_axis',(0.,0.,1.));
#5113=DIRECTION('ref_axis',(0.,-1.,0.));
#5114=DIRECTION('center_axis',(0.,0.,-1.));
#5115=DIRECTION('ref_axis',(0.,-1.,0.));
#5116=DIRECTION('',(0.,0.,1.));
#5117=DIRECTION('center_axis',(-1.,0.,0.));
#5118=DIRECTION('ref_axis',(0.,-1.,0.));
#5119=DIRECTION('',(0.,-1.,0.));
#5120=DIRECTION('',(0.,0.,1.));
#5121=DIRECTION('center_axis',(0.,0.,1.));
#5122=DIRECTION('ref_axis',(1.,0.,0.));
#5123=DIRECTION('center_axis',(0.,0.,-1.));
#5124=DIRECTION('ref_axis',(1.,0.,0.));
#5125=DIRECTION('center_axis',(1.,0.,0.));
#5126=DIRECTION('ref_axis',(0.,1.,0.));
#5127=DIRECTION('',(0.,0.,1.));
#5128=DIRECTION('',(0.,1.,0.));
#5129=DIRECTION('',(0.,0.,1.));
#5130=DIRECTION('center_axis',(0.,0.,1.));
#5131=DIRECTION('ref_axis',(-1.,-4.44089209850064E-15,0.));
#5132=DIRECTION('center_axis',(0.,0.,-1.));
#5133=DIRECTION('ref_axis',(-1.,-4.44089209850064E-15,0.));
#5134=DIRECTION('',(0.,0.,1.));
#5135=DIRECTION('center_axis',(0.,1.,0.));
#5136=DIRECTION('ref_axis',(-1.,0.,0.));
#5137=DIRECTION('',(-1.,0.,0.));
#5138=DIRECTION('',(0.,0.,1.));
#5139=DIRECTION('center_axis',(0.,0.,1.));
#5140=DIRECTION('ref_axis',(0.,-1.,0.));
#5141=DIRECTION('center_axis',(0.,0.,-1.));
#5142=DIRECTION('ref_axis',(0.,-1.,0.));
#5143=DIRECTION('',(0.,0.,1.));
#5144=DIRECTION('center_axis',(-1.,0.,0.));
#5145=DIRECTION('ref_axis',(0.,-1.,0.));
#5146=DIRECTION('',(0.,-1.,0.));
#5147=DIRECTION('',(0.,0.,1.));
#5148=DIRECTION('center_axis',(0.,0.,1.));
#5149=DIRECTION('ref_axis',(1.,0.,0.));
#5150=DIRECTION('center_axis',(0.,0.,-1.));
#5151=DIRECTION('ref_axis',(1.,0.,0.));
#5152=DIRECTION('',(0.,0.,1.));
#5153=DIRECTION('center_axis',(0.,-1.,0.));
#5154=DIRECTION('ref_axis',(1.,0.,0.));
#5155=DIRECTION('',(1.,0.,0.));
#5156=DIRECTION('',(0.,0.,1.));
#5157=DIRECTION('center_axis',(0.,0.,1.));
#5158=DIRECTION('ref_axis',(0.,1.,0.));
#5159=DIRECTION('center_axis',(0.,0.,-1.));
#5160=DIRECTION('ref_axis',(0.,1.,0.));
#5161=DIRECTION('center_axis',(-1.,0.,0.));
#5162=DIRECTION('ref_axis',(0.,-1.,0.));
#5163=DIRECTION('',(0.,0.,1.));
#5164=DIRECTION('',(0.,-1.,0.));
#5165=DIRECTION('',(0.,0.,1.));
#5166=DIRECTION('center_axis',(0.,-1.,0.));
#5167=DIRECTION('ref_axis',(1.,0.,0.));
#5168=DIRECTION('',(1.,0.,0.));
#5169=DIRECTION('',(0.,0.,1.));
#5170=DIRECTION('center_axis',(1.,0.,0.));
#5171=DIRECTION('ref_axis',(0.,1.,0.));
#5172=DIRECTION('',(0.,1.,0.));
#5173=DIRECTION('',(0.,0.,1.));
#5174=DIRECTION('center_axis',(0.,1.,0.));
#5175=DIRECTION('ref_axis',(-1.,0.,0.));
#5176=DIRECTION('',(-1.,0.,0.));
#5177=DIRECTION('center_axis',(1.,0.,0.));
#5178=DIRECTION('ref_axis',(0.,1.,0.));
#5179=DIRECTION('',(0.,0.,1.));
#5180=DIRECTION('',(0.,1.,0.));
#5181=DIRECTION('',(0.,0.,1.));
#5182=DIRECTION('center_axis',(0.,0.,1.));
#5183=DIRECTION('ref_axis',(-1.,0.,0.));
#5184=DIRECTION('center_axis',(0.,0.,-1.));
#5185=DIRECTION('ref_axis',(-1.,0.,0.));
#5186=DIRECTION('',(0.,0.,1.));
#5187=DIRECTION('center_axis',(0.,1.,0.));
#5188=DIRECTION('ref_axis',(-1.,0.,0.));
#5189=DIRECTION('',(-1.,0.,0.));
#5190=DIRECTION('',(0.,0.,1.));
#5191=DIRECTION('center_axis',(0.,0.,1.));
#5192=DIRECTION('ref_axis',(0.,-1.,0.));
#5193=DIRECTION('center_axis',(0.,0.,-1.));
#5194=DIRECTION('ref_axis',(0.,-1.,0.));
#5195=DIRECTION('',(0.,0.,1.));
#5196=DIRECTION('center_axis',(-1.,0.,0.));
#5197=DIRECTION('ref_axis',(0.,-1.,0.));
#5198=DIRECTION('',(0.,-1.,0.));
#5199=DIRECTION('',(0.,0.,1.));
#5200=DIRECTION('center_axis',(0.,0.,1.));
#5201=DIRECTION('ref_axis',(1.,0.,0.));
#5202=DIRECTION('center_axis',(0.,0.,-1.));
#5203=DIRECTION('ref_axis',(1.,0.,0.));
#5204=DIRECTION('',(0.,0.,1.));
#5205=DIRECTION('center_axis',(0.,-1.,0.));
#5206=DIRECTION('ref_axis',(1.,0.,0.));
#5207=DIRECTION('',(1.,0.,0.));
#5208=DIRECTION('',(0.,0.,1.));
#5209=DIRECTION('center_axis',(0.,0.,1.));
#5210=DIRECTION('ref_axis',(0.,1.,0.));
#5211=DIRECTION('center_axis',(0.,0.,-1.));
#5212=DIRECTION('ref_axis',(0.,1.,0.));
#5213=DIRECTION('center_axis',(0.,-1.,0.));
#5214=DIRECTION('ref_axis',(1.,0.,0.));
#5215=DIRECTION('',(0.,0.,1.));
#5216=DIRECTION('',(1.,0.,0.));
#5217=DIRECTION('',(0.,0.,1.));
#5218=DIRECTION('center_axis',(0.,0.,1.));
#5219=DIRECTION('ref_axis',(0.,1.,0.));
#5220=DIRECTION('center_axis',(0.,0.,-1.));
#5221=DIRECTION('ref_axis',(0.,1.,0.));
#5222=DIRECTION('',(0.,0.,1.));
#5223=DIRECTION('center_axis',(1.,0.,0.));
#5224=DIRECTION('ref_axis',(0.,1.,0.));
#5225=DIRECTION('',(0.,1.,0.));
#5226=DIRECTION('',(0.,0.,1.));
#5227=DIRECTION('center_axis',(0.,0.,1.));
#5228=DIRECTION('ref_axis',(-1.,0.,0.));
#5229=DIRECTION('center_axis',(0.,0.,-1.));
#5230=DIRECTION('ref_axis',(-1.,0.,0.));
#5231=DIRECTION('',(0.,0.,1.));
#5232=DIRECTION('center_axis',(0.,1.,0.));
#5233=DIRECTION('ref_axis',(-1.,0.,0.));
#5234=DIRECTION('',(-1.,0.,0.));
#5235=DIRECTION('',(0.,0.,1.));
#5236=DIRECTION('center_axis',(0.,0.,1.));
#5237=DIRECTION('ref_axis',(0.,-1.,0.));
#5238=DIRECTION('center_axis',(0.,0.,-1.));
#5239=DIRECTION('ref_axis',(0.,-1.,0.));
#5240=DIRECTION('',(0.,0.,1.));
#5241=DIRECTION('center_axis',(-1.,0.,0.));
#5242=DIRECTION('ref_axis',(0.,-1.,0.));
#5243=DIRECTION('',(0.,-1.,0.));
#5244=DIRECTION('',(0.,0.,1.));
#5245=DIRECTION('center_axis',(0.,0.,1.));
#5246=DIRECTION('ref_axis',(1.,0.,0.));
#5247=DIRECTION('center_axis',(0.,0.,-1.));
#5248=DIRECTION('ref_axis',(1.,0.,0.));
#5249=DIRECTION('center_axis',(1.,0.,0.));
#5250=DIRECTION('ref_axis',(0.,1.,0.));
#5251=DIRECTION('',(0.,0.,1.));
#5252=DIRECTION('',(0.,1.,0.));
#5253=DIRECTION('',(0.,0.,1.));
#5254=DIRECTION('center_axis',(0.,0.,1.));
#5255=DIRECTION('ref_axis',(-1.,-4.44089209850064E-15,0.));
#5256=DIRECTION('center_axis',(0.,0.,-1.));
#5257=DIRECTION('ref_axis',(-1.,-4.44089209850064E-15,0.));
#5258=DIRECTION('',(0.,0.,1.));
#5259=DIRECTION('center_axis',(0.,1.,0.));
#5260=DIRECTION('ref_axis',(-1.,0.,0.));
#5261=DIRECTION('',(-1.,0.,0.));
#5262=DIRECTION('',(0.,0.,1.));
#5263=DIRECTION('center_axis',(0.,0.,1.));
#5264=DIRECTION('ref_axis',(0.,-1.,0.));
#5265=DIRECTION('center_axis',(0.,0.,-1.));
#5266=DIRECTION('ref_axis',(0.,-1.,0.));
#5267=DIRECTION('',(0.,0.,1.));
#5268=DIRECTION('center_axis',(-1.,0.,0.));
#5269=DIRECTION('ref_axis',(0.,-1.,0.));
#5270=DIRECTION('',(0.,-1.,0.));
#5271=DIRECTION('',(0.,0.,1.));
#5272=DIRECTION('center_axis',(0.,0.,1.));
#5273=DIRECTION('ref_axis',(1.,0.,0.));
#5274=DIRECTION('center_axis',(0.,0.,-1.));
#5275=DIRECTION('ref_axis',(1.,0.,0.));
#5276=DIRECTION('',(0.,0.,1.));
#5277=DIRECTION('center_axis',(0.,-1.,0.));
#5278=DIRECTION('ref_axis',(1.,0.,0.));
#5279=DIRECTION('',(1.,0.,0.));
#5280=DIRECTION('',(0.,0.,1.));
#5281=DIRECTION('center_axis',(0.,0.,1.));
#5282=DIRECTION('ref_axis',(0.,1.,0.));
#5283=DIRECTION('center_axis',(0.,0.,-1.));
#5284=DIRECTION('ref_axis',(0.,1.,0.));
#5285=DIRECTION('center_axis',(0.,-1.,0.));
#5286=DIRECTION('ref_axis',(1.,0.,0.));
#5287=DIRECTION('',(0.,0.,1.));
#5288=DIRECTION('',(1.,0.,0.));
#5289=DIRECTION('',(0.,0.,1.));
#5290=DIRECTION('center_axis',(0.,0.,1.));
#5291=DIRECTION('ref_axis',(0.,1.,0.));
#5292=DIRECTION('center_axis',(0.,0.,-1.));
#5293=DIRECTION('ref_axis',(0.,1.,0.));
#5294=DIRECTION('',(0.,0.,1.));
#5295=DIRECTION('center_axis',(1.,0.,0.));
#5296=DIRECTION('ref_axis',(0.,1.,0.));
#5297=DIRECTION('',(0.,1.,0.));
#5298=DIRECTION('',(0.,0.,1.));
#5299=DIRECTION('center_axis',(0.,0.,1.));
#5300=DIRECTION('ref_axis',(-1.,0.,0.));
#5301=DIRECTION('center_axis',(0.,0.,-1.));
#5302=DIRECTION('ref_axis',(-1.,0.,0.));
#5303=DIRECTION('',(0.,0.,1.));
#5304=DIRECTION('center_axis',(0.,1.,0.));
#5305=DIRECTION('ref_axis',(-1.,0.,0.));
#5306=DIRECTION('',(-1.,0.,0.));
#5307=DIRECTION('',(0.,0.,1.));
#5308=DIRECTION('center_axis',(0.,0.,1.));
#5309=DIRECTION('ref_axis',(0.,-1.,0.));
#5310=DIRECTION('center_axis',(0.,0.,-1.));
#5311=DIRECTION('ref_axis',(0.,-1.,0.));
#5312=DIRECTION('',(0.,0.,1.));
#5313=DIRECTION('center_axis',(-1.,0.,0.));
#5314=DIRECTION('ref_axis',(0.,-1.,0.));
#5315=DIRECTION('',(0.,-1.,0.));
#5316=DIRECTION('',(0.,0.,1.));
#5317=DIRECTION('center_axis',(0.,0.,1.));
#5318=DIRECTION('ref_axis',(1.,0.,0.));
#5319=DIRECTION('center_axis',(0.,0.,-1.));
#5320=DIRECTION('ref_axis',(1.,0.,0.));
#5321=DIRECTION('center_axis',(1.,0.,0.));
#5322=DIRECTION('ref_axis',(0.,1.,0.));
#5323=DIRECTION('',(0.,0.,1.));
#5324=DIRECTION('',(0.,1.,0.));
#5325=DIRECTION('',(0.,0.,1.));
#5326=DIRECTION('center_axis',(0.,0.,1.));
#5327=DIRECTION('ref_axis',(-1.,0.,0.));
#5328=DIRECTION('center_axis',(0.,0.,-1.));
#5329=DIRECTION('ref_axis',(-1.,0.,0.));
#5330=DIRECTION('',(0.,0.,1.));
#5331=DIRECTION('center_axis',(0.,1.,0.));
#5332=DIRECTION('ref_axis',(-1.,0.,0.));
#5333=DIRECTION('',(-1.,0.,0.));
#5334=DIRECTION('',(0.,0.,1.));
#5335=DIRECTION('center_axis',(0.,0.,1.));
#5336=DIRECTION('ref_axis',(0.,-1.,0.));
#5337=DIRECTION('center_axis',(0.,0.,-1.));
#5338=DIRECTION('ref_axis',(0.,-1.,0.));
#5339=DIRECTION('',(0.,0.,1.));
#5340=DIRECTION('center_axis',(-1.,0.,0.));
#5341=DIRECTION('ref_axis',(0.,-1.,0.));
#5342=DIRECTION('',(0.,-1.,0.));
#5343=DIRECTION('',(0.,0.,1.));
#5344=DIRECTION('center_axis',(0.,0.,1.));
#5345=DIRECTION('ref_axis',(1.,0.,0.));
#5346=DIRECTION('center_axis',(0.,0.,-1.));
#5347=DIRECTION('ref_axis',(1.,0.,0.));
#5348=DIRECTION('',(0.,0.,1.));
#5349=DIRECTION('center_axis',(0.,-1.,0.));
#5350=DIRECTION('ref_axis',(1.,0.,0.));
#5351=DIRECTION('',(1.,0.,0.));
#5352=DIRECTION('',(0.,0.,1.));
#5353=DIRECTION('center_axis',(0.,0.,1.));
#5354=DIRECTION('ref_axis',(0.,1.,0.));
#5355=DIRECTION('center_axis',(0.,0.,-1.));
#5356=DIRECTION('ref_axis',(0.,1.,0.));
#5357=DIRECTION('center_axis',(0.,-1.,0.));
#5358=DIRECTION('ref_axis',(1.,0.,0.));
#5359=DIRECTION('',(0.,0.,1.));
#5360=DIRECTION('',(1.,0.,0.));
#5361=DIRECTION('',(0.,0.,1.));
#5362=DIRECTION('center_axis',(0.,0.,1.));
#5363=DIRECTION('ref_axis',(0.,1.,0.));
#5364=DIRECTION('center_axis',(0.,0.,-1.));
#5365=DIRECTION('ref_axis',(0.,1.,0.));
#5366=DIRECTION('',(0.,0.,1.));
#5367=DIRECTION('center_axis',(1.,0.,0.));
#5368=DIRECTION('ref_axis',(0.,1.,0.));
#5369=DIRECTION('',(0.,1.,0.));
#5370=DIRECTION('',(0.,0.,1.));
#5371=DIRECTION('center_axis',(0.,0.,1.));
#5372=DIRECTION('ref_axis',(-1.,0.,0.));
#5373=DIRECTION('center_axis',(0.,0.,-1.));
#5374=DIRECTION('ref_axis',(-1.,0.,0.));
#5375=DIRECTION('',(0.,0.,1.));
#5376=DIRECTION('center_axis',(0.,1.,0.));
#5377=DIRECTION('ref_axis',(-1.,0.,0.));
#5378=DIRECTION('',(-1.,0.,0.));
#5379=DIRECTION('',(0.,0.,1.));
#5380=DIRECTION('center_axis',(0.,0.,1.));
#5381=DIRECTION('ref_axis',(0.,-1.,0.));
#5382=DIRECTION('center_axis',(0.,0.,-1.));
#5383=DIRECTION('ref_axis',(0.,-1.,0.));
#5384=DIRECTION('',(0.,0.,1.));
#5385=DIRECTION('center_axis',(-1.,0.,0.));
#5386=DIRECTION('ref_axis',(0.,-1.,0.));
#5387=DIRECTION('',(0.,-1.,0.));
#5388=DIRECTION('',(0.,0.,1.));
#5389=DIRECTION('center_axis',(0.,0.,1.));
#5390=DIRECTION('ref_axis',(1.,0.,0.));
#5391=DIRECTION('center_axis',(0.,0.,-1.));
#5392=DIRECTION('ref_axis',(1.,0.,0.));
#5393=DIRECTION('center_axis',(0.,-1.,0.));
#5394=DIRECTION('ref_axis',(1.,0.,0.));
#5395=DIRECTION('',(0.,0.,1.));
#5396=DIRECTION('',(1.,0.,0.));
#5397=DIRECTION('',(0.,0.,1.));
#5398=DIRECTION('center_axis',(0.,0.,1.));
#5399=DIRECTION('ref_axis',(0.,1.,0.));
#5400=DIRECTION('center_axis',(0.,0.,-1.));
#5401=DIRECTION('ref_axis',(0.,1.,0.));
#5402=DIRECTION('',(0.,0.,1.));
#5403=DIRECTION('center_axis',(1.,0.,0.));
#5404=DIRECTION('ref_axis',(0.,1.,0.));
#5405=DIRECTION('',(0.,1.,0.));
#5406=DIRECTION('',(0.,0.,1.));
#5407=DIRECTION('center_axis',(0.,0.,1.));
#5408=DIRECTION('ref_axis',(-1.,0.,0.));
#5409=DIRECTION('center_axis',(0.,0.,-1.));
#5410=DIRECTION('ref_axis',(-1.,0.,0.));
#5411=DIRECTION('',(0.,0.,1.));
#5412=DIRECTION('center_axis',(0.,1.,0.));
#5413=DIRECTION('ref_axis',(-1.,0.,0.));
#5414=DIRECTION('',(-1.,0.,0.));
#5415=DIRECTION('',(0.,0.,1.));
#5416=DIRECTION('center_axis',(0.,0.,1.));
#5417=DIRECTION('ref_axis',(0.,-1.,0.));
#5418=DIRECTION('center_axis',(0.,0.,-1.));
#5419=DIRECTION('ref_axis',(0.,-1.,0.));
#5420=DIRECTION('',(0.,0.,1.));
#5421=DIRECTION('center_axis',(-1.,0.,0.));
#5422=DIRECTION('ref_axis',(0.,-1.,0.));
#5423=DIRECTION('',(0.,-1.,0.));
#5424=DIRECTION('',(0.,0.,1.));
#5425=DIRECTION('center_axis',(0.,0.,1.));
#5426=DIRECTION('ref_axis',(1.,0.,0.));
#5427=DIRECTION('center_axis',(0.,0.,-1.));
#5428=DIRECTION('ref_axis',(1.,0.,0.));
#5429=DIRECTION('center_axis',(1.,0.,0.));
#5430=DIRECTION('ref_axis',(0.,1.,0.));
#5431=DIRECTION('',(0.,0.,1.));
#5432=DIRECTION('',(0.,1.,0.));
#5433=DIRECTION('',(0.,0.,1.));
#5434=DIRECTION('center_axis',(0.,0.,1.));
#5435=DIRECTION('ref_axis',(-1.,0.,0.));
#5436=DIRECTION('center_axis',(0.,0.,-1.));
#5437=DIRECTION('ref_axis',(-1.,0.,0.));
#5438=DIRECTION('',(0.,0.,1.));
#5439=DIRECTION('center_axis',(0.,1.,0.));
#5440=DIRECTION('ref_axis',(-1.,0.,0.));
#5441=DIRECTION('',(-1.,0.,0.));
#5442=DIRECTION('',(0.,0.,1.));
#5443=DIRECTION('center_axis',(0.,0.,1.));
#5444=DIRECTION('ref_axis',(0.,-1.,0.));
#5445=DIRECTION('center_axis',(0.,0.,-1.));
#5446=DIRECTION('ref_axis',(0.,-1.,0.));
#5447=DIRECTION('',(0.,0.,1.));
#5448=DIRECTION('center_axis',(-1.,0.,0.));
#5449=DIRECTION('ref_axis',(0.,-1.,0.));
#5450=DIRECTION('',(0.,-1.,0.));
#5451=DIRECTION('',(0.,0.,1.));
#5452=DIRECTION('center_axis',(0.,0.,1.));
#5453=DIRECTION('ref_axis',(1.,0.,0.));
#5454=DIRECTION('center_axis',(0.,0.,-1.));
#5455=DIRECTION('ref_axis',(1.,0.,0.));
#5456=DIRECTION('',(0.,0.,1.));
#5457=DIRECTION('center_axis',(0.,-1.,0.));
#5458=DIRECTION('ref_axis',(1.,0.,0.));
#5459=DIRECTION('',(1.,0.,0.));
#5460=DIRECTION('',(0.,0.,1.));
#5461=DIRECTION('center_axis',(0.,0.,1.));
#5462=DIRECTION('ref_axis',(0.,1.,0.));
#5463=DIRECTION('center_axis',(0.,0.,-1.));
#5464=DIRECTION('ref_axis',(0.,1.,0.));
#5465=DIRECTION('center_axis',(1.,0.,0.));
#5466=DIRECTION('ref_axis',(0.,1.,0.));
#5467=DIRECTION('',(0.,0.,1.));
#5468=DIRECTION('',(0.,1.,0.));
#5469=DIRECTION('',(0.,0.,1.));
#5470=DIRECTION('center_axis',(0.,0.,1.));
#5471=DIRECTION('ref_axis',(-1.,0.,0.));
#5472=DIRECTION('center_axis',(0.,0.,-1.));
#5473=DIRECTION('ref_axis',(-1.,0.,0.));
#5474=DIRECTION('',(0.,0.,1.));
#5475=DIRECTION('center_axis',(0.,1.,0.));
#5476=DIRECTION('ref_axis',(-1.,0.,0.));
#5477=DIRECTION('',(-1.,0.,0.));
#5478=DIRECTION('',(0.,0.,1.));
#5479=DIRECTION('center_axis',(0.,0.,1.));
#5480=DIRECTION('ref_axis',(0.,-1.,0.));
#5481=DIRECTION('center_axis',(0.,0.,-1.));
#5482=DIRECTION('ref_axis',(0.,-1.,0.));
#5483=DIRECTION('',(0.,0.,1.));
#5484=DIRECTION('center_axis',(-1.,0.,0.));
#5485=DIRECTION('ref_axis',(0.,-1.,0.));
#5486=DIRECTION('',(0.,-1.,0.));
#5487=DIRECTION('',(0.,0.,1.));
#5488=DIRECTION('center_axis',(0.,0.,1.));
#5489=DIRECTION('ref_axis',(1.,0.,0.));
#5490=DIRECTION('center_axis',(0.,0.,-1.));
#5491=DIRECTION('ref_axis',(1.,0.,0.));
#5492=DIRECTION('',(0.,0.,1.));
#5493=DIRECTION('center_axis',(0.,-1.,0.));
#5494=DIRECTION('ref_axis',(1.,0.,0.));
#5495=DIRECTION('',(1.,0.,0.));
#5496=DIRECTION('',(0.,0.,1.));
#5497=DIRECTION('center_axis',(0.,0.,1.));
#5498=DIRECTION('ref_axis',(0.,1.,0.));
#5499=DIRECTION('center_axis',(0.,0.,-1.));
#5500=DIRECTION('ref_axis',(0.,1.,0.));
#5501=DIRECTION('center_axis',(1.,0.,0.));
#5502=DIRECTION('ref_axis',(0.,1.,0.));
#5503=DIRECTION('',(0.,0.,1.));
#5504=DIRECTION('',(0.,1.,0.));
#5505=DIRECTION('',(0.,0.,1.));
#5506=DIRECTION('center_axis',(0.,0.,1.));
#5507=DIRECTION('ref_axis',(-1.,0.,0.));
#5508=DIRECTION('center_axis',(0.,0.,-1.));
#5509=DIRECTION('ref_axis',(-1.,0.,0.));
#5510=DIRECTION('',(0.,0.,1.));
#5511=DIRECTION('center_axis',(0.,1.,0.));
#5512=DIRECTION('ref_axis',(-1.,0.,0.));
#5513=DIRECTION('',(-1.,0.,0.));
#5514=DIRECTION('',(0.,0.,1.));
#5515=DIRECTION('center_axis',(0.,0.,1.));
#5516=DIRECTION('ref_axis',(0.,-1.,0.));
#5517=DIRECTION('center_axis',(0.,0.,-1.));
#5518=DIRECTION('ref_axis',(0.,-1.,0.));
#5519=DIRECTION('',(0.,0.,1.));
#5520=DIRECTION('center_axis',(-1.,0.,0.));
#5521=DIRECTION('ref_axis',(0.,-1.,0.));
#5522=DIRECTION('',(0.,-1.,0.));
#5523=DIRECTION('',(0.,0.,1.));
#5524=DIRECTION('center_axis',(0.,0.,1.));
#5525=DIRECTION('ref_axis',(1.,0.,0.));
#5526=DIRECTION('center_axis',(0.,0.,-1.));
#5527=DIRECTION('ref_axis',(1.,0.,0.));
#5528=DIRECTION('',(0.,0.,1.));
#5529=DIRECTION('center_axis',(0.,-1.,0.));
#5530=DIRECTION('ref_axis',(1.,0.,0.));
#5531=DIRECTION('',(1.,0.,0.));
#5532=DIRECTION('',(0.,0.,1.));
#5533=DIRECTION('center_axis',(0.,0.,1.));
#5534=DIRECTION('ref_axis',(0.,1.,0.));
#5535=DIRECTION('center_axis',(0.,0.,-1.));
#5536=DIRECTION('ref_axis',(0.,1.,0.));
#5537=DIRECTION('center_axis',(1.,0.,0.));
#5538=DIRECTION('ref_axis',(0.,1.,0.));
#5539=DIRECTION('',(0.,0.,1.));
#5540=DIRECTION('',(0.,1.,0.));
#5541=DIRECTION('',(0.,0.,1.));
#5542=DIRECTION('center_axis',(0.,0.,1.));
#5543=DIRECTION('ref_axis',(-1.,0.,0.));
#5544=DIRECTION('center_axis',(0.,0.,-1.));
#5545=DIRECTION('ref_axis',(-1.,0.,0.));
#5546=DIRECTION('',(0.,0.,1.));
#5547=DIRECTION('center_axis',(0.,1.,0.));
#5548=DIRECTION('ref_axis',(-1.,0.,0.));
#5549=DIRECTION('',(-1.,0.,0.));
#5550=DIRECTION('',(0.,0.,1.));
#5551=DIRECTION('center_axis',(0.,0.,1.));
#5552=DIRECTION('ref_axis',(0.,-1.,0.));
#5553=DIRECTION('center_axis',(0.,0.,-1.));
#5554=DIRECTION('ref_axis',(0.,-1.,0.));
#5555=DIRECTION('',(0.,0.,1.));
#5556=DIRECTION('center_axis',(-1.,0.,0.));
#5557=DIRECTION('ref_axis',(0.,-1.,0.));
#5558=DIRECTION('',(0.,-1.,0.));
#5559=DIRECTION('',(0.,0.,1.));
#5560=DIRECTION('center_axis',(0.,0.,1.));
#5561=DIRECTION('ref_axis',(1.,0.,0.));
#5562=DIRECTION('center_axis',(0.,0.,-1.));
#5563=DIRECTION('ref_axis',(1.,0.,0.));
#5564=DIRECTION('',(0.,0.,1.));
#5565=DIRECTION('center_axis',(0.,-1.,0.));
#5566=DIRECTION('ref_axis',(1.,0.,0.));
#5567=DIRECTION('',(1.,0.,0.));
#5568=DIRECTION('',(0.,0.,1.));
#5569=DIRECTION('center_axis',(0.,0.,1.));
#5570=DIRECTION('ref_axis',(0.,1.,0.));
#5571=DIRECTION('center_axis',(0.,0.,-1.));
#5572=DIRECTION('ref_axis',(0.,1.,0.));
#5573=DIRECTION('center_axis',(1.,0.,0.));
#5574=DIRECTION('ref_axis',(0.,1.,0.));
#5575=DIRECTION('',(0.,0.,1.));
#5576=DIRECTION('',(0.,1.,0.));
#5577=DIRECTION('',(0.,0.,1.));
#5578=DIRECTION('center_axis',(0.,0.,1.));
#5579=DIRECTION('ref_axis',(-1.,-4.44089209850064E-15,0.));
#5580=DIRECTION('center_axis',(0.,0.,-1.));
#5581=DIRECTION('ref_axis',(-1.,-4.44089209850064E-15,0.));
#5582=DIRECTION('',(0.,0.,1.));
#5583=DIRECTION('center_axis',(0.,1.,0.));
#5584=DIRECTION('ref_axis',(-1.,0.,0.));
#5585=DIRECTION('',(-1.,0.,0.));
#5586=DIRECTION('',(0.,0.,1.));
#5587=DIRECTION('center_axis',(0.,0.,1.));
#5588=DIRECTION('ref_axis',(0.,-1.,0.));
#5589=DIRECTION('center_axis',(0.,0.,-1.));
#5590=DIRECTION('ref_axis',(0.,-1.,0.));
#5591=DIRECTION('',(0.,0.,1.));
#5592=DIRECTION('center_axis',(-1.,0.,0.));
#5593=DIRECTION('ref_axis',(0.,-1.,0.));
#5594=DIRECTION('',(0.,-1.,0.));
#5595=DIRECTION('',(0.,0.,1.));
#5596=DIRECTION('center_axis',(0.,0.,1.));
#5597=DIRECTION('ref_axis',(1.,0.,0.));
#5598=DIRECTION('center_axis',(0.,0.,-1.));
#5599=DIRECTION('ref_axis',(1.,0.,0.));
#5600=DIRECTION('',(0.,0.,1.));
#5601=DIRECTION('center_axis',(0.,-1.,0.));
#5602=DIRECTION('ref_axis',(1.,0.,0.));
#5603=DIRECTION('',(1.,0.,0.));
#5604=DIRECTION('',(0.,0.,1.));
#5605=DIRECTION('center_axis',(0.,0.,1.));
#5606=DIRECTION('ref_axis',(0.,1.,0.));
#5607=DIRECTION('center_axis',(0.,0.,-1.));
#5608=DIRECTION('ref_axis',(0.,1.,0.));
#5609=DIRECTION('center_axis',(1.,0.,0.));
#5610=DIRECTION('ref_axis',(0.,1.,0.));
#5611=DIRECTION('',(0.,0.,1.));
#5612=DIRECTION('',(0.,1.,0.));
#5613=DIRECTION('',(0.,0.,1.));
#5614=DIRECTION('center_axis',(0.,0.,1.));
#5615=DIRECTION('ref_axis',(-1.,0.,0.));
#5616=DIRECTION('center_axis',(0.,0.,-1.));
#5617=DIRECTION('ref_axis',(-1.,0.,0.));
#5618=DIRECTION('',(0.,0.,1.));
#5619=DIRECTION('center_axis',(0.,1.,0.));
#5620=DIRECTION('ref_axis',(-1.,0.,0.));
#5621=DIRECTION('',(-1.,0.,0.));
#5622=DIRECTION('',(0.,0.,1.));
#5623=DIRECTION('center_axis',(0.,0.,1.));
#5624=DIRECTION('ref_axis',(0.,-1.,0.));
#5625=DIRECTION('center_axis',(0.,0.,-1.));
#5626=DIRECTION('ref_axis',(0.,-1.,0.));
#5627=DIRECTION('',(0.,0.,1.));
#5628=DIRECTION('center_axis',(-1.,0.,0.));
#5629=DIRECTION('ref_axis',(0.,-1.,0.));
#5630=DIRECTION('',(0.,-1.,0.));
#5631=DIRECTION('',(0.,0.,1.));
#5632=DIRECTION('center_axis',(0.,0.,1.));
#5633=DIRECTION('ref_axis',(1.,0.,0.));
#5634=DIRECTION('center_axis',(0.,0.,-1.));
#5635=DIRECTION('ref_axis',(1.,0.,0.));
#5636=DIRECTION('',(0.,0.,1.));
#5637=DIRECTION('center_axis',(0.,-1.,0.));
#5638=DIRECTION('ref_axis',(1.,0.,0.));
#5639=DIRECTION('',(1.,0.,0.));
#5640=DIRECTION('',(0.,0.,1.));
#5641=DIRECTION('center_axis',(0.,0.,1.));
#5642=DIRECTION('ref_axis',(0.,1.,0.));
#5643=DIRECTION('center_axis',(0.,0.,-1.));
#5644=DIRECTION('ref_axis',(0.,1.,0.));
#5645=DIRECTION('center_axis',(1.,0.,0.));
#5646=DIRECTION('ref_axis',(0.,1.,0.));
#5647=DIRECTION('',(0.,0.,1.));
#5648=DIRECTION('',(0.,1.,0.));
#5649=DIRECTION('',(0.,0.,1.));
#5650=DIRECTION('center_axis',(0.,0.,1.));
#5651=DIRECTION('ref_axis',(-1.,0.,0.));
#5652=DIRECTION('center_axis',(0.,0.,-1.));
#5653=DIRECTION('ref_axis',(-1.,0.,0.));
#5654=DIRECTION('',(0.,0.,1.));
#5655=DIRECTION('center_axis',(0.,1.,0.));
#5656=DIRECTION('ref_axis',(-1.,0.,0.));
#5657=DIRECTION('',(-1.,0.,0.));
#5658=DIRECTION('',(0.,0.,1.));
#5659=DIRECTION('center_axis',(0.,0.,1.));
#5660=DIRECTION('ref_axis',(0.,-1.,0.));
#5661=DIRECTION('center_axis',(0.,0.,-1.));
#5662=DIRECTION('ref_axis',(0.,-1.,0.));
#5663=DIRECTION('',(0.,0.,1.));
#5664=DIRECTION('center_axis',(-1.,0.,0.));
#5665=DIRECTION('ref_axis',(0.,-1.,0.));
#5666=DIRECTION('',(0.,-1.,0.));
#5667=DIRECTION('',(0.,0.,1.));
#5668=DIRECTION('center_axis',(0.,0.,1.));
#5669=DIRECTION('ref_axis',(1.,0.,0.));
#5670=DIRECTION('center_axis',(0.,0.,-1.));
#5671=DIRECTION('ref_axis',(1.,0.,0.));
#5672=DIRECTION('',(0.,0.,1.));
#5673=DIRECTION('center_axis',(0.,-1.,0.));
#5674=DIRECTION('ref_axis',(1.,0.,0.));
#5675=DIRECTION('',(1.,0.,0.));
#5676=DIRECTION('',(0.,0.,1.));
#5677=DIRECTION('center_axis',(0.,0.,1.));
#5678=DIRECTION('ref_axis',(0.,1.,0.));
#5679=DIRECTION('center_axis',(0.,0.,-1.));
#5680=DIRECTION('ref_axis',(0.,1.,0.));
#5681=DIRECTION('center_axis',(1.,0.,0.));
#5682=DIRECTION('ref_axis',(0.,1.,0.));
#5683=DIRECTION('',(0.,0.,1.));
#5684=DIRECTION('',(0.,1.,0.));
#5685=DIRECTION('',(0.,0.,1.));
#5686=DIRECTION('center_axis',(0.,0.,1.));
#5687=DIRECTION('ref_axis',(-1.,0.,0.));
#5688=DIRECTION('center_axis',(0.,0.,-1.));
#5689=DIRECTION('ref_axis',(-1.,0.,0.));
#5690=DIRECTION('',(0.,0.,1.));
#5691=DIRECTION('center_axis',(0.,1.,0.));
#5692=DIRECTION('ref_axis',(-1.,0.,0.));
#5693=DIRECTION('',(-1.,0.,0.));
#5694=DIRECTION('',(0.,0.,1.));
#5695=DIRECTION('center_axis',(0.,0.,1.));
#5696=DIRECTION('ref_axis',(0.,-1.,0.));
#5697=DIRECTION('center_axis',(0.,0.,-1.));
#5698=DIRECTION('ref_axis',(0.,-1.,0.));
#5699=DIRECTION('',(0.,0.,1.));
#5700=DIRECTION('center_axis',(-1.,0.,0.));
#5701=DIRECTION('ref_axis',(0.,-1.,0.));
#5702=DIRECTION('',(0.,-1.,0.));
#5703=DIRECTION('',(0.,0.,1.));
#5704=DIRECTION('center_axis',(0.,0.,1.));
#5705=DIRECTION('ref_axis',(1.,0.,0.));
#5706=DIRECTION('center_axis',(0.,0.,-1.));
#5707=DIRECTION('ref_axis',(1.,0.,0.));
#5708=DIRECTION('',(0.,0.,1.));
#5709=DIRECTION('center_axis',(0.,-1.,0.));
#5710=DIRECTION('ref_axis',(1.,0.,0.));
#5711=DIRECTION('',(1.,0.,0.));
#5712=DIRECTION('',(0.,0.,1.));
#5713=DIRECTION('center_axis',(0.,0.,1.));
#5714=DIRECTION('ref_axis',(0.,1.,0.));
#5715=DIRECTION('center_axis',(0.,0.,-1.));
#5716=DIRECTION('ref_axis',(0.,1.,0.));
#5717=DIRECTION('center_axis',(1.,0.,0.));
#5718=DIRECTION('ref_axis',(0.,1.,0.));
#5719=DIRECTION('',(0.,0.,1.));
#5720=DIRECTION('',(0.,1.,0.));
#5721=DIRECTION('',(0.,0.,1.));
#5722=DIRECTION('center_axis',(0.,0.,1.));
#5723=DIRECTION('ref_axis',(-1.,0.,0.));
#5724=DIRECTION('center_axis',(0.,0.,-1.));
#5725=DIRECTION('ref_axis',(-1.,0.,0.));
#5726=DIRECTION('',(0.,0.,1.));
#5727=DIRECTION('center_axis',(0.,1.,0.));
#5728=DIRECTION('ref_axis',(-1.,0.,0.));
#5729=DIRECTION('',(-1.,0.,0.));
#5730=DIRECTION('',(0.,0.,1.));
#5731=DIRECTION('center_axis',(0.,0.,1.));
#5732=DIRECTION('ref_axis',(-4.44089209850072E-15,-1.,0.));
#5733=DIRECTION('center_axis',(0.,0.,-1.));
#5734=DIRECTION('ref_axis',(-4.44089209850072E-15,-1.,0.));
#5735=DIRECTION('',(0.,0.,1.));
#5736=DIRECTION('center_axis',(-1.,0.,0.));
#5737=DIRECTION('ref_axis',(0.,-1.,0.));
#5738=DIRECTION('',(0.,-1.,0.));
#5739=DIRECTION('',(0.,0.,1.));
#5740=DIRECTION('center_axis',(0.,0.,1.));
#5741=DIRECTION('ref_axis',(1.,0.,0.));
#5742=DIRECTION('center_axis',(0.,0.,-1.));
#5743=DIRECTION('ref_axis',(1.,0.,0.));
#5744=DIRECTION('',(0.,0.,1.));
#5745=DIRECTION('center_axis',(0.,-1.,0.));
#5746=DIRECTION('ref_axis',(1.,0.,0.));
#5747=DIRECTION('',(1.,0.,0.));
#5748=DIRECTION('',(0.,0.,1.));
#5749=DIRECTION('center_axis',(0.,0.,1.));
#5750=DIRECTION('ref_axis',(0.,1.,0.));
#5751=DIRECTION('center_axis',(0.,0.,-1.));
#5752=DIRECTION('ref_axis',(0.,1.,0.));
#5753=DIRECTION('center_axis',(1.,0.,0.));
#5754=DIRECTION('ref_axis',(0.,1.,0.));
#5755=DIRECTION('',(0.,0.,1.));
#5756=DIRECTION('',(0.,1.,0.));
#5757=DIRECTION('',(0.,0.,1.));
#5758=DIRECTION('center_axis',(0.,0.,1.));
#5759=DIRECTION('ref_axis',(-1.,0.,0.));
#5760=DIRECTION('center_axis',(0.,0.,-1.));
#5761=DIRECTION('ref_axis',(-1.,0.,0.));
#5762=DIRECTION('',(0.,0.,1.));
#5763=DIRECTION('center_axis',(0.,1.,0.));
#5764=DIRECTION('ref_axis',(-1.,0.,0.));
#5765=DIRECTION('',(-1.,0.,0.));
#5766=DIRECTION('',(0.,0.,1.));
#5767=DIRECTION('center_axis',(0.,0.,1.));
#5768=DIRECTION('ref_axis',(0.,-1.,0.));
#5769=DIRECTION('center_axis',(0.,0.,-1.));
#5770=DIRECTION('ref_axis',(0.,-1.,0.));
#5771=DIRECTION('',(0.,0.,1.));
#5772=DIRECTION('center_axis',(-1.,0.,0.));
#5773=DIRECTION('ref_axis',(0.,-1.,0.));
#5774=DIRECTION('',(0.,-1.,0.));
#5775=DIRECTION('',(0.,0.,1.));
#5776=DIRECTION('center_axis',(0.,0.,1.));
#5777=DIRECTION('ref_axis',(1.,0.,0.));
#5778=DIRECTION('center_axis',(0.,0.,-1.));
#5779=DIRECTION('ref_axis',(1.,0.,0.));
#5780=DIRECTION('',(0.,0.,1.));
#5781=DIRECTION('center_axis',(0.,-1.,0.));
#5782=DIRECTION('ref_axis',(1.,0.,0.));
#5783=DIRECTION('',(1.,0.,0.));
#5784=DIRECTION('',(0.,0.,1.));
#5785=DIRECTION('center_axis',(0.,0.,1.));
#5786=DIRECTION('ref_axis',(0.,1.,0.));
#5787=DIRECTION('center_axis',(0.,0.,-1.));
#5788=DIRECTION('ref_axis',(0.,1.,0.));
#5789=DIRECTION('center_axis',(1.,0.,0.));
#5790=DIRECTION('ref_axis',(0.,1.,0.));
#5791=DIRECTION('',(0.,0.,1.));
#5792=DIRECTION('',(0.,1.,0.));
#5793=DIRECTION('',(0.,0.,1.));
#5794=DIRECTION('center_axis',(0.,0.,1.));
#5795=DIRECTION('ref_axis',(-1.,0.,0.));
#5796=DIRECTION('center_axis',(0.,0.,-1.));
#5797=DIRECTION('ref_axis',(-1.,0.,0.));
#5798=DIRECTION('',(0.,0.,1.));
#5799=DIRECTION('center_axis',(0.,1.,0.));
#5800=DIRECTION('ref_axis',(-1.,0.,0.));
#5801=DIRECTION('',(-1.,0.,0.));
#5802=DIRECTION('',(0.,0.,1.));
#5803=DIRECTION('center_axis',(0.,0.,1.));
#5804=DIRECTION('ref_axis',(0.,-1.,0.));
#5805=DIRECTION('center_axis',(0.,0.,-1.));
#5806=DIRECTION('ref_axis',(0.,-1.,0.));
#5807=DIRECTION('',(0.,0.,1.));
#5808=DIRECTION('center_axis',(-1.,0.,0.));
#5809=DIRECTION('ref_axis',(0.,-1.,0.));
#5810=DIRECTION('',(0.,-1.,0.));
#5811=DIRECTION('',(0.,0.,1.));
#5812=DIRECTION('center_axis',(0.,0.,1.));
#5813=DIRECTION('ref_axis',(1.,0.,0.));
#5814=DIRECTION('center_axis',(0.,0.,-1.));
#5815=DIRECTION('ref_axis',(1.,0.,0.));
#5816=DIRECTION('',(0.,0.,1.));
#5817=DIRECTION('center_axis',(0.,-1.,0.));
#5818=DIRECTION('ref_axis',(1.,0.,0.));
#5819=DIRECTION('',(1.,0.,0.));
#5820=DIRECTION('',(0.,0.,1.));
#5821=DIRECTION('center_axis',(0.,0.,1.));
#5822=DIRECTION('ref_axis',(0.,1.,0.));
#5823=DIRECTION('center_axis',(0.,0.,-1.));
#5824=DIRECTION('ref_axis',(0.,1.,0.));
#5825=DIRECTION('center_axis',(0.,1.,0.));
#5826=DIRECTION('ref_axis',(-1.,0.,0.));
#5827=DIRECTION('',(0.,0.,1.));
#5828=DIRECTION('',(-1.,0.,0.));
#5829=DIRECTION('',(0.,0.,1.));
#5830=DIRECTION('center_axis',(-1.,2.84935787444807E-11,0.));
#5831=DIRECTION('ref_axis',(-2.84935787444807E-11,-1.,0.));
#5832=DIRECTION('',(-2.84935787444807E-11,-1.,0.));
#5833=DIRECTION('center_axis',(9.67514618409723E-17,-1.,0.));
#5834=DIRECTION('ref_axis',(1.,9.67514618409722E-17,0.));
#5835=DIRECTION('',(1.,9.67514618409722E-17,0.));
#5836=DIRECTION('center_axis',(0.000424915305279178,0.999999909723488,0.));
#5837=DIRECTION('ref_axis',(-0.999999909723488,0.000424915305279178,0.));
#5838=DIRECTION('',(-0.999999909723488,0.000424915305279178,0.));
#5839=DIRECTION('',(0.,0.,1.));
#5840=DIRECTION('center_axis',(1.,-2.84935787444807E-11,0.));
#5841=DIRECTION('ref_axis',(2.84935787444807E-11,1.,0.));
#5842=DIRECTION('',(2.84935787444807E-11,1.,0.));
#5843=DIRECTION('center_axis',(0.,0.,1.));
#5844=DIRECTION('ref_axis',(1.,0.,0.));
#5845=CARTESIAN_POINT('',(0.,0.,0.));
#5846=CARTESIAN_POINT('Origin',(45.4357475032775,-67.2150682450348,0.));
#5847=CARTESIAN_POINT('',(46.4357475032775,-67.215068138681,2.));
#5848=CARTESIAN_POINT('',(45.4357475032775,-68.2150682450348,2.));
#5849=CARTESIAN_POINT('Origin',(45.4357475032775,-67.2150682450348,2.));
#5850=CARTESIAN_POINT('',(45.4357475032775,-68.2150682450348,0.));
#5851=CARTESIAN_POINT('',(45.4357475032775,-68.2150682450348,0.));
#5852=CARTESIAN_POINT('',(46.4357475032775,-67.215068138681,0.));
#5853=CARTESIAN_POINT('Origin',(45.4357475032775,-67.2150682450348,0.));
#5854=CARTESIAN_POINT('',(46.4357475032775,-67.215068138681,0.));
#5855=CARTESIAN_POINT('Origin',(46.4357476096313,-68.2150682450348,0.));
#5856=CARTESIAN_POINT('',(46.4357457398783,-50.6345715606931,0.));
#5857=CARTESIAN_POINT('',(46.4357476096313,-68.2150682450348,0.));
#5858=CARTESIAN_POINT('',(46.4357457398783,-50.6345715606931,2.));
#5859=CARTESIAN_POINT('',(46.4357457398783,-50.6345715606931,0.));
#5860=CARTESIAN_POINT('',(46.4357476096313,-68.2150682450348,2.));
#5861=CARTESIAN_POINT('Origin',(12.2970855975981,-13.4155682450348,0.));
#5862=CARTESIAN_POINT('',(-44.3642523903686,-68.2150682450349,0.));
#5863=CARTESIAN_POINT('',(-45.3642523903686,-68.2150682450349,0.));
#5864=CARTESIAN_POINT('',(-45.3642523903686,-67.2150682450349,0.));
#5865=CARTESIAN_POINT('Origin',(-44.3642523903686,-67.2150682450349,0.));
#5866=CARTESIAN_POINT('',(-45.3642523903687,40.383506749345,0.));
#5867=CARTESIAN_POINT('',(-45.3642523903687,41.3839317549652,0.));
#5868=CARTESIAN_POINT('',(-44.3638274750634,41.3835066590685,0.));
#5869=CARTESIAN_POINT('Origin',(-44.3642523903687,40.383506749345,0.));
#5870=CARTESIAN_POINT('',(41.5000009246695,41.3470218009179,0.));
#5871=CARTESIAN_POINT('',(69.9584235855649,41.3349293804735,0.));
#5872=CARTESIAN_POINT('',(41.500000923872,13.3571740763664,0.));
#5873=CARTESIAN_POINT('',(41.500000923872,13.3571740763664,0.));
#5874=CARTESIAN_POINT('',(62.000000923872,13.3571740763664,0.));
#5875=CARTESIAN_POINT('',(62.000000923872,13.3571740763664,0.));
#5876=CARTESIAN_POINT('',(62.0000009246693,41.3383110363733,0.));
#5877=CARTESIAN_POINT('',(62.0000009246695,41.3470218009179,0.));
#5878=CARTESIAN_POINT('',(68.9588484773958,41.3353541152741,0.));
#5879=CARTESIAN_POINT('',(69.9584235855649,41.3349293804735,0.));
#5880=CARTESIAN_POINT('',(69.9584235620905,40.3353541820662,0.));
#5881=CARTESIAN_POINT('Origin',(68.9584235620905,40.3353542055506,0.));
#5882=CARTESIAN_POINT('',(69.9584216575654,-40.7622084866001,0.));
#5883=CARTESIAN_POINT('',(69.9584216410589,-41.4650781776423,0.));
#5884=CARTESIAN_POINT('',(69.2970866013205,-41.7031155020263,0.));
#5885=CARTESIAN_POINT('Origin',(68.9584216575654,-40.7622084631157,0.));
#5886=CARTESIAN_POINT('',(47.0970807961233,-49.6936644154288,0.));
#5887=CARTESIAN_POINT('',(46.4357456651255,-49.9317017726601,0.));
#5888=CARTESIAN_POINT('Origin',(47.4357457398783,-50.6345714543393,0.));
#5889=CARTESIAN_POINT('',(-34.4142523903687,32.0199317549651,0.));
#5890=CARTESIAN_POINT('',(-33.9142523903686,32.5199317549651,0.));
#5891=CARTESIAN_POINT('Origin',(-33.9142523903686,32.0199317549651,0.));
#5892=CARTESIAN_POINT('',(-34.4142523903687,19.0199317549651,0.));
#5893=CARTESIAN_POINT('',(-34.4142523903687,32.0199317549651,0.));
#5894=CARTESIAN_POINT('',(-33.9142523903686,18.5199317549651,0.));
#5895=CARTESIAN_POINT('Origin',(-33.9142523903686,19.0199317549651,0.));
#5896=CARTESIAN_POINT('',(-20.9142523903687,18.5199317549651,0.));
#5897=CARTESIAN_POINT('',(-33.9142523903686,18.5199317549651,0.));
#5898=CARTESIAN_POINT('',(-20.4142523903687,19.0199317549651,0.));
#5899=CARTESIAN_POINT('Origin',(-20.9142523903687,19.0199317549651,0.));
#5900=CARTESIAN_POINT('',(-20.4142523903687,32.0199317549651,0.));
#5901=CARTESIAN_POINT('',(-20.4142523903687,32.0199317549651,0.));
#5902=CARTESIAN_POINT('',(-20.9142523903687,32.5199317549651,0.));
#5903=CARTESIAN_POINT('Origin',(-20.9142523903687,32.0199317549651,0.));
#5904=CARTESIAN_POINT('',(-33.9142523903686,32.5199317549651,0.));
#5905=CARTESIAN_POINT('',(36.2357476096313,-34.1550682450349,0.));
#5906=CARTESIAN_POINT('',(36.7357476096313,-34.6550682450349,0.));
#5907=CARTESIAN_POINT('Origin',(36.2357476096313,-34.6550682450349,0.));
#5908=CARTESIAN_POINT('',(23.2357476096313,-34.1550682450349,0.));
#5909=CARTESIAN_POINT('',(36.2357476096313,-34.1550682450349,0.));
#5910=CARTESIAN_POINT('',(22.7357476096314,-34.6550682450349,0.));
#5911=CARTESIAN_POINT('Origin',(23.2357476096313,-34.6550682450349,0.));
#5912=CARTESIAN_POINT('',(22.7357476096314,-47.6550682450349,0.));
#5913=CARTESIAN_POINT('',(22.7357476096314,-34.6550682450349,0.));
#5914=CARTESIAN_POINT('',(23.2357476096313,-48.1550682450349,0.));
#5915=CARTESIAN_POINT('Origin',(23.2357476096313,-47.6550682450349,0.));
#5916=CARTESIAN_POINT('',(36.2357476096313,-48.1550682450349,0.));
#5917=CARTESIAN_POINT('',(36.2357476096313,-48.1550682450349,0.));
#5918=CARTESIAN_POINT('',(36.7357476096313,-47.6550682450349,0.));
#5919=CARTESIAN_POINT('Origin',(36.2357476096313,-47.6550682450349,0.));
#5920=CARTESIAN_POINT('',(36.7357476096313,-34.6550682450349,0.));
#5921=CARTESIAN_POINT('',(-33.3272523903686,-45.1800682450349,0.));
#5922=CARTESIAN_POINT('',(-32.8272523903686,-44.6800682450349,0.));
#5923=CARTESIAN_POINT('Origin',(-32.8272523903686,-45.1800682450349,0.));
#5924=CARTESIAN_POINT('',(-33.3272523903686,-59.1800682450349,0.));
#5925=CARTESIAN_POINT('',(-33.3272523903686,-45.1800682450349,0.));
#5926=CARTESIAN_POINT('',(-32.8272523903686,-59.6800682450349,0.));
#5927=CARTESIAN_POINT('Origin',(-32.8272523903686,-59.1800682450349,0.));
#5928=CARTESIAN_POINT('',(-26.8272523903686,-59.6800682450349,0.));
#5929=CARTESIAN_POINT('',(-32.8272523903686,-59.6800682450349,0.));
#5930=CARTESIAN_POINT('',(-26.3272523903686,-59.1800682450349,0.));
#5931=CARTESIAN_POINT('Origin',(-26.8272523903686,-59.1800682450349,0.));
#5932=CARTESIAN_POINT('',(-26.3272523903686,-45.1800682450349,0.));
#5933=CARTESIAN_POINT('',(-26.3272523903686,-45.1800682450349,0.));
#5934=CARTESIAN_POINT('',(-26.8272523903686,-44.6800682450348,0.));
#5935=CARTESIAN_POINT('Origin',(-26.8272523903686,-45.1800682450349,0.));
#5936=CARTESIAN_POINT('',(-32.8272523903686,-44.6800682450349,0.));
#5937=CARTESIAN_POINT('',(36.2357476096313,3.94493175496513,0.));
#5938=CARTESIAN_POINT('',(36.7357476096313,3.44493175496513,0.));
#5939=CARTESIAN_POINT('Origin',(36.2357476096313,3.44493175496513,0.));
#5940=CARTESIAN_POINT('',(23.2357476096313,3.94493175496513,0.));
#5941=CARTESIAN_POINT('',(36.2357476096313,3.94493175496513,0.));
#5942=CARTESIAN_POINT('',(22.7357476096314,3.44493175496513,0.));
#5943=CARTESIAN_POINT('Origin',(23.2357476096313,3.44493175496513,0.));
#5944=CARTESIAN_POINT('',(22.7357476096314,-9.55506824503487,0.));
#5945=CARTESIAN_POINT('',(22.7357476096314,3.44493175496513,0.));
#5946=CARTESIAN_POINT('',(23.2357476096313,-10.0550682450349,0.));
#5947=CARTESIAN_POINT('Origin',(23.2357476096313,-9.55506824503487,0.));
#5948=CARTESIAN_POINT('',(36.2357476096313,-10.0550682450349,0.));
#5949=CARTESIAN_POINT('',(36.2357476096313,-10.0550682450349,0.));
#5950=CARTESIAN_POINT('',(36.7357476096314,-9.55506824503487,0.));
#5951=CARTESIAN_POINT('Origin',(36.2357476096313,-9.55506824503487,0.));
#5952=CARTESIAN_POINT('',(36.7357476096313,3.44493175496513,0.));
#5953=CARTESIAN_POINT('',(3.68574760963134,32.0199317549651,0.));
#5954=CARTESIAN_POINT('',(4.18574760963135,32.5199317549651,0.));
#5955=CARTESIAN_POINT('Origin',(4.18574760963135,32.0199317549651,0.));
#5956=CARTESIAN_POINT('',(3.68574760963135,19.0199317549651,0.));
#5957=CARTESIAN_POINT('',(3.68574760963135,32.0199317549651,0.));
#5958=CARTESIAN_POINT('',(4.18574760963135,18.5199317549651,0.));
#5959=CARTESIAN_POINT('Origin',(4.18574760963135,19.0199317549651,0.));
#5960=CARTESIAN_POINT('',(17.1857476096314,18.5199317549651,0.));
#5961=CARTESIAN_POINT('',(4.18574760963135,18.5199317549651,0.));
#5962=CARTESIAN_POINT('',(17.6857476096314,19.0199317549651,0.));
#5963=CARTESIAN_POINT('Origin',(17.1857476096314,19.0199317549651,0.));
#5964=CARTESIAN_POINT('',(17.6857476096314,32.0199317549651,0.));
#5965=CARTESIAN_POINT('',(17.6857476096314,32.0199317549651,0.));
#5966=CARTESIAN_POINT('',(17.1857476096314,32.5199317549651,0.));
#5967=CARTESIAN_POINT('Origin',(17.1857476096314,32.0199317549651,0.));
#5968=CARTESIAN_POINT('',(4.18574760963135,32.5199317549651,0.));
#5969=CARTESIAN_POINT('',(57.9584216410589,-36.8091367180894,0.));
#5970=CARTESIAN_POINT('',(44.9584216410589,-36.8091367180894,0.));
#5971=CARTESIAN_POINT('',(57.9584216410589,-36.8091367180894,0.));
#5972=CARTESIAN_POINT('',(57.9584216410589,3.66459691203367,0.));
#5973=CARTESIAN_POINT('',(57.9584216410589,3.66459691203367,0.));
#5974=CARTESIAN_POINT('',(44.9584216410589,3.66459691203367,0.));
#5975=CARTESIAN_POINT('',(44.9584216410589,3.66459691203367,0.));
#5976=CARTESIAN_POINT('',(44.9584216410589,-36.8091367180894,0.));
#5977=CARTESIAN_POINT('',(3.68574760963135,-6.08006824503486,0.));
#5978=CARTESIAN_POINT('',(4.18574760963135,-5.58006824503487,0.));
#5979=CARTESIAN_POINT('Origin',(4.18574760963135,-6.08006824503486,0.));
#5980=CARTESIAN_POINT('',(3.68574760963135,-19.0800682450349,0.));
#5981=CARTESIAN_POINT('',(3.68574760963135,-6.08006824503486,0.));
#5982=CARTESIAN_POINT('',(4.18574760963135,-19.5800682450349,0.));
#5983=CARTESIAN_POINT('Origin',(4.18574760963135,-19.0800682450349,0.));
#5984=CARTESIAN_POINT('',(17.1857476096314,-19.5800682450349,0.));
#5985=CARTESIAN_POINT('',(4.18574760963135,-19.5800682450349,0.));
#5986=CARTESIAN_POINT('',(17.6857476096314,-19.0800682450349,0.));
#5987=CARTESIAN_POINT('Origin',(17.1857476096314,-19.0800682450349,0.));
#5988=CARTESIAN_POINT('',(17.6857476096314,-6.08006824503486,0.));
#5989=CARTESIAN_POINT('',(17.6857476096314,-6.08006824503486,0.));
#5990=CARTESIAN_POINT('',(17.1857476096314,-5.58006824503487,0.));
#5991=CARTESIAN_POINT('Origin',(17.1857476096314,-6.08006824503486,0.));
#5992=CARTESIAN_POINT('',(4.18574760963135,-5.58006824503487,0.));
#5993=CARTESIAN_POINT('',(35.2357476096314,12.3829317549651,0.));
#5994=CARTESIAN_POINT('',(35.7357476096313,11.8829317549651,0.));
#5995=CARTESIAN_POINT('Origin',(35.2357476096314,11.8829317549651,0.));
#5996=CARTESIAN_POINT('',(21.2357476096313,12.3829317549651,0.));
#5997=CARTESIAN_POINT('',(35.2357476096314,12.3829317549651,0.));
#5998=CARTESIAN_POINT('',(20.7357476096313,11.8829317549651,0.));
#5999=CARTESIAN_POINT('Origin',(21.2357476096313,11.8829317549651,0.));
#6000=CARTESIAN_POINT('',(20.7357476096313,5.88293175496513,0.));
#6001=CARTESIAN_POINT('',(20.7357476096313,11.8829317549651,0.));
#6002=CARTESIAN_POINT('',(21.2357476096313,5.38293175496514,0.));
#6003=CARTESIAN_POINT('Origin',(21.2357476096313,5.88293175496513,0.));
#6004=CARTESIAN_POINT('',(35.2357476096314,5.38293175496513,0.));
#6005=CARTESIAN_POINT('',(35.2357476096314,5.38293175496513,0.));
#6006=CARTESIAN_POINT('',(35.7357476096314,5.88293175496513,0.));
#6007=CARTESIAN_POINT('Origin',(35.2357476096314,5.88293175496513,0.));
#6008=CARTESIAN_POINT('',(35.7357476096313,11.8829317549651,0.));
#6009=CARTESIAN_POINT('',(-15.3642523903687,32.0199317549651,0.));
#6010=CARTESIAN_POINT('',(-14.8642523903687,32.5199317549651,0.));
#6011=CARTESIAN_POINT('Origin',(-14.8642523903687,32.0199317549651,0.));
#6012=CARTESIAN_POINT('',(-15.3642523903686,19.0199317549651,0.));
#6013=CARTESIAN_POINT('',(-15.3642523903686,32.0199317549651,0.));
#6014=CARTESIAN_POINT('',(-14.8642523903687,18.5199317549651,0.));
#6015=CARTESIAN_POINT('Origin',(-14.8642523903687,19.0199317549651,0.));
#6016=CARTESIAN_POINT('',(-1.86425239036865,18.5199317549651,0.));
#6017=CARTESIAN_POINT('',(-14.8642523903687,18.5199317549651,0.));
#6018=CARTESIAN_POINT('',(-1.36425239036865,19.0199317549651,0.));
#6019=CARTESIAN_POINT('Origin',(-1.86425239036865,19.0199317549651,0.));
#6020=CARTESIAN_POINT('',(-1.36425239036865,32.0199317549651,0.));
#6021=CARTESIAN_POINT('',(-1.36425239036865,32.0199317549651,0.));
#6022=CARTESIAN_POINT('',(-1.86425239036865,32.5199317549651,0.));
#6023=CARTESIAN_POINT('Origin',(-1.86425239036865,32.0199317549651,0.));
#6024=CARTESIAN_POINT('',(-14.8642523903687,32.5199317549651,0.));
#6025=CARTESIAN_POINT('',(35.2357476096314,-11.4930682450349,0.));
#6026=CARTESIAN_POINT('',(35.7357476096313,-11.9930682450349,0.));
#6027=CARTESIAN_POINT('Origin',(35.2357476096314,-11.9930682450349,0.));
#6028=CARTESIAN_POINT('',(21.2357476096313,-11.4930682450349,0.));
#6029=CARTESIAN_POINT('',(35.2357476096314,-11.4930682450349,0.));
#6030=CARTESIAN_POINT('',(20.7357476096313,-11.9930682450349,0.));
#6031=CARTESIAN_POINT('Origin',(21.2357476096313,-11.9930682450349,0.));
#6032=CARTESIAN_POINT('',(20.7357476096313,-17.9930682450349,0.));
#6033=CARTESIAN_POINT('',(20.7357476096313,-11.9930682450349,0.));
#6034=CARTESIAN_POINT('',(21.2357476096313,-18.4930682450349,0.));
#6035=CARTESIAN_POINT('Origin',(21.2357476096313,-17.9930682450349,0.));
#6036=CARTESIAN_POINT('',(35.2357476096314,-18.4930682450349,0.));
#6037=CARTESIAN_POINT('',(35.2357476096314,-18.4930682450349,0.));
#6038=CARTESIAN_POINT('',(35.7357476096313,-17.9930682450349,0.));
#6039=CARTESIAN_POINT('Origin',(35.2357476096314,-17.9930682450349,0.));
#6040=CARTESIAN_POINT('',(35.7357476096313,-11.9930682450349,0.));
#6041=CARTESIAN_POINT('',(-34.4142523903686,12.9699317549651,0.));
#6042=CARTESIAN_POINT('',(-33.9142523903686,13.4699317549651,0.));
#6043=CARTESIAN_POINT('Origin',(-33.9142523903686,12.9699317549651,0.));
#6044=CARTESIAN_POINT('',(-34.4142523903687,-0.0300682450348688,0.));
#6045=CARTESIAN_POINT('',(-34.4142523903687,12.9699317549651,0.));
#6046=CARTESIAN_POINT('',(-33.9142523903686,-0.530068245034871,0.));
#6047=CARTESIAN_POINT('Origin',(-33.9142523903686,-0.0300682450348688,0.));
#6048=CARTESIAN_POINT('',(-20.9142523903687,-0.530068245034871,0.));
#6049=CARTESIAN_POINT('',(-33.9142523903686,-0.530068245034871,0.));
#6050=CARTESIAN_POINT('',(-20.4142523903686,-0.0300682450348689,0.));
#6051=CARTESIAN_POINT('Origin',(-20.9142523903687,-0.0300682450348688,0.));
#6052=CARTESIAN_POINT('',(-20.4142523903687,12.9699317549651,0.));
#6053=CARTESIAN_POINT('',(-20.4142523903687,12.9699317549651,0.));
#6054=CARTESIAN_POINT('',(-20.9142523903687,13.4699317549651,0.));
#6055=CARTESIAN_POINT('Origin',(-20.9142523903687,12.9699317549651,0.));
#6056=CARTESIAN_POINT('',(-33.9142523903686,13.4699317549651,0.));
#6057=CARTESIAN_POINT('',(35.2357476096314,-49.5930682450349,0.));
#6058=CARTESIAN_POINT('',(35.7357476096313,-50.0930682450349,0.));
#6059=CARTESIAN_POINT('Origin',(35.2357476096314,-50.0930682450349,0.));
#6060=CARTESIAN_POINT('',(21.2357476096313,-49.5930682450349,0.));
#6061=CARTESIAN_POINT('',(35.2357476096314,-49.5930682450349,0.));
#6062=CARTESIAN_POINT('',(20.7357476096313,-50.0930682450349,0.));
#6063=CARTESIAN_POINT('Origin',(21.2357476096313,-50.0930682450349,0.));
#6064=CARTESIAN_POINT('',(20.7357476096313,-56.0930682450349,0.));
#6065=CARTESIAN_POINT('',(20.7357476096313,-50.0930682450349,0.));
#6066=CARTESIAN_POINT('',(21.2357476096313,-56.5930682450349,0.));
#6067=CARTESIAN_POINT('Origin',(21.2357476096313,-56.0930682450349,0.));
#6068=CARTESIAN_POINT('',(35.2357476096314,-56.5930682450349,0.));
#6069=CARTESIAN_POINT('',(35.2357476096314,-56.5930682450349,0.));
#6070=CARTESIAN_POINT('',(35.7357476096314,-56.0930682450349,0.));
#6071=CARTESIAN_POINT('Origin',(35.2357476096314,-56.0930682450349,0.));
#6072=CARTESIAN_POINT('',(35.7357476096313,-50.0930682450349,0.));
#6073=CARTESIAN_POINT('',(35.2357476096314,-25.7170682450349,0.));
#6074=CARTESIAN_POINT('',(35.7357476096313,-26.2170682450349,0.));
#6075=CARTESIAN_POINT('Origin',(35.2357476096314,-26.2170682450349,0.));
#6076=CARTESIAN_POINT('',(21.2357476096313,-25.7170682450349,0.));
#6077=CARTESIAN_POINT('',(35.2357476096314,-25.7170682450349,0.));
#6078=CARTESIAN_POINT('',(20.7357476096313,-26.2170682450349,0.));
#6079=CARTESIAN_POINT('Origin',(21.2357476096313,-26.2170682450349,0.));
#6080=CARTESIAN_POINT('',(20.7357476096313,-32.2170682450349,0.));
#6081=CARTESIAN_POINT('',(20.7357476096313,-26.2170682450349,0.));
#6082=CARTESIAN_POINT('',(21.2357476096313,-32.7170682450349,0.));
#6083=CARTESIAN_POINT('Origin',(21.2357476096313,-32.2170682450349,0.));
#6084=CARTESIAN_POINT('',(35.2357476096314,-32.7170682450349,0.));
#6085=CARTESIAN_POINT('',(35.2357476096314,-32.7170682450349,0.));
#6086=CARTESIAN_POINT('',(35.7357476096313,-32.2170682450349,0.));
#6087=CARTESIAN_POINT('Origin',(35.2357476096314,-32.2170682450349,0.));
#6088=CARTESIAN_POINT('',(35.7357476096313,-26.2170682450349,0.));
#6089=CARTESIAN_POINT('',(-15.3642523903686,-6.08006824503486,0.));
#6090=CARTESIAN_POINT('',(-14.8642523903687,-5.58006824503487,0.));
#6091=CARTESIAN_POINT('Origin',(-14.8642523903687,-6.08006824503486,0.));
#6092=CARTESIAN_POINT('',(-15.3642523903686,-19.0800682450349,0.));
#6093=CARTESIAN_POINT('',(-15.3642523903686,-6.08006824503486,0.));
#6094=CARTESIAN_POINT('',(-14.8642523903687,-19.5800682450349,0.));
#6095=CARTESIAN_POINT('Origin',(-14.8642523903687,-19.0800682450349,0.));
#6096=CARTESIAN_POINT('',(-1.86425239036865,-19.5800682450349,0.));
#6097=CARTESIAN_POINT('',(-14.8642523903687,-19.5800682450349,0.));
#6098=CARTESIAN_POINT('',(-1.36425239036865,-19.0800682450349,0.));
#6099=CARTESIAN_POINT('Origin',(-1.86425239036865,-19.0800682450349,0.));
#6100=CARTESIAN_POINT('',(-1.36425239036865,-6.08006824503486,0.));
#6101=CARTESIAN_POINT('',(-1.36425239036865,-6.08006824503486,0.));
#6102=CARTESIAN_POINT('',(-1.86425239036865,-5.58006824503486,0.));
#6103=CARTESIAN_POINT('Origin',(-1.86425239036865,-6.08006824503486,0.));
#6104=CARTESIAN_POINT('',(-14.8642523903687,-5.58006824503487,0.));
#6105=CARTESIAN_POINT('',(3.68574760963135,12.9699317549651,0.));
#6106=CARTESIAN_POINT('',(4.18574760963135,13.4699317549651,0.));
#6107=CARTESIAN_POINT('Origin',(4.18574760963135,12.9699317549651,0.));
#6108=CARTESIAN_POINT('',(3.68574760963135,-0.0300682450348688,0.));
#6109=CARTESIAN_POINT('',(3.68574760963135,12.9699317549651,0.));
#6110=CARTESIAN_POINT('',(4.18574760963135,-0.530068245034867,0.));
#6111=CARTESIAN_POINT('Origin',(4.18574760963135,-0.0300682450348688,0.));
#6112=CARTESIAN_POINT('',(17.1857476096314,-0.530068245034871,0.));
#6113=CARTESIAN_POINT('',(4.18574760963135,-0.530068245034871,0.));
#6114=CARTESIAN_POINT('',(17.6857476096314,-0.0300682450348689,0.));
#6115=CARTESIAN_POINT('Origin',(17.1857476096314,-0.0300682450348688,0.));
#6116=CARTESIAN_POINT('',(17.6857476096314,12.9699317549651,0.));
#6117=CARTESIAN_POINT('',(17.6857476096314,12.9699317549651,0.));
#6118=CARTESIAN_POINT('',(17.1857476096314,13.4699317549651,0.));
#6119=CARTESIAN_POINT('Origin',(17.1857476096314,12.9699317549651,0.));
#6120=CARTESIAN_POINT('',(4.18574760963135,13.4699317549651,0.));
#6121=CARTESIAN_POINT('',(-9.45125239036864,-45.1800682450349,0.));
#6122=CARTESIAN_POINT('',(-8.95125239036865,-44.6800682450349,0.));
#6123=CARTESIAN_POINT('Origin',(-8.95125239036865,-45.1800682450349,0.));
#6124=CARTESIAN_POINT('',(-9.45125239036864,-59.1800682450349,0.));
#6125=CARTESIAN_POINT('',(-9.45125239036864,-45.1800682450349,0.));
#6126=CARTESIAN_POINT('',(-8.95125239036865,-59.6800682450349,0.));
#6127=CARTESIAN_POINT('Origin',(-8.95125239036865,-59.1800682450349,0.));
#6128=CARTESIAN_POINT('',(-2.95125239036865,-59.6800682450349,0.));
#6129=CARTESIAN_POINT('',(-8.95125239036865,-59.6800682450349,0.));
#6130=CARTESIAN_POINT('',(-2.45125239036864,-59.1800682450349,0.));
#6131=CARTESIAN_POINT('Origin',(-2.95125239036865,-59.1800682450349,0.));
#6132=CARTESIAN_POINT('',(-2.45125239036865,-45.1800682450349,0.));
#6133=CARTESIAN_POINT('',(-2.45125239036865,-45.1800682450349,0.));
#6134=CARTESIAN_POINT('',(-2.95125239036865,-44.6800682450348,0.));
#6135=CARTESIAN_POINT('Origin',(-2.95125239036865,-45.1800682450349,0.));
#6136=CARTESIAN_POINT('',(-8.95125239036865,-44.6800682450349,0.));
#6137=CARTESIAN_POINT('',(-15.3642523903686,-25.1300682450349,0.));
#6138=CARTESIAN_POINT('',(-14.8642523903687,-24.6300682450349,0.));
#6139=CARTESIAN_POINT('Origin',(-14.8642523903687,-25.1300682450349,0.));
#6140=CARTESIAN_POINT('',(-15.3642523903686,-38.1300682450349,0.));
#6141=CARTESIAN_POINT('',(-15.3642523903686,-25.1300682450349,0.));
#6142=CARTESIAN_POINT('',(-14.8642523903687,-38.6300682450349,0.));
#6143=CARTESIAN_POINT('Origin',(-14.8642523903687,-38.1300682450349,0.));
#6144=CARTESIAN_POINT('',(-1.86425239036865,-38.6300682450349,0.));
#6145=CARTESIAN_POINT('',(-14.8642523903687,-38.6300682450349,0.));
#6146=CARTESIAN_POINT('',(-1.36425239036865,-38.1300682450349,0.));
#6147=CARTESIAN_POINT('Origin',(-1.86425239036865,-38.1300682450349,0.));
#6148=CARTESIAN_POINT('',(-1.36425239036865,-25.1300682450349,0.));
#6149=CARTESIAN_POINT('',(-1.36425239036865,-25.1300682450349,0.));
#6150=CARTESIAN_POINT('',(-1.86425239036865,-24.6300682450349,0.));
#6151=CARTESIAN_POINT('Origin',(-1.86425239036865,-25.1300682450349,0.));
#6152=CARTESIAN_POINT('',(-14.8642523903687,-24.6300682450349,0.));
#6153=CARTESIAN_POINT('',(22.7357476096313,32.0199317549651,0.));
#6154=CARTESIAN_POINT('',(23.2357476096313,32.5199317549651,0.));
#6155=CARTESIAN_POINT('Origin',(23.2357476096313,32.0199317549651,0.));
#6156=CARTESIAN_POINT('',(22.7357476096314,19.0199317549651,0.));
#6157=CARTESIAN_POINT('',(22.7357476096314,32.0199317549651,0.));
#6158=CARTESIAN_POINT('',(23.2357476096313,18.5199317549651,0.));
#6159=CARTESIAN_POINT('Origin',(23.2357476096313,19.0199317549651,0.));
#6160=CARTESIAN_POINT('',(36.2357476096313,18.5199317549651,0.));
#6161=CARTESIAN_POINT('',(23.2357476096313,18.5199317549651,0.));
#6162=CARTESIAN_POINT('',(36.7357476096313,19.0199317549651,0.));
#6163=CARTESIAN_POINT('Origin',(36.2357476096313,19.0199317549651,0.));
#6164=CARTESIAN_POINT('',(36.7357476096313,32.0199317549651,0.));
#6165=CARTESIAN_POINT('',(36.7357476096313,32.0199317549651,0.));
#6166=CARTESIAN_POINT('',(36.2357476096313,32.5199317549651,0.));
#6167=CARTESIAN_POINT('Origin',(36.2357476096313,32.0199317549651,0.));
#6168=CARTESIAN_POINT('',(23.2357476096313,32.5199317549651,0.));
#6169=CARTESIAN_POINT('',(3.68574760963135,-25.1300682450349,0.));
#6170=CARTESIAN_POINT('',(4.18574760963135,-24.6300682450349,0.));
#6171=CARTESIAN_POINT('Origin',(4.18574760963135,-25.1300682450349,0.));
#6172=CARTESIAN_POINT('',(3.68574760963135,-38.1300682450349,0.));
#6173=CARTESIAN_POINT('',(3.68574760963135,-25.1300682450349,0.));
#6174=CARTESIAN_POINT('',(4.18574760963135,-38.6300682450349,0.));
#6175=CARTESIAN_POINT('Origin',(4.18574760963135,-38.1300682450349,0.));
#6176=CARTESIAN_POINT('',(17.1857476096314,-38.6300682450349,0.));
#6177=CARTESIAN_POINT('',(4.18574760963135,-38.6300682450349,0.));
#6178=CARTESIAN_POINT('',(17.6857476096314,-38.1300682450349,0.));
#6179=CARTESIAN_POINT('Origin',(17.1857476096314,-38.1300682450349,0.));
#6180=CARTESIAN_POINT('',(17.6857476096314,-25.1300682450349,0.));
#6181=CARTESIAN_POINT('',(17.6857476096314,-25.1300682450349,0.));
#6182=CARTESIAN_POINT('',(17.1857476096314,-24.6300682450349,0.));
#6183=CARTESIAN_POINT('Origin',(17.1857476096314,-25.1300682450349,0.));
#6184=CARTESIAN_POINT('',(4.18574760963135,-24.6300682450349,0.));
#6185=CARTESIAN_POINT('',(-34.4142523903686,-25.1300682450349,0.));
#6186=CARTESIAN_POINT('',(-33.9142523903686,-24.6300682450349,0.));
#6187=CARTESIAN_POINT('Origin',(-33.9142523903686,-25.1300682450349,0.));
#6188=CARTESIAN_POINT('',(-34.4142523903687,-38.1300682450349,0.));
#6189=CARTESIAN_POINT('',(-34.4142523903687,-25.1300682450349,0.));
#6190=CARTESIAN_POINT('',(-33.9142523903686,-38.6300682450349,0.));
#6191=CARTESIAN_POINT('Origin',(-33.9142523903686,-38.1300682450349,0.));
#6192=CARTESIAN_POINT('',(-20.9142523903687,-38.6300682450349,0.));
#6193=CARTESIAN_POINT('',(-33.9142523903686,-38.6300682450349,0.));
#6194=CARTESIAN_POINT('',(-20.4142523903687,-38.1300682450349,0.));
#6195=CARTESIAN_POINT('Origin',(-20.9142523903687,-38.1300682450349,0.));
#6196=CARTESIAN_POINT('',(-20.4142523903687,-25.1300682450349,0.));
#6197=CARTESIAN_POINT('',(-20.4142523903687,-25.1300682450349,0.));
#6198=CARTESIAN_POINT('',(-20.9142523903687,-24.6300682450349,0.));
#6199=CARTESIAN_POINT('Origin',(-20.9142523903687,-25.1300682450349,0.));
#6200=CARTESIAN_POINT('',(-33.9142523903686,-24.6300682450349,0.));
#6201=CARTESIAN_POINT('',(3.68574760963135,-44.1800682450349,0.));
#6202=CARTESIAN_POINT('',(4.18574760963135,-43.6800682450349,0.));
#6203=CARTESIAN_POINT('Origin',(4.18574760963135,-44.1800682450349,0.));
#6204=CARTESIAN_POINT('',(3.68574760963135,-57.1800682450349,0.));
#6205=CARTESIAN_POINT('',(3.68574760963135,-44.1800682450349,0.));
#6206=CARTESIAN_POINT('',(4.18574760963135,-57.6800682450349,0.));
#6207=CARTESIAN_POINT('Origin',(4.18574760963135,-57.1800682450349,0.));
#6208=CARTESIAN_POINT('',(17.1857476096314,-57.6800682450349,0.));
#6209=CARTESIAN_POINT('',(4.18574760963135,-57.6800682450349,0.));
#6210=CARTESIAN_POINT('',(17.6857476096313,-57.1800682450349,0.));
#6211=CARTESIAN_POINT('Origin',(17.1857476096314,-57.1800682450349,0.));
#6212=CARTESIAN_POINT('',(17.6857476096314,-44.1800682450349,0.));
#6213=CARTESIAN_POINT('',(17.6857476096314,-44.1800682450349,0.));
#6214=CARTESIAN_POINT('',(17.1857476096314,-43.6800682450349,0.));
#6215=CARTESIAN_POINT('Origin',(17.1857476096314,-44.1800682450349,0.));
#6216=CARTESIAN_POINT('',(4.18574760963135,-43.6800682450349,0.));
#6217=CARTESIAN_POINT('',(-24.8892523903687,-44.1800682450349,0.));
#6218=CARTESIAN_POINT('',(-24.3892523903687,-43.6800682450349,0.));
#6219=CARTESIAN_POINT('Origin',(-24.3892523903687,-44.1800682450349,0.));
#6220=CARTESIAN_POINT('',(-24.8892523903687,-57.1800682450349,0.));
#6221=CARTESIAN_POINT('',(-24.8892523903687,-44.1800682450349,0.));
#6222=CARTESIAN_POINT('',(-24.3892523903687,-57.6800682450349,0.));
#6223=CARTESIAN_POINT('Origin',(-24.3892523903687,-57.1800682450349,0.));
#6224=CARTESIAN_POINT('',(-11.3892523903687,-57.6800682450349,0.));
#6225=CARTESIAN_POINT('',(-24.3892523903687,-57.6800682450349,0.));
#6226=CARTESIAN_POINT('',(-10.8892523903687,-57.1800682450349,0.));
#6227=CARTESIAN_POINT('Origin',(-11.3892523903687,-57.1800682450349,0.));
#6228=CARTESIAN_POINT('',(-10.8892523903686,-44.1800682450349,0.));
#6229=CARTESIAN_POINT('',(-10.8892523903686,-44.1800682450349,0.));
#6230=CARTESIAN_POINT('',(-11.3892523903687,-43.6800682450349,0.));
#6231=CARTESIAN_POINT('Origin',(-11.3892523903687,-44.1800682450349,0.));
#6232=CARTESIAN_POINT('',(-24.3892523903687,-43.6800682450349,0.));
#6233=CARTESIAN_POINT('',(-15.3642523903686,12.9699317549651,0.));
#6234=CARTESIAN_POINT('',(-14.8642523903687,13.4699317549651,0.));
#6235=CARTESIAN_POINT('Origin',(-14.8642523903687,12.9699317549651,0.));
#6236=CARTESIAN_POINT('',(-15.3642523903686,-0.0300682450348688,0.));
#6237=CARTESIAN_POINT('',(-15.3642523903686,12.9699317549651,0.));
#6238=CARTESIAN_POINT('',(-14.8642523903687,-0.530068245034867,0.));
#6239=CARTESIAN_POINT('Origin',(-14.8642523903687,-0.0300682450348688,0.));
#6240=CARTESIAN_POINT('',(-1.86425239036865,-0.530068245034871,0.));
#6241=CARTESIAN_POINT('',(-14.8642523903687,-0.530068245034871,0.));
#6242=CARTESIAN_POINT('',(-1.36425239036865,-0.0300682450348689,0.));
#6243=CARTESIAN_POINT('Origin',(-1.86425239036865,-0.0300682450348688,0.));
#6244=CARTESIAN_POINT('',(-1.36425239036865,12.9699317549651,0.));
#6245=CARTESIAN_POINT('',(-1.36425239036865,12.9699317549651,0.));
#6246=CARTESIAN_POINT('',(-1.86425239036865,13.4699317549651,0.));
#6247=CARTESIAN_POINT('Origin',(-1.86425239036865,12.9699317549651,0.));
#6248=CARTESIAN_POINT('',(-14.8642523903687,13.4699317549651,0.));
#6249=CARTESIAN_POINT('',(-34.4142523903686,-6.08006824503486,0.));
#6250=CARTESIAN_POINT('',(-33.9142523903686,-5.58006824503487,0.));
#6251=CARTESIAN_POINT('Origin',(-33.9142523903686,-6.08006824503486,0.));
#6252=CARTESIAN_POINT('',(-34.4142523903687,-19.0800682450349,0.));
#6253=CARTESIAN_POINT('',(-34.4142523903687,-6.08006824503486,0.));
#6254=CARTESIAN_POINT('',(-33.9142523903686,-19.5800682450349,0.));
#6255=CARTESIAN_POINT('Origin',(-33.9142523903686,-19.0800682450349,0.));
#6256=CARTESIAN_POINT('',(-20.9142523903687,-19.5800682450349,0.));
#6257=CARTESIAN_POINT('',(-33.9142523903686,-19.5800682450349,0.));
#6258=CARTESIAN_POINT('',(-20.4142523903687,-19.0800682450349,0.));
#6259=CARTESIAN_POINT('Origin',(-20.9142523903687,-19.0800682450349,0.));
#6260=CARTESIAN_POINT('',(-20.4142523903687,-6.08006824503486,0.));
#6261=CARTESIAN_POINT('',(-20.4142523903687,-6.08006824503486,0.));
#6262=CARTESIAN_POINT('',(-20.9142523903687,-5.58006824503487,0.));
#6263=CARTESIAN_POINT('Origin',(-20.9142523903687,-6.08006824503486,0.));
#6264=CARTESIAN_POINT('',(-33.9142523903686,-5.58006824503487,0.));
#6265=CARTESIAN_POINT('Origin',(47.4357457398783,-50.6345714543393,0.));
#6266=CARTESIAN_POINT('',(47.0970807961233,-49.6936644154288,2.));
#6267=CARTESIAN_POINT('',(47.0970807961233,-49.6936644154288,0.));
#6268=CARTESIAN_POINT('Origin',(47.4357457398783,-50.6345714543393,2.));
#6269=CARTESIAN_POINT('Origin',(46.4357456651255,-49.9317017726601,0.));
#6270=CARTESIAN_POINT('',(69.2970866013205,-41.7031155020263,2.));
#6271=CARTESIAN_POINT('',(69.2970866013205,-41.7031155020263,0.));
#6272=CARTESIAN_POINT('',(46.4357456651255,-49.9317017726601,2.));
#6273=CARTESIAN_POINT('Origin',(68.9584216575654,-40.7622084631157,0.));
#6274=CARTESIAN_POINT('',(69.9584216575654,-40.7622084866001,2.));
#6275=CARTESIAN_POINT('Origin',(68.9584216575654,-40.7622084631157,2.));
#6276=CARTESIAN_POINT('',(69.9584216575654,-40.7622084866001,0.));
#6277=CARTESIAN_POINT('Origin',(69.9584216410589,-41.4650781776423,0.));
#6278=CARTESIAN_POINT('',(69.9584235620905,40.3353541820662,2.));
#6279=CARTESIAN_POINT('',(69.9584235620905,40.3353541820662,0.));
#6280=CARTESIAN_POINT('',(69.9584216410589,-41.4650781776423,2.));
#6281=CARTESIAN_POINT('Origin',(68.9584235620905,40.3353542055506,0.));
#6282=CARTESIAN_POINT('',(68.9588484773958,41.3353541152741,2.));
#6283=CARTESIAN_POINT('Origin',(68.9584235620905,40.3353542055506,2.));
#6284=CARTESIAN_POINT('',(68.9588484773958,41.3353541152741,0.));
#6285=CARTESIAN_POINT('Origin',(69.9584235855649,41.3349293804735,0.));
#6286=CARTESIAN_POINT('',(62.0000009246693,41.3383110363733,2.));
#6287=CARTESIAN_POINT('',(62.0000009246693,41.3383110363733,0.));
#6288=CARTESIAN_POINT('',(69.9584235855649,41.3349293804735,2.));
#6289=CARTESIAN_POINT('Origin',(-44.3642523903687,40.383506749345,0.));
#6290=CARTESIAN_POINT('',(-45.3642523903687,40.383506749345,2.));
#6291=CARTESIAN_POINT('',(-44.3638274750634,41.3835066590685,2.));
#6292=CARTESIAN_POINT('Origin',(-44.3642523903687,40.383506749345,2.));
#6293=CARTESIAN_POINT('',(-44.3638274750634,41.3835066590685,0.));
#6294=CARTESIAN_POINT('',(-45.3642523903687,40.383506749345,0.));
#6295=CARTESIAN_POINT('Origin',(-45.3642523903687,41.3839317549652,0.));
#6296=CARTESIAN_POINT('',(-45.3642523903686,-67.2150682450349,2.));
#6297=CARTESIAN_POINT('',(-45.3642523903686,-67.2150682450349,0.));
#6298=CARTESIAN_POINT('',(-45.3642523903687,41.3839317549652,2.));
#6299=CARTESIAN_POINT('Origin',(-44.3642523903686,-67.2150682450349,0.));
#6300=CARTESIAN_POINT('',(-44.3642523903686,-68.2150682450349,2.));
#6301=CARTESIAN_POINT('Origin',(-44.3642523903686,-67.2150682450349,2.));
#6302=CARTESIAN_POINT('',(-44.3642523903686,-68.2150682450349,0.));
#6303=CARTESIAN_POINT('Origin',(-34.4142523903687,19.0199317549651,0.));
#6304=CARTESIAN_POINT('',(-34.4142523903687,32.0199317549651,2.));
#6305=CARTESIAN_POINT('',(-34.4142523903687,32.0199317549651,0.));
#6306=CARTESIAN_POINT('',(-34.4142523903687,19.0199317549651,2.));
#6307=CARTESIAN_POINT('',(-34.4142523903687,32.0199317549651,2.));
#6308=CARTESIAN_POINT('',(-34.4142523903687,19.0199317549651,0.));
#6309=CARTESIAN_POINT('Origin',(-33.9142523903686,19.0199317549651,0.));
#6310=CARTESIAN_POINT('',(-33.9142523903686,18.5199317549651,2.));
#6311=CARTESIAN_POINT('Origin',(-33.9142523903686,19.0199317549651,2.));
#6312=CARTESIAN_POINT('',(-33.9142523903686,18.5199317549651,0.));
#6313=CARTESIAN_POINT('Origin',(-20.9142523903687,18.5199317549651,0.));
#6314=CARTESIAN_POINT('',(-20.9142523903687,18.5199317549651,2.));
#6315=CARTESIAN_POINT('',(-33.9142523903686,18.5199317549651,2.));
#6316=CARTESIAN_POINT('',(-20.9142523903687,18.5199317549651,0.));
#6317=CARTESIAN_POINT('Origin',(-20.9142523903687,19.0199317549651,0.));
#6318=CARTESIAN_POINT('',(-20.4142523903687,19.0199317549651,2.));
#6319=CARTESIAN_POINT('Origin',(-20.9142523903687,19.0199317549651,2.));
#6320=CARTESIAN_POINT('',(-20.4142523903687,19.0199317549651,0.));
#6321=CARTESIAN_POINT('Origin',(-20.4142523903687,32.0199317549651,0.));
#6322=CARTESIAN_POINT('',(-20.4142523903687,32.0199317549651,2.));
#6323=CARTESIAN_POINT('',(-20.4142523903687,32.0199317549651,2.));
#6324=CARTESIAN_POINT('',(-20.4142523903687,32.0199317549651,0.));
#6325=CARTESIAN_POINT('Origin',(-20.9142523903687,32.0199317549651,0.));
#6326=CARTESIAN_POINT('',(-20.9142523903687,32.5199317549651,2.));
#6327=CARTESIAN_POINT('Origin',(-20.9142523903687,32.0199317549651,2.));
#6328=CARTESIAN_POINT('',(-20.9142523903687,32.5199317549651,0.));
#6329=CARTESIAN_POINT('Origin',(-33.9142523903686,32.5199317549651,0.));
#6330=CARTESIAN_POINT('',(-33.9142523903686,32.5199317549651,2.));
#6331=CARTESIAN_POINT('',(-33.9142523903686,32.5199317549651,2.));
#6332=CARTESIAN_POINT('',(-33.9142523903686,32.5199317549651,0.));
#6333=CARTESIAN_POINT('Origin',(-33.9142523903686,32.0199317549651,0.));
#6334=CARTESIAN_POINT('Origin',(-33.9142523903686,32.0199317549651,2.));
#6335=CARTESIAN_POINT('Origin',(23.2357476096313,-34.1550682450349,0.));
#6336=CARTESIAN_POINT('',(36.2357476096313,-34.1550682450349,2.));
#6337=CARTESIAN_POINT('',(36.2357476096313,-34.1550682450349,0.));
#6338=CARTESIAN_POINT('',(23.2357476096313,-34.1550682450349,2.));
#6339=CARTESIAN_POINT('',(36.2357476096313,-34.1550682450349,2.));
#6340=CARTESIAN_POINT('',(23.2357476096313,-34.1550682450349,0.));
#6341=CARTESIAN_POINT('Origin',(23.2357476096313,-34.6550682450349,0.));
#6342=CARTESIAN_POINT('',(22.7357476096314,-34.6550682450349,2.));
#6343=CARTESIAN_POINT('Origin',(23.2357476096313,-34.6550682450349,2.));
#6344=CARTESIAN_POINT('',(22.7357476096314,-34.6550682450349,0.));
#6345=CARTESIAN_POINT('Origin',(22.7357476096314,-47.6550682450349,0.));
#6346=CARTESIAN_POINT('',(22.7357476096314,-47.6550682450349,2.));
#6347=CARTESIAN_POINT('',(22.7357476096314,-34.6550682450349,2.));
#6348=CARTESIAN_POINT('',(22.7357476096314,-47.6550682450349,0.));
#6349=CARTESIAN_POINT('Origin',(23.2357476096313,-47.6550682450349,0.));
#6350=CARTESIAN_POINT('',(23.2357476096313,-48.1550682450349,2.));
#6351=CARTESIAN_POINT('Origin',(23.2357476096313,-47.6550682450349,2.));
#6352=CARTESIAN_POINT('',(23.2357476096313,-48.1550682450349,0.));
#6353=CARTESIAN_POINT('Origin',(36.2357476096313,-48.1550682450349,0.));
#6354=CARTESIAN_POINT('',(36.2357476096313,-48.1550682450349,2.));
#6355=CARTESIAN_POINT('',(36.2357476096313,-48.1550682450349,2.));
#6356=CARTESIAN_POINT('',(36.2357476096313,-48.1550682450349,0.));
#6357=CARTESIAN_POINT('Origin',(36.2357476096313,-47.6550682450349,0.));
#6358=CARTESIAN_POINT('',(36.7357476096313,-47.6550682450349,2.));
#6359=CARTESIAN_POINT('Origin',(36.2357476096313,-47.6550682450349,2.));
#6360=CARTESIAN_POINT('',(36.7357476096313,-47.6550682450349,0.));
#6361=CARTESIAN_POINT('Origin',(36.7357476096313,-34.6550682450349,0.));
#6362=CARTESIAN_POINT('',(36.7357476096313,-34.6550682450349,2.));
#6363=CARTESIAN_POINT('',(36.7357476096313,-34.6550682450349,2.));
#6364=CARTESIAN_POINT('',(36.7357476096313,-34.6550682450349,0.));
#6365=CARTESIAN_POINT('Origin',(36.2357476096313,-34.6550682450349,0.));
#6366=CARTESIAN_POINT('Origin',(36.2357476096313,-34.6550682450349,2.));
#6367=CARTESIAN_POINT('Origin',(-33.3272523903686,-59.1800682450349,0.));
#6368=CARTESIAN_POINT('',(-33.3272523903686,-45.1800682450349,2.));
#6369=CARTESIAN_POINT('',(-33.3272523903686,-45.1800682450349,0.));
#6370=CARTESIAN_POINT('',(-33.3272523903686,-59.1800682450349,2.));
#6371=CARTESIAN_POINT('',(-33.3272523903686,-45.1800682450349,2.));
#6372=CARTESIAN_POINT('',(-33.3272523903686,-59.1800682450349,0.));
#6373=CARTESIAN_POINT('Origin',(-32.8272523903686,-59.1800682450349,0.));
#6374=CARTESIAN_POINT('',(-32.8272523903686,-59.6800682450349,2.));
#6375=CARTESIAN_POINT('Origin',(-32.8272523903686,-59.1800682450349,2.));
#6376=CARTESIAN_POINT('',(-32.8272523903686,-59.6800682450349,0.));
#6377=CARTESIAN_POINT('Origin',(-26.8272523903686,-59.6800682450349,0.));
#6378=CARTESIAN_POINT('',(-26.8272523903686,-59.6800682450349,2.));
#6379=CARTESIAN_POINT('',(-32.8272523903686,-59.6800682450349,2.));
#6380=CARTESIAN_POINT('',(-26.8272523903686,-59.6800682450349,0.));
#6381=CARTESIAN_POINT('Origin',(-26.8272523903686,-59.1800682450349,0.));
#6382=CARTESIAN_POINT('',(-26.3272523903686,-59.1800682450349,2.));
#6383=CARTESIAN_POINT('Origin',(-26.8272523903686,-59.1800682450349,2.));
#6384=CARTESIAN_POINT('',(-26.3272523903686,-59.1800682450349,0.));
#6385=CARTESIAN_POINT('Origin',(-26.3272523903686,-45.1800682450349,0.));
#6386=CARTESIAN_POINT('',(-26.3272523903686,-45.1800682450349,2.));
#6387=CARTESIAN_POINT('',(-26.3272523903686,-45.1800682450349,2.));
#6388=CARTESIAN_POINT('',(-26.3272523903686,-45.1800682450349,0.));
#6389=CARTESIAN_POINT('Origin',(-26.8272523903686,-45.1800682450349,0.));
#6390=CARTESIAN_POINT('',(-26.8272523903686,-44.6800682450348,2.));
#6391=CARTESIAN_POINT('Origin',(-26.8272523903686,-45.1800682450349,2.));
#6392=CARTESIAN_POINT('',(-26.8272523903686,-44.6800682450348,0.));
#6393=CARTESIAN_POINT('Origin',(-32.8272523903686,-44.6800682450349,0.));
#6394=CARTESIAN_POINT('',(-32.8272523903686,-44.6800682450349,2.));
#6395=CARTESIAN_POINT('',(-32.8272523903686,-44.6800682450349,2.));
#6396=CARTESIAN_POINT('',(-32.8272523903686,-44.6800682450349,0.));
#6397=CARTESIAN_POINT('Origin',(-32.8272523903686,-45.1800682450349,0.));
#6398=CARTESIAN_POINT('Origin',(-32.8272523903686,-45.1800682450349,2.));
#6399=CARTESIAN_POINT('Origin',(23.2357476096313,3.94493175496513,0.));
#6400=CARTESIAN_POINT('',(36.2357476096313,3.94493175496513,2.));
#6401=CARTESIAN_POINT('',(36.2357476096313,3.94493175496513,0.));
#6402=CARTESIAN_POINT('',(23.2357476096313,3.94493175496513,2.));
#6403=CARTESIAN_POINT('',(36.2357476096313,3.94493175496513,2.));
#6404=CARTESIAN_POINT('',(23.2357476096313,3.94493175496513,0.));
#6405=CARTESIAN_POINT('Origin',(23.2357476096313,3.44493175496513,0.));
#6406=CARTESIAN_POINT('',(22.7357476096314,3.44493175496513,2.));
#6407=CARTESIAN_POINT('Origin',(23.2357476096313,3.44493175496513,2.));
#6408=CARTESIAN_POINT('',(22.7357476096314,3.44493175496513,0.));
#6409=CARTESIAN_POINT('Origin',(22.7357476096314,-9.55506824503487,0.));
#6410=CARTESIAN_POINT('',(22.7357476096314,-9.55506824503487,2.));
#6411=CARTESIAN_POINT('',(22.7357476096314,3.44493175496513,2.));
#6412=CARTESIAN_POINT('',(22.7357476096314,-9.55506824503487,0.));
#6413=CARTESIAN_POINT('Origin',(23.2357476096313,-9.55506824503487,0.));
#6414=CARTESIAN_POINT('',(23.2357476096313,-10.0550682450349,2.));
#6415=CARTESIAN_POINT('Origin',(23.2357476096313,-9.55506824503487,2.));
#6416=CARTESIAN_POINT('',(23.2357476096313,-10.0550682450349,0.));
#6417=CARTESIAN_POINT('Origin',(36.2357476096313,-10.0550682450349,0.));
#6418=CARTESIAN_POINT('',(36.2357476096313,-10.0550682450349,2.));
#6419=CARTESIAN_POINT('',(36.2357476096313,-10.0550682450349,2.));
#6420=CARTESIAN_POINT('',(36.2357476096313,-10.0550682450349,0.));
#6421=CARTESIAN_POINT('Origin',(36.2357476096313,-9.55506824503487,0.));
#6422=CARTESIAN_POINT('',(36.7357476096314,-9.55506824503487,2.));
#6423=CARTESIAN_POINT('Origin',(36.2357476096313,-9.55506824503487,2.));
#6424=CARTESIAN_POINT('',(36.7357476096314,-9.55506824503487,0.));
#6425=CARTESIAN_POINT('Origin',(36.7357476096313,3.44493175496513,0.));
#6426=CARTESIAN_POINT('',(36.7357476096313,3.44493175496513,2.));
#6427=CARTESIAN_POINT('',(36.7357476096313,3.44493175496513,2.));
#6428=CARTESIAN_POINT('',(36.7357476096313,3.44493175496513,0.));
#6429=CARTESIAN_POINT('Origin',(36.2357476096313,3.44493175496513,0.));
#6430=CARTESIAN_POINT('Origin',(36.2357476096313,3.44493175496513,2.));
#6431=CARTESIAN_POINT('Origin',(3.68574760963135,19.0199317549651,0.));
#6432=CARTESIAN_POINT('',(3.68574760963134,32.0199317549651,2.));
#6433=CARTESIAN_POINT('',(3.68574760963134,32.0199317549651,0.));
#6434=CARTESIAN_POINT('',(3.68574760963135,19.0199317549651,2.));
#6435=CARTESIAN_POINT('',(3.68574760963135,32.0199317549651,2.));
#6436=CARTESIAN_POINT('',(3.68574760963135,19.0199317549651,0.));
#6437=CARTESIAN_POINT('Origin',(4.18574760963135,19.0199317549651,0.));
#6438=CARTESIAN_POINT('',(4.18574760963135,18.5199317549651,2.));
#6439=CARTESIAN_POINT('Origin',(4.18574760963135,19.0199317549651,2.));
#6440=CARTESIAN_POINT('',(4.18574760963135,18.5199317549651,0.));
#6441=CARTESIAN_POINT('Origin',(17.1857476096314,18.5199317549651,0.));
#6442=CARTESIAN_POINT('',(17.1857476096314,18.5199317549651,2.));
#6443=CARTESIAN_POINT('',(4.18574760963135,18.5199317549651,2.));
#6444=CARTESIAN_POINT('',(17.1857476096314,18.5199317549651,0.));
#6445=CARTESIAN_POINT('Origin',(17.1857476096314,19.0199317549651,0.));
#6446=CARTESIAN_POINT('',(17.6857476096314,19.0199317549651,2.));
#6447=CARTESIAN_POINT('Origin',(17.1857476096314,19.0199317549651,2.));
#6448=CARTESIAN_POINT('',(17.6857476096314,19.0199317549651,0.));
#6449=CARTESIAN_POINT('Origin',(17.6857476096314,32.0199317549651,0.));
#6450=CARTESIAN_POINT('',(17.6857476096314,32.0199317549651,2.));
#6451=CARTESIAN_POINT('',(17.6857476096314,32.0199317549651,2.));
#6452=CARTESIAN_POINT('',(17.6857476096314,32.0199317549651,0.));
#6453=CARTESIAN_POINT('Origin',(17.1857476096314,32.0199317549651,0.));
#6454=CARTESIAN_POINT('',(17.1857476096314,32.5199317549651,2.));
#6455=CARTESIAN_POINT('Origin',(17.1857476096314,32.0199317549651,2.));
#6456=CARTESIAN_POINT('',(17.1857476096314,32.5199317549651,0.));
#6457=CARTESIAN_POINT('Origin',(4.18574760963135,32.5199317549651,0.));
#6458=CARTESIAN_POINT('',(4.18574760963135,32.5199317549651,2.));
#6459=CARTESIAN_POINT('',(4.18574760963135,32.5199317549651,2.));
#6460=CARTESIAN_POINT('',(4.18574760963135,32.5199317549651,0.));
#6461=CARTESIAN_POINT('Origin',(4.18574760963135,32.0199317549651,0.));
#6462=CARTESIAN_POINT('Origin',(4.18574760963135,32.0199317549651,2.));
#6463=CARTESIAN_POINT('Origin',(57.9584216410589,3.66459691203367,0.));
#6464=CARTESIAN_POINT('',(57.9584216410589,-36.8091367180894,2.));
#6465=CARTESIAN_POINT('',(57.9584216410589,-36.8091367180894,0.));
#6466=CARTESIAN_POINT('',(57.9584216410589,3.66459691203367,2.));
#6467=CARTESIAN_POINT('',(57.9584216410589,3.66459691203367,2.));
#6468=CARTESIAN_POINT('',(57.9584216410589,3.66459691203367,0.));
#6469=CARTESIAN_POINT('Origin',(44.9584216410589,3.66459691203367,0.));
#6470=CARTESIAN_POINT('',(44.9584216410589,3.66459691203367,2.));
#6471=CARTESIAN_POINT('',(44.9584216410589,3.66459691203367,2.));
#6472=CARTESIAN_POINT('',(44.9584216410589,3.66459691203367,0.));
#6473=CARTESIAN_POINT('Origin',(44.9584216410589,-36.8091367180894,0.));
#6474=CARTESIAN_POINT('',(44.9584216410589,-36.8091367180894,2.));
#6475=CARTESIAN_POINT('',(44.9584216410589,-36.8091367180894,2.));
#6476=CARTESIAN_POINT('',(44.9584216410589,-36.8091367180894,0.));
#6477=CARTESIAN_POINT('Origin',(57.9584216410589,-36.8091367180894,0.));
#6478=CARTESIAN_POINT('',(57.9584216410589,-36.8091367180894,2.));
#6479=CARTESIAN_POINT('Origin',(3.68574760963135,-19.0800682450349,0.));
#6480=CARTESIAN_POINT('',(3.68574760963135,-6.08006824503486,2.));
#6481=CARTESIAN_POINT('',(3.68574760963135,-6.08006824503486,0.));
#6482=CARTESIAN_POINT('',(3.68574760963135,-19.0800682450349,2.));
#6483=CARTESIAN_POINT('',(3.68574760963135,-6.08006824503486,2.));
#6484=CARTESIAN_POINT('',(3.68574760963135,-19.0800682450349,0.));
#6485=CARTESIAN_POINT('Origin',(4.18574760963135,-19.0800682450349,0.));
#6486=CARTESIAN_POINT('',(4.18574760963135,-19.5800682450349,2.));
#6487=CARTESIAN_POINT('Origin',(4.18574760963135,-19.0800682450349,2.));
#6488=CARTESIAN_POINT('',(4.18574760963135,-19.5800682450349,0.));
#6489=CARTESIAN_POINT('Origin',(17.1857476096314,-19.5800682450349,0.));
#6490=CARTESIAN_POINT('',(17.1857476096314,-19.5800682450349,2.));
#6491=CARTESIAN_POINT('',(4.18574760963135,-19.5800682450349,2.));
#6492=CARTESIAN_POINT('',(17.1857476096314,-19.5800682450349,0.));
#6493=CARTESIAN_POINT('Origin',(17.1857476096314,-19.0800682450349,0.));
#6494=CARTESIAN_POINT('',(17.6857476096314,-19.0800682450349,2.));
#6495=CARTESIAN_POINT('Origin',(17.1857476096314,-19.0800682450349,2.));
#6496=CARTESIAN_POINT('',(17.6857476096314,-19.0800682450349,0.));
#6497=CARTESIAN_POINT('Origin',(17.6857476096314,-6.08006824503486,0.));
#6498=CARTESIAN_POINT('',(17.6857476096314,-6.08006824503486,2.));
#6499=CARTESIAN_POINT('',(17.6857476096314,-6.08006824503486,2.));
#6500=CARTESIAN_POINT('',(17.6857476096314,-6.08006824503486,0.));
#6501=CARTESIAN_POINT('Origin',(17.1857476096314,-6.08006824503486,0.));
#6502=CARTESIAN_POINT('',(17.1857476096314,-5.58006824503487,2.));
#6503=CARTESIAN_POINT('Origin',(17.1857476096314,-6.08006824503486,2.));
#6504=CARTESIAN_POINT('',(17.1857476096314,-5.58006824503487,0.));
#6505=CARTESIAN_POINT('Origin',(4.18574760963135,-5.58006824503487,0.));
#6506=CARTESIAN_POINT('',(4.18574760963135,-5.58006824503487,2.));
#6507=CARTESIAN_POINT('',(4.18574760963135,-5.58006824503487,2.));
#6508=CARTESIAN_POINT('',(4.18574760963135,-5.58006824503487,0.));
#6509=CARTESIAN_POINT('Origin',(4.18574760963135,-6.08006824503486,0.));
#6510=CARTESIAN_POINT('Origin',(4.18574760963135,-6.08006824503486,2.));
#6511=CARTESIAN_POINT('Origin',(21.2357476096313,12.3829317549651,0.));
#6512=CARTESIAN_POINT('',(35.2357476096314,12.3829317549651,2.));
#6513=CARTESIAN_POINT('',(35.2357476096314,12.3829317549651,0.));
#6514=CARTESIAN_POINT('',(21.2357476096313,12.3829317549651,2.));
#6515=CARTESIAN_POINT('',(35.2357476096314,12.3829317549651,2.));
#6516=CARTESIAN_POINT('',(21.2357476096313,12.3829317549651,0.));
#6517=CARTESIAN_POINT('Origin',(21.2357476096313,11.8829317549651,0.));
#6518=CARTESIAN_POINT('',(20.7357476096313,11.8829317549651,2.));
#6519=CARTESIAN_POINT('Origin',(21.2357476096313,11.8829317549651,2.));
#6520=CARTESIAN_POINT('',(20.7357476096313,11.8829317549651,0.));
#6521=CARTESIAN_POINT('Origin',(20.7357476096313,5.88293175496513,0.));
#6522=CARTESIAN_POINT('',(20.7357476096313,5.88293175496513,2.));
#6523=CARTESIAN_POINT('',(20.7357476096313,11.8829317549651,2.));
#6524=CARTESIAN_POINT('',(20.7357476096313,5.88293175496513,0.));
#6525=CARTESIAN_POINT('Origin',(21.2357476096313,5.88293175496513,0.));
#6526=CARTESIAN_POINT('',(21.2357476096313,5.38293175496514,2.));
#6527=CARTESIAN_POINT('Origin',(21.2357476096313,5.88293175496513,2.));
#6528=CARTESIAN_POINT('',(21.2357476096313,5.38293175496514,0.));
#6529=CARTESIAN_POINT('Origin',(35.2357476096314,5.38293175496513,0.));
#6530=CARTESIAN_POINT('',(35.2357476096314,5.38293175496513,2.));
#6531=CARTESIAN_POINT('',(35.2357476096314,5.38293175496513,2.));
#6532=CARTESIAN_POINT('',(35.2357476096314,5.38293175496513,0.));
#6533=CARTESIAN_POINT('Origin',(35.2357476096314,5.88293175496513,0.));
#6534=CARTESIAN_POINT('',(35.7357476096314,5.88293175496513,2.));
#6535=CARTESIAN_POINT('Origin',(35.2357476096314,5.88293175496513,2.));
#6536=CARTESIAN_POINT('',(35.7357476096314,5.88293175496513,0.));
#6537=CARTESIAN_POINT('Origin',(35.7357476096313,11.8829317549651,0.));
#6538=CARTESIAN_POINT('',(35.7357476096313,11.8829317549651,2.));
#6539=CARTESIAN_POINT('',(35.7357476096313,11.8829317549651,2.));
#6540=CARTESIAN_POINT('',(35.7357476096313,11.8829317549651,0.));
#6541=CARTESIAN_POINT('Origin',(35.2357476096314,11.8829317549651,0.));
#6542=CARTESIAN_POINT('Origin',(35.2357476096314,11.8829317549651,2.));
#6543=CARTESIAN_POINT('Origin',(-15.3642523903686,19.0199317549651,0.));
#6544=CARTESIAN_POINT('',(-15.3642523903687,32.0199317549651,2.));
#6545=CARTESIAN_POINT('',(-15.3642523903687,32.0199317549651,0.));
#6546=CARTESIAN_POINT('',(-15.3642523903686,19.0199317549651,2.));
#6547=CARTESIAN_POINT('',(-15.3642523903686,32.0199317549651,2.));
#6548=CARTESIAN_POINT('',(-15.3642523903686,19.0199317549651,0.));
#6549=CARTESIAN_POINT('Origin',(-14.8642523903687,19.0199317549651,0.));
#6550=CARTESIAN_POINT('',(-14.8642523903687,18.5199317549651,2.));
#6551=CARTESIAN_POINT('Origin',(-14.8642523903687,19.0199317549651,2.));
#6552=CARTESIAN_POINT('',(-14.8642523903687,18.5199317549651,0.));
#6553=CARTESIAN_POINT('Origin',(-1.86425239036865,18.5199317549651,0.));
#6554=CARTESIAN_POINT('',(-1.86425239036865,18.5199317549651,2.));
#6555=CARTESIAN_POINT('',(-14.8642523903687,18.5199317549651,2.));
#6556=CARTESIAN_POINT('',(-1.86425239036865,18.5199317549651,0.));
#6557=CARTESIAN_POINT('Origin',(-1.86425239036865,19.0199317549651,0.));
#6558=CARTESIAN_POINT('',(-1.36425239036865,19.0199317549651,2.));
#6559=CARTESIAN_POINT('Origin',(-1.86425239036865,19.0199317549651,2.));
#6560=CARTESIAN_POINT('',(-1.36425239036865,19.0199317549651,0.));
#6561=CARTESIAN_POINT('Origin',(-1.36425239036865,32.0199317549651,0.));
#6562=CARTESIAN_POINT('',(-1.36425239036865,32.0199317549651,2.));
#6563=CARTESIAN_POINT('',(-1.36425239036865,32.0199317549651,2.));
#6564=CARTESIAN_POINT('',(-1.36425239036865,32.0199317549651,0.));
#6565=CARTESIAN_POINT('Origin',(-1.86425239036865,32.0199317549651,0.));
#6566=CARTESIAN_POINT('',(-1.86425239036865,32.5199317549651,2.));
#6567=CARTESIAN_POINT('Origin',(-1.86425239036865,32.0199317549651,2.));
#6568=CARTESIAN_POINT('',(-1.86425239036865,32.5199317549651,0.));
#6569=CARTESIAN_POINT('Origin',(-14.8642523903687,32.5199317549651,0.));
#6570=CARTESIAN_POINT('',(-14.8642523903687,32.5199317549651,2.));
#6571=CARTESIAN_POINT('',(-14.8642523903687,32.5199317549651,2.));
#6572=CARTESIAN_POINT('',(-14.8642523903687,32.5199317549651,0.));
#6573=CARTESIAN_POINT('Origin',(-14.8642523903687,32.0199317549651,0.));
#6574=CARTESIAN_POINT('Origin',(-14.8642523903687,32.0199317549651,2.));
#6575=CARTESIAN_POINT('Origin',(21.2357476096313,-11.4930682450349,0.));
#6576=CARTESIAN_POINT('',(35.2357476096314,-11.4930682450349,2.));
#6577=CARTESIAN_POINT('',(35.2357476096314,-11.4930682450349,0.));
#6578=CARTESIAN_POINT('',(21.2357476096313,-11.4930682450349,2.));
#6579=CARTESIAN_POINT('',(35.2357476096314,-11.4930682450349,2.));
#6580=CARTESIAN_POINT('',(21.2357476096313,-11.4930682450349,0.));
#6581=CARTESIAN_POINT('Origin',(21.2357476096313,-11.9930682450349,0.));
#6582=CARTESIAN_POINT('',(20.7357476096313,-11.9930682450349,2.));
#6583=CARTESIAN_POINT('Origin',(21.2357476096313,-11.9930682450349,2.));
#6584=CARTESIAN_POINT('',(20.7357476096313,-11.9930682450349,0.));
#6585=CARTESIAN_POINT('Origin',(20.7357476096313,-17.9930682450349,0.));
#6586=CARTESIAN_POINT('',(20.7357476096313,-17.9930682450349,2.));
#6587=CARTESIAN_POINT('',(20.7357476096313,-11.9930682450349,2.));
#6588=CARTESIAN_POINT('',(20.7357476096313,-17.9930682450349,0.));
#6589=CARTESIAN_POINT('Origin',(21.2357476096313,-17.9930682450349,0.));
#6590=CARTESIAN_POINT('',(21.2357476096313,-18.4930682450349,2.));
#6591=CARTESIAN_POINT('Origin',(21.2357476096313,-17.9930682450349,2.));
#6592=CARTESIAN_POINT('',(21.2357476096313,-18.4930682450349,0.));
#6593=CARTESIAN_POINT('Origin',(35.2357476096314,-18.4930682450349,0.));
#6594=CARTESIAN_POINT('',(35.2357476096314,-18.4930682450349,2.));
#6595=CARTESIAN_POINT('',(35.2357476096314,-18.4930682450349,2.));
#6596=CARTESIAN_POINT('',(35.2357476096314,-18.4930682450349,0.));
#6597=CARTESIAN_POINT('Origin',(35.2357476096314,-17.9930682450349,0.));
#6598=CARTESIAN_POINT('',(35.7357476096313,-17.9930682450349,2.));
#6599=CARTESIAN_POINT('Origin',(35.2357476096314,-17.9930682450349,2.));
#6600=CARTESIAN_POINT('',(35.7357476096313,-17.9930682450349,0.));
#6601=CARTESIAN_POINT('Origin',(35.7357476096313,-11.9930682450349,0.));
#6602=CARTESIAN_POINT('',(35.7357476096313,-11.9930682450349,2.));
#6603=CARTESIAN_POINT('',(35.7357476096313,-11.9930682450349,2.));
#6604=CARTESIAN_POINT('',(35.7357476096313,-11.9930682450349,0.));
#6605=CARTESIAN_POINT('Origin',(35.2357476096314,-11.9930682450349,0.));
#6606=CARTESIAN_POINT('Origin',(35.2357476096314,-11.9930682450349,2.));
#6607=CARTESIAN_POINT('Origin',(-34.4142523903687,-0.0300682450348688,0.));
#6608=CARTESIAN_POINT('',(-34.4142523903686,12.9699317549651,2.));
#6609=CARTESIAN_POINT('',(-34.4142523903686,12.9699317549651,0.));
#6610=CARTESIAN_POINT('',(-34.4142523903687,-0.0300682450348688,2.));
#6611=CARTESIAN_POINT('',(-34.4142523903687,12.9699317549651,2.));
#6612=CARTESIAN_POINT('',(-34.4142523903687,-0.0300682450348688,0.));
#6613=CARTESIAN_POINT('Origin',(-33.9142523903686,-0.0300682450348688,0.));
#6614=CARTESIAN_POINT('',(-33.9142523903686,-0.530068245034871,2.));
#6615=CARTESIAN_POINT('Origin',(-33.9142523903686,-0.0300682450348688,2.));
#6616=CARTESIAN_POINT('',(-33.9142523903686,-0.530068245034871,0.));
#6617=CARTESIAN_POINT('Origin',(-20.9142523903687,-0.530068245034871,0.));
#6618=CARTESIAN_POINT('',(-20.9142523903687,-0.530068245034871,2.));
#6619=CARTESIAN_POINT('',(-33.9142523903686,-0.530068245034871,2.));
#6620=CARTESIAN_POINT('',(-20.9142523903687,-0.530068245034871,0.));
#6621=CARTESIAN_POINT('Origin',(-20.9142523903687,-0.0300682450348688,0.));
#6622=CARTESIAN_POINT('',(-20.4142523903686,-0.0300682450348688,2.));
#6623=CARTESIAN_POINT('Origin',(-20.9142523903687,-0.0300682450348688,2.));
#6624=CARTESIAN_POINT('',(-20.4142523903686,-0.0300682450348689,0.));
#6625=CARTESIAN_POINT('Origin',(-20.4142523903687,12.9699317549651,0.));
#6626=CARTESIAN_POINT('',(-20.4142523903687,12.9699317549651,2.));
#6627=CARTESIAN_POINT('',(-20.4142523903687,12.9699317549651,2.));
#6628=CARTESIAN_POINT('',(-20.4142523903687,12.9699317549651,0.));
#6629=CARTESIAN_POINT('Origin',(-20.9142523903687,12.9699317549651,0.));
#6630=CARTESIAN_POINT('',(-20.9142523903687,13.4699317549651,2.));
#6631=CARTESIAN_POINT('Origin',(-20.9142523903687,12.9699317549651,2.));
#6632=CARTESIAN_POINT('',(-20.9142523903687,13.4699317549651,0.));
#6633=CARTESIAN_POINT('Origin',(-33.9142523903686,13.4699317549651,0.));
#6634=CARTESIAN_POINT('',(-33.9142523903686,13.4699317549651,2.));
#6635=CARTESIAN_POINT('',(-33.9142523903686,13.4699317549651,2.));
#6636=CARTESIAN_POINT('',(-33.9142523903686,13.4699317549651,0.));
#6637=CARTESIAN_POINT('Origin',(-33.9142523903686,12.9699317549651,0.));
#6638=CARTESIAN_POINT('Origin',(-33.9142523903686,12.9699317549651,2.));
#6639=CARTESIAN_POINT('Origin',(21.2357476096313,-49.5930682450349,0.));
#6640=CARTESIAN_POINT('',(35.2357476096314,-49.5930682450349,2.));
#6641=CARTESIAN_POINT('',(35.2357476096314,-49.5930682450349,0.));
#6642=CARTESIAN_POINT('',(21.2357476096313,-49.5930682450349,2.));
#6643=CARTESIAN_POINT('',(35.2357476096314,-49.5930682450349,2.));
#6644=CARTESIAN_POINT('',(21.2357476096313,-49.5930682450349,0.));
#6645=CARTESIAN_POINT('Origin',(21.2357476096313,-50.0930682450349,0.));
#6646=CARTESIAN_POINT('',(20.7357476096313,-50.0930682450349,2.));
#6647=CARTESIAN_POINT('Origin',(21.2357476096313,-50.0930682450349,2.));
#6648=CARTESIAN_POINT('',(20.7357476096313,-50.0930682450349,0.));
#6649=CARTESIAN_POINT('Origin',(20.7357476096313,-56.0930682450349,0.));
#6650=CARTESIAN_POINT('',(20.7357476096313,-56.0930682450349,2.));
#6651=CARTESIAN_POINT('',(20.7357476096313,-50.0930682450349,2.));
#6652=CARTESIAN_POINT('',(20.7357476096313,-56.0930682450349,0.));
#6653=CARTESIAN_POINT('Origin',(21.2357476096313,-56.0930682450349,0.));
#6654=CARTESIAN_POINT('',(21.2357476096313,-56.5930682450349,2.));
#6655=CARTESIAN_POINT('Origin',(21.2357476096313,-56.0930682450349,2.));
#6656=CARTESIAN_POINT('',(21.2357476096313,-56.5930682450349,0.));
#6657=CARTESIAN_POINT('Origin',(35.2357476096314,-56.5930682450349,0.));
#6658=CARTESIAN_POINT('',(35.2357476096314,-56.5930682450349,2.));
#6659=CARTESIAN_POINT('',(35.2357476096314,-56.5930682450349,2.));
#6660=CARTESIAN_POINT('',(35.2357476096314,-56.5930682450349,0.));
#6661=CARTESIAN_POINT('Origin',(35.2357476096314,-56.0930682450349,0.));
#6662=CARTESIAN_POINT('',(35.7357476096314,-56.0930682450349,2.));
#6663=CARTESIAN_POINT('Origin',(35.2357476096314,-56.0930682450349,2.));
#6664=CARTESIAN_POINT('',(35.7357476096314,-56.0930682450349,0.));
#6665=CARTESIAN_POINT('Origin',(35.7357476096313,-50.0930682450349,0.));
#6666=CARTESIAN_POINT('',(35.7357476096313,-50.0930682450349,2.));
#6667=CARTESIAN_POINT('',(35.7357476096313,-50.0930682450349,2.));
#6668=CARTESIAN_POINT('',(35.7357476096313,-50.0930682450349,0.));
#6669=CARTESIAN_POINT('Origin',(35.2357476096314,-50.0930682450349,0.));
#6670=CARTESIAN_POINT('Origin',(35.2357476096314,-50.0930682450349,2.));
#6671=CARTESIAN_POINT('Origin',(21.2357476096313,-25.7170682450349,0.));
#6672=CARTESIAN_POINT('',(35.2357476096314,-25.7170682450349,2.));
#6673=CARTESIAN_POINT('',(35.2357476096314,-25.7170682450349,0.));
#6674=CARTESIAN_POINT('',(21.2357476096313,-25.7170682450349,2.));
#6675=CARTESIAN_POINT('',(35.2357476096314,-25.7170682450349,2.));
#6676=CARTESIAN_POINT('',(21.2357476096313,-25.7170682450349,0.));
#6677=CARTESIAN_POINT('Origin',(21.2357476096313,-26.2170682450349,0.));
#6678=CARTESIAN_POINT('',(20.7357476096313,-26.2170682450349,2.));
#6679=CARTESIAN_POINT('Origin',(21.2357476096313,-26.2170682450349,2.));
#6680=CARTESIAN_POINT('',(20.7357476096313,-26.2170682450349,0.));
#6681=CARTESIAN_POINT('Origin',(20.7357476096313,-32.2170682450349,0.));
#6682=CARTESIAN_POINT('',(20.7357476096313,-32.2170682450349,2.));
#6683=CARTESIAN_POINT('',(20.7357476096313,-26.2170682450349,2.));
#6684=CARTESIAN_POINT('',(20.7357476096313,-32.2170682450349,0.));
#6685=CARTESIAN_POINT('Origin',(21.2357476096313,-32.2170682450349,0.));
#6686=CARTESIAN_POINT('',(21.2357476096313,-32.7170682450349,2.));
#6687=CARTESIAN_POINT('Origin',(21.2357476096313,-32.2170682450349,2.));
#6688=CARTESIAN_POINT('',(21.2357476096313,-32.7170682450349,0.));
#6689=CARTESIAN_POINT('Origin',(35.2357476096314,-32.7170682450349,0.));
#6690=CARTESIAN_POINT('',(35.2357476096314,-32.7170682450349,2.));
#6691=CARTESIAN_POINT('',(35.2357476096314,-32.7170682450349,2.));
#6692=CARTESIAN_POINT('',(35.2357476096314,-32.7170682450349,0.));
#6693=CARTESIAN_POINT('Origin',(35.2357476096314,-32.2170682450349,0.));
#6694=CARTESIAN_POINT('',(35.7357476096313,-32.2170682450349,2.));
#6695=CARTESIAN_POINT('Origin',(35.2357476096314,-32.2170682450349,2.));
#6696=CARTESIAN_POINT('',(35.7357476096313,-32.2170682450349,0.));
#6697=CARTESIAN_POINT('Origin',(35.7357476096313,-26.2170682450349,0.));
#6698=CARTESIAN_POINT('',(35.7357476096313,-26.2170682450349,2.));
#6699=CARTESIAN_POINT('',(35.7357476096313,-26.2170682450349,2.));
#6700=CARTESIAN_POINT('',(35.7357476096313,-26.2170682450349,0.));
#6701=CARTESIAN_POINT('Origin',(35.2357476096314,-26.2170682450349,0.));
#6702=CARTESIAN_POINT('Origin',(35.2357476096314,-26.2170682450349,2.));
#6703=CARTESIAN_POINT('Origin',(-15.3642523903686,-19.0800682450349,0.));
#6704=CARTESIAN_POINT('',(-15.3642523903686,-6.08006824503486,2.));
#6705=CARTESIAN_POINT('',(-15.3642523903686,-6.08006824503486,0.));
#6706=CARTESIAN_POINT('',(-15.3642523903686,-19.0800682450349,2.));
#6707=CARTESIAN_POINT('',(-15.3642523903686,-6.08006824503486,2.));
#6708=CARTESIAN_POINT('',(-15.3642523903686,-19.0800682450349,0.));
#6709=CARTESIAN_POINT('Origin',(-14.8642523903687,-19.0800682450349,0.));
#6710=CARTESIAN_POINT('',(-14.8642523903687,-19.5800682450349,2.));
#6711=CARTESIAN_POINT('Origin',(-14.8642523903687,-19.0800682450349,2.));
#6712=CARTESIAN_POINT('',(-14.8642523903687,-19.5800682450349,0.));
#6713=CARTESIAN_POINT('Origin',(-1.86425239036865,-19.5800682450349,0.));
#6714=CARTESIAN_POINT('',(-1.86425239036865,-19.5800682450349,2.));
#6715=CARTESIAN_POINT('',(-14.8642523903687,-19.5800682450349,2.));
#6716=CARTESIAN_POINT('',(-1.86425239036865,-19.5800682450349,0.));
#6717=CARTESIAN_POINT('Origin',(-1.86425239036865,-19.0800682450349,0.));
#6718=CARTESIAN_POINT('',(-1.36425239036865,-19.0800682450349,2.));
#6719=CARTESIAN_POINT('Origin',(-1.86425239036865,-19.0800682450349,2.));
#6720=CARTESIAN_POINT('',(-1.36425239036865,-19.0800682450349,0.));
#6721=CARTESIAN_POINT('Origin',(-1.36425239036865,-6.08006824503486,0.));
#6722=CARTESIAN_POINT('',(-1.36425239036865,-6.08006824503486,2.));
#6723=CARTESIAN_POINT('',(-1.36425239036865,-6.08006824503486,2.));
#6724=CARTESIAN_POINT('',(-1.36425239036865,-6.08006824503486,0.));
#6725=CARTESIAN_POINT('Origin',(-1.86425239036865,-6.08006824503486,0.));
#6726=CARTESIAN_POINT('',(-1.86425239036865,-5.58006824503486,2.));
#6727=CARTESIAN_POINT('Origin',(-1.86425239036865,-6.08006824503486,2.));
#6728=CARTESIAN_POINT('',(-1.86425239036865,-5.58006824503486,0.));
#6729=CARTESIAN_POINT('Origin',(-14.8642523903687,-5.58006824503487,0.));
#6730=CARTESIAN_POINT('',(-14.8642523903687,-5.58006824503487,2.));
#6731=CARTESIAN_POINT('',(-14.8642523903687,-5.58006824503487,2.));
#6732=CARTESIAN_POINT('',(-14.8642523903687,-5.58006824503487,0.));
#6733=CARTESIAN_POINT('Origin',(-14.8642523903687,-6.08006824503486,0.));
#6734=CARTESIAN_POINT('Origin',(-14.8642523903687,-6.08006824503486,2.));
#6735=CARTESIAN_POINT('Origin',(3.68574760963135,-0.0300682450348688,0.));
#6736=CARTESIAN_POINT('',(3.68574760963135,12.9699317549651,2.));
#6737=CARTESIAN_POINT('',(3.68574760963135,12.9699317549651,0.));
#6738=CARTESIAN_POINT('',(3.68574760963135,-0.0300682450348688,2.));
#6739=CARTESIAN_POINT('',(3.68574760963135,12.9699317549651,2.));
#6740=CARTESIAN_POINT('',(3.68574760963135,-0.0300682450348688,0.));
#6741=CARTESIAN_POINT('Origin',(4.18574760963135,-0.0300682450348688,0.));
#6742=CARTESIAN_POINT('',(4.18574760963135,-0.530068245034867,2.));
#6743=CARTESIAN_POINT('Origin',(4.18574760963135,-0.0300682450348688,2.));
#6744=CARTESIAN_POINT('',(4.18574760963135,-0.530068245034867,0.));
#6745=CARTESIAN_POINT('Origin',(17.1857476096314,-0.530068245034871,0.));
#6746=CARTESIAN_POINT('',(17.1857476096314,-0.530068245034871,2.));
#6747=CARTESIAN_POINT('',(4.18574760963135,-0.530068245034871,2.));
#6748=CARTESIAN_POINT('',(17.1857476096314,-0.530068245034871,0.));
#6749=CARTESIAN_POINT('Origin',(17.1857476096314,-0.0300682450348688,0.));
#6750=CARTESIAN_POINT('',(17.6857476096314,-0.0300682450348688,2.));
#6751=CARTESIAN_POINT('Origin',(17.1857476096314,-0.0300682450348688,2.));
#6752=CARTESIAN_POINT('',(17.6857476096314,-0.0300682450348689,0.));
#6753=CARTESIAN_POINT('Origin',(17.6857476096314,12.9699317549651,0.));
#6754=CARTESIAN_POINT('',(17.6857476096314,12.9699317549651,2.));
#6755=CARTESIAN_POINT('',(17.6857476096314,12.9699317549651,2.));
#6756=CARTESIAN_POINT('',(17.6857476096314,12.9699317549651,0.));
#6757=CARTESIAN_POINT('Origin',(17.1857476096314,12.9699317549651,0.));
#6758=CARTESIAN_POINT('',(17.1857476096314,13.4699317549651,2.));
#6759=CARTESIAN_POINT('Origin',(17.1857476096314,12.9699317549651,2.));
#6760=CARTESIAN_POINT('',(17.1857476096314,13.4699317549651,0.));
#6761=CARTESIAN_POINT('Origin',(4.18574760963135,13.4699317549651,0.));
#6762=CARTESIAN_POINT('',(4.18574760963135,13.4699317549651,2.));
#6763=CARTESIAN_POINT('',(4.18574760963135,13.4699317549651,2.));
#6764=CARTESIAN_POINT('',(4.18574760963135,13.4699317549651,0.));
#6765=CARTESIAN_POINT('Origin',(4.18574760963135,12.9699317549651,0.));
#6766=CARTESIAN_POINT('Origin',(4.18574760963135,12.9699317549651,2.));
#6767=CARTESIAN_POINT('Origin',(-9.45125239036864,-59.1800682450349,0.));
#6768=CARTESIAN_POINT('',(-9.45125239036864,-45.1800682450349,2.));
#6769=CARTESIAN_POINT('',(-9.45125239036864,-45.1800682450349,0.));
#6770=CARTESIAN_POINT('',(-9.45125239036864,-59.1800682450349,2.));
#6771=CARTESIAN_POINT('',(-9.45125239036864,-45.1800682450349,2.));
#6772=CARTESIAN_POINT('',(-9.45125239036864,-59.1800682450349,0.));
#6773=CARTESIAN_POINT('Origin',(-8.95125239036865,-59.1800682450349,0.));
#6774=CARTESIAN_POINT('',(-8.95125239036865,-59.6800682450349,2.));
#6775=CARTESIAN_POINT('Origin',(-8.95125239036865,-59.1800682450349,2.));
#6776=CARTESIAN_POINT('',(-8.95125239036865,-59.6800682450349,0.));
#6777=CARTESIAN_POINT('Origin',(-2.95125239036865,-59.6800682450349,0.));
#6778=CARTESIAN_POINT('',(-2.95125239036865,-59.6800682450349,2.));
#6779=CARTESIAN_POINT('',(-8.95125239036865,-59.6800682450349,2.));
#6780=CARTESIAN_POINT('',(-2.95125239036865,-59.6800682450349,0.));
#6781=CARTESIAN_POINT('Origin',(-2.95125239036865,-59.1800682450349,0.));
#6782=CARTESIAN_POINT('',(-2.45125239036864,-59.1800682450349,2.));
#6783=CARTESIAN_POINT('Origin',(-2.95125239036865,-59.1800682450349,2.));
#6784=CARTESIAN_POINT('',(-2.45125239036864,-59.1800682450349,0.));
#6785=CARTESIAN_POINT('Origin',(-2.45125239036865,-45.1800682450349,0.));
#6786=CARTESIAN_POINT('',(-2.45125239036865,-45.1800682450349,2.));
#6787=CARTESIAN_POINT('',(-2.45125239036865,-45.1800682450349,2.));
#6788=CARTESIAN_POINT('',(-2.45125239036865,-45.1800682450349,0.));
#6789=CARTESIAN_POINT('Origin',(-2.95125239036865,-45.1800682450349,0.));
#6790=CARTESIAN_POINT('',(-2.95125239036865,-44.6800682450348,2.));
#6791=CARTESIAN_POINT('Origin',(-2.95125239036865,-45.1800682450349,2.));
#6792=CARTESIAN_POINT('',(-2.95125239036865,-44.6800682450348,0.));
#6793=CARTESIAN_POINT('Origin',(-8.95125239036865,-44.6800682450349,0.));
#6794=CARTESIAN_POINT('',(-8.95125239036865,-44.6800682450349,2.));
#6795=CARTESIAN_POINT('',(-8.95125239036865,-44.6800682450349,2.));
#6796=CARTESIAN_POINT('',(-8.95125239036865,-44.6800682450349,0.));
#6797=CARTESIAN_POINT('Origin',(-8.95125239036865,-45.1800682450349,0.));
#6798=CARTESIAN_POINT('Origin',(-8.95125239036865,-45.1800682450349,2.));
#6799=CARTESIAN_POINT('Origin',(-15.3642523903686,-38.1300682450349,0.));
#6800=CARTESIAN_POINT('',(-15.3642523903686,-25.1300682450349,2.));
#6801=CARTESIAN_POINT('',(-15.3642523903686,-25.1300682450349,0.));
#6802=CARTESIAN_POINT('',(-15.3642523903686,-38.1300682450349,2.));
#6803=CARTESIAN_POINT('',(-15.3642523903686,-25.1300682450349,2.));
#6804=CARTESIAN_POINT('',(-15.3642523903686,-38.1300682450349,0.));
#6805=CARTESIAN_POINT('Origin',(-14.8642523903687,-38.1300682450349,0.));
#6806=CARTESIAN_POINT('',(-14.8642523903687,-38.6300682450349,2.));
#6807=CARTESIAN_POINT('Origin',(-14.8642523903687,-38.1300682450349,2.));
#6808=CARTESIAN_POINT('',(-14.8642523903687,-38.6300682450349,0.));
#6809=CARTESIAN_POINT('Origin',(-1.86425239036865,-38.6300682450349,0.));
#6810=CARTESIAN_POINT('',(-1.86425239036865,-38.6300682450349,2.));
#6811=CARTESIAN_POINT('',(-14.8642523903687,-38.6300682450349,2.));
#6812=CARTESIAN_POINT('',(-1.86425239036865,-38.6300682450349,0.));
#6813=CARTESIAN_POINT('Origin',(-1.86425239036865,-38.1300682450349,0.));
#6814=CARTESIAN_POINT('',(-1.36425239036865,-38.1300682450349,2.));
#6815=CARTESIAN_POINT('Origin',(-1.86425239036865,-38.1300682450349,2.));
#6816=CARTESIAN_POINT('',(-1.36425239036865,-38.1300682450349,0.));
#6817=CARTESIAN_POINT('Origin',(-1.36425239036865,-25.1300682450349,0.));
#6818=CARTESIAN_POINT('',(-1.36425239036865,-25.1300682450349,2.));
#6819=CARTESIAN_POINT('',(-1.36425239036865,-25.1300682450349,2.));
#6820=CARTESIAN_POINT('',(-1.36425239036865,-25.1300682450349,0.));
#6821=CARTESIAN_POINT('Origin',(-1.86425239036865,-25.1300682450349,0.));
#6822=CARTESIAN_POINT('',(-1.86425239036865,-24.6300682450349,2.));
#6823=CARTESIAN_POINT('Origin',(-1.86425239036865,-25.1300682450349,2.));
#6824=CARTESIAN_POINT('',(-1.86425239036865,-24.6300682450349,0.));
#6825=CARTESIAN_POINT('Origin',(-14.8642523903687,-24.6300682450349,0.));
#6826=CARTESIAN_POINT('',(-14.8642523903687,-24.6300682450349,2.));
#6827=CARTESIAN_POINT('',(-14.8642523903687,-24.6300682450349,2.));
#6828=CARTESIAN_POINT('',(-14.8642523903687,-24.6300682450349,0.));
#6829=CARTESIAN_POINT('Origin',(-14.8642523903687,-25.1300682450349,0.));
#6830=CARTESIAN_POINT('Origin',(-14.8642523903687,-25.1300682450349,2.));
#6831=CARTESIAN_POINT('Origin',(22.7357476096314,19.0199317549651,0.));
#6832=CARTESIAN_POINT('',(22.7357476096314,32.0199317549651,2.));
#6833=CARTESIAN_POINT('',(22.7357476096313,32.0199317549651,0.));
#6834=CARTESIAN_POINT('',(22.7357476096314,19.0199317549651,2.));
#6835=CARTESIAN_POINT('',(22.7357476096314,32.0199317549651,2.));
#6836=CARTESIAN_POINT('',(22.7357476096314,19.0199317549651,0.));
#6837=CARTESIAN_POINT('Origin',(23.2357476096313,19.0199317549651,0.));
#6838=CARTESIAN_POINT('',(23.2357476096313,18.5199317549651,2.));
#6839=CARTESIAN_POINT('Origin',(23.2357476096313,19.0199317549651,2.));
#6840=CARTESIAN_POINT('',(23.2357476096313,18.5199317549651,0.));
#6841=CARTESIAN_POINT('Origin',(36.2357476096313,18.5199317549651,0.));
#6842=CARTESIAN_POINT('',(36.2357476096313,18.5199317549651,2.));
#6843=CARTESIAN_POINT('',(23.2357476096313,18.5199317549651,2.));
#6844=CARTESIAN_POINT('',(36.2357476096313,18.5199317549651,0.));
#6845=CARTESIAN_POINT('Origin',(36.2357476096313,19.0199317549651,0.));
#6846=CARTESIAN_POINT('',(36.7357476096313,19.0199317549651,2.));
#6847=CARTESIAN_POINT('Origin',(36.2357476096313,19.0199317549651,2.));
#6848=CARTESIAN_POINT('',(36.7357476096313,19.0199317549651,0.));
#6849=CARTESIAN_POINT('Origin',(36.7357476096313,32.0199317549651,0.));
#6850=CARTESIAN_POINT('',(36.7357476096313,32.0199317549651,2.));
#6851=CARTESIAN_POINT('',(36.7357476096313,32.0199317549651,2.));
#6852=CARTESIAN_POINT('',(36.7357476096313,32.0199317549651,0.));
#6853=CARTESIAN_POINT('Origin',(36.2357476096313,32.0199317549651,0.));
#6854=CARTESIAN_POINT('',(36.2357476096313,32.5199317549651,2.));
#6855=CARTESIAN_POINT('Origin',(36.2357476096313,32.0199317549651,2.));
#6856=CARTESIAN_POINT('',(36.2357476096313,32.5199317549651,0.));
#6857=CARTESIAN_POINT('Origin',(23.2357476096313,32.5199317549651,0.));
#6858=CARTESIAN_POINT('',(23.2357476096313,32.5199317549651,2.));
#6859=CARTESIAN_POINT('',(23.2357476096313,32.5199317549651,2.));
#6860=CARTESIAN_POINT('',(23.2357476096313,32.5199317549651,0.));
#6861=CARTESIAN_POINT('Origin',(23.2357476096313,32.0199317549651,0.));
#6862=CARTESIAN_POINT('Origin',(23.2357476096313,32.0199317549651,2.));
#6863=CARTESIAN_POINT('Origin',(3.68574760963135,-38.1300682450349,0.));
#6864=CARTESIAN_POINT('',(3.68574760963135,-25.1300682450349,2.));
#6865=CARTESIAN_POINT('',(3.68574760963135,-25.1300682450349,0.));
#6866=CARTESIAN_POINT('',(3.68574760963135,-38.1300682450349,2.));
#6867=CARTESIAN_POINT('',(3.68574760963135,-25.1300682450349,2.));
#6868=CARTESIAN_POINT('',(3.68574760963135,-38.1300682450349,0.));
#6869=CARTESIAN_POINT('Origin',(4.18574760963135,-38.1300682450349,0.));
#6870=CARTESIAN_POINT('',(4.18574760963135,-38.6300682450349,2.));
#6871=CARTESIAN_POINT('Origin',(4.18574760963135,-38.1300682450349,2.));
#6872=CARTESIAN_POINT('',(4.18574760963135,-38.6300682450349,0.));
#6873=CARTESIAN_POINT('Origin',(17.1857476096314,-38.6300682450349,0.));
#6874=CARTESIAN_POINT('',(17.1857476096314,-38.6300682450349,2.));
#6875=CARTESIAN_POINT('',(4.18574760963135,-38.6300682450349,2.));
#6876=CARTESIAN_POINT('',(17.1857476096314,-38.6300682450349,0.));
#6877=CARTESIAN_POINT('Origin',(17.1857476096314,-38.1300682450349,0.));
#6878=CARTESIAN_POINT('',(17.6857476096314,-38.1300682450349,2.));
#6879=CARTESIAN_POINT('Origin',(17.1857476096314,-38.1300682450349,2.));
#6880=CARTESIAN_POINT('',(17.6857476096314,-38.1300682450349,0.));
#6881=CARTESIAN_POINT('Origin',(17.6857476096314,-25.1300682450349,0.));
#6882=CARTESIAN_POINT('',(17.6857476096314,-25.1300682450349,2.));
#6883=CARTESIAN_POINT('',(17.6857476096314,-25.1300682450349,2.));
#6884=CARTESIAN_POINT('',(17.6857476096314,-25.1300682450349,0.));
#6885=CARTESIAN_POINT('Origin',(17.1857476096314,-25.1300682450349,0.));
#6886=CARTESIAN_POINT('',(17.1857476096314,-24.6300682450349,2.));
#6887=CARTESIAN_POINT('Origin',(17.1857476096314,-25.1300682450349,2.));
#6888=CARTESIAN_POINT('',(17.1857476096314,-24.6300682450349,0.));
#6889=CARTESIAN_POINT('Origin',(4.18574760963135,-24.6300682450349,0.));
#6890=CARTESIAN_POINT('',(4.18574760963135,-24.6300682450349,2.));
#6891=CARTESIAN_POINT('',(4.18574760963135,-24.6300682450349,2.));
#6892=CARTESIAN_POINT('',(4.18574760963135,-24.6300682450349,0.));
#6893=CARTESIAN_POINT('Origin',(4.18574760963135,-25.1300682450349,0.));
#6894=CARTESIAN_POINT('Origin',(4.18574760963135,-25.1300682450349,2.));
#6895=CARTESIAN_POINT('Origin',(-34.4142523903687,-38.1300682450349,0.));
#6896=CARTESIAN_POINT('',(-34.4142523903686,-25.1300682450349,2.));
#6897=CARTESIAN_POINT('',(-34.4142523903686,-25.1300682450349,0.));
#6898=CARTESIAN_POINT('',(-34.4142523903687,-38.1300682450349,2.));
#6899=CARTESIAN_POINT('',(-34.4142523903687,-25.1300682450349,2.));
#6900=CARTESIAN_POINT('',(-34.4142523903687,-38.1300682450349,0.));
#6901=CARTESIAN_POINT('Origin',(-33.9142523903686,-38.1300682450349,0.));
#6902=CARTESIAN_POINT('',(-33.9142523903686,-38.6300682450349,2.));
#6903=CARTESIAN_POINT('Origin',(-33.9142523903686,-38.1300682450349,2.));
#6904=CARTESIAN_POINT('',(-33.9142523903686,-38.6300682450349,0.));
#6905=CARTESIAN_POINT('Origin',(-20.9142523903687,-38.6300682450349,0.));
#6906=CARTESIAN_POINT('',(-20.9142523903687,-38.6300682450349,2.));
#6907=CARTESIAN_POINT('',(-33.9142523903686,-38.6300682450349,2.));
#6908=CARTESIAN_POINT('',(-20.9142523903687,-38.6300682450349,0.));
#6909=CARTESIAN_POINT('Origin',(-20.9142523903687,-38.1300682450349,0.));
#6910=CARTESIAN_POINT('',(-20.4142523903687,-38.1300682450349,2.));
#6911=CARTESIAN_POINT('Origin',(-20.9142523903687,-38.1300682450349,2.));
#6912=CARTESIAN_POINT('',(-20.4142523903687,-38.1300682450349,0.));
#6913=CARTESIAN_POINT('Origin',(-20.4142523903687,-25.1300682450349,0.));
#6914=CARTESIAN_POINT('',(-20.4142523903687,-25.1300682450349,2.));
#6915=CARTESIAN_POINT('',(-20.4142523903687,-25.1300682450349,2.));
#6916=CARTESIAN_POINT('',(-20.4142523903687,-25.1300682450349,0.));
#6917=CARTESIAN_POINT('Origin',(-20.9142523903687,-25.1300682450349,0.));
#6918=CARTESIAN_POINT('',(-20.9142523903687,-24.6300682450349,2.));
#6919=CARTESIAN_POINT('Origin',(-20.9142523903687,-25.1300682450349,2.));
#6920=CARTESIAN_POINT('',(-20.9142523903687,-24.6300682450349,0.));
#6921=CARTESIAN_POINT('Origin',(-33.9142523903686,-24.6300682450349,0.));
#6922=CARTESIAN_POINT('',(-33.9142523903686,-24.6300682450349,2.));
#6923=CARTESIAN_POINT('',(-33.9142523903686,-24.6300682450349,2.));
#6924=CARTESIAN_POINT('',(-33.9142523903686,-24.6300682450349,0.));
#6925=CARTESIAN_POINT('Origin',(-33.9142523903686,-25.1300682450349,0.));
#6926=CARTESIAN_POINT('Origin',(-33.9142523903686,-25.1300682450349,2.));
#6927=CARTESIAN_POINT('Origin',(3.68574760963135,-57.1800682450349,0.));
#6928=CARTESIAN_POINT('',(3.68574760963135,-44.1800682450349,2.));
#6929=CARTESIAN_POINT('',(3.68574760963135,-44.1800682450349,0.));
#6930=CARTESIAN_POINT('',(3.68574760963135,-57.1800682450349,2.));
#6931=CARTESIAN_POINT('',(3.68574760963135,-44.1800682450349,2.));
#6932=CARTESIAN_POINT('',(3.68574760963135,-57.1800682450349,0.));
#6933=CARTESIAN_POINT('Origin',(4.18574760963135,-57.1800682450349,0.));
#6934=CARTESIAN_POINT('',(4.18574760963135,-57.6800682450349,2.));
#6935=CARTESIAN_POINT('Origin',(4.18574760963135,-57.1800682450349,2.));
#6936=CARTESIAN_POINT('',(4.18574760963135,-57.6800682450349,0.));
#6937=CARTESIAN_POINT('Origin',(17.1857476096314,-57.6800682450349,0.));
#6938=CARTESIAN_POINT('',(17.1857476096314,-57.6800682450349,2.));
#6939=CARTESIAN_POINT('',(4.18574760963135,-57.6800682450349,2.));
#6940=CARTESIAN_POINT('',(17.1857476096314,-57.6800682450349,0.));
#6941=CARTESIAN_POINT('Origin',(17.1857476096314,-57.1800682450349,0.));
#6942=CARTESIAN_POINT('',(17.6857476096313,-57.1800682450349,2.));
#6943=CARTESIAN_POINT('Origin',(17.1857476096314,-57.1800682450349,2.));
#6944=CARTESIAN_POINT('',(17.6857476096313,-57.1800682450349,0.));
#6945=CARTESIAN_POINT('Origin',(17.6857476096314,-44.1800682450349,0.));
#6946=CARTESIAN_POINT('',(17.6857476096314,-44.1800682450349,2.));
#6947=CARTESIAN_POINT('',(17.6857476096314,-44.1800682450349,2.));
#6948=CARTESIAN_POINT('',(17.6857476096314,-44.1800682450349,0.));
#6949=CARTESIAN_POINT('Origin',(17.1857476096314,-44.1800682450349,0.));
#6950=CARTESIAN_POINT('',(17.1857476096314,-43.6800682450349,2.));
#6951=CARTESIAN_POINT('Origin',(17.1857476096314,-44.1800682450349,2.));
#6952=CARTESIAN_POINT('',(17.1857476096314,-43.6800682450349,0.));
#6953=CARTESIAN_POINT('Origin',(4.18574760963135,-43.6800682450349,0.));
#6954=CARTESIAN_POINT('',(4.18574760963135,-43.6800682450349,2.));
#6955=CARTESIAN_POINT('',(4.18574760963135,-43.6800682450349,2.));
#6956=CARTESIAN_POINT('',(4.18574760963135,-43.6800682450349,0.));
#6957=CARTESIAN_POINT('Origin',(4.18574760963135,-44.1800682450349,0.));
#6958=CARTESIAN_POINT('Origin',(4.18574760963135,-44.1800682450349,2.));
#6959=CARTESIAN_POINT('Origin',(-24.8892523903687,-57.1800682450349,0.));
#6960=CARTESIAN_POINT('',(-24.8892523903687,-44.1800682450349,2.));
#6961=CARTESIAN_POINT('',(-24.8892523903687,-44.1800682450349,0.));
#6962=CARTESIAN_POINT('',(-24.8892523903687,-57.1800682450349,2.));
#6963=CARTESIAN_POINT('',(-24.8892523903687,-44.1800682450349,2.));
#6964=CARTESIAN_POINT('',(-24.8892523903687,-57.1800682450349,0.));
#6965=CARTESIAN_POINT('Origin',(-24.3892523903687,-57.1800682450349,0.));
#6966=CARTESIAN_POINT('',(-24.3892523903687,-57.6800682450349,2.));
#6967=CARTESIAN_POINT('Origin',(-24.3892523903687,-57.1800682450349,2.));
#6968=CARTESIAN_POINT('',(-24.3892523903687,-57.6800682450349,0.));
#6969=CARTESIAN_POINT('Origin',(-11.3892523903687,-57.6800682450349,0.));
#6970=CARTESIAN_POINT('',(-11.3892523903687,-57.6800682450349,2.));
#6971=CARTESIAN_POINT('',(-24.3892523903687,-57.6800682450349,2.));
#6972=CARTESIAN_POINT('',(-11.3892523903687,-57.6800682450349,0.));
#6973=CARTESIAN_POINT('Origin',(-11.3892523903687,-57.1800682450349,0.));
#6974=CARTESIAN_POINT('',(-10.8892523903687,-57.1800682450349,2.));
#6975=CARTESIAN_POINT('Origin',(-11.3892523903687,-57.1800682450349,2.));
#6976=CARTESIAN_POINT('',(-10.8892523903687,-57.1800682450349,0.));
#6977=CARTESIAN_POINT('Origin',(-10.8892523903686,-44.1800682450349,0.));
#6978=CARTESIAN_POINT('',(-10.8892523903686,-44.1800682450349,2.));
#6979=CARTESIAN_POINT('',(-10.8892523903686,-44.1800682450349,2.));
#6980=CARTESIAN_POINT('',(-10.8892523903686,-44.1800682450349,0.));
#6981=CARTESIAN_POINT('Origin',(-11.3892523903687,-44.1800682450349,0.));
#6982=CARTESIAN_POINT('',(-11.3892523903687,-43.6800682450349,2.));
#6983=CARTESIAN_POINT('Origin',(-11.3892523903687,-44.1800682450349,2.));
#6984=CARTESIAN_POINT('',(-11.3892523903687,-43.6800682450349,0.));
#6985=CARTESIAN_POINT('Origin',(-24.3892523903687,-43.6800682450349,0.));
#6986=CARTESIAN_POINT('',(-24.3892523903687,-43.6800682450349,2.));
#6987=CARTESIAN_POINT('',(-24.3892523903687,-43.6800682450349,2.));
#6988=CARTESIAN_POINT('',(-24.3892523903687,-43.6800682450349,0.));
#6989=CARTESIAN_POINT('Origin',(-24.3892523903687,-44.1800682450349,0.));
#6990=CARTESIAN_POINT('Origin',(-24.3892523903687,-44.1800682450349,2.));
#6991=CARTESIAN_POINT('Origin',(-15.3642523903686,-0.0300682450348688,0.));
#6992=CARTESIAN_POINT('',(-15.3642523903686,12.9699317549651,2.));
#6993=CARTESIAN_POINT('',(-15.3642523903686,12.9699317549651,0.));
#6994=CARTESIAN_POINT('',(-15.3642523903686,-0.0300682450348688,2.));
#6995=CARTESIAN_POINT('',(-15.3642523903686,12.9699317549651,2.));
#6996=CARTESIAN_POINT('',(-15.3642523903686,-0.0300682450348688,0.));
#6997=CARTESIAN_POINT('Origin',(-14.8642523903687,-0.0300682450348688,0.));
#6998=CARTESIAN_POINT('',(-14.8642523903687,-0.530068245034867,2.));
#6999=CARTESIAN_POINT('Origin',(-14.8642523903687,-0.0300682450348688,2.));
#7000=CARTESIAN_POINT('',(-14.8642523903687,-0.530068245034867,0.));
#7001=CARTESIAN_POINT('Origin',(-1.86425239036865,-0.530068245034871,0.));
#7002=CARTESIAN_POINT('',(-1.86425239036865,-0.530068245034871,2.));
#7003=CARTESIAN_POINT('',(-14.8642523903687,-0.530068245034871,2.));
#7004=CARTESIAN_POINT('',(-1.86425239036865,-0.530068245034871,0.));
#7005=CARTESIAN_POINT('Origin',(-1.86425239036865,-0.0300682450348688,0.));
#7006=CARTESIAN_POINT('',(-1.36425239036865,-0.0300682450348688,2.));
#7007=CARTESIAN_POINT('Origin',(-1.86425239036865,-0.0300682450348688,2.));
#7008=CARTESIAN_POINT('',(-1.36425239036865,-0.0300682450348689,0.));
#7009=CARTESIAN_POINT('Origin',(-1.36425239036865,12.9699317549651,0.));
#7010=CARTESIAN_POINT('',(-1.36425239036865,12.9699317549651,2.));
#7011=CARTESIAN_POINT('',(-1.36425239036865,12.9699317549651,2.));
#7012=CARTESIAN_POINT('',(-1.36425239036865,12.9699317549651,0.));
#7013=CARTESIAN_POINT('Origin',(-1.86425239036865,12.9699317549651,0.));
#7014=CARTESIAN_POINT('',(-1.86425239036865,13.4699317549651,2.));
#7015=CARTESIAN_POINT('Origin',(-1.86425239036865,12.9699317549651,2.));
#7016=CARTESIAN_POINT('',(-1.86425239036865,13.4699317549651,0.));
#7017=CARTESIAN_POINT('Origin',(-14.8642523903687,13.4699317549651,0.));
#7018=CARTESIAN_POINT('',(-14.8642523903687,13.4699317549651,2.));
#7019=CARTESIAN_POINT('',(-14.8642523903687,13.4699317549651,2.));
#7020=CARTESIAN_POINT('',(-14.8642523903687,13.4699317549651,0.));
#7021=CARTESIAN_POINT('Origin',(-14.8642523903687,12.9699317549651,0.));
#7022=CARTESIAN_POINT('Origin',(-14.8642523903687,12.9699317549651,2.));
#7023=CARTESIAN_POINT('Origin',(-34.4142523903687,-19.0800682450349,0.));
#7024=CARTESIAN_POINT('',(-34.4142523903686,-6.08006824503486,2.));
#7025=CARTESIAN_POINT('',(-34.4142523903686,-6.08006824503486,0.));
#7026=CARTESIAN_POINT('',(-34.4142523903687,-19.0800682450349,2.));
#7027=CARTESIAN_POINT('',(-34.4142523903687,-6.08006824503486,2.));
#7028=CARTESIAN_POINT('',(-34.4142523903687,-19.0800682450349,0.));
#7029=CARTESIAN_POINT('Origin',(-33.9142523903686,-19.0800682450349,0.));
#7030=CARTESIAN_POINT('',(-33.9142523903686,-19.5800682450349,2.));
#7031=CARTESIAN_POINT('Origin',(-33.9142523903686,-19.0800682450349,2.));
#7032=CARTESIAN_POINT('',(-33.9142523903686,-19.5800682450349,0.));
#7033=CARTESIAN_POINT('Origin',(-20.9142523903687,-19.5800682450349,0.));
#7034=CARTESIAN_POINT('',(-20.9142523903687,-19.5800682450349,2.));
#7035=CARTESIAN_POINT('',(-33.9142523903686,-19.5800682450349,2.));
#7036=CARTESIAN_POINT('',(-20.9142523903687,-19.5800682450349,0.));
#7037=CARTESIAN_POINT('Origin',(-20.9142523903687,-19.0800682450349,0.));
#7038=CARTESIAN_POINT('',(-20.4142523903687,-19.0800682450349,2.));
#7039=CARTESIAN_POINT('Origin',(-20.9142523903687,-19.0800682450349,2.));
#7040=CARTESIAN_POINT('',(-20.4142523903687,-19.0800682450349,0.));
#7041=CARTESIAN_POINT('Origin',(-20.4142523903687,-6.08006824503486,0.));
#7042=CARTESIAN_POINT('',(-20.4142523903687,-6.08006824503486,2.));
#7043=CARTESIAN_POINT('',(-20.4142523903687,-6.08006824503486,2.));
#7044=CARTESIAN_POINT('',(-20.4142523903687,-6.08006824503486,0.));
#7045=CARTESIAN_POINT('Origin',(-20.9142523903687,-6.08006824503486,0.));
#7046=CARTESIAN_POINT('',(-20.9142523903687,-5.58006824503487,2.));
#7047=CARTESIAN_POINT('Origin',(-20.9142523903687,-6.08006824503486,2.));
#7048=CARTESIAN_POINT('',(-20.9142523903687,-5.58006824503487,0.));
#7049=CARTESIAN_POINT('Origin',(-33.9142523903686,-5.58006824503487,0.));
#7050=CARTESIAN_POINT('',(-33.9142523903686,-5.58006824503487,2.));
#7051=CARTESIAN_POINT('',(-33.9142523903686,-5.58006824503487,2.));
#7052=CARTESIAN_POINT('',(-33.9142523903686,-5.58006824503487,0.));
#7053=CARTESIAN_POINT('Origin',(-33.9142523903686,-6.08006824503486,0.));
#7054=CARTESIAN_POINT('Origin',(-33.9142523903686,-6.08006824503486,2.));
#7055=CARTESIAN_POINT('Origin',(62.000000923872,13.3571740763664,0.));
#7056=CARTESIAN_POINT('',(41.500000923872,13.3571740763664,2.));
#7057=CARTESIAN_POINT('',(41.500000923872,13.3571740763664,0.));
#7058=CARTESIAN_POINT('',(62.000000923872,13.3571740763664,2.));
#7059=CARTESIAN_POINT('',(62.000000923872,13.3571740763664,2.));
#7060=CARTESIAN_POINT('',(62.000000923872,13.3571740763664,0.));
#7061=CARTESIAN_POINT('Origin',(62.0000009246693,41.3383110363733,0.));
#7062=CARTESIAN_POINT('',(62.0000009246695,41.3470218009179,2.));
#7063=CARTESIAN_POINT('Origin',(-45.3642523903686,-68.2150682450349,0.));
#7064=CARTESIAN_POINT('',(-45.3642523903686,-68.2150682450349,2.));
#7065=CARTESIAN_POINT('Origin',(41.5000009246695,41.3470218009179,0.));
#7066=CARTESIAN_POINT('',(41.5000009246695,41.3470218009179,2.));
#7067=CARTESIAN_POINT('',(69.9584235855649,41.3349293804735,2.));
#7068=CARTESIAN_POINT('',(41.5000009246695,41.3470218009179,0.));
#7069=CARTESIAN_POINT('Origin',(41.500000923872,13.3571740763664,0.));
#7070=CARTESIAN_POINT('',(41.500000923872,13.3571740763664,2.));
#7071=CARTESIAN_POINT('Origin',(12.2970855975981,-13.4155682450348,2.));
#7072=UNCERTAINTY_MEASURE_WITH_UNIT(LENGTH_MEASURE(0.01),#7076,
'DISTANCE_ACCURACY_VALUE',
'Maximum model space distance between geometric entities at asserted c
onnectivities');
#7073=UNCERTAINTY_MEASURE_WITH_UNIT(LENGTH_MEASURE(0.01),#7076,
'DISTANCE_ACCURACY_VALUE',
'Maximum model space distance between geometric entities at asserted c
onnectivities');
#7074=(
GEOMETRIC_REPRESENTATION_CONTEXT(3)
GLOBAL_UNCERTAINTY_ASSIGNED_CONTEXT((#7072))
GLOBAL_UNIT_ASSIGNED_CONTEXT((#7076,#7078,#7079))
REPRESENTATION_CONTEXT('','3D')
);
#7075=(
GEOMETRIC_REPRESENTATION_CONTEXT(3)
GLOBAL_UNCERTAINTY_ASSIGNED_CONTEXT((#7073))
GLOBAL_UNIT_ASSIGNED_CONTEXT((#7076,#7078,#7079))
REPRESENTATION_CONTEXT('','3D')
);
#7076=(
LENGTH_UNIT()
NAMED_UNIT(*)
SI_UNIT(.MILLI.,.METRE.)
);
#7077=(
LENGTH_UNIT()
NAMED_UNIT(*)
SI_UNIT($,.METRE.)
);
#7078=(
NAMED_UNIT(*)
PLANE_ANGLE_UNIT()
SI_UNIT($,.RADIAN.)
);
#7079=(
NAMED_UNIT(*)
SI_UNIT($,.STERADIAN.)
SOLID_ANGLE_UNIT()
);
#7080=SHAPE_DEFINITION_REPRESENTATION(#7081,#7082);
#7081=PRODUCT_DEFINITION_SHAPE('',$,#7084);
#7082=SHAPE_REPRESENTATION('',(#4220),#7074);
#7083=PRODUCT_DEFINITION_CONTEXT('part definition',#7088,'design');
#7084=PRODUCT_DEFINITION('2026-06-12-14-33-51-478','middle',#7085,#7083);
#7085=PRODUCT_DEFINITION_FORMATION('',$,#7090);
#7086=PRODUCT_RELATED_PRODUCT_CATEGORY('middle','middle',(#7090));
#7087=APPLICATION_PROTOCOL_DEFINITION('international standard',
'automotive_design',2009,#7088);
#7088=APPLICATION_CONTEXT(
'Core Data for Automotive Mechanical Design Process');
#7089=PRODUCT_CONTEXT('part definition',#7088,'mechanical');
#7090=PRODUCT('2026-06-12-14-33-51-478','middle',$,(#7089));
#7091=PRESENTATION_STYLE_ASSIGNMENT((#7092));
#7092=SURFACE_STYLE_USAGE(.BOTH.,#7093);
#7093=SURFACE_SIDE_STYLE('',(#7094));
#7094=SURFACE_STYLE_FILL_AREA(#7095);
#7095=FILL_AREA_STYLE('Steel - Satin',(#7096));
#7096=FILL_AREA_STYLE_COLOUR('Steel - Satin',#7097);
#7097=COLOUR_RGB('Steel - Satin',0.627450980392157,0.627450980392157,0.627450980392157);
ENDSEC;
END-ISO-10303-21;
